feedback_id,ticket_id,rider_id,csat_score,submitted_at,feedback_category
FB0000001,TK0000001,R009367,4,2026-01-31 00:45:32.000000000,positive
FB0000002,TK0000006,R010916,3,2026-04-29 12:02:04.000000000,neutral
FB0000003,TK0000012,R011745,2,2026-04-10 20:11:32.000000000,negative
FB0000004,TK0000017,R020627,3,2026-02-21 22:19:47.000000000,neutral
FB0000005,TK0000019,R000047,1,2026-04-19 15:45:45.000000000,negative
FB0000006,TK0000023,R005002,2,2026-03-01 13:42:07.000000000,negative
FB0000007,TK0000024,R024330,5,2026-04-05 17:17:50.000000000,positive
FB0000008,TK0000025,R009132,2,2026-05-04 02:51:15.000000000,negative
FB0000009,TK0000027,R024472,3,2026-01-12 09:14:46.000000000,neutral
FB0000010,TK0000028,R011277,2,2026-04-01 00:06:56.000000000,negative
FB0000011,TK0000031,R019291,1,2026-03-06 23:08:42.000000000,negative
FB0000012,TK0000034,R011644,5,2026-04-24 04:11:15.000000000,positive
FB0000013,TK0000035,R024003,3,2026-03-02 05:06:15.000000000,neutral
FB0000014,TK0000037,R019161,3,2026-06-24 16:34:59.000000000,neutral
FB0000015,TK0000039,R002491,2,2026-02-20 18:04:58.000000000,negative
FB0000016,TK0000043,R021084,3,2026-06-28 09:18:10.000000000,neutral
FB0000017,TK0000044,R020453,4,2026-04-16 16:24:08.000000000,positive
FB0000018,TK0000046,R001795,3,2026-02-06 12:34:30.000000000,neutral
FB0000019,TK0000048,R020317,4,2026-06-02 12:04:13.000000000,positive
FB0000020,TK0000052,R020290,5,2026-01-01 12:33:06.000000000,positive
FB0000021,TK0000054,R012783,2,2026-03-23 23:45:51.000000000,negative
FB0000022,TK0000058,R003600,2,2026-04-30 18:07:10.000000000,negative
FB0000023,TK0000060,R021087,2,2026-02-19 01:02:39.000000000,negative
FB0000024,TK0000061,R006866,3,2026-03-04 15:38:07.000000000,neutral
FB0000025,TK0000062,R011486,3,2026-03-26 23:18:36.000000000,neutral
FB0000026,TK0000064,R019643,3,2026-06-24 00:04:49.000000000,neutral
FB0000027,TK0000065,R018545,2,2026-02-19 21:17:25.000000000,negative
FB0000028,TK0000066,R011942,4,2026-05-18 03:39:46.000000000,positive
FB0000029,TK0000069,R019724,4,2026-01-02 02:31:35.000000000,positive
FB0000030,TK0000070,R006003,5,2026-05-06 01:36:26.000000000,positive
FB0000031,TK0000071,R011172,2,2026-04-11 16:12:47.000000000,negative
FB0000032,TK0000073,R001671,4,2026-06-20 07:52:54.000000000,positive
FB0000033,TK0000075,R015501,4,2026-06-08 22:09:17.000000000,positive
FB0000034,TK0000077,R018544,3,2026-02-01 22:25:09.000000000,neutral
FB0000035,TK0000078,R019343,4,2026-03-31 00:04:18.000000000,positive
FB0000036,TK0000079,R009305,3,2026-01-07 09:28:03.000000000,neutral
FB0000037,TK0000086,R009236,3,2026-06-08 13:47:51.000000000,neutral
FB0000038,TK0000088,R006720,2,2026-03-21 03:02:25.000000000,negative
FB0000039,TK0000090,R015568,5,2026-05-11 17:02:47.000000000,positive
FB0000040,TK0000091,R000979,3,2026-06-10 02:11:35.000000000,neutral
FB0000041,TK0000095,R017524,2,2026-03-20 10:23:21.000000000,negative
FB0000042,TK0000096,R014585,4,2026-05-13 10:33:51.000000000,positive
FB0000043,TK0000097,R022125,2,2026-01-23 08:30:11.000000000,negative
FB0000044,TK0000100,R012924,5,2026-01-22 13:53:02.000000000,positive
FB0000045,TK0000103,R024296,3,2026-02-19 21:01:49.000000000,neutral
FB0000046,TK0000104,R023378,3,2026-03-22 09:09:50.000000000,neutral
FB0000047,TK0000106,R005191,2,2026-06-10 07:48:21.000000000,negative
FB0000048,TK0000107,R009169,3,2026-04-17 06:11:06.000000000,neutral
FB0000049,TK0000110,R020584,2,2026-05-12 03:44:08.000000000,negative
FB0000050,TK0000111,R003535,5,2026-03-17 14:50:49.000000000,positive
FB0000051,TK0000112,R016981,2,2026-02-10 15:50:21.000000000,negative
FB0000052,TK0000113,R010558,1,2026-04-25 02:22:35.000000000,negative
FB0000053,TK0000114,R004814,3,2026-02-26 00:17:39.000000000,neutral
FB0000054,TK0000115,R021578,3,2026-05-08 13:12:49.000000000,neutral
FB0000055,TK0000116,R020238,5,2026-04-11 07:24:04.000000000,positive
FB0000056,TK0000118,R005814,2,2026-03-29 19:26:20.000000000,negative
FB0000057,TK0000119,R003774,4,2026-01-12 16:15:51.000000000,positive
FB0000058,TK0000123,R024823,4,2026-05-29 13:14:19.000000000,positive
FB0000059,TK0000124,R021389,5,2026-01-24 22:05:43.000000000,positive
FB0000060,TK0000127,R017470,4,2026-04-15 10:23:22.000000000,positive
FB0000061,TK0000129,R022554,3,2026-01-30 14:33:31.000000000,neutral
FB0000062,TK0000132,R016292,5,2026-05-06 09:22:44.000000000,positive
FB0000063,TK0000134,R021206,3,2026-04-17 13:32:28.000000000,neutral
FB0000064,TK0000135,R003235,3,2026-06-12 00:41:13.000000000,neutral
FB0000065,TK0000136,R014465,3,2026-05-15 09:03:09.000000000,neutral
FB0000066,TK0000137,R004081,5,2026-05-18 22:00:28.000000000,positive
FB0000067,TK0000139,R014368,3,2026-05-06 17:29:10.000000000,neutral
FB0000068,TK0000141,R006710,3,2026-05-11 01:04:56.000000000,neutral
FB0000069,TK0000143,R011668,4,2026-04-18 22:06:53.000000000,positive
FB0000070,TK0000145,R015194,3,2026-05-28 13:06:04.000000000,neutral
FB0000071,TK0000146,R019998,4,2026-04-18 18:36:44.000000000,positive
FB0000072,TK0000148,R002986,4,2026-02-02 19:43:01.000000000,positive
FB0000073,TK0000149,R018753,2,2026-02-02 10:57:12.000000000,negative
FB0000074,TK0000150,R008563,4,2026-05-24 00:07:18.000000000,positive
FB0000075,TK0000154,R015721,3,2026-06-06 23:06:12.000000000,neutral
FB0000076,TK0000160,R022181,4,2026-01-20 22:03:00.000000000,positive
FB0000077,TK0000165,R014603,2,2026-02-28 00:01:46.000000000,negative
FB0000078,TK0000167,R022933,4,2026-03-12 16:33:46.000000000,positive
FB0000079,TK0000168,R017837,5,2026-06-21 05:29:18.000000000,positive
FB0000080,TK0000169,R005982,3,2026-01-28 08:02:24.000000000,neutral
FB0000081,TK0000174,R012140,4,2026-05-29 05:06:53.000000000,positive
FB0000082,TK0000175,R005828,4,2026-06-06 02:35:08.000000000,positive
FB0000083,TK0000176,R008455,2,2026-04-26 09:56:56.000000000,negative
FB0000084,TK0000177,R024658,4,2026-04-19 00:43:22.000000000,positive
FB0000085,TK0000179,R024690,3,2026-04-21 09:25:44.000000000,neutral
FB0000086,TK0000180,R002094,3,2026-02-27 06:19:25.000000000,neutral
FB0000087,TK0000182,R006490,5,2026-02-08 11:04:14.000000000,positive
FB0000088,TK0000183,R014948,5,2026-04-12 22:07:51.000000000,positive
FB0000089,TK0000186,R013249,3,2026-01-21 05:58:24.000000000,neutral
FB0000090,TK0000193,R008840,3,2026-02-26 09:05:11.000000000,neutral
FB0000091,TK0000201,R018836,3,2026-06-10 14:39:39.000000000,neutral
FB0000092,TK0000202,R016898,4,2026-05-05 21:34:56.000000000,positive
FB0000093,TK0000204,R010631,3,2026-04-18 02:11:16.000000000,neutral
FB0000094,TK0000207,R005728,3,2026-06-03 11:46:24.000000000,neutral
FB0000095,TK0000208,R010494,3,2026-03-24 10:04:19.000000000,neutral
FB0000096,TK0000211,R017011,2,2026-06-23 12:19:35.000000000,negative
FB0000097,TK0000212,R017552,2,2026-01-07 08:05:13.000000000,negative
FB0000098,TK0000215,R000954,3,2026-06-08 00:45:54.000000000,neutral
FB0000099,TK0000216,R008648,3,2026-06-07 13:12:00.000000000,neutral
FB0000100,TK0000217,R013692,3,2026-03-12 19:18:36.000000000,neutral
FB0000101,TK0000219,R010443,2,2026-01-26 15:19:57.000000000,negative
FB0000102,TK0000222,R003742,3,2026-03-30 05:19:57.000000000,neutral
FB0000103,TK0000223,R012940,1,2026-05-04 10:43:29.000000000,negative
FB0000104,TK0000224,R023010,3,2026-03-31 15:43:42.000000000,neutral
FB0000105,TK0000225,R007944,2,2026-03-27 22:39:47.000000000,negative
FB0000106,TK0000227,R015277,4,2026-01-19 06:09:39.000000000,positive
FB0000107,TK0000229,R018098,5,2026-03-10 17:52:20.000000000,positive
FB0000108,TK0000230,R024339,4,2026-03-17 11:39:21.000000000,positive
FB0000109,TK0000231,R002729,5,2026-01-30 19:28:49.000000000,positive
FB0000110,TK0000232,R007344,4,2026-03-27 17:17:18.000000000,positive
FB0000111,TK0000237,R018424,4,2026-04-22 13:50:08.000000000,positive
FB0000112,TK0000242,R012991,2,2026-04-03 23:39:28.000000000,negative
FB0000113,TK0000243,R007393,4,2026-01-15 17:02:08.000000000,positive
FB0000114,TK0000246,R022142,2,2026-01-29 16:05:27.000000000,negative
FB0000115,TK0000251,R005060,1,2026-01-11 15:32:44.000000000,negative
FB0000116,TK0000253,R000950,5,2026-02-21 12:45:51.000000000,positive
FB0000117,TK0000255,R004921,4,2026-03-28 02:16:25.000000000,positive
FB0000118,TK0000257,R019471,2,2026-02-08 04:20:46.000000000,negative
FB0000119,TK0000261,R022353,5,2026-05-12 19:22:02.000000000,positive
FB0000120,TK0000262,R022169,4,2026-05-05 05:51:05.000000000,positive
FB0000121,TK0000263,R022652,3,2026-02-17 19:07:28.000000000,neutral
FB0000122,TK0000268,R014536,4,2026-03-18 18:51:27.000000000,positive
FB0000123,TK0000270,R007881,2,2026-06-06 13:42:07.000000000,negative
FB0000124,TK0000274,R018843,4,2026-03-22 16:28:24.000000000,positive
FB0000125,TK0000278,R000971,5,2026-05-01 05:44:54.000000000,positive
FB0000126,TK0000290,R006653,2,2026-05-30 19:47:53.000000000,negative
FB0000127,TK0000291,R016766,4,2026-01-04 12:01:07.000000000,positive
FB0000128,TK0000293,R005139,2,2026-03-28 17:01:27.000000000,negative
FB0000129,TK0000296,R002426,5,2026-03-19 06:35:18.000000000,positive
FB0000130,TK0000303,R009637,1,2026-06-24 22:08:43.000000000,negative
FB0000131,TK0000304,R005058,5,2026-06-27 19:59:39.000000000,positive
FB0000132,TK0000309,R020081,4,2026-02-13 13:24:08.000000000,positive
FB0000133,TK0000311,R019025,4,2026-03-19 16:04:26.000000000,positive
FB0000134,TK0000312,R023741,5,2026-04-24 18:33:29.000000000,positive
FB0000135,TK0000315,R019207,4,2026-06-06 01:53:10.000000000,positive
FB0000136,TK0000317,R007118,2,2026-06-17 00:31:10.000000000,negative
FB0000137,TK0000318,R021714,3,2026-04-15 23:24:43.000000000,neutral
FB0000138,TK0000321,R024984,3,2026-05-22 18:41:39.000000000,neutral
FB0000139,TK0000323,R018540,4,2026-02-18 13:44:01.000000000,positive
FB0000140,TK0000324,R015626,4,2026-01-27 08:22:01.000000000,positive
FB0000141,TK0000327,R010644,4,2026-06-18 22:26:18.000000000,positive
FB0000142,TK0000329,R000644,4,2026-06-03 18:36:10.000000000,positive
FB0000143,TK0000330,R008196,3,2026-03-30 00:04:34.000000000,neutral
FB0000144,TK0000332,R009341,1,2026-02-14 01:10:32.000000000,negative
FB0000145,TK0000333,R020188,2,2026-06-17 21:07:02.000000000,negative
FB0000146,TK0000335,R014662,5,2026-05-13 03:55:18.000000000,positive
FB0000147,TK0000336,R019857,3,2026-06-23 08:10:22.000000000,neutral
FB0000148,TK0000337,R013768,4,2026-01-22 03:02:22.000000000,positive
FB0000149,TK0000339,R004954,5,2026-01-14 17:26:10.000000000,positive
FB0000150,TK0000340,R009007,3,2026-03-26 16:03:12.000000000,neutral
FB0000151,TK0000343,R001505,3,2026-01-08 23:08:22.000000000,neutral
FB0000152,TK0000348,R022225,1,2026-04-01 06:09:14.000000000,negative
FB0000153,TK0000350,R023549,2,2026-06-12 14:54:53.000000000,negative
FB0000154,TK0000351,R012020,4,2026-02-25 09:41:55.000000000,positive
FB0000155,TK0000356,R009668,4,2026-06-06 18:13:20.000000000,positive
FB0000156,TK0000357,R019924,3,2026-01-29 11:25:40.000000000,neutral
FB0000157,TK0000358,R007022,2,2026-05-31 04:02:38.000000000,negative
FB0000158,TK0000359,R002828,2,2026-05-06 20:19:45.000000000,negative
FB0000159,TK0000361,R016309,3,2026-01-06 18:53:15.000000000,neutral
FB0000160,TK0000366,R019104,2,2026-06-07 02:14:11.000000000,negative
FB0000161,TK0000368,R003636,5,2026-04-24 19:43:17.000000000,positive
FB0000162,TK0000370,R012979,3,2026-06-05 17:02:56.000000000,neutral
FB0000163,TK0000371,R017902,4,2026-06-10 18:29:36.000000000,positive
FB0000164,TK0000372,R008590,5,2026-01-11 13:30:43.000000000,positive
FB0000165,TK0000378,R024526,4,2026-03-23 14:27:05.000000000,positive
FB0000166,TK0000381,R017813,1,2026-05-03 07:13:27.000000000,negative
FB0000167,TK0000383,R017280,5,2026-04-06 06:07:48.000000000,positive
FB0000168,TK0000384,R021001,4,2026-06-12 14:53:35.000000000,positive
FB0000169,TK0000389,R020372,3,2026-03-19 02:31:08.000000000,neutral
FB0000170,TK0000392,R018277,3,2026-01-05 17:27:20.000000000,neutral
FB0000171,TK0000393,R004110,2,2026-01-22 12:34:15.000000000,negative
FB0000172,TK0000394,R001410,2,2026-03-17 10:27:21.000000000,negative
FB0000173,TK0000396,R018735,2,2026-02-26 20:35:39.000000000,negative
FB0000174,TK0000399,R017157,2,2026-04-18 01:16:24.000000000,negative
FB0000175,TK0000400,R006040,4,2026-02-16 17:52:17.000000000,positive
FB0000176,TK0000401,R023373,4,2026-03-11 23:03:30.000000000,positive
FB0000177,TK0000403,R011667,3,2026-05-23 08:12:40.000000000,neutral
FB0000178,TK0000405,R007619,5,2026-06-11 19:29:29.000000000,positive
FB0000179,TK0000408,R001635,2,2026-05-14 04:57:27.000000000,negative
FB0000180,TK0000414,R002678,3,2026-04-21 12:19:07.000000000,neutral
FB0000181,TK0000420,R004087,3,2026-03-09 17:51:06.000000000,neutral
FB0000182,TK0000423,R003267,2,2026-01-25 21:22:05.000000000,negative
FB0000183,TK0000427,R024713,2,2026-02-05 21:25:47.000000000,negative
FB0000184,TK0000428,R014850,4,2026-05-31 05:35:24.000000000,positive
FB0000185,TK0000431,R004035,2,2026-07-02 05:02:47.000000000,negative
FB0000186,TK0000432,R005807,4,2026-02-09 05:21:32.000000000,positive
FB0000187,TK0000433,R022679,2,2026-05-24 20:37:39.000000000,negative
FB0000188,TK0000435,R008276,1,2026-05-21 17:13:33.000000000,negative
FB0000189,TK0000436,R005893,4,2026-04-20 11:49:44.000000000,positive
FB0000190,TK0000440,R016265,2,2026-06-05 07:49:46.000000000,negative
FB0000191,TK0000442,R004940,3,2026-06-19 04:49:57.000000000,neutral
FB0000192,TK0000443,R016274,4,2026-06-06 17:18:50.000000000,positive
FB0000193,TK0000444,R010110,2,2026-06-23 14:05:08.000000000,negative
FB0000194,TK0000445,R007108,4,2026-05-27 17:06:16.000000000,positive
FB0000195,TK0000446,R000030,4,2026-03-09 17:11:57.000000000,positive
FB0000196,TK0000448,R024531,2,2026-04-19 11:07:30.000000000,negative
FB0000197,TK0000452,R011917,4,2026-05-29 10:03:39.000000000,positive
FB0000198,TK0000453,R006621,2,2026-04-22 20:57:58.000000000,negative
FB0000199,TK0000454,R020709,1,2026-02-02 23:04:29.000000000,negative
FB0000200,TK0000455,R012899,3,2026-05-02 08:27:40.000000000,neutral
FB0000201,TK0000456,R010513,3,2026-02-18 14:36:55.000000000,neutral
FB0000202,TK0000458,R021700,3,2026-03-08 13:12:07.000000000,neutral
FB0000203,TK0000460,R000908,2,2026-06-01 17:13:16.000000000,negative
FB0000204,TK0000464,R023579,3,2026-05-22 09:36:46.000000000,neutral
FB0000205,TK0000469,R009376,4,2026-01-22 20:54:02.000000000,positive
FB0000206,TK0000471,R011231,3,2026-03-01 08:01:06.000000000,neutral
FB0000207,TK0000472,R014520,3,2026-06-06 00:06:49.000000000,neutral
FB0000208,TK0000473,R019555,2,2026-03-23 13:32:01.000000000,negative
FB0000209,TK0000474,R010712,3,2026-01-09 05:31:43.000000000,neutral
FB0000210,TK0000477,R023393,5,2026-04-23 07:30:12.000000000,positive
FB0000211,TK0000478,R002884,3,2026-05-12 12:42:10.000000000,neutral
FB0000212,TK0000483,R003432,3,2026-03-16 23:27:51.000000000,neutral
FB0000213,TK0000485,R002567,4,2026-03-06 13:44:39.000000000,positive
FB0000214,TK0000489,R014493,3,2026-05-30 15:18:18.000000000,neutral
FB0000215,TK0000490,R008820,2,2026-01-26 10:03:19.000000000,negative
FB0000216,TK0000491,R008717,3,2026-04-02 17:31:06.000000000,neutral
FB0000217,TK0000493,R015210,3,2026-03-13 08:45:12.000000000,neutral
FB0000218,TK0000494,R005848,4,2026-04-09 21:33:07.000000000,positive
FB0000219,TK0000498,R013181,2,2026-06-17 23:01:52.000000000,negative
FB0000220,TK0000503,R001289,4,2026-04-10 18:38:46.000000000,positive
FB0000221,TK0000504,R014870,4,2026-03-26 23:22:03.000000000,positive
FB0000222,TK0000508,R017158,2,2026-06-29 16:32:08.000000000,negative
FB0000223,TK0000510,R001254,3,2026-02-12 12:57:23.000000000,neutral
FB0000224,TK0000511,R007805,3,2026-03-16 06:56:54.000000000,neutral
FB0000225,TK0000512,R008962,4,2026-05-16 14:28:41.000000000,positive
FB0000226,TK0000515,R009860,5,2026-03-14 20:44:14.000000000,positive
FB0000227,TK0000516,R023001,3,2026-01-19 04:02:50.000000000,neutral
FB0000228,TK0000517,R010600,5,2026-03-20 01:59:45.000000000,positive
FB0000229,TK0000519,R002660,4,2026-03-23 08:18:15.000000000,positive
FB0000230,TK0000522,R015695,2,2026-02-16 10:01:00.000000000,negative
FB0000231,TK0000523,R013661,3,2026-05-17 00:06:37.000000000,neutral
FB0000232,TK0000524,R020400,2,2026-02-15 19:45:02.000000000,negative
FB0000233,TK0000526,R011788,2,2026-05-30 13:48:27.000000000,negative
FB0000234,TK0000527,R000110,2,2026-05-07 22:50:25.000000000,negative
FB0000235,TK0000531,R002674,3,2026-01-13 16:45:01.000000000,neutral
FB0000236,TK0000533,R003797,5,2026-04-19 16:37:12.000000000,positive
FB0000237,TK0000534,R023212,3,2026-01-05 07:35:55.000000000,neutral
FB0000238,TK0000536,R006198,4,2026-02-27 08:44:55.000000000,positive
FB0000239,TK0000538,R017725,4,2026-02-18 21:13:14.000000000,positive
FB0000240,TK0000540,R012282,2,2026-01-27 04:05:44.000000000,negative
FB0000241,TK0000541,R018129,5,2026-06-04 15:52:14.000000000,positive
FB0000242,TK0000542,R004053,2,2026-03-08 18:19:07.000000000,negative
FB0000243,TK0000543,R000296,3,2026-01-15 13:37:02.000000000,neutral
FB0000244,TK0000546,R024350,4,2026-03-19 19:24:25.000000000,positive
FB0000245,TK0000548,R000190,2,2026-04-08 09:36:47.000000000,negative
FB0000246,TK0000551,R001048,3,2026-02-28 00:32:11.000000000,neutral
FB0000247,TK0000555,R011094,1,2026-03-21 13:25:20.000000000,negative
FB0000248,TK0000557,R018699,4,2026-05-28 01:21:29.000000000,positive
FB0000249,TK0000560,R019549,3,2026-02-15 04:38:33.000000000,neutral
FB0000250,TK0000562,R024070,4,2026-04-20 07:24:48.000000000,positive
FB0000251,TK0000564,R019350,3,2026-04-02 21:09:39.000000000,neutral
FB0000252,TK0000565,R010967,2,2026-06-05 23:15:16.000000000,negative
FB0000253,TK0000567,R003083,4,2026-04-22 12:27:56.000000000,positive
FB0000254,TK0000568,R012212,5,2026-06-02 09:24:17.000000000,positive
FB0000255,TK0000571,R013850,3,2026-05-12 10:40:13.000000000,neutral
FB0000256,TK0000572,R020257,2,2026-06-04 05:30:02.000000000,negative
FB0000257,TK0000575,R017936,3,2026-01-20 02:08:54.000000000,neutral
FB0000258,TK0000578,R021448,2,2026-04-09 03:56:40.000000000,negative
FB0000259,TK0000579,R019961,3,2026-01-10 14:09:23.000000000,neutral
FB0000260,TK0000584,R016871,2,2026-06-20 08:12:18.000000000,negative
FB0000261,TK0000588,R017942,3,2026-01-13 08:00:52.000000000,neutral
FB0000262,TK0000589,R014947,3,2026-05-08 23:16:16.000000000,neutral
FB0000263,TK0000590,R001840,2,2026-01-18 09:13:38.000000000,negative
FB0000264,TK0000592,R015990,3,2026-05-01 03:40:23.000000000,neutral
FB0000265,TK0000595,R014176,5,2026-01-15 05:10:55.000000000,positive
FB0000266,TK0000597,R016327,3,2026-02-06 17:51:23.000000000,neutral
FB0000267,TK0000598,R017653,4,2026-02-13 00:03:17.000000000,positive
FB0000268,TK0000599,R009023,1,2026-01-05 14:29:16.000000000,negative
FB0000269,TK0000602,R003592,4,2026-06-08 09:47:33.000000000,positive
FB0000270,TK0000603,R018067,2,2026-01-05 17:50:50.000000000,negative
FB0000271,TK0000607,R017996,5,2026-06-02 22:20:16.000000000,positive
FB0000272,TK0000608,R000812,2,2026-01-04 07:44:02.000000000,negative
FB0000273,TK0000612,R023283,2,2026-01-31 21:24:41.000000000,negative
FB0000274,TK0000615,R010482,3,2026-06-18 20:43:54.000000000,neutral
FB0000275,TK0000616,R012388,3,2026-02-20 12:00:09.000000000,neutral
FB0000276,TK0000618,R001714,5,2026-06-20 18:58:43.000000000,positive
FB0000277,TK0000619,R022813,2,2026-03-18 02:28:59.000000000,negative
FB0000278,TK0000621,R023806,2,2026-02-07 06:09:15.000000000,negative
FB0000279,TK0000623,R014453,5,2026-05-08 14:08:30.000000000,positive
FB0000280,TK0000626,R000344,5,2026-03-07 03:22:00.000000000,positive
FB0000281,TK0000627,R001386,3,2026-05-05 07:53:52.000000000,neutral
FB0000282,TK0000629,R011401,5,2026-02-18 00:07:18.000000000,positive
FB0000283,TK0000630,R007635,4,2026-02-25 22:48:23.000000000,positive
FB0000284,TK0000631,R005488,5,2026-05-24 01:12:47.000000000,positive
FB0000285,TK0000632,R002647,3,2026-05-10 02:28:43.000000000,neutral
FB0000286,TK0000635,R023107,3,2026-01-10 21:34:18.000000000,neutral
FB0000287,TK0000637,R008009,2,2026-02-19 17:46:43.000000000,negative
FB0000288,TK0000639,R020683,2,2026-03-23 06:32:45.000000000,negative
FB0000289,TK0000643,R013952,4,2026-03-11 09:11:29.000000000,positive
FB0000290,TK0000646,R013142,1,2026-02-23 10:12:12.000000000,negative
FB0000291,TK0000647,R016386,3,2026-05-26 21:53:20.000000000,neutral
FB0000292,TK0000648,R003840,3,2026-03-30 17:59:37.000000000,neutral
FB0000293,TK0000649,R009919,3,2026-05-27 11:37:22.000000000,neutral
FB0000294,TK0000652,R009028,4,2026-01-06 15:34:24.000000000,positive
FB0000295,TK0000656,R021967,3,2026-04-17 01:09:26.000000000,neutral
FB0000296,TK0000664,R018284,2,2026-05-12 20:53:12.000000000,negative
FB0000297,TK0000665,R001089,5,2026-06-15 16:23:15.000000000,positive
FB0000298,TK0000666,R004061,3,2026-05-03 07:33:44.000000000,neutral
FB0000299,TK0000668,R008093,3,2026-06-01 17:09:52.000000000,neutral
FB0000300,TK0000671,R007915,4,2026-05-30 13:40:16.000000000,positive
FB0000301,TK0000673,R015902,3,2026-04-11 03:36:51.000000000,neutral
FB0000302,TK0000674,R019198,3,2026-05-06 06:49:09.000000000,neutral
FB0000303,TK0000675,R016429,3,2026-03-24 07:43:09.000000000,neutral
FB0000304,TK0000676,R014162,3,2026-01-28 09:39:23.000000000,neutral
FB0000305,TK0000678,R023666,3,2026-02-21 03:51:20.000000000,neutral
FB0000306,TK0000680,R003094,3,2026-04-13 05:54:58.000000000,neutral
FB0000307,TK0000681,R006475,3,2026-06-11 02:09:41.000000000,neutral
FB0000308,TK0000684,R004219,3,2026-04-12 13:12:49.000000000,neutral
FB0000309,TK0000687,R004515,4,2026-01-17 21:06:30.000000000,positive
FB0000310,TK0000690,R023683,4,2026-05-10 13:26:34.000000000,positive
FB0000311,TK0000692,R001799,3,2026-03-11 06:36:58.000000000,neutral
FB0000312,TK0000694,R003513,3,2026-01-29 06:51:09.000000000,neutral
FB0000313,TK0000695,R003080,1,2026-06-01 07:36:22.000000000,negative
FB0000314,TK0000698,R012600,2,2026-02-10 06:45:13.000000000,negative
FB0000315,TK0000699,R000128,4,2026-03-05 08:05:11.000000000,positive
FB0000316,TK0000701,R009878,4,2026-03-25 03:57:32.000000000,positive
FB0000317,TK0000705,R014225,3,2026-03-19 10:50:04.000000000,neutral
FB0000318,TK0000706,R004496,4,2026-02-04 09:14:45.000000000,positive
FB0000319,TK0000707,R012516,2,2026-03-31 08:23:14.000000000,negative
FB0000320,TK0000708,R014213,4,2026-01-13 07:19:27.000000000,positive
FB0000321,TK0000709,R020759,1,2026-04-27 03:55:39.000000000,negative
FB0000322,TK0000710,R014553,1,2026-01-04 07:24:07.000000000,negative
FB0000323,TK0000711,R024407,5,2026-01-09 17:00:11.000000000,positive
FB0000324,TK0000716,R015410,2,2026-03-20 01:54:29.000000000,negative
FB0000325,TK0000717,R021049,2,2026-02-09 06:19:40.000000000,negative
FB0000326,TK0000720,R004686,4,2026-06-18 07:49:23.000000000,positive
FB0000327,TK0000727,R011474,3,2026-02-22 01:07:55.000000000,neutral
FB0000328,TK0000730,R011441,4,2026-06-04 02:33:59.000000000,positive
FB0000329,TK0000731,R008951,3,2026-04-12 02:55:02.000000000,neutral
FB0000330,TK0000732,R001580,3,2026-06-05 05:01:58.000000000,neutral
FB0000331,TK0000733,R001982,3,2026-03-08 05:31:22.000000000,neutral
FB0000332,TK0000735,R012009,4,2026-04-09 16:13:50.000000000,positive
FB0000333,TK0000738,R009416,4,2026-05-24 08:33:33.000000000,positive
FB0000334,TK0000741,R015641,5,2026-04-17 10:41:20.000000000,positive
FB0000335,TK0000745,R015270,2,2026-04-24 17:05:51.000000000,negative
FB0000336,TK0000750,R016561,2,2026-06-26 12:33:00.000000000,negative
FB0000337,TK0000751,R011955,3,2026-03-25 23:48:24.000000000,neutral
FB0000338,TK0000752,R018330,2,2026-03-25 18:35:10.000000000,negative
FB0000339,TK0000753,R018413,5,2026-06-28 12:01:48.000000000,positive
FB0000340,TK0000756,R017125,3,2026-02-04 23:09:56.000000000,neutral
FB0000341,TK0000760,R015329,4,2026-01-09 10:18:56.000000000,positive
FB0000342,TK0000762,R019794,5,2026-02-05 01:44:38.000000000,positive
FB0000343,TK0000763,R016167,2,2026-04-15 03:46:36.000000000,negative
FB0000344,TK0000765,R019902,3,2026-06-02 05:21:35.000000000,neutral
FB0000345,TK0000766,R002529,2,2026-05-04 16:24:57.000000000,negative
FB0000346,TK0000770,R005539,2,2026-02-03 06:17:15.000000000,negative
FB0000347,TK0000772,R012540,3,2026-01-28 15:44:24.000000000,neutral
FB0000348,TK0000774,R003539,4,2026-03-23 04:20:29.000000000,positive
FB0000349,TK0000775,R017262,1,2026-04-16 19:28:45.000000000,negative
FB0000350,TK0000779,R012182,2,2026-02-12 02:20:34.000000000,negative
FB0000351,TK0000780,R023777,3,2026-05-09 00:16:41.000000000,neutral
FB0000352,TK0000784,R017286,2,2026-05-10 07:23:33.000000000,negative
FB0000353,TK0000785,R009623,3,2026-06-07 17:24:09.000000000,neutral
FB0000354,TK0000786,R021677,2,2026-04-04 16:43:25.000000000,negative
FB0000355,TK0000790,R002988,3,2026-01-07 01:21:10.000000000,neutral
FB0000356,TK0000795,R016401,3,2026-05-21 06:49:01.000000000,neutral
FB0000357,TK0000796,R014424,1,2026-03-30 08:21:29.000000000,negative
FB0000358,TK0000797,R007365,3,2026-03-17 03:52:46.000000000,neutral
FB0000359,TK0000803,R017030,1,2026-03-10 06:21:47.000000000,negative
FB0000360,TK0000804,R012169,2,2026-05-23 09:37:14.000000000,negative
FB0000361,TK0000807,R006828,3,2026-04-19 03:47:43.000000000,neutral
FB0000362,TK0000809,R015433,4,2026-01-07 08:19:33.000000000,positive
FB0000363,TK0000810,R000329,5,2026-03-25 12:30:15.000000000,positive
FB0000364,TK0000811,R024782,2,2026-03-07 12:06:33.000000000,negative
FB0000365,TK0000812,R013648,2,2026-04-29 04:42:40.000000000,negative
FB0000366,TK0000821,R019509,3,2026-02-02 15:32:50.000000000,neutral
FB0000367,TK0000822,R005198,3,2026-05-13 11:01:47.000000000,neutral
FB0000368,TK0000825,R022014,1,2026-04-22 09:58:19.000000000,negative
FB0000369,TK0000826,R024946,2,2026-01-05 07:17:39.000000000,negative
FB0000370,TK0000827,R000737,2,2026-01-18 22:13:32.000000000,negative
FB0000371,TK0000829,R017562,3,2026-05-25 18:24:19.000000000,neutral
FB0000372,TK0000830,R001061,2,2026-05-02 13:19:23.000000000,negative
FB0000373,TK0000832,R009781,3,2026-05-19 04:13:26.000000000,neutral
FB0000374,TK0000835,R017992,2,2026-04-03 21:24:53.000000000,negative
FB0000375,TK0000837,R009607,5,2026-03-21 14:00:36.000000000,positive
FB0000376,TK0000838,R016156,4,2026-04-23 21:07:39.000000000,positive
FB0000377,TK0000841,R019573,3,2026-01-11 04:59:41.000000000,neutral
FB0000378,TK0000842,R000836,2,2026-06-09 05:11:40.000000000,negative
FB0000379,TK0000843,R015990,4,2026-02-28 14:12:54.000000000,positive
FB0000380,TK0000844,R012175,3,2026-01-21 16:05:00.000000000,neutral
FB0000381,TK0000847,R017098,2,2026-03-15 05:44:57.000000000,negative
FB0000382,TK0000848,R022092,2,2026-06-08 17:42:46.000000000,negative
FB0000383,TK0000849,R016346,2,2026-06-21 01:13:51.000000000,negative
FB0000384,TK0000850,R011667,4,2026-01-06 20:14:04.000000000,positive
FB0000385,TK0000851,R002306,2,2026-02-12 20:17:30.000000000,negative
FB0000386,TK0000853,R009727,4,2026-05-21 06:20:21.000000000,positive
FB0000387,TK0000854,R011973,3,2026-06-22 06:34:12.000000000,neutral
FB0000388,TK0000857,R020228,4,2026-06-18 02:36:37.000000000,positive
FB0000389,TK0000859,R015182,2,2026-05-19 10:16:14.000000000,negative
FB0000390,TK0000860,R006544,3,2026-01-20 20:48:38.000000000,neutral
FB0000391,TK0000864,R019202,4,2026-05-15 17:57:06.000000000,positive
FB0000392,TK0000865,R009554,2,2026-06-18 15:34:40.000000000,negative
FB0000393,TK0000867,R015905,4,2026-01-05 21:17:32.000000000,positive
FB0000394,TK0000869,R011456,4,2026-02-18 15:17:04.000000000,positive
FB0000395,TK0000870,R001605,3,2026-04-15 18:18:25.000000000,neutral
FB0000396,TK0000873,R015181,2,2026-02-23 08:12:14.000000000,negative
FB0000397,TK0000875,R020285,2,2026-04-17 15:21:22.000000000,negative
FB0000398,TK0000876,R024160,5,2026-04-28 00:50:08.000000000,positive
FB0000399,TK0000879,R021679,4,2026-05-17 19:03:19.000000000,positive
FB0000400,TK0000881,R024918,2,2026-03-25 07:56:58.000000000,negative
FB0000401,TK0000885,R008005,3,2026-03-22 20:11:46.000000000,neutral
FB0000402,TK0000886,R005145,3,2026-01-10 13:33:45.000000000,neutral
FB0000403,TK0000887,R022873,2,2026-03-09 15:45:35.000000000,negative
FB0000404,TK0000888,R010917,3,2026-06-26 06:00:03.000000000,neutral
FB0000405,TK0000890,R013764,4,2026-03-01 06:15:16.000000000,positive
FB0000406,TK0000892,R003786,2,2026-05-25 01:44:58.000000000,negative
FB0000407,TK0000895,R009287,2,2026-05-08 16:43:09.000000000,negative
FB0000408,TK0000899,R019006,5,2026-03-21 18:51:44.000000000,positive
FB0000409,TK0000901,R022595,5,2026-02-12 18:17:48.000000000,positive
FB0000410,TK0000906,R020042,2,2026-06-10 00:48:24.000000000,negative
FB0000411,TK0000907,R010092,4,2026-05-28 06:11:05.000000000,positive
FB0000412,TK0000910,R006357,3,2026-02-24 14:08:27.000000000,neutral
FB0000413,TK0000911,R012870,4,2026-02-17 12:54:34.000000000,positive
FB0000414,TK0000912,R017317,3,2026-05-30 16:21:22.000000000,neutral
FB0000415,TK0000916,R020987,4,2026-01-28 12:27:16.000000000,positive
FB0000416,TK0000920,R021907,3,2026-03-26 14:38:47.000000000,neutral
FB0000417,TK0000921,R011984,2,2026-03-01 18:09:38.000000000,negative
FB0000418,TK0000923,R003033,1,2026-04-27 08:18:19.000000000,negative
FB0000419,TK0000924,R005173,3,2026-03-17 12:23:03.000000000,neutral
FB0000420,TK0000926,R003789,3,2026-02-05 17:19:04.000000000,neutral
FB0000421,TK0000927,R011419,3,2026-04-14 20:29:32.000000000,neutral
FB0000422,TK0000928,R013484,5,2026-06-28 17:36:40.000000000,positive
FB0000423,TK0000929,R018488,3,2026-06-09 11:20:10.000000000,neutral
FB0000424,TK0000931,R000533,4,2026-06-04 15:01:53.000000000,positive
FB0000425,TK0000932,R012654,2,2026-03-25 04:47:47.000000000,negative
FB0000426,TK0000933,R004197,3,2026-06-21 22:31:04.000000000,neutral
FB0000427,TK0000934,R011352,3,2026-06-18 02:43:34.000000000,neutral
FB0000428,TK0000936,R021150,3,2026-03-06 04:06:59.000000000,neutral
FB0000429,TK0000938,R011162,4,2026-03-24 10:16:10.000000000,positive
FB0000430,TK0000941,R020162,4,2026-05-17 02:56:26.000000000,positive
FB0000431,TK0000943,R009652,4,2026-06-15 07:35:56.000000000,positive
FB0000432,TK0000952,R012633,3,2026-01-19 12:51:50.000000000,neutral
FB0000433,TK0000954,R024851,2,2026-06-11 02:09:00.000000000,negative
FB0000434,TK0000955,R001962,1,2026-03-21 02:24:25.000000000,negative
FB0000435,TK0000964,R012321,1,2026-06-16 00:40:29.000000000,negative
FB0000436,TK0000965,R004642,2,2026-03-06 05:15:19.000000000,negative
FB0000437,TK0000966,R021956,2,2026-05-31 01:45:55.000000000,negative
FB0000438,TK0000972,R003135,5,2026-05-20 13:58:07.000000000,positive
FB0000439,TK0000973,R014982,3,2026-02-24 18:24:55.000000000,neutral
FB0000440,TK0000975,R011059,4,2026-06-29 10:42:26.000000000,positive
FB0000441,TK0000977,R005019,1,2026-03-16 00:34:23.000000000,negative
FB0000442,TK0000980,R020938,5,2026-05-06 14:35:02.000000000,positive
FB0000443,TK0000981,R021395,3,2026-03-09 23:12:48.000000000,neutral
FB0000444,TK0000982,R010213,4,2026-01-03 16:21:34.000000000,positive
FB0000445,TK0000983,R013512,3,2026-05-05 19:26:19.000000000,neutral
FB0000446,TK0000986,R009082,4,2026-02-16 23:04:27.000000000,positive
FB0000447,TK0000987,R018402,2,2026-06-08 20:50:47.000000000,negative
FB0000448,TK0000988,R015370,4,2026-02-12 13:24:12.000000000,positive
FB0000449,TK0000990,R023962,1,2026-04-08 13:55:51.000000000,negative
FB0000450,TK0000992,R010395,3,2026-04-23 17:18:25.000000000,neutral
FB0000451,TK0000995,R015317,2,2026-04-26 08:34:57.000000000,negative
FB0000452,TK0000999,R024508,4,2026-02-08 10:32:00.000000000,positive
FB0000453,TK0001000,R020464,2,2026-05-09 06:19:25.000000000,negative
FB0000454,TK0001004,R024156,4,2026-02-04 05:21:54.000000000,positive
FB0000455,TK0001012,R007923,4,2026-01-22 08:06:39.000000000,positive
FB0000456,TK0001013,R023240,5,2026-05-08 21:18:48.000000000,positive
FB0000457,TK0001016,R014137,5,2026-01-07 12:32:24.000000000,positive
FB0000458,TK0001017,R019448,2,2026-06-10 18:26:42.000000000,negative
FB0000459,TK0001018,R008652,2,2026-05-13 13:05:06.000000000,negative
FB0000460,TK0001022,R020965,2,2026-01-11 20:54:53.000000000,negative
FB0000461,TK0001024,R002443,3,2026-06-03 18:18:15.000000000,neutral
FB0000462,TK0001026,R007346,2,2026-01-04 00:20:28.000000000,negative
FB0000463,TK0001032,R005419,3,2026-01-21 20:40:18.000000000,neutral
FB0000464,TK0001033,R013684,5,2026-03-04 04:21:56.000000000,positive
FB0000465,TK0001035,R012555,5,2026-01-20 11:48:09.000000000,positive
FB0000466,TK0001039,R021744,3,2026-05-30 01:34:05.000000000,neutral
FB0000467,TK0001044,R006097,2,2026-02-27 05:09:02.000000000,negative
FB0000468,TK0001046,R015662,2,2026-04-19 21:20:01.000000000,negative
FB0000469,TK0001047,R020647,3,2026-04-17 18:59:47.000000000,neutral
FB0000470,TK0001049,R003319,4,2026-03-01 16:44:51.000000000,positive
FB0000471,TK0001050,R007977,4,2026-04-14 17:54:58.000000000,positive
FB0000472,TK0001051,R017009,3,2026-02-22 09:20:09.000000000,neutral
FB0000473,TK0001054,R007312,2,2026-04-23 14:28:58.000000000,negative
FB0000474,TK0001057,R003407,3,2026-03-23 09:35:20.000000000,neutral
FB0000475,TK0001058,R010489,3,2026-02-01 23:26:57.000000000,neutral
FB0000476,TK0001062,R009985,3,2026-03-19 01:46:49.000000000,neutral
FB0000477,TK0001064,R010425,1,2026-03-10 21:54:55.000000000,negative
FB0000478,TK0001065,R002584,3,2026-06-24 09:41:18.000000000,neutral
FB0000479,TK0001067,R024974,3,2026-04-23 00:24:39.000000000,neutral
FB0000480,TK0001069,R005221,3,2026-03-10 02:20:48.000000000,neutral
FB0000481,TK0001070,R011805,2,2026-03-10 14:19:10.000000000,negative
FB0000482,TK0001071,R022375,4,2026-02-15 13:47:50.000000000,positive
FB0000483,TK0001072,R005803,3,2026-02-15 11:44:03.000000000,neutral
FB0000484,TK0001074,R000261,4,2026-06-11 13:41:34.000000000,positive
FB0000485,TK0001077,R014602,4,2026-03-23 04:46:49.000000000,positive
FB0000486,TK0001079,R006942,2,2026-01-11 01:42:47.000000000,negative
FB0000487,TK0001080,R018063,4,2026-02-15 07:40:27.000000000,positive
FB0000488,TK0001081,R006783,3,2026-06-21 15:07:41.000000000,neutral
FB0000489,TK0001083,R004316,3,2026-06-25 15:20:09.000000000,neutral
FB0000490,TK0001084,R018283,1,2026-05-27 13:57:00.000000000,negative
FB0000491,TK0001085,R002095,3,2026-06-04 02:06:14.000000000,neutral
FB0000492,TK0001086,R024295,4,2026-04-09 07:44:24.000000000,positive
FB0000493,TK0001087,R015413,4,2026-04-21 17:42:09.000000000,positive
FB0000494,TK0001088,R024940,2,2026-01-19 20:36:42.000000000,negative
FB0000495,TK0001091,R015653,2,2026-06-26 19:42:01.000000000,negative
FB0000496,TK0001094,R014611,4,2026-02-26 12:02:41.000000000,positive
FB0000497,TK0001098,R012222,5,2026-05-25 01:51:27.000000000,positive
FB0000498,TK0001099,R014730,5,2026-02-03 10:51:31.000000000,positive
FB0000499,TK0001100,R014141,5,2026-04-11 18:55:14.000000000,positive
FB0000500,TK0001104,R004419,1,2026-04-28 09:41:19.000000000,negative
FB0000501,TK0001105,R016014,4,2026-04-10 21:03:56.000000000,positive
FB0000502,TK0001107,R007263,4,2026-04-30 07:40:31.000000000,positive
FB0000503,TK0001109,R015104,2,2026-06-01 21:18:09.000000000,negative
FB0000504,TK0001112,R010500,3,2026-03-28 12:10:11.000000000,neutral
FB0000505,TK0001116,R010821,3,2026-06-17 08:36:21.000000000,neutral
FB0000506,TK0001117,R022902,3,2026-06-30 00:21:46.000000000,neutral
FB0000507,TK0001119,R008733,5,2026-03-06 07:42:22.000000000,positive
FB0000508,TK0001125,R012470,2,2026-01-22 20:02:24.000000000,negative
FB0000509,TK0001126,R013170,4,2026-06-22 20:58:34.000000000,positive
FB0000510,TK0001128,R006689,2,2026-03-28 03:36:16.000000000,negative
FB0000511,TK0001131,R004161,3,2026-05-20 06:31:16.000000000,neutral
FB0000512,TK0001132,R020738,1,2026-01-21 09:46:04.000000000,negative
FB0000513,TK0001135,R003894,4,2026-04-15 20:11:30.000000000,positive
FB0000514,TK0001136,R017429,5,2026-06-19 16:22:45.000000000,positive
FB0000515,TK0001137,R017873,4,2026-05-25 12:41:48.000000000,positive
FB0000516,TK0001138,R023849,3,2026-03-25 03:59:13.000000000,neutral
FB0000517,TK0001140,R021691,3,2026-01-15 05:17:44.000000000,neutral
FB0000518,TK0001141,R009224,2,2026-04-15 10:09:15.000000000,negative
FB0000519,TK0001142,R007319,4,2026-01-11 10:33:32.000000000,positive
FB0000520,TK0001143,R006266,4,2026-04-29 21:05:47.000000000,positive
FB0000521,TK0001145,R015796,4,2026-04-30 18:26:10.000000000,positive
FB0000522,TK0001146,R017820,5,2026-03-13 02:21:55.000000000,positive
FB0000523,TK0001147,R009090,3,2026-04-11 12:26:26.000000000,neutral
FB0000524,TK0001149,R013444,5,2026-02-02 01:53:24.000000000,positive
FB0000525,TK0001151,R011437,2,2026-02-21 21:04:01.000000000,negative
FB0000526,TK0001153,R004440,2,2026-03-24 08:23:25.000000000,negative
FB0000527,TK0001155,R007557,5,2026-06-22 12:47:01.000000000,positive
FB0000528,TK0001157,R007738,2,2026-02-19 03:37:55.000000000,negative
FB0000529,TK0001160,R016453,3,2026-06-26 12:16:29.000000000,neutral
FB0000530,TK0001161,R015574,5,2026-01-19 06:17:57.000000000,positive
FB0000531,TK0001162,R003297,3,2026-02-22 19:19:20.000000000,neutral
FB0000532,TK0001164,R006814,3,2026-02-08 03:48:30.000000000,neutral
FB0000533,TK0001169,R008412,4,2026-05-14 01:18:57.000000000,positive
FB0000534,TK0001170,R016369,5,2026-02-13 00:04:36.000000000,positive
FB0000535,TK0001171,R008197,2,2026-05-23 21:32:57.000000000,negative
FB0000536,TK0001172,R020784,2,2026-02-20 20:52:26.000000000,negative
FB0000537,TK0001174,R022877,3,2026-03-13 00:00:27.000000000,neutral
FB0000538,TK0001177,R017900,4,2026-02-19 03:30:00.000000000,positive
FB0000539,TK0001178,R018320,3,2026-05-17 03:29:25.000000000,neutral
FB0000540,TK0001179,R014900,2,2026-03-17 15:08:20.000000000,negative
FB0000541,TK0001181,R008389,4,2026-05-15 22:21:07.000000000,positive
FB0000542,TK0001185,R005592,2,2026-02-19 07:44:49.000000000,negative
FB0000543,TK0001186,R016966,2,2026-03-08 23:26:31.000000000,negative
FB0000544,TK0001187,R021131,4,2026-03-16 06:32:11.000000000,positive
FB0000545,TK0001189,R019517,2,2026-01-28 14:31:08.000000000,negative
FB0000546,TK0001190,R003175,4,2026-05-06 04:53:32.000000000,positive
FB0000547,TK0001191,R010740,4,2026-06-29 19:06:47.000000000,positive
FB0000548,TK0001195,R002134,4,2026-02-08 18:23:14.000000000,positive
FB0000549,TK0001196,R024329,1,2026-06-05 10:06:54.000000000,negative
FB0000550,TK0001200,R009394,2,2026-06-16 13:16:33.000000000,negative
FB0000551,TK0001203,R020253,2,2026-02-08 01:40:07.000000000,negative
FB0000552,TK0001206,R001038,1,2026-06-12 17:00:41.000000000,negative
FB0000553,TK0001207,R013914,2,2026-06-27 23:40:15.000000000,negative
FB0000554,TK0001208,R007363,4,2026-01-21 16:37:10.000000000,positive
FB0000555,TK0001209,R014123,4,2026-05-04 14:37:14.000000000,positive
FB0000556,TK0001210,R010599,4,2026-02-03 13:45:03.000000000,positive
FB0000557,TK0001211,R001714,3,2026-03-27 09:18:46.000000000,neutral
FB0000558,TK0001212,R002572,4,2026-06-05 11:43:51.000000000,positive
FB0000559,TK0001213,R021436,3,2026-05-30 15:55:39.000000000,neutral
FB0000560,TK0001215,R013664,1,2026-01-16 03:02:56.000000000,negative
FB0000561,TK0001216,R007909,2,2026-06-27 17:00:07.000000000,negative
FB0000562,TK0001223,R011960,4,2026-03-10 10:12:44.000000000,positive
FB0000563,TK0001224,R019254,3,2026-03-15 19:22:39.000000000,neutral
FB0000564,TK0001226,R020568,2,2026-05-31 14:16:05.000000000,negative
FB0000565,TK0001228,R013328,2,2026-02-17 05:32:16.000000000,negative
FB0000566,TK0001230,R013047,3,2026-03-27 13:07:46.000000000,neutral
FB0000567,TK0001232,R021550,5,2026-01-28 09:51:39.000000000,positive
FB0000568,TK0001233,R021324,3,2026-04-04 04:39:54.000000000,neutral
FB0000569,TK0001236,R002601,4,2026-05-16 20:49:22.000000000,positive
FB0000570,TK0001240,R013084,3,2026-06-09 14:49:58.000000000,neutral
FB0000571,TK0001242,R018035,2,2026-04-27 03:51:03.000000000,negative
FB0000572,TK0001244,R019448,2,2026-01-05 15:05:33.000000000,negative
FB0000573,TK0001250,R009727,2,2026-01-14 15:36:28.000000000,negative
FB0000574,TK0001251,R019187,2,2026-03-10 12:17:45.000000000,negative
FB0000575,TK0001252,R011813,5,2026-03-18 13:55:01.000000000,positive
FB0000576,TK0001253,R021485,4,2026-02-02 14:50:51.000000000,positive
FB0000577,TK0001254,R008667,5,2026-03-10 17:15:51.000000000,positive
FB0000578,TK0001266,R007371,4,2026-01-25 22:21:58.000000000,positive
FB0000579,TK0001267,R012106,4,2026-01-02 05:26:13.000000000,positive
FB0000580,TK0001268,R012720,4,2026-06-24 17:01:21.000000000,positive
FB0000581,TK0001269,R023474,4,2026-01-21 18:20:41.000000000,positive
FB0000582,TK0001271,R020307,5,2026-05-26 14:20:41.000000000,positive
FB0000583,TK0001273,R023942,4,2026-03-18 01:35:22.000000000,positive
FB0000584,TK0001277,R014006,3,2026-06-01 13:05:31.000000000,neutral
FB0000585,TK0001284,R002972,3,2026-06-16 00:51:24.000000000,neutral
FB0000586,TK0001287,R001828,3,2026-02-10 06:35:34.000000000,neutral
FB0000587,TK0001288,R024353,2,2026-03-31 15:53:21.000000000,negative
FB0000588,TK0001289,R021480,3,2026-01-22 11:39:24.000000000,neutral
FB0000589,TK0001292,R020322,3,2026-01-16 17:25:52.000000000,neutral
FB0000590,TK0001295,R017070,5,2026-03-02 22:19:20.000000000,positive
FB0000591,TK0001297,R016531,4,2026-06-03 18:32:41.000000000,positive
FB0000592,TK0001299,R007343,4,2026-04-01 09:45:43.000000000,positive
FB0000593,TK0001309,R005194,3,2026-01-23 05:16:15.000000000,neutral
FB0000594,TK0001310,R020491,3,2026-02-27 13:16:47.000000000,neutral
FB0000595,TK0001313,R012129,4,2026-03-13 06:14:43.000000000,positive
FB0000596,TK0001314,R016937,3,2026-06-26 00:58:38.000000000,neutral
FB0000597,TK0001315,R010603,2,2026-04-24 08:01:41.000000000,negative
FB0000598,TK0001316,R012673,5,2026-01-20 11:58:35.000000000,positive
FB0000599,TK0001318,R015721,2,2026-01-05 12:50:11.000000000,negative
FB0000600,TK0001320,R007622,5,2026-01-04 21:41:41.000000000,positive
FB0000601,TK0001321,R004452,3,2026-04-04 00:06:04.000000000,neutral
FB0000602,TK0001323,R024995,1,2026-04-27 14:56:45.000000000,negative
FB0000603,TK0001324,R003008,2,2026-03-28 07:30:53.000000000,negative
FB0000604,TK0001326,R013190,1,2026-01-07 10:29:53.000000000,negative
FB0000605,TK0001332,R002700,3,2026-05-26 17:54:10.000000000,neutral
FB0000606,TK0001336,R006002,6,2026-02-18 08:55:40.000000000,neutral
FB0000607,TK0001337,R007575,1,2026-04-25 16:54:11.000000000,negative
FB0000608,TK0001339,R004116,3,2026-02-24 22:27:36.000000000,neutral
FB0000609,TK0001341,R001218,4,2026-03-24 13:38:46.000000000,positive
FB0000610,TK0001342,R014194,1,2026-06-18 09:34:41.000000000,negative
FB0000611,TK0001344,R005488,5,2026-01-21 07:59:06.000000000,positive
FB0000612,TK0001345,R024443,4,2026-02-17 15:00:24.000000000,positive
FB0000613,TK0001348,R004727,4,2026-05-02 13:00:31.000000000,positive
FB0000614,TK0001349,R022603,3,2026-06-29 13:35:17.000000000,neutral
FB0000615,TK0001351,R002630,2,2026-02-07 12:32:33.000000000,negative
FB0000616,TK0001352,R006283,3,2026-05-12 13:39:11.000000000,neutral
FB0000617,TK0001353,R019864,2,2026-06-24 18:55:03.000000000,negative
FB0000618,TK0001355,R018182,3,2026-06-08 22:13:04.000000000,neutral
FB0000619,TK0001356,R023031,1,2026-01-21 06:28:15.000000000,negative
FB0000620,TK0001359,R009108,3,2026-05-06 05:15:25.000000000,neutral
FB0000621,TK0001361,R018180,4,2026-05-18 17:29:53.000000000,positive
FB0000622,TK0001362,R017316,2,2026-06-15 06:30:06.000000000,negative
FB0000623,TK0001366,R010308,3,2026-04-09 18:15:50.000000000,neutral
FB0000624,TK0001369,R007378,3,2026-02-20 18:18:37.000000000,neutral
FB0000625,TK0001370,R022364,4,2026-03-28 23:43:42.000000000,positive
FB0000626,TK0001372,R007209,3,2026-06-25 12:20:51.000000000,neutral
FB0000627,TK0001373,R014623,4,2026-06-09 09:41:24.000000000,positive
FB0000628,TK0001374,R017428,5,2026-06-10 10:22:57.000000000,positive
FB0000629,TK0001375,R022548,3,2026-04-28 01:47:20.000000000,neutral
FB0000630,TK0001378,R018057,4,2026-06-17 13:39:07.000000000,positive
FB0000631,TK0001380,R003977,4,2026-02-25 20:28:20.000000000,positive
FB0000632,TK0001381,R001450,4,2026-05-02 21:44:08.000000000,positive
FB0000633,TK0001382,R016000,3,2026-06-22 07:22:51.000000000,neutral
FB0000634,TK0001383,R008475,2,2026-01-03 02:04:55.000000000,negative
FB0000635,TK0001386,R016899,1,2026-06-14 19:24:09.000000000,negative
FB0000636,TK0001387,R004455,4,2026-03-29 08:12:33.000000000,positive
FB0000637,TK0001388,R016849,3,2026-03-29 11:25:34.000000000,neutral
FB0000638,TK0001389,R005721,4,2026-01-23 18:06:17.000000000,positive
FB0000639,TK0001390,R013528,2,2026-06-23 05:01:29.000000000,negative
FB0000640,TK0001392,R016279,3,2026-06-19 14:31:51.000000000,neutral
FB0000641,TK0001393,R024439,2,2026-01-10 06:28:04.000000000,negative
FB0000642,TK0001395,R002858,2,2026-03-05 19:14:13.000000000,negative
FB0000643,TK0001400,R008347,2,2026-05-28 19:43:10.000000000,negative
FB0000644,TK0001401,R007331,4,2026-04-23 05:03:09.000000000,positive
FB0000645,TK0001403,R005875,2,2026-01-16 18:01:54.000000000,negative
FB0000646,TK0001404,R000204,2,2026-02-07 11:24:49.000000000,negative
FB0000647,TK0001409,R021733,3,2026-05-26 12:30:29.000000000,neutral
FB0000648,TK0001411,R024819,1,2026-06-29 04:06:36.000000000,negative
FB0000649,TK0001412,R006259,5,2026-01-30 20:18:49.000000000,positive
FB0000650,TK0001413,R012326,2,2026-01-15 08:46:20.000000000,negative
FB0000651,TK0001414,R023597,3,2026-03-22 17:03:02.000000000,neutral
FB0000652,TK0001415,R011740,5,2026-06-13 10:45:09.000000000,positive
FB0000653,TK0001418,R005882,5,2026-06-26 22:16:50.000000000,positive
FB0000654,TK0001419,R011523,3,2026-01-06 10:46:50.000000000,neutral
FB0000655,TK0001421,R015426,4,2026-05-14 19:52:10.000000000,positive
FB0000656,TK0001422,R016936,4,2026-01-18 13:14:39.000000000,positive
FB0000657,TK0001424,R020419,3,2026-01-04 23:18:17.000000000,neutral
FB0000658,TK0001425,R009548,2,2026-06-15 05:48:09.000000000,negative
FB0000659,TK0001427,R006475,1,2026-01-09 20:10:54.000000000,negative
FB0000660,TK0001429,R004802,4,2026-06-26 22:49:55.000000000,positive
FB0000661,TK0001431,R020417,5,2026-05-04 09:22:52.000000000,positive
FB0000662,TK0001434,R015202,3,2026-05-07 04:55:33.000000000,neutral
FB0000663,TK0001436,R022345,2,2026-02-25 20:56:04.000000000,negative
FB0000664,TK0001438,R012710,2,2026-03-28 06:28:11.000000000,negative
FB0000665,TK0001439,R022293,2,2026-06-16 01:37:55.000000000,negative
FB0000666,TK0001440,R001304,4,2026-01-04 09:28:59.000000000,positive
FB0000667,TK0001444,R007864,3,2026-04-29 07:16:03.000000000,neutral
FB0000668,TK0001450,R012614,4,2026-02-07 18:21:12.000000000,positive
FB0000669,TK0001453,R003926,1,2026-01-08 18:33:51.000000000,negative
FB0000670,TK0001462,R014840,3,2026-05-31 19:29:26.000000000,neutral
FB0000671,TK0001464,R007277,5,2026-03-27 08:50:29.000000000,positive
FB0000672,TK0001468,R014366,3,2026-05-14 03:43:52.000000000,neutral
FB0000673,TK0001472,R006714,4,2026-05-13 10:27:33.000000000,positive
FB0000674,TK0001476,R020257,3,2026-07-01 21:13:37.000000000,neutral
FB0000675,TK0001477,R020971,1,2026-04-03 00:19:12.000000000,negative
FB0000676,TK0001478,R009803,4,2026-03-13 06:14:40.000000000,positive
FB0000677,TK0001479,R005708,2,2026-05-05 03:00:59.000000000,negative
FB0000678,TK0001480,R002078,3,2026-03-29 16:59:06.000000000,neutral
FB0000679,TK0001481,R021491,2,2026-06-18 09:15:46.000000000,negative
FB0000680,TK0001482,R023697,2,2026-01-26 11:17:42.000000000,negative
FB0000681,TK0001483,R024795,4,2026-03-14 17:01:41.000000000,positive
FB0000682,TK0001486,R023175,2,2026-01-28 06:26:19.000000000,negative
FB0000683,TK0001497,R002023,3,2026-02-22 20:11:22.000000000,neutral
FB0000684,TK0001499,R010985,2,2026-04-19 11:47:04.000000000,negative
FB0000685,TK0001502,R020965,3,2026-04-27 21:36:57.000000000,neutral
FB0000686,TK0001506,R015457,3,2026-05-20 13:34:24.000000000,neutral
FB0000687,TK0001508,R012234,3,2026-05-07 01:30:52.000000000,neutral
FB0000688,TK0001509,R023928,4,2026-06-15 12:41:48.000000000,positive
FB0000689,TK0001510,R020823,3,2026-03-26 04:22:06.000000000,neutral
FB0000690,TK0001511,R021370,2,2026-04-17 23:01:40.000000000,negative
FB0000691,TK0001515,R006786,3,2026-03-27 15:30:22.000000000,neutral
FB0000692,TK0001516,R023669,3,2026-05-27 18:00:03.000000000,neutral
FB0000693,TK0001517,R002007,2,2026-01-13 05:44:35.000000000,negative
FB0000694,TK0001521,R007547,2,2026-01-16 19:59:58.000000000,negative
FB0000695,TK0001523,R005160,3,2026-01-26 13:42:02.000000000,neutral
FB0000696,TK0001527,R013519,3,2026-06-05 22:41:49.000000000,neutral
FB0000697,TK0001528,R004312,2,2026-02-12 18:59:11.000000000,negative
FB0000698,TK0001532,R012351,3,2026-03-22 07:29:29.000000000,neutral
FB0000699,TK0001534,R022481,2,2026-02-14 05:06:42.000000000,negative
FB0000700,TK0001535,R010704,4,2026-02-27 18:38:42.000000000,positive
FB0000701,TK0001536,R005753,3,2026-01-17 14:03:31.000000000,neutral
FB0000702,TK0001537,R022163,5,2026-05-25 02:57:12.000000000,positive
FB0000703,TK0001541,R010304,1,2026-06-09 20:14:29.000000000,negative
FB0000704,TK0001542,R005958,4,2026-05-20 00:58:50.000000000,positive
FB0000705,TK0001544,R008408,5,2026-06-21 17:36:54.000000000,positive
FB0000706,TK0001545,R019607,3,2026-01-21 15:02:10.000000000,neutral
FB0000707,TK0001548,R007015,3,2026-05-06 08:21:08.000000000,neutral
FB0000708,TK0001549,R006962,3,2026-06-19 22:51:03.000000000,neutral
FB0000709,TK0001558,R016858,2,2026-01-27 02:35:15.000000000,negative
FB0000710,TK0001560,R013476,2,2026-03-20 07:27:45.000000000,negative
FB0000711,TK0001561,R006133,2,2026-02-01 11:52:10.000000000,negative
FB0000712,TK0001564,R005351,3,2026-05-08 02:45:47.000000000,neutral
FB0000713,TK0001565,R009046,1,2026-03-05 11:26:42.000000000,negative
FB0000714,TK0001566,R010766,2,2026-06-20 23:39:56.000000000,negative
FB0000715,TK0001569,R009860,3,2026-04-12 14:51:41.000000000,neutral
FB0000716,TK0001571,R010629,3,2026-02-17 10:33:05.000000000,neutral
FB0000717,TK0001572,R017316,2,2026-04-02 13:27:53.000000000,negative
FB0000718,TK0001573,R010210,4,2026-03-29 06:27:57.000000000,positive
FB0000719,TK0001575,R007396,2,2026-01-04 11:16:16.000000000,negative
FB0000720,TK0001577,R010165,2,2026-02-07 00:31:31.000000000,negative
FB0000721,TK0001581,R022608,5,2026-05-15 06:00:27.000000000,positive
FB0000722,TK0001582,R014686,4,2026-05-03 05:50:22.000000000,positive
FB0000723,TK0001586,R009495,2,2026-02-15 21:07:21.000000000,negative
FB0000724,TK0001589,R017886,3,2026-02-27 21:53:13.000000000,neutral
FB0000725,TK0001591,R000561,4,2026-01-23 01:43:58.000000000,positive
FB0000726,TK0001596,R016153,2,2026-06-15 13:04:49.000000000,negative
FB0000727,TK0001598,R012884,4,2026-01-12 22:35:41.000000000,positive
FB0000728,TK0001599,R022434,5,2026-06-07 13:42:50.000000000,positive
FB0000729,TK0001601,R021072,3,2026-04-11 04:08:19.000000000,neutral
FB0000730,TK0001602,R000890,5,2026-02-12 03:44:31.000000000,positive
FB0000731,TK0001604,R022302,4,2026-04-22 18:05:38.000000000,positive
FB0000732,TK0001607,R005989,1,2026-02-19 12:42:40.000000000,negative
FB0000733,TK0001613,R007780,4,2026-06-23 05:26:19.000000000,positive
FB0000734,TK0001614,R024631,4,2026-04-04 21:13:48.000000000,positive
FB0000735,TK0001615,R016029,5,2026-04-14 23:47:59.000000000,positive
FB0000736,TK0001622,R013894,3,2026-01-22 23:24:22.000000000,neutral
FB0000737,TK0001623,R005605,3,2026-04-28 01:09:20.000000000,neutral
FB0000738,TK0001625,R010264,4,2026-02-05 23:47:23.000000000,positive
FB0000739,TK0001626,R010923,3,2026-04-12 08:05:07.000000000,neutral
FB0000740,TK0001628,R010195,2,2026-04-21 17:21:23.000000000,negative
FB0000741,TK0001633,R006722,2,2026-01-23 15:21:02.000000000,negative
FB0000742,TK0001634,R004309,2,2026-05-10 21:58:30.000000000,negative
FB0000743,TK0001639,R006689,2,2026-03-13 06:40:14.000000000,negative
FB0000744,TK0001641,R004312,1,2026-06-06 22:25:06.000000000,negative
FB0000745,TK0001642,R006998,3,2026-04-30 16:08:25.000000000,neutral
FB0000746,TK0001645,R022205,3,2026-05-22 17:36:35.000000000,neutral
FB0000747,TK0001646,R002270,4,2026-03-08 01:11:39.000000000,positive
FB0000748,TK0001648,R021637,3,2026-05-11 23:07:17.000000000,neutral
FB0000749,TK0001650,R007692,3,2026-02-21 03:12:53.000000000,neutral
FB0000750,TK0001652,R019287,2,2026-02-28 12:12:39.000000000,negative
FB0000751,TK0001653,R018493,2,2026-01-14 16:59:33.000000000,negative
FB0000752,TK0001655,R023642,3,2026-01-08 23:21:20.000000000,neutral
FB0000753,TK0001660,R017090,3,2026-05-14 06:01:39.000000000,neutral
FB0000754,TK0001662,R022554,3,2026-06-24 16:37:42.000000000,neutral
FB0000755,TK0001666,R015125,4,2026-05-18 17:31:43.000000000,positive
FB0000756,TK0001668,R018198,2,2026-01-14 20:59:31.000000000,negative
FB0000757,TK0001669,R003278,3,2026-04-01 04:15:38.000000000,neutral
FB0000758,TK0001672,R012910,3,2026-04-27 07:17:23.000000000,neutral
FB0000759,TK0001674,R003015,3,2026-05-26 18:22:45.000000000,neutral
FB0000760,TK0001676,R013435,2,2026-03-01 12:27:55.000000000,negative
FB0000761,TK0001677,R008332,1,2026-03-05 12:43:38.000000000,negative
FB0000762,TK0001679,R005956,2,2026-06-27 16:41:00.000000000,negative
FB0000763,TK0001681,R023849,3,2026-03-23 11:42:56.000000000,neutral
FB0000764,TK0001689,R017475,3,2026-03-02 11:37:27.000000000,neutral
FB0000765,TK0001690,R002636,2,2026-04-02 13:55:31.000000000,negative
FB0000766,TK0001692,R011596,1,2026-03-13 15:12:18.000000000,negative
FB0000767,TK0001693,R001170,4,2026-02-21 04:56:39.000000000,positive
FB0000768,TK0001695,R020582,4,2026-01-30 07:50:54.000000000,positive
FB0000769,TK0001696,R023193,4,2026-04-01 07:02:49.000000000,positive
FB0000770,TK0001699,R020799,2,2026-06-04 03:14:40.000000000,negative
FB0000771,TK0001702,R017552,2,2026-06-16 00:49:52.000000000,negative
FB0000772,TK0001703,R007211,4,2026-05-21 04:28:39.000000000,positive
FB0000773,TK0001708,R022345,2,2026-02-16 11:11:54.000000000,negative
FB0000774,TK0001709,R011974,3,2026-02-06 06:39:32.000000000,neutral
FB0000775,TK0001712,R001466,2,2026-03-19 07:24:03.000000000,negative
FB0000776,TK0001716,R023213,4,2026-03-11 23:19:33.000000000,positive
FB0000777,TK0001717,R004163,2,2026-05-09 14:06:32.000000000,negative
FB0000778,TK0001720,R011432,5,2026-01-06 03:14:20.000000000,positive
FB0000779,TK0001726,R017020,3,2026-06-19 13:46:55.000000000,neutral
FB0000780,TK0001727,R011619,3,2026-02-27 23:24:37.000000000,neutral
FB0000781,TK0001729,R023750,5,2026-04-22 02:10:24.000000000,positive
FB0000782,TK0001730,R011350,5,2026-04-18 19:28:18.000000000,positive
FB0000783,TK0001731,R018134,4,2026-01-09 08:08:40.000000000,positive
FB0000784,TK0001734,R017037,4,2026-03-12 09:09:28.000000000,positive
FB0000785,TK0001736,R020360,3,2026-05-09 19:35:08.000000000,neutral
FB0000786,TK0001740,R011645,4,2026-03-06 13:07:21.000000000,positive
FB0000787,TK0001741,R020402,4,2026-03-30 01:17:21.000000000,positive
FB0000788,TK0001742,R002485,2,2026-01-14 17:18:13.000000000,negative
FB0000789,TK0001749,R018468,3,2026-04-20 18:42:44.000000000,neutral
FB0000790,TK0001751,R016924,3,2026-02-01 15:29:36.000000000,neutral
FB0000791,TK0001753,R012161,4,2026-01-20 19:46:49.000000000,positive
FB0000792,TK0001755,R016967,3,2026-06-17 06:45:27.000000000,neutral
FB0000793,TK0001762,R000979,3,2026-03-27 18:04:20.000000000,neutral
FB0000794,TK0001767,R014526,3,2026-04-07 09:46:59.000000000,neutral
FB0000795,TK0001768,R024980,4,2026-03-07 10:11:42.000000000,positive
FB0000796,TK0001769,R012557,4,2026-01-14 09:52:22.000000000,positive
FB0000797,TK0001774,R013354,2,2026-02-05 13:20:40.000000000,negative
FB0000798,TK0001775,R013327,4,2026-03-02 17:10:16.000000000,positive
FB0000799,TK0001776,R008229,5,2026-04-22 00:50:33.000000000,positive
FB0000800,TK0001777,R007566,2,2026-01-18 17:01:20.000000000,negative
FB0000801,TK0001781,R022333,5,2026-05-16 19:04:18.000000000,positive
FB0000802,TK0001782,R020257,5,2026-04-28 19:41:46.000000000,positive
FB0000803,TK0001785,R013438,2,2026-03-12 06:02:13.000000000,negative
FB0000804,TK0001786,R023519,2,2026-06-30 13:30:55.000000000,negative
FB0000805,TK0001788,R007230,2,2026-06-03 22:04:37.000000000,negative
FB0000806,TK0001789,R013750,3,2026-06-07 09:38:04.000000000,neutral
FB0000807,TK0001790,R005762,1,2026-02-21 05:28:37.000000000,negative
FB0000808,TK0001796,R009721,3,2026-02-08 05:40:11.000000000,neutral
FB0000809,TK0001797,R007945,4,2026-02-25 05:04:21.000000000,positive
FB0000810,TK0001798,R016232,2,2026-04-26 00:25:21.000000000,negative
FB0000811,TK0001801,R001778,4,2026-05-13 08:58:55.000000000,positive
FB0000812,TK0001802,R023052,4,2026-03-01 23:22:11.000000000,positive
FB0000813,TK0001803,R019561,3,2026-05-04 13:51:52.000000000,neutral
FB0000814,TK0001806,R006641,3,2026-01-06 16:31:44.000000000,neutral
FB0000815,TK0001808,R020535,4,2026-01-05 20:36:41.000000000,positive
FB0000816,TK0001812,R018943,3,2026-04-23 13:06:48.000000000,neutral
FB0000817,TK0001813,R023266,2,2026-03-28 05:19:16.000000000,negative
FB0000818,TK0001814,R010283,2,2026-02-03 07:15:04.000000000,negative
FB0000819,TK0001815,R022722,2,2026-04-28 14:43:46.000000000,negative
FB0000820,TK0001817,R001491,3,2026-04-29 09:39:46.000000000,neutral
FB0000821,TK0001821,R019561,3,2026-01-24 19:06:47.000000000,neutral
FB0000822,TK0001823,R003192,4,2026-03-22 07:18:46.000000000,positive
FB0000823,TK0001828,R003700,3,2026-06-04 09:44:36.000000000,neutral
FB0000824,TK0001832,R019770,3,2026-02-12 02:11:30.000000000,neutral
FB0000825,TK0001835,R018683,2,2026-03-13 17:20:46.000000000,negative
FB0000826,TK0001840,R011925,4,2026-04-22 05:45:20.000000000,positive
FB0000827,TK0001842,R008145,1,2026-04-26 20:02:27.000000000,negative
FB0000828,TK0001843,R008959,5,2026-01-14 02:12:29.000000000,positive
FB0000829,TK0001845,R019315,5,2026-06-12 15:50:08.000000000,positive
FB0000830,TK0001850,R010891,2,2026-06-01 03:00:52.000000000,negative
FB0000831,TK0001854,R021817,5,2026-05-02 17:18:50.000000000,positive
FB0000832,TK0001857,R001427,2,2026-05-24 08:40:07.000000000,negative
FB0000833,TK0001859,R015112,2,2026-03-19 03:06:53.000000000,negative
FB0000834,TK0001860,R024780,2,2026-05-03 09:13:04.000000000,negative
FB0000835,TK0001861,R004115,4,2026-04-19 17:13:45.000000000,positive
FB0000836,TK0001862,R004907,5,2026-01-06 04:40:14.000000000,positive
FB0000837,TK0001863,R023520,2,2026-01-02 22:53:04.000000000,negative
FB0000838,TK0001864,R019871,2,2026-03-11 23:41:34.000000000,negative
FB0000839,TK0001866,R013150,2,2026-03-21 04:25:46.000000000,negative
FB0000840,TK0001868,R015088,4,2026-06-13 02:50:42.000000000,positive
FB0000841,TK0001870,R018691,3,2026-03-20 14:01:53.000000000,neutral
FB0000842,TK0001872,R023165,3,2026-02-04 18:11:30.000000000,neutral
FB0000843,TK0001873,R007711,1,2026-05-10 17:41:40.000000000,negative
FB0000844,TK0001876,R007450,3,2026-06-21 16:48:05.000000000,neutral
FB0000845,TK0001878,R013413,2,2026-05-08 08:26:06.000000000,negative
FB0000846,TK0001879,R023764,1,2026-05-29 07:33:20.000000000,negative
FB0000847,TK0001881,R008809,3,2026-05-20 02:06:37.000000000,neutral
FB0000848,TK0001882,R000620,3,2026-05-16 08:42:31.000000000,neutral
FB0000849,TK0001886,R012496,5,2026-05-29 15:33:49.000000000,positive
FB0000850,TK0001887,R006923,5,2026-05-13 08:08:25.000000000,positive
FB0000851,TK0001890,R001843,3,2026-03-25 01:16:52.000000000,neutral
FB0000852,TK0001893,R024713,2,2026-03-10 08:24:42.000000000,negative
FB0000853,TK0001894,R010684,2,2026-06-23 23:03:40.000000000,negative
FB0000854,TK0001896,R010333,3,2026-06-30 13:18:57.000000000,neutral
FB0000855,TK0001897,R019356,5,2026-03-03 00:19:49.000000000,positive
FB0000856,TK0001899,R019939,2,2026-06-04 21:00:54.000000000,negative
FB0000857,TK0001901,R024084,2,2026-03-18 06:24:39.000000000,negative
FB0000858,TK0001903,R015826,5,2026-02-03 04:07:42.000000000,positive
FB0000859,TK0001904,R009574,4,2026-03-23 08:25:42.000000000,positive
FB0000860,TK0001905,R003883,5,2026-04-24 05:23:45.000000000,positive
FB0000861,TK0001907,R012184,4,2026-05-19 15:03:05.000000000,positive
FB0000862,TK0001912,R006184,3,2026-04-14 08:27:33.000000000,neutral
FB0000863,TK0001913,R007375,3,2026-01-23 10:28:03.000000000,neutral
FB0000864,TK0001917,R003689,5,2026-01-28 10:34:28.000000000,positive
FB0000865,TK0001918,R011988,2,2026-02-15 20:22:27.000000000,negative
FB0000866,TK0001920,R008347,1,2026-02-14 11:01:44.000000000,negative
FB0000867,TK0001922,R006289,5,2026-05-10 19:14:19.000000000,positive
FB0000868,TK0001926,R024744,5,2026-03-29 05:55:15.000000000,positive
FB0000869,TK0001927,R017580,3,2026-06-03 21:05:28.000000000,neutral
FB0000870,TK0001928,R002508,2,2026-06-27 20:22:55.000000000,negative
FB0000871,TK0001930,R013251,3,2026-01-12 04:49:58.000000000,neutral
FB0000872,TK0001931,R017950,4,2026-02-05 09:08:49.000000000,positive
FB0000873,TK0001938,R007342,2,2026-03-31 20:31:08.000000000,negative
FB0000874,TK0001943,R012387,2,2026-06-26 19:13:18.000000000,negative
FB0000875,TK0001944,R004985,3,2026-01-03 17:49:18.000000000,neutral
FB0000876,TK0001945,R019775,2,2026-05-15 22:57:31.000000000,negative
FB0000877,TK0001951,R017316,3,2026-05-06 08:45:34.000000000,neutral
FB0000878,TK0001954,R015409,4,2026-02-09 19:30:47.000000000,positive
FB0000879,TK0001956,R010997,2,2026-04-12 03:50:46.000000000,negative
FB0000880,TK0001957,R008969,3,2026-01-20 04:34:29.000000000,neutral
FB0000881,TK0001959,R010893,2,2026-06-14 19:27:11.000000000,negative
FB0000882,TK0001960,R007880,2,2026-05-07 01:42:48.000000000,negative
FB0000883,TK0001961,R016790,3,2026-01-03 05:03:52.000000000,neutral
FB0000884,TK0001963,R008957,5,2026-04-27 21:37:20.000000000,positive
FB0000885,TK0001967,R002290,4,2026-06-30 11:06:06.000000000,positive
FB0000886,TK0001968,R008809,4,2026-03-09 05:37:32.000000000,positive
FB0000887,TK0001969,R019495,4,2026-06-08 11:46:53.000000000,positive
FB0000888,TK0001971,R024603,3,2026-03-04 19:45:17.000000000,neutral
FB0000889,TK0001973,R024304,3,2026-04-05 09:16:06.000000000,neutral
FB0000890,TK0001974,R006439,2,2026-05-16 02:38:29.000000000,negative
FB0000891,TK0001975,R022030,2,2026-06-23 17:41:16.000000000,negative
FB0000892,TK0001976,R006782,2,2026-02-18 05:30:07.000000000,negative
FB0000893,TK0001978,R009752,3,2026-05-17 08:19:01.000000000,neutral
FB0000894,TK0001979,R020146,2,2026-06-25 08:01:40.000000000,negative
FB0000895,TK0001980,R003090,4,2026-04-28 08:26:01.000000000,positive
FB0000896,TK0001982,R022236,3,2026-05-08 17:31:20.000000000,neutral
FB0000897,TK0001983,R018111,3,2026-05-22 00:50:43.000000000,neutral
FB0000898,TK0001984,R000336,3,2026-01-28 14:39:40.000000000,neutral
FB0000899,TK0001985,R011806,4,2026-03-20 08:11:14.000000000,positive
FB0000900,TK0001986,R022354,4,2026-02-04 21:18:59.000000000,positive
FB0000901,TK0001988,R011420,2,2026-04-23 19:10:20.000000000,negative
FB0000902,TK0001989,R018302,3,2026-03-05 20:47:47.000000000,neutral
FB0000903,TK0001990,R014432,4,2026-03-18 15:06:40.000000000,positive
FB0000904,TK0001992,R020265,3,2026-01-10 03:02:39.000000000,neutral
FB0000905,TK0001995,R007252,4,2026-03-16 14:08:44.000000000,positive
FB0000906,TK0001998,R016287,4,2026-01-14 16:38:10.000000000,positive
FB0000907,TK0001999,R022621,3,2026-06-13 18:43:01.000000000,neutral
FB0000908,TK0002001,R010919,4,2026-02-20 19:02:21.000000000,positive
FB0000909,TK0002004,R024715,3,2026-03-16 09:12:56.000000000,neutral
FB0000910,TK0002007,R006725,2,2026-02-24 00:46:20.000000000,negative
FB0000911,TK0002008,R016142,4,2026-05-17 22:59:49.000000000,positive
FB0000912,TK0002017,R023285,2,2026-02-27 20:44:35.000000000,negative
FB0000913,TK0002018,R024610,4,2026-02-12 03:10:34.000000000,positive
FB0000914,TK0002019,R001115,3,2026-03-02 17:23:02.000000000,neutral
FB0000915,TK0002020,R002098,2,2026-01-10 14:10:26.000000000,negative
FB0000916,TK0002021,R015850,3,2026-04-08 14:08:01.000000000,neutral
FB0000917,TK0002022,R013289,2,2026-02-02 08:53:28.000000000,negative
FB0000918,TK0002024,R012519,2,2026-02-26 00:06:57.000000000,negative
FB0000919,TK0002025,R024401,2,2026-01-20 00:23:06.000000000,negative
FB0000920,TK0002026,R002841,2,2026-05-10 04:33:45.000000000,negative
FB0000921,TK0002027,R001347,2,2026-01-04 20:40:01.000000000,negative
FB0000922,TK0002031,R024616,3,2026-01-29 04:44:37.000000000,neutral
FB0000923,TK0002032,R014295,3,2026-01-03 20:13:33.000000000,neutral
FB0000924,TK0002033,R020025,5,2026-03-24 22:11:50.000000000,positive
FB0000925,TK0002034,R016435,5,2026-01-10 21:20:03.000000000,positive
FB0000926,TK0002036,R023257,5,2026-06-08 01:07:30.000000000,positive
FB0000927,TK0002037,R014027,3,2026-05-11 05:12:18.000000000,neutral
FB0000928,TK0002038,R006890,2,2026-05-09 12:21:03.000000000,negative
FB0000929,TK0002039,R009554,4,2026-04-30 00:58:06.000000000,positive
FB0000930,TK0002041,R024421,2,2026-04-12 10:54:35.000000000,negative
FB0000931,TK0002046,R020930,5,2026-05-18 11:38:06.000000000,positive
FB0000932,TK0002049,R010659,3,2026-04-23 11:11:08.000000000,neutral
FB0000933,TK0002050,R007005,3,2026-01-14 07:43:55.000000000,neutral
FB0000934,TK0002051,R002148,3,2026-03-20 16:07:58.000000000,neutral
FB0000935,TK0002057,R000036,2,2026-05-21 14:47:17.000000000,negative
FB0000936,TK0002059,R002256,3,2026-03-26 20:13:11.000000000,neutral
FB0000937,TK0002060,R010726,3,2026-01-23 17:38:01.000000000,neutral
FB0000938,TK0002062,R003365,2,2026-06-29 22:30:41.000000000,negative
FB0000939,TK0002063,R013375,3,2026-02-26 22:57:20.000000000,neutral
FB0000940,TK0002064,R010659,3,2026-05-08 18:03:12.000000000,neutral
FB0000941,TK0002067,R023922,2,2026-01-11 22:16:18.000000000,negative
FB0000942,TK0002071,R009783,5,2026-04-14 14:48:33.000000000,positive
FB0000943,TK0002074,R018466,3,2026-06-17 05:31:11.000000000,neutral
FB0000944,TK0002077,R005998,4,2026-01-21 05:09:36.000000000,positive
FB0000945,TK0002079,R007021,2,2026-05-13 11:18:53.000000000,negative
FB0000946,TK0002080,R015489,2,2026-05-24 00:07:51.000000000,negative
FB0000947,TK0002082,R008759,4,2026-04-26 17:29:44.000000000,positive
FB0000948,TK0002084,R022125,3,2026-01-26 17:56:18.000000000,neutral
FB0000949,TK0002086,R021036,4,2026-05-19 22:01:20.000000000,positive
FB0000950,TK0002088,R013871,3,2026-05-07 13:45:13.000000000,neutral
FB0000951,TK0002095,R002839,3,2026-05-08 13:50:05.000000000,neutral
FB0000952,TK0002097,R003688,4,2026-01-13 07:29:41.000000000,positive
FB0000953,TK0002099,R019880,3,2026-04-29 16:19:46.000000000,neutral
FB0000954,TK0002101,R018620,3,2026-01-25 02:50:16.000000000,neutral
FB0000955,TK0002102,R022516,3,2026-01-20 21:37:22.000000000,neutral
FB0000956,TK0002103,R017994,2,2026-07-02 02:44:13.000000000,negative
FB0000957,TK0002105,R019969,5,2026-01-06 00:59:59.000000000,positive
FB0000958,TK0002111,R004586,5,2026-05-02 00:31:04.000000000,positive
FB0000959,TK0002112,R007931,5,2026-02-28 11:51:25.000000000,positive
FB0000960,TK0002117,R001323,4,2026-06-18 20:17:17.000000000,positive
FB0000961,TK0002118,R003051,3,2026-03-20 16:55:05.000000000,neutral
FB0000962,TK0002120,R005730,4,2026-03-27 09:41:02.000000000,positive
FB0000963,TK0002121,R024172,3,2026-02-21 11:21:19.000000000,neutral
FB0000964,TK0002122,R020689,2,2026-01-26 07:24:36.000000000,negative
FB0000965,TK0002125,R004108,3,2026-01-16 07:40:04.000000000,neutral
FB0000966,TK0002127,R012669,2,2026-03-24 16:54:35.000000000,negative
FB0000967,TK0002128,R009814,4,2026-05-01 01:52:10.000000000,positive
FB0000968,TK0002137,R016865,2,2026-05-11 08:07:00.000000000,negative
FB0000969,TK0002141,R017508,3,2026-03-06 05:41:21.000000000,neutral
FB0000970,TK0002142,R014030,2,2026-03-12 06:24:57.000000000,negative
FB0000971,TK0002153,R005368,3,2026-01-02 09:08:29.000000000,neutral
FB0000972,TK0002154,R010821,2,2026-04-15 08:08:35.000000000,negative
FB0000973,TK0002155,R004598,3,2026-05-22 17:37:08.000000000,neutral
FB0000974,TK0002156,R017819,4,2026-05-20 03:48:59.000000000,positive
FB0000975,TK0002157,R009090,3,2026-03-08 02:18:33.000000000,neutral
FB0000976,TK0002159,R011351,3,2026-05-19 12:31:49.000000000,neutral
FB0000977,TK0002160,R000621,4,2026-06-08 11:50:06.000000000,positive
FB0000978,TK0002162,R003444,1,2026-03-07 15:21:38.000000000,negative
FB0000979,TK0002163,R011882,4,2026-02-06 06:22:20.000000000,positive
FB0000980,TK0002167,R007961,3,2026-02-06 17:17:56.000000000,neutral
FB0000981,TK0002170,R012400,2,2026-02-17 12:11:48.000000000,negative
FB0000982,TK0002172,R014829,3,2026-03-24 16:31:33.000000000,neutral
FB0000983,TK0002176,R016464,3,2026-03-29 12:16:57.000000000,neutral
FB0000984,TK0002179,R014904,4,2026-05-18 07:48:44.000000000,positive
FB0000985,TK0002180,R011278,4,2026-05-09 08:24:09.000000000,positive
FB0000986,TK0002183,R000400,5,2026-02-02 12:06:11.000000000,positive
FB0000987,TK0002185,R000233,2,2026-05-01 09:29:45.000000000,negative
FB0000988,TK0002186,R017992,4,2026-04-21 06:54:59.000000000,positive
FB0000989,TK0002189,R006882,4,2026-04-02 13:18:47.000000000,positive
FB0000990,TK0002191,R024058,1,2026-02-22 08:31:03.000000000,negative
FB0000991,TK0002193,R004552,3,2026-01-28 18:47:10.000000000,neutral
FB0000992,TK0002194,R020755,1,2026-01-10 09:57:36.000000000,negative
FB0000993,TK0002196,R015707,2,2026-04-13 19:31:15.000000000,negative
FB0000994,TK0002199,R008404,3,2026-02-14 12:10:19.000000000,neutral
FB0000995,TK0002202,R019707,4,2026-04-27 23:49:22.000000000,positive
FB0000996,TK0002203,R003511,3,2026-02-14 21:17:17.000000000,neutral
FB0000997,TK0002204,R010762,5,2026-06-30 05:41:39.000000000,positive
FB0000998,TK0002205,R017381,2,2026-02-28 04:37:34.000000000,negative
FB0000999,TK0002207,R021043,2,2026-06-06 23:19:10.000000000,negative
FB0001000,TK0002208,R006259,4,2026-05-03 10:39:50.000000000,positive
FB0001001,TK0002209,R018217,3,2026-01-20 04:22:56.000000000,neutral
FB0001002,TK0002216,R022037,2,2026-05-28 08:52:18.000000000,negative
FB0001003,TK0002217,R020673,2,2026-04-06 20:53:31.000000000,negative
FB0001004,TK0002218,R019793,3,2026-02-19 21:59:11.000000000,neutral
FB0001005,TK0002220,R022250,4,2026-01-08 13:18:00.000000000,positive
FB0001006,TK0002226,R024341,2,2026-04-04 18:00:44.000000000,negative
FB0001007,TK0002231,R017838,3,2026-01-03 22:22:39.000000000,neutral
FB0001008,TK0002237,R005676,3,2026-06-02 23:44:59.000000000,neutral
FB0001009,TK0002239,R010399,3,2026-04-27 22:08:13.000000000,neutral
FB0001010,TK0002242,R006178,4,2026-02-14 04:09:38.000000000,positive
FB0001011,TK0002245,R009365,4,2026-04-09 18:08:59.000000000,positive
FB0001012,TK0002246,R018500,3,2026-05-02 13:04:41.000000000,neutral
FB0001013,TK0002248,R014055,2,2026-03-15 08:17:01.000000000,negative
FB0001014,TK0002251,R019618,3,2026-01-26 10:28:05.000000000,neutral
FB0001015,TK0002253,R001398,3,2026-04-13 10:16:05.000000000,neutral
FB0001016,TK0002259,R021803,3,2026-06-21 02:00:18.000000000,neutral
FB0001017,TK0002262,R019425,5,2026-03-16 00:09:00.000000000,positive
FB0001018,TK0002266,R002632,3,2026-02-16 09:01:38.000000000,neutral
FB0001019,TK0002271,R022631,1,2026-03-23 02:44:43.000000000,negative
FB0001020,TK0002273,R003822,5,2026-01-18 18:30:11.000000000,positive
FB0001021,TK0002274,R004519,2,2026-05-11 12:53:33.000000000,negative
FB0001022,TK0002275,R003484,3,2026-01-10 04:55:22.000000000,neutral
FB0001023,TK0002276,R008032,3,2026-03-25 03:10:49.000000000,neutral
FB0001024,TK0002278,R024667,3,2026-02-13 23:50:32.000000000,neutral
FB0001025,TK0002280,R011485,4,2026-06-11 18:32:44.000000000,positive
FB0001026,TK0002281,R015115,4,2026-02-06 23:17:21.000000000,positive
FB0001027,TK0002282,R003996,2,2026-04-05 06:54:34.000000000,negative
FB0001028,TK0002283,R019343,3,2026-06-11 17:33:08.000000000,neutral
FB0001029,TK0002284,R014709,5,2026-06-26 17:22:07.000000000,positive
FB0001030,TK0002287,R004401,4,2026-05-03 21:12:14.000000000,positive
FB0001031,TK0002290,R011988,4,2026-05-21 12:50:56.000000000,positive
FB0001032,TK0002292,R019352,1,2026-04-16 10:17:51.000000000,negative
FB0001033,TK0002293,R009183,3,2026-01-18 18:08:41.000000000,neutral
FB0001034,TK0002296,R013315,3,2026-06-03 14:13:53.000000000,neutral
FB0001035,TK0002298,R017155,5,2026-02-16 14:43:10.000000000,positive
FB0001036,TK0002300,R013047,3,2026-02-07 10:00:26.000000000,neutral
FB0001037,TK0002302,R001548,4,2026-07-01 10:32:47.000000000,positive
FB0001038,TK0002304,R001428,2,2026-01-27 10:33:14.000000000,negative
FB0001039,TK0002307,R012238,2,2026-05-02 01:38:30.000000000,negative
FB0001040,TK0002312,R016275,4,2026-03-19 22:23:28.000000000,positive
FB0001041,TK0002315,R012231,2,2026-05-08 15:40:10.000000000,negative
FB0001042,TK0002319,R003374,1,2026-06-14 09:21:13.000000000,negative
FB0001043,TK0002321,R003438,5,2026-03-01 19:47:07.000000000,positive
FB0001044,TK0002324,R010539,5,2026-01-25 01:41:34.000000000,positive
FB0001045,TK0002327,R011548,3,2026-02-17 01:52:37.000000000,neutral
FB0001046,TK0002328,R014821,3,2026-05-07 02:05:53.000000000,neutral
FB0001047,TK0002329,R005514,5,2026-06-05 04:25:29.000000000,positive
FB0001048,TK0002330,R006097,1,2026-02-18 19:27:56.000000000,negative
FB0001049,TK0002331,R020018,3,2026-02-15 13:27:41.000000000,neutral
FB0001050,TK0002332,R017398,3,2026-04-24 00:59:02.000000000,neutral
FB0001051,TK0002333,R002457,4,2026-02-19 09:59:25.000000000,positive
FB0001052,TK0002334,R000321,5,2026-04-07 13:51:30.000000000,positive
FB0001053,TK0002336,R014134,4,2026-01-12 19:15:00.000000000,positive
FB0001054,TK0002337,R014418,4,2026-03-29 04:23:04.000000000,positive
FB0001055,TK0002338,R015600,3,2026-03-21 04:08:19.000000000,neutral
FB0001056,TK0002339,R018005,2,2026-04-27 17:47:59.000000000,negative
FB0001057,TK0002342,R018613,2,2026-01-29 22:36:30.000000000,negative
FB0001058,TK0002343,R012051,4,2026-05-25 16:08:52.000000000,positive
FB0001059,TK0002344,R012166,3,2026-03-02 18:26:55.000000000,neutral
FB0001060,TK0002349,R004892,3,2026-01-23 21:55:09.000000000,neutral
FB0001061,TK0002352,R014427,5,2026-03-16 06:08:31.000000000,positive
FB0001062,TK0002353,R004138,3,2026-02-04 10:30:31.000000000,neutral
FB0001063,TK0002354,R017693,3,2026-04-11 15:42:59.000000000,neutral
FB0001064,TK0002355,R005714,2,2026-02-05 17:18:49.000000000,negative
FB0001065,TK0002357,R008276,5,2026-04-13 11:17:47.000000000,positive
FB0001066,TK0002358,R010367,3,2026-06-15 11:22:42.000000000,neutral
FB0001067,TK0002359,R019958,2,2026-02-19 18:27:21.000000000,negative
FB0001068,TK0002365,R009242,3,2026-03-19 14:24:08.000000000,neutral
FB0001069,TK0002366,R019993,5,2026-02-28 02:33:39.000000000,positive
FB0001070,TK0002372,R009714,4,2026-02-10 05:56:37.000000000,positive
FB0001071,TK0002374,R002249,3,2026-02-15 17:25:21.000000000,neutral
FB0001072,TK0002376,R022958,3,2026-01-19 21:13:57.000000000,neutral
FB0001073,TK0002378,R001246,3,2026-01-07 17:49:28.000000000,neutral
FB0001074,TK0002381,R011970,2,2026-02-08 22:00:56.000000000,negative
FB0001075,TK0002382,R000819,3,2026-04-15 20:47:21.000000000,neutral
FB0001076,TK0002384,R021242,4,2026-05-14 02:28:22.000000000,positive
FB0001077,TK0002386,R018850,2,2026-05-01 22:24:27.000000000,negative
FB0001078,TK0002392,R010603,3,2026-04-21 13:04:23.000000000,neutral
FB0001079,TK0002393,R006153,4,2026-06-06 03:52:40.000000000,positive
FB0001080,TK0002396,R016153,2,2026-07-02 06:17:24.000000000,negative
FB0001081,TK0002397,R004480,2,2026-02-04 09:17:54.000000000,negative
FB0001082,TK0002399,R021772,4,2026-02-21 05:23:35.000000000,positive
FB0001083,TK0002400,R017117,3,2026-03-10 12:15:48.000000000,neutral
FB0001084,TK0002405,R024110,3,2026-03-01 00:25:28.000000000,neutral
FB0001085,TK0002407,R002962,1,2026-06-07 06:56:01.000000000,negative
FB0001086,TK0002409,R016896,4,2026-05-12 21:13:14.000000000,positive
FB0001087,TK0002411,R023326,3,2026-03-08 02:45:07.000000000,neutral
FB0001088,TK0002414,R017043,3,2026-03-29 20:44:54.000000000,neutral
FB0001089,TK0002415,R002422,4,2026-05-21 09:48:49.000000000,positive
FB0001090,TK0002416,R012379,2,2026-01-19 18:51:24.000000000,negative
FB0001091,TK0002417,R004241,2,2026-05-09 10:13:25.000000000,negative
FB0001092,TK0002419,R014435,4,2026-02-15 15:12:46.000000000,positive
FB0001093,TK0002420,R011253,3,2026-03-10 15:09:29.000000000,neutral
FB0001094,TK0002423,R010338,2,2026-04-14 15:47:53.000000000,negative
FB0001095,TK0002426,R013611,4,2026-01-29 22:44:08.000000000,positive
FB0001096,TK0002428,R020380,4,2026-04-20 10:33:07.000000000,positive
FB0001097,TK0002432,R003413,3,2026-02-08 16:05:40.000000000,neutral
FB0001098,TK0002433,R014272,3,2026-03-27 11:55:12.000000000,neutral
FB0001099,TK0002437,R022009,2,2026-05-19 18:54:12.000000000,negative
FB0001100,TK0002441,R002152,2,2026-05-09 17:39:28.000000000,negative
FB0001101,TK0002443,R022796,2,2026-05-10 23:36:19.000000000,negative
FB0001102,TK0002446,R008669,2,2026-04-07 15:18:27.000000000,negative
FB0001103,TK0002447,R022239,4,2026-01-18 04:43:28.000000000,positive
FB0001104,TK0002449,R022928,4,2026-04-27 23:00:53.000000000,positive
FB0001105,TK0002453,R007171,3,2026-03-19 21:11:05.000000000,neutral
FB0001106,TK0002454,R006376,4,2026-01-11 22:12:04.000000000,positive
FB0001107,TK0002455,R020996,2,2026-05-07 01:06:16.000000000,negative
FB0001108,TK0002456,R006968,3,2026-06-27 07:14:34.000000000,neutral
FB0001109,TK0002458,R008982,3,2026-05-23 21:02:37.000000000,neutral
FB0001110,TK0002460,R012746,3,2026-05-20 06:40:38.000000000,neutral
FB0001111,TK0002464,R013438,4,2026-02-10 20:58:50.000000000,positive
FB0001112,TK0002467,R013409,2,2026-04-11 15:21:40.000000000,negative
FB0001113,TK0002468,R001007,3,2026-01-29 23:26:00.000000000,neutral
FB0001114,TK0002470,R003394,3,2026-01-29 00:55:08.000000000,neutral
FB0001115,TK0002478,R013983,4,2026-06-09 13:55:36.000000000,positive
FB0001116,TK0002484,R024279,2,2026-02-02 05:38:25.000000000,negative
FB0001117,TK0002491,R015621,5,2026-03-09 08:24:58.000000000,positive
FB0001118,TK0002494,R022395,3,2026-06-26 18:45:45.000000000,neutral
FB0001119,TK0002495,R020136,1,2026-06-01 16:35:23.000000000,negative
FB0001120,TK0002496,R013083,4,2026-01-02 09:48:31.000000000,positive
FB0001121,TK0002498,R009572,4,2026-05-26 23:13:09.000000000,positive
FB0001122,TK0002501,R008548,3,2026-06-25 05:54:50.000000000,neutral
FB0001123,TK0002503,R016083,2,2026-01-02 21:26:37.000000000,negative
FB0001124,TK0002505,R004815,2,2026-03-04 12:09:29.000000000,negative
FB0001125,TK0002506,R014878,2,2026-06-28 01:18:58.000000000,negative
FB0001126,TK0002507,R015354,3,2026-03-27 01:14:09.000000000,neutral
FB0001127,TK0002508,R021806,3,2026-06-01 16:46:53.000000000,neutral
FB0001128,TK0002509,R001146,2,2026-05-21 13:14:21.000000000,negative
FB0001129,TK0002510,R013272,3,2026-03-23 04:40:25.000000000,neutral
FB0001130,TK0002514,R003427,1,2026-03-26 02:53:47.000000000,negative
FB0001131,TK0002515,R023805,4,2026-04-01 16:01:50.000000000,positive
FB0001132,TK0002520,R011726,3,2026-05-28 22:09:49.000000000,neutral
FB0001133,TK0002523,R008760,2,2026-01-23 15:04:05.000000000,negative
FB0001134,TK0002524,R017054,3,2026-04-29 08:22:40.000000000,neutral
FB0001135,TK0002525,R018457,5,2026-03-12 21:09:58.000000000,positive
FB0001136,TK0002527,R015488,3,2026-05-01 22:16:34.000000000,neutral
FB0001137,TK0002528,R000262,3,2026-02-10 21:20:20.000000000,neutral
FB0001138,TK0002529,R011487,5,2026-03-25 06:21:29.000000000,positive
FB0001139,TK0002531,R022791,4,2026-06-12 09:10:44.000000000,positive
FB0001140,TK0002532,R010129,3,2026-01-05 19:12:14.000000000,neutral
FB0001141,TK0002533,R018272,3,2026-04-13 16:33:28.000000000,neutral
FB0001142,TK0002534,R001754,3,2026-04-14 00:08:58.000000000,neutral
FB0001143,TK0002537,R014292,2,2026-01-15 20:00:06.000000000,negative
FB0001144,TK0002538,R015641,2,2026-05-19 02:15:00.000000000,negative
FB0001145,TK0002539,R018091,5,2026-04-03 02:58:32.000000000,positive
FB0001146,TK0002540,R021615,5,2026-03-23 16:43:19.000000000,positive
FB0001147,TK0002541,R011776,1,2026-01-03 19:16:33.000000000,negative
FB0001148,TK0002544,R012728,4,2026-05-07 23:32:05.000000000,positive
FB0001149,TK0002546,R004508,3,2026-03-23 19:16:06.000000000,neutral
FB0001150,TK0002548,R016186,2,2026-02-09 05:54:45.000000000,negative
FB0001151,TK0002551,R012030,3,2026-05-18 05:00:39.000000000,neutral
FB0001152,TK0002552,R003117,2,2026-04-18 15:44:08.000000000,negative
FB0001153,TK0002553,R010325,4,2026-04-24 04:15:19.000000000,positive
FB0001154,TK0002554,R006015,2,2026-02-28 00:45:39.000000000,negative
FB0001155,TK0002555,R020965,4,2026-02-06 11:43:44.000000000,positive
FB0001156,TK0002556,R017254,4,2026-04-05 17:18:34.000000000,positive
FB0001157,TK0002558,R021256,4,2026-04-22 00:13:15.000000000,positive
FB0001158,TK0002559,R018746,3,2026-03-13 07:06:15.000000000,neutral
FB0001159,TK0002561,R012499,4,2026-05-23 20:31:01.000000000,positive
FB0001160,TK0002563,R011843,3,2026-03-02 23:01:46.000000000,neutral
FB0001161,TK0002568,R023195,4,2026-04-30 09:27:20.000000000,positive
FB0001162,TK0002569,R008489,3,2026-05-02 23:39:12.000000000,neutral
FB0001163,TK0002572,R006806,3,2026-05-19 00:49:19.000000000,neutral
FB0001164,TK0002577,R017817,3,2026-03-01 22:28:13.000000000,neutral
FB0001165,TK0002581,R003802,3,2026-05-13 15:42:37.000000000,neutral
FB0001166,TK0002583,R005709,3,2026-06-19 14:54:39.000000000,neutral
FB0001167,TK0002586,R004504,4,2026-06-22 08:50:07.000000000,positive
FB0001168,TK0002587,R021845,3,2026-04-06 18:28:20.000000000,neutral
FB0001169,TK0002589,R008208,2,2026-01-15 18:43:04.000000000,negative
FB0001170,TK0002591,R006642,5,2026-03-06 00:29:13.000000000,positive
FB0001171,TK0002593,R016100,4,2026-03-27 14:41:10.000000000,positive
FB0001172,TK0002594,R018682,4,2026-03-06 13:01:10.000000000,positive
FB0001173,TK0002595,R023049,5,2026-03-25 01:44:12.000000000,positive
FB0001174,TK0002596,R001081,4,2026-05-07 21:51:12.000000000,positive
FB0001175,TK0002597,R008111,3,2026-05-16 12:13:21.000000000,neutral
FB0001176,TK0002602,R021633,4,2026-05-24 21:15:42.000000000,positive
FB0001177,TK0002603,R000291,2,2026-02-13 18:16:31.000000000,negative
FB0001178,TK0002606,R023502,2,2026-02-26 12:16:32.000000000,negative
FB0001179,TK0002607,R023991,2,2026-01-10 04:32:40.000000000,negative
FB0001180,TK0002609,R001212,4,2026-03-15 21:06:34.000000000,positive
FB0001181,TK0002611,R024943,3,2026-01-13 03:54:06.000000000,neutral
FB0001182,TK0002615,R019877,2,2026-03-08 03:53:10.000000000,negative
FB0001183,TK0002618,R002956,4,2026-06-02 06:02:43.000000000,positive
FB0001184,TK0002624,R024531,4,2026-01-15 03:02:08.000000000,positive
FB0001185,TK0002625,R018842,2,2026-06-08 03:10:32.000000000,negative
FB0001186,TK0002628,R009836,3,2026-01-21 20:11:06.000000000,neutral
FB0001187,TK0002629,R001579,3,2026-03-08 19:56:10.000000000,neutral
FB0001188,TK0002631,R006966,3,2026-03-18 07:41:08.000000000,neutral
FB0001189,TK0002635,R024273,2,2026-05-07 17:58:27.000000000,negative
FB0001190,TK0002638,R004906,4,2026-01-02 15:43:17.000000000,positive
FB0001191,TK0002641,R022757,2,2026-01-12 05:36:05.000000000,negative
FB0001192,TK0002644,R014033,3,2026-05-30 07:49:59.000000000,neutral
FB0001193,TK0002645,R000617,2,2026-05-08 21:29:31.000000000,negative
FB0001194,TK0002646,R002121,4,2026-04-08 17:04:25.000000000,positive
FB0001195,TK0002648,R023831,4,2026-01-30 23:16:42.000000000,positive
FB0001196,TK0002651,R017505,4,2026-01-29 13:32:18.000000000,positive
FB0001197,TK0002652,R005651,5,2026-03-07 05:32:40.000000000,positive
FB0001198,TK0002653,R017172,3,2026-04-04 14:25:11.000000000,neutral
FB0001199,TK0002657,R013840,4,2026-03-06 17:51:07.000000000,positive
FB0001200,TK0002658,R008791,2,2026-01-22 13:45:23.000000000,negative
FB0001201,TK0002659,R010509,2,2026-03-19 16:31:45.000000000,negative
FB0001202,TK0002660,R000204,4,2026-06-09 18:50:43.000000000,positive
FB0001203,TK0002661,R010555,3,2026-01-15 20:49:37.000000000,neutral
FB0001204,TK0002663,R004882,2,2026-06-28 23:05:02.000000000,negative
FB0001205,TK0002664,R014346,1,2026-03-15 11:36:48.000000000,negative
FB0001206,TK0002667,R008474,2,2026-06-18 23:06:55.000000000,negative
FB0001207,TK0002668,R022748,2,2026-05-03 08:02:49.000000000,negative
FB0001208,TK0002673,R022579,2,2026-04-14 12:00:29.000000000,negative
FB0001209,TK0002676,R018119,2,2026-01-04 11:28:45.000000000,negative
FB0001210,TK0002678,R014585,3,2026-03-24 09:27:22.000000000,neutral
FB0001211,TK0002680,R010106,4,2026-05-06 05:04:56.000000000,positive
FB0001212,TK0002683,R010086,1,2026-05-03 07:48:01.000000000,negative
FB0001213,TK0002684,R003936,2,2026-03-25 11:12:20.000000000,negative
FB0001214,TK0002688,R021626,3,2026-05-20 08:05:56.000000000,neutral
FB0001215,TK0002689,R007755,4,2026-02-04 19:45:08.000000000,positive
FB0001216,TK0002690,R018521,4,2026-06-30 02:55:22.000000000,positive
FB0001217,TK0002691,R016890,4,2026-01-29 08:35:08.000000000,positive
FB0001218,TK0002697,R013698,3,2026-06-07 03:12:19.000000000,neutral
FB0001219,TK0002699,R022039,5,2026-03-24 13:19:47.000000000,positive
FB0001220,TK0002700,R008735,3,2026-01-06 14:33:51.000000000,neutral
FB0001221,TK0002704,R012153,2,2026-01-17 14:09:07.000000000,negative
FB0001222,TK0002705,R004264,4,2026-06-26 17:30:00.000000000,positive
FB0001223,TK0002709,R016047,2,2026-04-21 03:38:31.000000000,negative
FB0001224,TK0002710,R015088,2,2026-02-11 14:06:01.000000000,negative
FB0001225,TK0002713,R016326,4,2026-04-02 13:58:12.000000000,positive
FB0001226,TK0002714,R000507,2,2026-02-09 16:46:53.000000000,negative
FB0001227,TK0002716,R001989,4,2026-01-27 17:23:36.000000000,positive
FB0001228,TK0002717,R014640,4,2026-05-25 14:33:01.000000000,positive
FB0001229,TK0002719,R002564,1,2026-06-08 13:48:45.000000000,negative
FB0001230,TK0002720,R024715,3,2026-06-14 08:50:45.000000000,neutral
FB0001231,TK0002721,R011932,4,2026-02-01 03:22:53.000000000,positive
FB0001232,TK0002723,R004452,3,2026-03-31 10:01:29.000000000,neutral
FB0001233,TK0002724,R013361,3,2026-05-12 10:57:05.000000000,neutral
FB0001234,TK0002725,R009454,3,2026-05-18 06:12:43.000000000,neutral
FB0001235,TK0002729,R001007,5,2026-03-04 12:28:57.000000000,positive
FB0001236,TK0002732,R012246,4,2026-05-20 21:27:59.000000000,positive
FB0001237,TK0002733,R014944,3,2026-05-15 16:38:43.000000000,neutral
FB0001238,TK0002735,R012715,4,2026-01-11 05:47:32.000000000,positive
FB0001239,TK0002736,R004552,3,2026-06-09 23:44:52.000000000,neutral
FB0001240,TK0002738,R010812,3,2026-05-12 12:56:01.000000000,neutral
FB0001241,TK0002740,R006416,2,2026-04-12 05:21:58.000000000,negative
FB0001242,TK0002745,R001282,4,2026-04-14 03:31:37.000000000,positive
FB0001243,TK0002746,R009477,2,2026-01-13 01:48:30.000000000,negative
FB0001244,TK0002748,R003802,3,2026-06-09 01:15:56.000000000,neutral
FB0001245,TK0002749,R019008,5,2026-01-13 23:51:55.000000000,positive
FB0001246,TK0002752,R014212,4,2026-05-21 09:18:06.000000000,positive
FB0001247,TK0002753,R021571,2,2026-01-25 12:43:10.000000000,negative
FB0001248,TK0002755,R003326,2,2026-03-04 12:27:49.000000000,negative
FB0001249,TK0002756,R010677,3,2026-01-14 17:58:21.000000000,neutral
FB0001250,TK0002758,R021059,4,2026-04-02 15:41:19.000000000,positive
FB0001251,TK0002759,R020106,5,2026-02-21 20:33:48.000000000,positive
FB0001252,TK0002769,R015762,2,2026-03-14 10:20:12.000000000,negative
FB0001253,TK0002776,R015543,3,2026-06-20 11:00:23.000000000,neutral
FB0001254,TK0002784,R012597,2,2026-06-14 02:22:26.000000000,negative
FB0001255,TK0002785,R019626,4,2026-01-22 16:02:33.000000000,positive
FB0001256,TK0002786,R007052,3,2026-03-30 00:43:03.000000000,neutral
FB0001257,TK0002790,R024163,2,2026-04-07 00:31:47.000000000,negative
FB0001258,TK0002795,R015416,3,2026-04-28 06:29:32.000000000,neutral
FB0001259,TK0002796,R020225,4,2026-04-30 02:25:07.000000000,positive
FB0001260,TK0002798,R000053,2,2026-01-12 20:08:01.000000000,negative
FB0001261,TK0002801,R005323,2,2026-02-06 13:30:58.000000000,negative
FB0001262,TK0002802,R000993,3,2026-03-20 22:19:15.000000000,neutral
FB0001263,TK0002807,R011468,3,2026-06-07 04:12:20.000000000,neutral
FB0001264,TK0002811,R007116,2,2026-04-21 15:38:26.000000000,negative
FB0001265,TK0002813,R001830,3,2026-03-05 01:30:40.000000000,neutral
FB0001266,TK0002814,R003967,3,2026-04-28 23:29:28.000000000,neutral
FB0001267,TK0002816,R013722,4,2026-04-10 20:08:27.000000000,positive
FB0001268,TK0002819,R000411,3,2026-01-21 23:59:28.000000000,neutral
FB0001269,TK0002820,R015852,2,2026-02-20 10:02:50.000000000,negative
FB0001270,TK0002821,R008687,2,2026-01-03 04:00:31.000000000,negative
FB0001271,TK0002824,R007120,2,2026-04-15 03:59:56.000000000,negative
FB0001272,TK0002825,R003072,3,2026-03-26 23:43:35.000000000,neutral
FB0001273,TK0002829,R022188,4,2026-04-28 22:25:05.000000000,positive
FB0001274,TK0002830,R022572,2,2026-04-22 23:01:07.000000000,negative
FB0001275,TK0002831,R002148,3,2026-04-07 01:28:58.000000000,neutral
FB0001276,TK0002833,R005719,4,2026-05-15 19:04:08.000000000,positive
FB0001277,TK0002835,R012717,2,2026-03-27 03:20:08.000000000,negative
FB0001278,TK0002837,R011514,3,2026-01-27 19:19:54.000000000,neutral
FB0001279,TK0002839,R021674,4,2026-07-01 03:53:09.000000000,positive
FB0001280,TK0002840,R018638,2,2026-05-04 10:51:18.000000000,negative
FB0001281,TK0002841,R022164,3,2026-03-19 17:39:23.000000000,neutral
FB0001282,TK0002844,R000454,4,2026-01-13 14:44:28.000000000,positive
FB0001283,TK0002847,R020419,3,2026-01-19 07:00:00.000000000,neutral
FB0001284,TK0002848,R007877,4,2026-05-01 20:06:14.000000000,positive
FB0001285,TK0002849,R021188,4,2026-05-07 09:30:22.000000000,positive
FB0001286,TK0002852,R004674,5,2026-06-02 17:05:01.000000000,positive
FB0001287,TK0002854,R014428,4,2026-01-08 06:19:07.000000000,positive
FB0001288,TK0002855,R001304,3,2026-01-15 02:54:37.000000000,neutral
FB0001289,TK0002856,R009857,1,2026-03-28 01:32:41.000000000,negative
FB0001290,TK0002857,R003752,4,2026-04-22 12:55:02.000000000,positive
FB0001291,TK0002858,R000941,2,2026-03-04 06:17:08.000000000,negative
FB0001292,TK0002861,R004421,2,2026-01-12 00:16:13.000000000,negative
FB0001293,TK0002865,R014870,4,2026-02-20 06:25:57.000000000,positive
FB0001294,TK0002866,R011455,4,2026-03-21 05:38:08.000000000,positive
FB0001295,TK0002870,R013984,5,2026-04-20 19:05:51.000000000,positive
FB0001296,TK0002877,R003355,2,2026-04-26 16:52:15.000000000,negative
FB0001297,TK0002880,R003343,4,2026-06-16 11:19:22.000000000,positive
FB0001298,TK0002881,R013271,3,2026-04-06 13:59:18.000000000,neutral
FB0001299,TK0002882,R016842,4,2026-04-09 08:43:41.000000000,positive
FB0001300,TK0002884,R018654,3,2026-03-06 20:55:01.000000000,neutral
FB0001301,TK0002886,R006825,2,2026-01-14 03:54:13.000000000,negative
FB0001302,TK0002888,R007383,3,2026-01-02 02:43:45.000000000,neutral
FB0001303,TK0002889,R013271,4,2026-06-04 19:40:56.000000000,positive
FB0001304,TK0002890,R017142,1,2026-02-19 07:39:39.000000000,negative
FB0001305,TK0002891,R015132,1,2026-05-09 12:43:20.000000000,negative
FB0001306,TK0002892,R024823,5,2026-03-17 01:35:05.000000000,positive
FB0001307,TK0002893,R002419,3,2026-01-21 12:45:45.000000000,neutral
FB0001308,TK0002894,R007239,4,2026-02-06 08:42:06.000000000,positive
FB0001309,TK0002898,R011317,3,2026-04-20 12:37:54.000000000,neutral
FB0001310,TK0002899,R020590,3,2026-03-03 17:59:05.000000000,neutral
FB0001311,TK0002901,R021807,3,2026-05-27 04:58:41.000000000,neutral
FB0001312,TK0002903,R006592,3,2026-04-08 17:50:21.000000000,neutral
FB0001313,TK0002904,R002198,4,2026-06-27 13:32:24.000000000,positive
FB0001314,TK0002905,R005763,5,2026-04-03 12:46:21.000000000,positive
FB0001315,TK0002906,R017921,3,2026-05-08 03:37:29.000000000,neutral
FB0001316,TK0002907,R024163,3,2026-05-27 03:12:18.000000000,neutral
FB0001317,TK0002908,R001021,4,2026-04-18 08:49:41.000000000,positive
FB0001318,TK0002910,R013314,5,2026-01-23 00:38:49.000000000,positive
FB0001319,TK0002911,R020151,2,2026-05-01 07:40:10.000000000,negative
FB0001320,TK0002913,R016891,4,2026-04-16 20:25:56.000000000,positive
FB0001321,TK0002914,R024821,2,2026-05-24 14:32:41.000000000,negative
FB0001322,TK0002923,R008206,2,2026-03-17 20:11:40.000000000,negative
FB0001323,TK0002924,R008992,3,2026-06-02 01:48:12.000000000,neutral
FB0001324,TK0002926,R009886,3,2026-02-20 07:57:40.000000000,neutral
FB0001325,TK0002928,R024736,2,2026-02-27 11:20:43.000000000,negative
FB0001326,TK0002934,R017508,2,2026-06-20 21:34:26.000000000,negative
FB0001327,TK0002941,R020228,5,2026-06-11 13:05:04.000000000,positive
FB0001328,TK0002942,R011012,2,2026-03-28 11:24:47.000000000,negative
FB0001329,TK0002943,R021196,3,2026-05-28 15:32:36.000000000,neutral
FB0001330,TK0002944,R013789,4,2026-05-07 05:10:29.000000000,positive
FB0001331,TK0002946,R006374,3,2026-04-24 03:29:01.000000000,neutral
FB0001332,TK0002947,R019257,3,2026-02-22 16:27:26.000000000,neutral
FB0001333,TK0002948,R023219,4,2026-04-07 09:28:26.000000000,positive
FB0001334,TK0002949,R004815,4,2026-01-03 20:36:07.000000000,positive
FB0001335,TK0002950,R011286,3,2026-01-03 00:02:07.000000000,neutral
FB0001336,TK0002953,R008314,3,2026-04-21 19:28:57.000000000,neutral
FB0001337,TK0002960,R024503,1,2026-04-26 18:41:19.000000000,negative
FB0001338,TK0002966,R003440,3,2026-01-04 11:56:28.000000000,neutral
FB0001339,TK0002968,R013039,3,2026-02-12 13:52:07.000000000,neutral
FB0001340,TK0002969,R019550,2,2026-02-18 12:46:25.000000000,negative
FB0001341,TK0002974,R008475,4,2026-03-22 08:30:41.000000000,positive
FB0001342,TK0002978,R003716,3,2026-04-21 05:32:58.000000000,neutral
FB0001343,TK0002979,R010566,2,2026-02-04 04:48:54.000000000,negative
FB0001344,TK0002980,R014634,3,2026-01-28 11:29:57.000000000,neutral
FB0001345,TK0002983,R007648,2,2026-04-13 03:24:04.000000000,negative
FB0001346,TK0002985,R006704,5,2026-01-24 12:17:35.000000000,positive
FB0001347,TK0002986,R017999,4,2026-04-09 10:16:02.000000000,positive
FB0001348,TK0002990,R020464,3,2026-06-22 18:01:57.000000000,neutral
FB0001349,TK0002991,R017882,5,2026-06-14 03:33:12.000000000,positive
FB0001350,TK0002992,R016850,5,2026-05-27 05:58:06.000000000,positive
FB0001351,TK0002993,R017590,4,2026-02-15 23:05:28.000000000,positive
FB0001352,TK0002995,R000598,5,2026-05-13 04:49:32.000000000,positive
FB0001353,TK0002999,R008832,3,2026-04-17 06:53:40.000000000,neutral
FB0001354,TK0003001,R004945,3,2026-04-27 12:43:09.000000000,neutral
FB0001355,TK0003002,R024046,2,2026-05-01 03:45:33.000000000,negative
FB0001356,TK0003008,R007760,3,2026-05-01 00:06:23.000000000,neutral
FB0001357,TK0003009,R001962,2,2026-02-23 21:21:56.000000000,negative
FB0001358,TK0003010,R015314,4,2026-02-23 00:57:19.000000000,positive
FB0001359,TK0003011,R015838,5,2026-02-28 01:43:28.000000000,positive
FB0001360,TK0003013,R016102,2,2026-02-06 17:32:03.000000000,negative
FB0001361,TK0003015,R020272,2,2026-06-01 16:55:53.000000000,negative
FB0001362,TK0003016,R024286,5,2026-04-13 20:05:23.000000000,positive
FB0001363,TK0003018,R004757,5,2026-04-25 12:35:26.000000000,positive
FB0001364,TK0003020,R015951,4,2026-01-28 12:44:56.000000000,positive
FB0001365,TK0003021,R022658,4,2026-01-17 06:51:58.000000000,positive
FB0001366,TK0003022,R010935,3,2026-03-21 09:11:50.000000000,neutral
FB0001367,TK0003024,R024912,3,2026-06-19 10:09:07.000000000,neutral
FB0001368,TK0003027,R023458,3,2026-03-17 10:37:34.000000000,neutral
FB0001369,TK0003028,R019099,1,2026-07-01 09:38:13.000000000,negative
FB0001370,TK0003031,R000294,4,2026-02-09 04:04:18.000000000,positive
FB0001371,TK0003032,R010262,3,2026-07-01 00:57:32.000000000,neutral
FB0001372,TK0003033,R008551,4,2026-06-24 21:49:48.000000000,positive
FB0001373,TK0003036,R017973,5,2026-03-01 06:14:53.000000000,positive
FB0001374,TK0003043,R015566,3,2026-05-14 10:31:22.000000000,neutral
FB0001375,TK0003045,R015761,2,2026-05-15 09:05:04.000000000,negative
FB0001376,TK0003050,R015070,3,2026-01-31 23:35:38.000000000,neutral
FB0001377,TK0003053,R016540,2,2026-04-16 10:56:31.000000000,negative
FB0001378,TK0003055,R019158,3,2026-04-04 05:50:13.000000000,neutral
FB0001379,TK0003056,R014607,3,2026-06-17 23:25:36.000000000,neutral
FB0001380,TK0003059,R023033,4,2026-03-11 22:44:59.000000000,positive
FB0001381,TK0003060,R023183,5,2026-04-03 04:50:05.000000000,positive
FB0001382,TK0003061,R011602,2,2026-05-28 17:30:55.000000000,negative
FB0001383,TK0003064,R021570,5,2026-04-11 04:43:55.000000000,positive
FB0001384,TK0003069,R017532,3,2026-04-26 22:49:19.000000000,neutral
FB0001385,TK0003071,R021283,4,2026-02-09 12:38:29.000000000,positive
FB0001386,TK0003072,R011478,4,2026-01-18 13:48:29.000000000,positive
FB0001387,TK0003075,R014349,3,2026-06-26 18:49:33.000000000,neutral
FB0001388,TK0003077,R003452,2,2026-03-14 20:25:21.000000000,negative
FB0001389,TK0003078,R020367,5,2026-04-10 12:13:43.000000000,positive
FB0001390,TK0003079,R018361,3,2026-03-22 13:12:44.000000000,neutral
FB0001391,TK0003080,R023238,4,2026-05-25 20:57:38.000000000,positive
FB0001392,TK0003081,R013414,2,2026-05-20 06:52:54.000000000,negative
FB0001393,TK0003085,R010898,5,2026-06-20 12:17:52.000000000,positive
FB0001394,TK0003086,R012374,2,2026-05-16 17:15:59.000000000,negative
FB0001395,TK0003087,R005026,2,2026-04-27 11:26:15.000000000,negative
FB0001396,TK0003088,R020278,3,2026-05-06 08:00:30.000000000,neutral
FB0001397,TK0003089,R008508,4,2026-06-08 05:09:08.000000000,positive
FB0001398,TK0003091,R024429,1,2026-01-07 13:13:25.000000000,negative
FB0001399,TK0003092,R007070,3,2026-04-03 18:13:39.000000000,neutral
FB0001400,TK0003096,R016831,2,2026-05-20 03:38:44.000000000,negative
FB0001401,TK0003100,R000963,3,2026-02-11 13:37:28.000000000,neutral
FB0001402,TK0003101,R017981,4,2026-03-27 12:51:18.000000000,positive
FB0001403,TK0003102,R006089,2,2026-04-16 09:19:21.000000000,negative
FB0001404,TK0003105,R005386,3,2026-01-30 10:18:17.000000000,neutral
FB0001405,TK0003106,R017106,2,2026-03-29 19:29:44.000000000,negative
FB0001406,TK0003110,R009691,3,2026-05-18 02:31:49.000000000,neutral
FB0001407,TK0003114,R023529,1,2026-01-25 14:48:25.000000000,negative
FB0001408,TK0003116,R004561,2,2026-05-03 01:19:29.000000000,negative
FB0001409,TK0003117,R006883,1,2026-05-18 05:18:13.000000000,negative
FB0001410,TK0003118,R019226,4,2026-04-17 21:26:21.000000000,positive
FB0001411,TK0003120,R024202,3,2026-03-10 23:37:46.000000000,neutral
FB0001412,TK0003121,R016005,3,2026-05-02 19:26:36.000000000,neutral
FB0001413,TK0003124,R003733,2,2026-02-04 20:35:10.000000000,negative
FB0001414,TK0003131,R013569,3,2026-06-29 02:30:56.000000000,neutral
FB0001415,TK0003135,R011281,1,2026-06-05 12:32:17.000000000,negative
FB0001416,TK0003138,R003962,2,2026-02-09 23:16:14.000000000,negative
FB0001417,TK0003140,R015859,5,2026-01-29 13:15:11.000000000,positive
FB0001418,TK0003141,R015442,2,2026-02-26 10:57:23.000000000,negative
FB0001419,TK0003142,R000678,2,2026-04-18 12:12:11.000000000,negative
FB0001420,TK0003143,R010262,1,2026-03-20 20:14:43.000000000,negative
FB0001421,TK0003147,R016991,5,2026-01-25 04:16:14.000000000,positive
FB0001422,TK0003152,R013898,3,2026-01-07 08:56:56.000000000,neutral
FB0001423,TK0003154,R010244,1,2026-03-09 18:04:53.000000000,negative
FB0001424,TK0003155,R014175,3,2026-01-24 11:56:36.000000000,neutral
FB0001425,TK0003156,R003649,4,2026-06-24 08:49:44.000000000,positive
FB0001426,TK0003158,R002067,4,2026-03-07 14:34:08.000000000,positive
FB0001427,TK0003159,R003996,3,2026-03-30 17:12:39.000000000,neutral
FB0001428,TK0003160,R000627,5,2026-03-18 15:28:36.000000000,positive
FB0001429,TK0003161,R002491,3,2026-06-15 20:47:24.000000000,neutral
FB0001430,TK0003164,R020832,3,2026-03-02 06:51:38.000000000,neutral
FB0001431,TK0003166,R008606,4,2026-02-02 12:13:54.000000000,positive
FB0001432,TK0003167,R020980,3,2026-06-23 13:43:13.000000000,neutral
FB0001433,TK0003169,R005376,5,2026-05-06 18:43:42.000000000,positive
FB0001434,TK0003170,R017825,4,2026-04-26 22:17:33.000000000,positive
FB0001435,TK0003171,R014883,1,2026-04-15 02:28:32.000000000,negative
FB0001436,TK0003174,R002108,3,2026-01-26 21:24:53.000000000,neutral
FB0001437,TK0003175,R017996,4,2026-06-11 09:47:22.000000000,positive
FB0001438,TK0003176,R017800,4,2026-04-24 04:46:26.000000000,positive
FB0001439,TK0003178,R020182,2,2026-05-25 21:44:51.000000000,negative
FB0001440,TK0003179,R014541,3,2026-04-10 09:27:02.000000000,neutral
FB0001441,TK0003180,R009847,4,2026-02-11 03:38:07.000000000,positive
FB0001442,TK0003181,R001741,2,2026-04-03 20:22:22.000000000,negative
FB0001443,TK0003183,R007215,3,2026-05-11 19:55:21.000000000,neutral
FB0001444,TK0003186,R017086,3,2026-02-26 00:58:01.000000000,neutral
FB0001445,TK0003189,R016520,5,2026-02-25 14:44:42.000000000,positive
FB0001446,TK0003190,R013013,1,2026-06-30 10:53:59.000000000,negative
FB0001447,TK0003192,R014276,2,2026-05-09 13:47:20.000000000,negative
FB0001448,TK0003196,R023107,5,2026-03-24 11:27:37.000000000,positive
FB0001449,TK0003197,R019101,2,2026-03-12 07:47:50.000000000,negative
FB0001450,TK0003198,R022353,3,2026-02-28 07:07:14.000000000,neutral
FB0001451,TK0003199,R000858,3,2026-05-20 01:14:33.000000000,neutral
FB0001452,TK0003200,R021784,3,2026-03-03 06:42:38.000000000,neutral
FB0001453,TK0003201,R013323,2,2026-03-27 18:53:42.000000000,negative
FB0001454,TK0003202,R007967,3,2026-04-03 04:28:23.000000000,neutral
FB0001455,TK0003205,R002736,3,2026-01-19 01:40:54.000000000,neutral
FB0001456,TK0003211,R019907,4,2026-06-21 12:03:11.000000000,positive
FB0001457,TK0003218,R003662,5,2026-02-08 04:35:40.000000000,positive
FB0001458,TK0003219,R009504,4,2026-04-16 12:25:49.000000000,positive
FB0001459,TK0003220,R003365,3,2026-01-31 09:05:31.000000000,neutral
FB0001460,TK0003221,R015456,2,2026-01-10 00:17:42.000000000,negative
FB0001461,TK0003222,R001704,2,2026-01-24 13:15:59.000000000,negative
FB0001462,TK0003223,R019546,5,2026-06-07 08:01:11.000000000,positive
FB0001463,TK0003224,R008114,5,2026-02-04 01:49:05.000000000,positive
FB0001464,TK0003225,R015688,4,2026-05-16 00:19:09.000000000,positive
FB0001465,TK0003226,R006133,3,2026-06-29 17:12:22.000000000,neutral
FB0001466,TK0003227,R023842,2,2026-02-26 11:10:50.000000000,negative
FB0001467,TK0003234,R023120,4,2026-01-05 01:30:37.000000000,positive
FB0001468,TK0003236,R002534,3,2026-04-03 12:53:26.000000000,neutral
FB0001469,TK0003237,R012171,3,2026-02-22 11:54:28.000000000,neutral
FB0001470,TK0003240,R006642,4,2026-01-03 03:45:49.000000000,positive
FB0001471,TK0003241,R012817,4,2026-06-12 09:17:51.000000000,positive
FB0001472,TK0003242,R007112,3,2026-01-06 16:12:04.000000000,neutral
FB0001473,TK0003244,R004692,2,2026-05-15 19:46:32.000000000,negative
FB0001474,TK0003245,R023687,5,2026-04-05 11:03:12.000000000,positive
FB0001475,TK0003246,R018750,3,2026-05-04 14:38:21.000000000,neutral
FB0001476,TK0003248,R023482,2,2026-03-05 18:21:51.000000000,negative
FB0001477,TK0003250,R001574,4,2026-02-07 03:18:50.000000000,positive
FB0001478,TK0003253,R002013,3,2026-01-17 17:54:48.000000000,neutral
FB0001479,TK0003259,R022797,3,2026-06-10 05:52:40.000000000,neutral
FB0001480,TK0003263,R023077,2,2026-02-07 20:27:23.000000000,negative
FB0001481,TK0003264,R001860,2,2026-04-08 23:04:45.000000000,negative
FB0001482,TK0003266,R007732,4,2026-06-01 08:37:10.000000000,positive
FB0001483,TK0003271,R010831,4,2026-01-24 17:34:32.000000000,positive
FB0001484,TK0003273,R020776,3,2026-02-02 19:44:56.000000000,neutral
FB0001485,TK0003277,R024729,4,2026-02-08 05:03:18.000000000,positive
FB0001486,TK0003278,R023529,3,2026-06-12 01:09:43.000000000,neutral
FB0001487,TK0003280,R022192,3,2026-04-06 18:49:40.000000000,neutral
FB0001488,TK0003283,R004824,3,2026-03-26 16:48:38.000000000,neutral
FB0001489,TK0003284,R023116,2,2026-03-10 19:08:44.000000000,negative
FB0001490,TK0003288,R023048,2,2026-03-27 15:20:47.000000000,negative
FB0001491,TK0003289,R016240,2,2026-03-16 07:48:09.000000000,negative
FB0001492,TK0003291,R008733,3,2026-04-02 14:48:58.000000000,neutral
FB0001493,TK0003293,R003662,4,2026-05-25 16:54:08.000000000,positive
FB0001494,TK0003297,R003549,1,2026-04-04 14:48:18.000000000,negative
FB0001495,TK0003302,R009087,5,2026-02-28 07:12:12.000000000,positive
FB0001496,TK0003303,R000800,3,2026-06-02 12:57:54.000000000,neutral
FB0001497,TK0003304,R004327,4,2026-05-13 01:56:20.000000000,positive
FB0001498,TK0003310,R014698,3,2026-01-12 07:48:30.000000000,neutral
FB0001499,TK0003311,R004072,3,2026-01-16 22:31:28.000000000,neutral
FB0001500,TK0003313,R004431,3,2026-01-27 14:15:10.000000000,neutral
FB0001501,TK0003315,R010001,5,2026-06-12 12:00:06.000000000,positive
FB0001502,TK0003316,R021326,1,2026-06-25 03:20:13.000000000,negative
FB0001503,TK0003317,R014873,3,2026-02-25 09:25:46.000000000,neutral
FB0001504,TK0003319,R006375,3,2026-04-19 04:46:56.000000000,neutral
FB0001505,TK0003320,R011686,4,2026-05-18 14:37:23.000000000,positive
FB0001506,TK0003321,R006729,3,2026-05-24 07:32:56.000000000,neutral
FB0001507,TK0003322,R018173,2,2026-02-27 12:49:32.000000000,negative
FB0001508,TK0003326,R008719,3,2026-01-09 00:43:44.000000000,neutral
FB0001509,TK0003327,R001012,2,2026-02-18 05:04:42.000000000,negative
FB0001510,TK0003329,R004293,5,2026-02-26 04:00:34.000000000,positive
FB0001511,TK0003330,R021194,4,2026-02-25 09:47:29.000000000,positive
FB0001512,TK0003332,R020299,3,2026-03-07 18:15:24.000000000,neutral
FB0001513,TK0003333,R024247,4,2026-05-07 14:27:51.000000000,positive
FB0001514,TK0003334,R014981,3,2026-03-27 13:40:11.000000000,neutral
FB0001515,TK0003335,R021604,4,2026-01-31 03:18:46.000000000,positive
FB0001516,TK0003336,R018172,2,2026-05-20 12:16:34.000000000,negative
FB0001517,TK0003338,R020390,1,2026-03-19 23:30:28.000000000,negative
FB0001518,TK0003340,R015318,2,2026-05-31 19:58:06.000000000,negative
FB0001519,TK0003344,R010661,4,2026-05-31 22:57:31.000000000,positive
FB0001520,TK0003345,R015695,4,2026-06-27 16:05:02.000000000,positive
FB0001521,TK0003348,R020035,5,2026-05-18 19:34:22.000000000,positive
FB0001522,TK0003351,R015895,4,2026-02-08 08:17:03.000000000,positive
FB0001523,TK0003354,R015314,4,2026-05-08 22:11:32.000000000,positive
FB0001524,TK0003357,R009785,5,2026-04-15 04:09:28.000000000,positive
FB0001525,TK0003362,R010868,5,2026-01-19 01:30:22.000000000,positive
FB0001526,TK0003363,R016351,2,2026-06-28 15:18:47.000000000,negative
FB0001527,TK0003364,R003344,3,2026-05-14 06:35:52.000000000,neutral
FB0001528,TK0003366,R002346,4,2026-05-03 23:47:43.000000000,positive
FB0001529,TK0003369,R023039,4,2026-06-19 16:56:57.000000000,positive
FB0001530,TK0003371,R003405,4,2026-06-04 12:39:47.000000000,positive
FB0001531,TK0003372,R016571,2,2026-02-24 17:13:22.000000000,negative
FB0001532,TK0003377,R003046,4,2026-05-07 00:14:00.000000000,positive
FB0001533,TK0003378,R011039,2,2026-01-28 20:49:50.000000000,negative
FB0001534,TK0003379,R009960,4,2026-06-20 18:03:29.000000000,positive
FB0001535,TK0003380,R002597,2,2026-02-06 18:51:39.000000000,negative
FB0001536,TK0003381,R004558,2,2026-05-30 09:05:23.000000000,negative
FB0001537,TK0003382,R014199,2,2026-04-16 05:54:20.000000000,negative
FB0001538,TK0003384,R020784,2,2026-02-12 10:29:58.000000000,negative
FB0001539,TK0003386,R005343,2,2026-03-09 04:58:22.000000000,negative
FB0001540,TK0003387,R003015,3,2026-05-19 14:26:21.000000000,neutral
FB0001541,TK0003391,R014351,5,2026-03-06 07:50:33.000000000,positive
FB0001542,TK0003392,R014859,4,2026-06-20 01:18:04.000000000,positive
FB0001543,TK0003396,R021780,3,2026-06-19 05:07:46.000000000,neutral
FB0001544,TK0003398,R024689,3,2026-04-30 18:12:29.000000000,neutral
FB0001545,TK0003400,R000324,2,2026-02-24 15:22:28.000000000,negative
FB0001546,TK0003401,R006133,2,2026-03-07 16:51:28.000000000,negative
FB0001547,TK0003402,R011316,3,2026-05-08 04:21:57.000000000,neutral
FB0001548,TK0003403,R023205,4,2026-06-25 11:42:55.000000000,positive
FB0001549,TK0003407,R021951,3,2026-01-21 03:37:07.000000000,neutral
FB0001550,TK0003410,R011419,3,2026-01-08 19:16:50.000000000,neutral
FB0001551,TK0003411,R020707,1,2026-01-29 11:15:38.000000000,negative
FB0001552,TK0003413,R013663,2,2026-02-26 07:19:54.000000000,negative
FB0001553,TK0003415,R013900,2,2026-02-22 02:07:24.000000000,negative
FB0001554,TK0003420,R008693,5,2026-01-26 03:42:07.000000000,positive
FB0001555,TK0003421,R005333,4,2026-02-02 16:37:26.000000000,positive
FB0001556,TK0003426,R020885,2,2026-06-02 00:56:56.000000000,negative
FB0001557,TK0003428,R012901,1,2026-04-12 19:31:03.000000000,negative
FB0001558,TK0003430,R009015,3,2026-01-12 06:38:20.000000000,neutral
FB0001559,TK0003432,R016079,4,2026-06-06 07:45:13.000000000,positive
FB0001560,TK0003433,R012103,5,2026-02-02 01:27:38.000000000,positive
FB0001561,TK0003434,R013698,2,2026-02-07 03:47:41.000000000,negative
FB0001562,TK0003435,R021325,4,2026-04-21 10:21:59.000000000,positive
FB0001563,TK0003436,R014271,3,2026-03-05 08:02:49.000000000,neutral
FB0001564,TK0003437,R013819,4,2026-06-23 03:28:16.000000000,positive
FB0001565,TK0003438,R019129,4,2026-06-09 16:45:50.000000000,positive
FB0001566,TK0003440,R020686,4,2026-03-04 09:00:09.000000000,positive
FB0001567,TK0003441,R008918,4,2026-04-02 06:38:23.000000000,positive
FB0001568,TK0003442,R009034,4,2026-03-02 14:34:14.000000000,positive
FB0001569,TK0003443,R017885,5,2026-03-05 23:55:57.000000000,positive
FB0001570,TK0003444,R024945,4,2026-01-16 20:38:50.000000000,positive
FB0001571,TK0003447,R010898,2,2026-02-15 15:03:26.000000000,negative
FB0001572,TK0003448,R017383,1,2026-05-18 19:12:02.000000000,negative
FB0001573,TK0003453,R018605,3,2026-04-05 08:01:22.000000000,neutral
FB0001574,TK0003455,R001912,4,2026-06-18 08:03:35.000000000,positive
FB0001575,TK0003457,R000970,4,2026-03-10 22:45:37.000000000,positive
FB0001576,TK0003458,R003389,3,2026-06-28 20:10:29.000000000,neutral
FB0001577,TK0003461,R011053,5,2026-04-12 12:45:06.000000000,positive
FB0001578,TK0003462,R009947,3,2026-05-31 10:45:52.000000000,neutral
FB0001579,TK0003465,R016626,4,2026-04-02 17:40:38.000000000,positive
FB0001580,TK0003471,R014990,4,2026-02-27 19:51:06.000000000,positive
FB0001581,TK0003472,R010259,5,2026-04-16 04:06:09.000000000,positive
FB0001582,TK0003473,R013551,4,2026-01-09 16:45:04.000000000,positive
FB0001583,TK0003474,R014992,5,2026-05-05 17:45:55.000000000,positive
FB0001584,TK0003476,R010897,1,2026-05-25 13:24:23.000000000,negative
FB0001585,TK0003479,R017161,3,2026-06-03 15:56:57.000000000,neutral
FB0001586,TK0003483,R022786,2,2026-04-04 12:23:13.000000000,negative
FB0001587,TK0003485,R021759,5,2026-06-29 20:19:15.000000000,positive
FB0001588,TK0003486,R002870,4,2026-01-05 23:35:54.000000000,positive
FB0001589,TK0003488,R001924,3,2026-03-29 05:13:11.000000000,neutral
FB0001590,TK0003490,R007075,3,2026-06-02 07:36:27.000000000,neutral
FB0001591,TK0003491,R022435,1,2026-01-15 08:05:02.000000000,negative
FB0001592,TK0003492,R006072,5,2026-04-30 16:31:16.000000000,positive
FB0001593,TK0003496,R013102,1,2026-02-13 22:07:18.000000000,negative
FB0001594,TK0003499,R021300,2,2026-06-17 19:40:47.000000000,negative
FB0001595,TK0003502,R022068,2,2026-05-05 18:58:52.000000000,negative
FB0001596,TK0003505,R023141,3,2026-04-29 05:48:41.000000000,neutral
FB0001597,TK0003508,R012838,5,2026-01-24 07:25:56.000000000,positive
FB0001598,TK0003513,R006028,4,2026-05-20 00:22:26.000000000,positive
FB0001599,TK0003514,R015809,2,2026-06-09 17:47:27.000000000,negative
FB0001600,TK0003517,R004980,3,2026-05-11 00:41:39.000000000,neutral
FB0001601,TK0003519,R008543,3,2026-05-15 06:21:39.000000000,neutral
FB0001602,TK0003520,R006914,5,2026-04-01 21:35:28.000000000,positive
FB0001603,TK0003522,R021448,3,2026-04-23 04:18:15.000000000,neutral
FB0001604,TK0003523,R023891,3,2026-05-06 00:55:56.000000000,neutral
FB0001605,TK0003524,R003215,3,2026-05-22 11:49:04.000000000,neutral
FB0001606,TK0003525,R021629,3,2026-05-01 02:53:25.000000000,neutral
FB0001607,TK0003526,R017972,3,2026-06-10 17:51:50.000000000,neutral
FB0001608,TK0003530,R017736,3,2026-05-25 17:17:13.000000000,neutral
FB0001609,TK0003537,R000574,4,2026-03-12 11:38:15.000000000,positive
FB0001610,TK0003538,R020834,5,2026-03-20 18:08:15.000000000,positive
FB0001611,TK0003542,R021559,3,2026-05-20 11:25:12.000000000,neutral
FB0001612,TK0003545,R003181,3,2026-02-06 14:49:27.000000000,neutral
FB0001613,TK0003549,R023874,3,2026-06-28 19:46:22.000000000,neutral
FB0001614,TK0003553,R018888,4,2026-06-11 22:13:22.000000000,positive
FB0001615,TK0003554,R019238,2,2026-03-24 19:11:05.000000000,negative
FB0001616,TK0003555,R007810,5,2026-03-09 22:45:34.000000000,positive
FB0001617,TK0003558,R017199,4,2026-04-18 03:31:49.000000000,positive
FB0001618,TK0003561,R024795,2,2026-03-07 16:40:54.000000000,negative
FB0001619,TK0003563,R020629,2,2026-06-19 14:18:28.000000000,negative
FB0001620,TK0003565,R019653,2,2026-03-25 08:20:25.000000000,negative
FB0001621,TK0003568,R014192,2,2026-02-21 19:51:33.000000000,negative
FB0001622,TK0003569,R006410,4,2026-05-17 15:57:14.000000000,positive
FB0001623,TK0003570,R001063,2,2026-03-31 02:13:15.000000000,negative
FB0001624,TK0003575,R002097,3,2026-06-09 03:24:46.000000000,neutral
FB0001625,TK0003577,R003527,2,2026-05-26 07:44:35.000000000,negative
FB0001626,TK0003578,R023361,5,2026-02-18 20:39:40.000000000,positive
FB0001627,TK0003579,R001436,4,2026-01-30 15:37:46.000000000,positive
FB0001628,TK0003580,R015901,3,2026-01-30 07:37:05.000000000,neutral
FB0001629,TK0003583,R019996,3,2026-02-18 03:33:23.000000000,neutral
FB0001630,TK0003589,R022460,5,2026-05-23 08:53:34.000000000,positive
FB0001631,TK0003591,R007351,2,2026-06-22 13:51:48.000000000,negative
FB0001632,TK0003599,R024892,3,2026-04-14 09:28:12.000000000,neutral
FB0001633,TK0003601,R018113,2,2026-02-04 23:22:49.000000000,negative
FB0001634,TK0003602,R008746,4,2026-04-16 05:19:26.000000000,positive
FB0001635,TK0003604,R007104,3,2026-01-10 19:37:08.000000000,neutral
FB0001636,TK0003606,R010068,4,2026-02-15 21:28:15.000000000,positive
FB0001637,TK0003609,R020951,2,2026-04-09 15:19:51.000000000,negative
FB0001638,TK0003611,R004233,4,2026-02-17 03:16:13.000000000,positive
FB0001639,TK0003620,R015308,2,2026-03-01 23:39:11.000000000,negative
FB0001640,TK0003621,R014841,2,2026-06-27 16:21:46.000000000,negative
FB0001641,TK0003622,R006451,1,2026-01-11 17:23:12.000000000,negative
FB0001642,TK0003625,R000554,3,2026-02-10 18:01:50.000000000,neutral
FB0001643,TK0003626,R007066,2,2026-01-18 09:34:41.000000000,negative
FB0001644,TK0003627,R013171,1,2026-06-17 07:02:34.000000000,negative
FB0001645,TK0003629,R024521,3,2026-02-15 13:34:33.000000000,neutral
FB0001646,TK0003632,R003781,4,2026-01-15 21:44:11.000000000,positive
FB0001647,TK0003633,R006521,1,2026-01-16 09:18:23.000000000,negative
FB0001648,TK0003635,R000854,4,2026-01-27 07:49:55.000000000,positive
FB0001649,TK0003637,R008058,3,2026-04-14 16:27:59.000000000,neutral
FB0001650,TK0003638,R013311,3,2026-05-28 02:01:01.000000000,neutral
FB0001651,TK0003641,R011379,5,2026-06-08 12:35:16.000000000,positive
FB0001652,TK0003644,R006403,3,2026-04-22 10:24:38.000000000,neutral
FB0001653,TK0003646,R010795,3,2026-05-01 22:24:25.000000000,neutral
FB0001654,TK0003647,R018464,4,2026-06-14 19:16:03.000000000,positive
FB0001655,TK0003648,R022085,3,2026-04-08 03:36:51.000000000,neutral
FB0001656,TK0003649,R002977,4,2026-06-19 07:45:50.000000000,positive
FB0001657,TK0003651,R022598,4,2026-04-04 04:02:55.000000000,positive
FB0001658,TK0003655,R001107,4,2026-01-04 03:52:41.000000000,positive
FB0001659,TK0003657,R022530,3,2026-01-21 08:25:25.000000000,neutral
FB0001660,TK0003661,R004721,1,2026-06-01 10:57:51.000000000,negative
FB0001661,TK0003665,R019003,3,2026-01-02 17:48:52.000000000,neutral
FB0001662,TK0003666,R024272,2,2026-01-14 15:19:32.000000000,negative
FB0001663,TK0003667,R002665,5,2026-04-04 07:13:07.000000000,positive
FB0001664,TK0003668,R001147,4,2026-04-21 08:20:25.000000000,positive
FB0001665,TK0003674,R011016,1,2026-06-09 00:54:17.000000000,negative
FB0001666,TK0003676,R011074,4,2026-01-03 16:09:43.000000000,positive
FB0001667,TK0003678,R020895,2,2026-06-12 05:02:11.000000000,negative
FB0001668,TK0003679,R007572,3,2026-04-12 07:28:27.000000000,neutral
FB0001669,TK0003680,R002034,3,2026-04-20 03:22:17.000000000,neutral
FB0001670,TK0003682,R009687,5,2026-01-13 09:51:46.000000000,positive
FB0001671,TK0003683,R024940,3,2026-05-13 21:15:10.000000000,neutral
FB0001672,TK0003686,R011664,5,2026-04-30 18:31:04.000000000,positive
FB0001673,TK0003687,R016398,4,2026-02-07 05:34:15.000000000,positive
FB0001674,TK0003693,R013272,3,2026-04-30 04:50:43.000000000,neutral
FB0001675,TK0003694,R008397,3,2026-01-14 12:30:15.000000000,neutral
FB0001676,TK0003699,R012751,2,2026-06-06 06:58:34.000000000,negative
FB0001677,TK0003700,R004911,1,2026-01-20 04:26:57.000000000,negative
FB0001678,TK0003701,R002638,5,2026-04-12 07:28:40.000000000,positive
FB0001679,TK0003702,R016139,3,2026-06-23 10:10:52.000000000,neutral
FB0001680,TK0003703,R000362,2,2026-06-03 22:57:28.000000000,negative
FB0001681,TK0003704,R003435,4,2026-06-10 19:57:11.000000000,positive
FB0001682,TK0003707,R011185,3,2026-06-30 21:27:05.000000000,neutral
FB0001683,TK0003708,R007371,3,2026-02-22 10:59:39.000000000,neutral
FB0001684,TK0003709,R012866,3,2026-04-14 05:03:16.000000000,neutral
FB0001685,TK0003710,R005133,4,2026-05-07 21:49:08.000000000,positive
FB0001686,TK0003715,R021531,4,2026-02-12 21:33:46.000000000,positive
FB0001687,TK0003720,R010568,2,2026-05-23 23:11:19.000000000,negative
FB0001688,TK0003722,R002618,3,2026-05-10 11:17:13.000000000,neutral
FB0001689,TK0003723,R020779,2,2026-03-01 18:52:54.000000000,negative
FB0001690,TK0003724,R003869,3,2026-02-14 09:32:24.000000000,neutral
FB0001691,TK0003726,R022288,3,2026-02-05 03:41:42.000000000,neutral
FB0001692,TK0003727,R002206,3,2026-01-26 13:45:59.000000000,neutral
FB0001693,TK0003732,R009635,1,2026-03-06 05:25:16.000000000,negative
FB0001694,TK0003734,R001810,5,2026-04-20 22:54:53.000000000,positive
FB0001695,TK0003736,R017284,3,2026-01-28 14:56:32.000000000,neutral
FB0001696,TK0003737,R020427,4,2026-04-11 10:45:58.000000000,positive
FB0001697,TK0003739,R009763,3,2026-04-28 08:26:54.000000000,neutral
FB0001698,TK0003741,R017129,4,2026-05-02 14:34:53.000000000,positive
FB0001699,TK0003743,R002871,5,2026-06-21 13:59:10.000000000,positive
FB0001700,TK0003744,R009599,6,2026-06-05 03:02:59.000000000,negative
FB0001701,TK0003745,R007464,3,2026-01-15 06:39:37.000000000,neutral
FB0001702,TK0003751,R017386,4,2026-05-19 00:45:46.000000000,positive
FB0001703,TK0003753,R013602,3,2026-05-05 02:52:39.000000000,neutral
FB0001704,TK0003757,R003664,1,2026-02-22 09:07:00.000000000,negative
FB0001705,TK0003759,R001992,4,2026-04-16 02:57:48.000000000,positive
FB0001706,TK0003765,R012407,4,2026-01-29 01:18:40.000000000,positive
FB0001707,TK0003774,R021437,3,2026-03-05 00:26:55.000000000,neutral
FB0001708,TK0003775,R023232,5,2026-01-18 18:58:45.000000000,positive
FB0001709,TK0003776,R020061,4,2026-03-20 15:57:34.000000000,positive
FB0001710,TK0003777,R024819,5,2026-01-25 11:38:29.000000000,positive
FB0001711,TK0003780,R003383,3,2026-03-04 12:12:55.000000000,neutral
FB0001712,TK0003781,R003239,1,2026-04-19 16:59:36.000000000,negative
FB0001713,TK0003786,R024961,3,2026-01-18 22:04:45.000000000,neutral
FB0001714,TK0003787,R020842,3,2026-05-27 22:25:54.000000000,neutral
FB0001715,TK0003790,R020050,4,2026-01-24 05:32:32.000000000,positive
FB0001716,TK0003791,R006924,5,2026-06-17 13:24:56.000000000,positive
FB0001717,TK0003793,R007901,4,2026-05-21 01:32:32.000000000,positive
FB0001718,TK0003794,R023776,2,2026-01-04 14:51:46.000000000,negative
FB0001719,TK0003797,R008759,3,2026-05-14 19:10:22.000000000,neutral
FB0001720,TK0003799,R023643,4,2026-02-19 05:32:36.000000000,positive
FB0001721,TK0003800,R000659,2,2026-04-26 17:10:18.000000000,negative
FB0001722,TK0003802,R002259,3,2026-04-08 05:36:03.000000000,neutral
FB0001723,TK0003803,R020610,3,2026-01-09 12:05:44.000000000,neutral
FB0001724,TK0003805,R012423,5,2026-04-03 15:47:01.000000000,positive
FB0001725,TK0003806,R007410,3,2026-05-01 20:34:42.000000000,neutral
FB0001726,TK0003812,R005752,4,2026-06-05 10:08:56.000000000,positive
FB0001727,TK0003818,R010588,3,2026-02-04 22:37:10.000000000,neutral
FB0001728,TK0003824,R018102,3,2026-06-11 11:08:32.000000000,neutral
FB0001729,TK0003825,R022552,3,2026-01-04 20:56:26.000000000,neutral
FB0001730,TK0003828,R012565,2,2026-06-08 14:33:16.000000000,negative
FB0001731,TK0003829,R014536,1,2026-01-30 10:27:17.000000000,negative
FB0001732,TK0003831,R000980,2,2026-04-03 20:52:46.000000000,negative
FB0001733,TK0003832,R024923,2,2026-04-15 04:58:28.000000000,negative
FB0001734,TK0003835,R009304,5,2026-04-30 09:53:44.000000000,positive
FB0001735,TK0003837,R011746,4,2026-05-07 15:21:47.000000000,positive
FB0001736,TK0003838,R018615,5,2026-02-16 18:03:53.000000000,positive
FB0001737,TK0003840,R023538,3,2026-01-05 13:14:55.000000000,neutral
FB0001738,TK0003841,R018023,2,2026-06-28 16:10:17.000000000,negative
FB0001739,TK0003842,R022214,3,2026-02-07 09:48:30.000000000,neutral
FB0001740,TK0003844,R002054,4,2026-05-14 09:29:55.000000000,positive
FB0001741,TK0003846,R011824,4,2026-05-05 21:02:17.000000000,positive
FB0001742,TK0003847,R014821,4,2026-03-29 08:53:46.000000000,positive
FB0001743,TK0003852,R002600,4,2026-05-08 16:13:50.000000000,positive
FB0001744,TK0003854,R024563,4,2026-02-13 21:27:38.000000000,positive
FB0001745,TK0003855,R011803,3,2026-04-23 04:46:31.000000000,neutral
FB0001746,TK0003859,R016542,3,2026-05-27 14:11:48.000000000,neutral
FB0001747,TK0003868,R021034,2,2026-05-18 12:18:43.000000000,negative
FB0001748,TK0003869,R022891,3,2026-03-19 12:51:11.000000000,neutral
FB0001749,TK0003874,R018813,4,2026-05-16 03:59:15.000000000,positive
FB0001750,TK0003878,R009303,5,2026-02-13 00:18:29.000000000,positive
FB0001751,TK0003879,R004642,5,2026-01-17 07:02:37.000000000,positive
FB0001752,TK0003880,R015664,4,2026-04-09 03:02:09.000000000,positive
FB0001753,TK0003881,R003433,5,2026-06-07 07:39:18.000000000,positive
FB0001754,TK0003884,R012347,2,2026-05-07 03:05:09.000000000,negative
FB0001755,TK0003886,R014871,3,2026-01-27 20:40:23.000000000,neutral
FB0001756,TK0003888,R024082,3,2026-06-19 04:58:55.000000000,neutral
FB0001757,TK0003897,R019026,4,2026-03-02 07:42:44.000000000,positive
FB0001758,TK0003900,R015392,3,2026-01-03 23:40:09.000000000,neutral
FB0001759,TK0003905,R005981,3,2026-04-08 21:43:17.000000000,neutral
FB0001760,TK0003907,R023682,3,2026-06-30 10:24:57.000000000,neutral
FB0001761,TK0003910,R004459,1,2026-05-06 05:34:47.000000000,negative
FB0001762,TK0003913,R002948,3,2026-01-29 11:17:00.000000000,neutral
FB0001763,TK0003917,R020834,2,2026-03-07 01:36:59.000000000,negative
FB0001764,TK0003919,R018876,3,2026-02-23 12:56:14.000000000,neutral
FB0001765,TK0003920,R013870,2,2026-05-05 16:24:21.000000000,negative
FB0001766,TK0003923,R023660,4,2026-02-27 09:14:55.000000000,positive
FB0001767,TK0003924,R021052,4,2026-01-29 04:33:05.000000000,positive
FB0001768,TK0003925,R018010,3,2026-03-30 23:36:00.000000000,neutral
FB0001769,TK0003926,R003169,2,2026-01-02 22:45:02.000000000,negative
FB0001770,TK0003927,R004567,5,2026-05-15 14:21:41.000000000,positive
FB0001771,TK0003932,R008233,3,2026-05-15 10:56:28.000000000,neutral
FB0001772,TK0003933,R005720,4,2026-06-27 02:55:33.000000000,positive
FB0001773,TK0003935,R014106,3,2026-06-21 08:57:41.000000000,neutral
FB0001774,TK0003936,R022183,3,2026-05-17 02:59:31.000000000,neutral
FB0001775,TK0003937,R017008,3,2026-05-05 07:03:48.000000000,neutral
FB0001776,TK0003944,R017950,4,2026-01-21 06:09:59.000000000,positive
FB0001777,TK0003946,R005914,3,2026-03-17 12:38:30.000000000,neutral
FB0001778,TK0003947,R023906,2,2026-04-02 21:02:58.000000000,negative
FB0001779,TK0003951,R008597,5,2026-01-09 04:22:44.000000000,positive
FB0001780,TK0003952,R019437,5,2026-05-11 10:22:28.000000000,positive
FB0001781,TK0003953,R020247,2,2026-05-09 06:54:36.000000000,negative
FB0001782,TK0003956,R021616,3,2026-05-16 08:53:59.000000000,neutral
FB0001783,TK0003957,R017850,2,2026-06-18 18:35:08.000000000,negative
FB0001784,TK0003960,R011096,2,2026-01-29 18:59:53.000000000,negative
FB0001785,TK0003963,R018842,3,2026-06-11 20:42:35.000000000,neutral
FB0001786,TK0003965,R001929,3,2026-04-27 06:37:26.000000000,neutral
FB0001787,TK0003966,R012466,4,2026-04-05 21:19:53.000000000,positive
FB0001788,TK0003967,R017117,4,2026-03-13 23:43:02.000000000,positive
FB0001789,TK0003969,R014806,4,2026-02-10 12:41:26.000000000,positive
FB0001790,TK0003970,R019448,3,2026-02-20 01:06:50.000000000,neutral
FB0001791,TK0003976,R015616,2,2026-01-09 15:11:48.000000000,negative
FB0001792,TK0003978,R021535,4,2026-01-21 00:04:10.000000000,positive
FB0001793,TK0003985,R010118,2,2026-04-08 14:57:15.000000000,negative
FB0001794,TK0003987,R003256,2,2026-02-03 04:51:35.000000000,negative
FB0001795,TK0003989,R010957,4,2026-05-20 20:59:38.000000000,positive
FB0001796,TK0003990,R000264,2,2026-02-26 18:50:57.000000000,negative
FB0001797,TK0003991,R008176,1,2026-04-05 17:52:50.000000000,negative
FB0001798,TK0003992,R003394,3,2026-04-11 23:13:52.000000000,neutral
FB0001799,TK0003995,R014863,5,2026-01-07 04:20:45.000000000,positive
FB0001800,TK0003996,R022446,1,2026-05-13 02:34:48.000000000,negative
FB0001801,TK0003998,R016601,3,2026-01-17 09:59:04.000000000,neutral
FB0001802,TK0003999,R014345,2,2026-02-14 05:35:39.000000000,negative
FB0001803,TK0004001,R016982,3,2026-05-01 09:12:07.000000000,neutral
FB0001804,TK0004004,R006275,2,2026-06-14 10:39:26.000000000,negative
FB0001805,TK0004006,R021392,2,2026-06-07 23:39:56.000000000,negative
FB0001806,TK0004007,R002129,1,2026-03-27 00:22:47.000000000,negative
FB0001807,TK0004008,R015818,2,2026-03-25 18:54:37.000000000,negative
FB0001808,TK0004010,R005241,3,2026-05-25 17:07:52.000000000,neutral
FB0001809,TK0004013,R023013,2,2026-02-09 19:44:18.000000000,negative
FB0001810,TK0004014,R004762,3,2026-04-12 09:08:15.000000000,neutral
FB0001811,TK0004016,R001315,3,2026-05-20 14:58:47.000000000,neutral
FB0001812,TK0004017,R012832,4,2026-03-18 23:56:02.000000000,positive
FB0001813,TK0004018,R009404,3,2026-04-23 23:49:55.000000000,neutral
FB0001814,TK0004019,R010466,3,2026-03-28 03:52:16.000000000,neutral
FB0001815,TK0004020,R019722,2,2026-05-16 06:40:03.000000000,negative
FB0001816,TK0004022,R002839,3,2026-06-11 18:31:27.000000000,neutral
FB0001817,TK0004023,R011553,2,2026-05-26 12:23:40.000000000,negative
FB0001818,TK0004027,R002205,2,2026-02-22 10:29:52.000000000,negative
FB0001819,TK0004031,R021952,3,2026-03-14 06:58:23.000000000,neutral
FB0001820,TK0004036,R007162,5,2026-01-31 07:46:07.000000000,positive
FB0001821,TK0004039,R002855,4,2026-05-11 20:43:26.000000000,positive
FB0001822,TK0004042,R023388,3,2026-06-26 08:38:27.000000000,neutral
FB0001823,TK0004048,R006994,1,2026-06-05 12:16:48.000000000,negative
FB0001824,TK0004050,R014352,2,2026-05-17 17:27:33.000000000,negative
FB0001825,TK0004059,R009213,4,2026-01-30 01:57:18.000000000,positive
FB0001826,TK0004061,R003376,4,2026-06-01 18:54:19.000000000,positive
FB0001827,TK0004062,R002067,5,2026-01-26 09:43:05.000000000,positive
FB0001828,TK0004064,R018994,3,2026-01-29 15:49:02.000000000,neutral
FB0001829,TK0004068,R008242,4,2026-05-12 21:16:17.000000000,positive
FB0001830,TK0004069,R023080,4,2026-04-29 09:34:15.000000000,positive
FB0001831,TK0004070,R023447,2,2026-03-30 12:15:59.000000000,negative
FB0001832,TK0004073,R023112,3,2026-02-03 11:23:19.000000000,neutral
FB0001833,TK0004076,R018052,5,2026-01-07 17:01:01.000000000,positive
FB0001834,TK0004079,R000637,3,2026-06-27 03:51:50.000000000,neutral
FB0001835,TK0004080,R008338,3,2026-04-23 04:24:34.000000000,neutral
FB0001836,TK0004081,R022706,3,2026-02-02 21:17:06.000000000,neutral
FB0001837,TK0004083,R007785,3,2026-05-01 14:25:21.000000000,neutral
FB0001838,TK0004085,R006673,4,2026-01-23 19:01:28.000000000,positive
FB0001839,TK0004088,R022250,3,2026-03-06 16:17:40.000000000,neutral
FB0001840,TK0004091,R002248,3,2026-04-02 14:59:22.000000000,neutral
FB0001841,TK0004094,R018628,3,2026-01-21 21:51:18.000000000,neutral
FB0001842,TK0004095,R019923,3,2026-03-18 05:47:25.000000000,neutral
FB0001843,TK0004100,R023215,3,2026-01-09 22:10:56.000000000,neutral
FB0001844,TK0004103,R024091,4,2026-03-18 20:55:56.000000000,positive
FB0001845,TK0004104,R024194,3,2026-04-25 07:08:16.000000000,neutral
FB0001846,TK0004105,R008699,3,2026-04-25 11:27:34.000000000,neutral
FB0001847,TK0004115,R020418,3,2026-05-16 09:50:32.000000000,neutral
FB0001848,TK0004117,R024690,4,2026-05-29 03:11:06.000000000,positive
FB0001849,TK0004118,R013458,2,2026-04-29 23:42:17.000000000,negative
FB0001850,TK0004121,R019099,3,2026-06-22 08:54:13.000000000,neutral
FB0001851,TK0004123,R013181,4,2026-01-08 16:26:01.000000000,positive
FB0001852,TK0004125,R011271,4,2026-02-21 03:49:27.000000000,positive
FB0001853,TK0004128,R015861,3,2026-06-23 06:02:23.000000000,neutral
FB0001854,TK0004129,R021175,3,2026-04-09 10:39:50.000000000,neutral
FB0001855,TK0004131,R004278,3,2026-06-10 09:15:25.000000000,neutral
FB0001856,TK0004134,R015530,2,2026-06-05 03:41:00.000000000,negative
FB0001857,TK0004135,R003315,3,2026-03-13 21:02:27.000000000,neutral
FB0001858,TK0004136,R005958,2,2026-01-23 18:35:00.000000000,negative
FB0001859,TK0004137,R003318,4,2026-02-21 03:23:31.000000000,positive
FB0001860,TK0004138,R022949,3,2026-01-04 19:41:53.000000000,neutral
FB0001861,TK0004142,R022984,1,2026-01-22 09:55:13.000000000,negative
FB0001862,TK0004143,R003729,2,2026-03-26 00:41:52.000000000,negative
FB0001863,TK0004145,R005007,4,2026-04-16 06:21:32.000000000,positive
FB0001864,TK0004146,R005998,3,2026-04-30 09:05:16.000000000,neutral
FB0001865,TK0004147,R023762,4,2026-05-28 10:10:11.000000000,positive
FB0001866,TK0004148,R015960,5,2026-01-05 01:00:03.000000000,positive
FB0001867,TK0004151,R020883,2,2026-01-23 16:07:17.000000000,negative
FB0001868,TK0004152,R001714,5,2026-01-12 05:39:42.000000000,positive
FB0001869,TK0004153,R018789,1,2026-01-30 11:48:06.000000000,negative
FB0001870,TK0004154,R018343,2,2026-02-03 21:44:50.000000000,negative
FB0001871,TK0004157,R007157,4,2026-05-04 01:27:07.000000000,positive
FB0001872,TK0004159,R008211,2,2026-05-09 22:09:33.000000000,negative
FB0001873,TK0004161,R008510,4,2026-06-24 17:45:13.000000000,positive
FB0001874,TK0004163,R011904,5,2026-01-11 04:27:38.000000000,positive
FB0001875,TK0004166,R000236,3,2026-02-15 03:25:21.000000000,neutral
FB0001876,TK0004167,R019857,4,2026-01-24 23:39:38.000000000,positive
FB0001877,TK0004173,R018682,4,2026-04-28 17:35:35.000000000,positive
FB0001878,TK0004174,R012107,3,2026-04-26 01:52:48.000000000,neutral
FB0001879,TK0004175,R012325,3,2026-06-05 18:29:05.000000000,neutral
FB0001880,TK0004176,R008445,4,2026-04-06 06:14:24.000000000,positive
FB0001881,TK0004178,R013794,2,2026-02-04 17:58:37.000000000,negative
FB0001882,TK0004179,R005915,5,2026-05-03 13:29:23.000000000,positive
FB0001883,TK0004180,R019124,3,2026-06-24 09:47:16.000000000,neutral
FB0001884,TK0004185,R019633,2,2026-06-13 18:00:59.000000000,negative
FB0001885,TK0004186,R022697,4,2026-02-27 15:11:04.000000000,positive
FB0001886,TK0004188,R006092,2,2026-04-03 18:31:09.000000000,negative
FB0001887,TK0004189,R021969,4,2026-03-01 14:58:46.000000000,positive
FB0001888,TK0004193,R003130,3,2026-06-08 02:31:36.000000000,neutral
FB0001889,TK0004195,R019392,4,2026-02-28 11:39:18.000000000,positive
FB0001890,TK0004199,R000048,3,2026-03-17 01:10:17.000000000,neutral
FB0001891,TK0004200,R020756,4,2026-06-20 00:34:14.000000000,positive
FB0001892,TK0004201,R020372,4,2026-01-08 17:40:22.000000000,positive
FB0001893,TK0004204,R005892,2,2026-06-24 16:19:01.000000000,negative
FB0001894,TK0004205,R012155,3,2026-01-03 14:05:54.000000000,neutral
FB0001895,TK0004206,R007339,1,2026-02-24 03:59:04.000000000,negative
FB0001896,TK0004207,R011974,4,2026-01-24 16:27:20.000000000,positive
FB0001897,TK0004208,R011351,3,2026-03-28 11:10:28.000000000,neutral
FB0001898,TK0004211,R011965,3,2026-01-11 23:07:15.000000000,neutral
FB0001899,TK0004212,R019596,3,2026-01-17 22:06:50.000000000,neutral
FB0001900,TK0004213,R009112,3,2026-06-03 16:24:59.000000000,neutral
FB0001901,TK0004222,R024333,3,2026-01-02 06:56:54.000000000,neutral
FB0001902,TK0004225,R008576,2,2026-06-15 02:33:57.000000000,negative
FB0001903,TK0004228,R000566,2,2026-03-26 15:24:11.000000000,negative
FB0001904,TK0004231,R011619,5,2026-05-09 02:41:02.000000000,positive
FB0001905,TK0004233,R008269,4,2026-06-03 12:01:07.000000000,positive
FB0001906,TK0004235,R011797,3,2026-03-11 12:06:20.000000000,neutral
FB0001907,TK0004237,R012301,1,2026-01-09 04:15:37.000000000,negative
FB0001908,TK0004238,R022834,3,2026-02-01 12:28:40.000000000,neutral
FB0001909,TK0004242,R000705,2,2026-05-06 21:13:06.000000000,negative
FB0001910,TK0004243,R000223,2,2026-03-07 09:38:34.000000000,negative
FB0001911,TK0004244,R018815,4,2026-03-03 03:16:59.000000000,positive
FB0001912,TK0004250,R016109,2,2026-03-08 13:39:53.000000000,negative
FB0001913,TK0004252,R008541,2,2026-01-28 17:09:53.000000000,negative
FB0001914,TK0004253,R020525,1,2026-05-03 16:40:12.000000000,negative
FB0001915,TK0004257,R021243,4,2026-04-03 00:37:19.000000000,positive
FB0001916,TK0004259,R013735,2,2026-01-24 08:06:19.000000000,negative
FB0001917,TK0004260,R024889,2,2026-03-25 20:12:50.000000000,negative
FB0001918,TK0004261,R013233,2,2026-03-25 20:24:43.000000000,negative
FB0001919,TK0004266,R022594,3,2026-02-27 03:33:15.000000000,neutral
FB0001920,TK0004267,R019333,3,2026-02-22 00:09:20.000000000,neutral
FB0001921,TK0004268,R002338,4,2026-03-15 11:11:47.000000000,positive
FB0001922,TK0004269,R002813,3,2026-02-20 18:00:09.000000000,neutral
FB0001923,TK0004270,R023669,4,2026-04-03 13:29:51.000000000,positive
FB0001924,TK0004271,R009621,2,2026-03-28 09:04:23.000000000,negative
FB0001925,TK0004274,R013883,2,2026-02-20 01:52:30.000000000,negative
FB0001926,TK0004276,R007352,4,2026-03-07 09:47:29.000000000,positive
FB0001927,TK0004278,R023096,2,2026-06-03 01:13:27.000000000,negative
FB0001928,TK0004282,R014663,3,2026-05-14 01:22:05.000000000,neutral
FB0001929,TK0004284,R014751,4,2026-02-25 17:22:40.000000000,positive
FB0001930,TK0004285,R018092,4,2026-05-20 15:35:49.000000000,positive
FB0001931,TK0004287,R024669,2,2026-05-16 15:37:39.000000000,negative
FB0001932,TK0004288,R018175,4,2026-05-27 01:58:04.000000000,positive
FB0001933,TK0004289,R000646,3,2026-06-21 22:09:14.000000000,neutral
FB0001934,TK0004290,R011515,4,2026-01-25 14:36:39.000000000,positive
FB0001935,TK0004291,R012380,3,2026-02-20 10:17:36.000000000,neutral
FB0001936,TK0004292,R006632,2,2026-01-12 07:57:42.000000000,negative
FB0001937,TK0004294,R018977,3,2026-02-08 13:29:36.000000000,neutral
FB0001938,TK0004295,R014898,3,2026-03-10 13:31:58.000000000,neutral
FB0001939,TK0004296,R015156,4,2026-01-05 12:00:29.000000000,positive
FB0001940,TK0004297,R024012,3,2026-02-23 17:56:00.000000000,neutral
FB0001941,TK0004299,R006446,3,2026-06-17 07:05:37.000000000,neutral
FB0001942,TK0004301,R007104,5,2026-02-14 21:04:01.000000000,positive
FB0001943,TK0004302,R022674,5,2026-06-29 22:09:44.000000000,positive
FB0001944,TK0004304,R007413,2,2026-03-28 06:52:55.000000000,negative
FB0001945,TK0004306,R006184,2,2026-06-29 10:48:49.000000000,negative
FB0001946,TK0004307,R013489,4,2026-05-17 05:24:09.000000000,positive
FB0001947,TK0004308,R023515,1,2026-02-02 05:04:29.000000000,negative
FB0001948,TK0004311,R007599,1,2026-05-05 03:10:47.000000000,negative
FB0001949,TK0004312,R012251,4,2026-06-14 04:16:17.000000000,positive
FB0001950,TK0004313,R014088,3,2026-05-29 06:50:03.000000000,neutral
FB0001951,TK0004314,R016226,3,2026-03-07 03:36:56.000000000,neutral
FB0001952,TK0004315,R021772,2,2026-05-05 16:13:16.000000000,negative
FB0001953,TK0004316,R023148,5,2026-01-18 16:22:04.000000000,positive
FB0001954,TK0004317,R019106,4,2026-04-03 01:06:16.000000000,positive
FB0001955,TK0004319,R002657,3,2026-05-08 02:14:44.000000000,neutral
FB0001956,TK0004320,R005279,5,2026-04-12 19:08:50.000000000,positive
FB0001957,TK0004321,R010370,3,2026-04-14 12:58:50.000000000,neutral
FB0001958,TK0004323,R024417,3,2026-01-27 12:40:20.000000000,neutral
FB0001959,TK0004330,R015827,4,2026-05-22 19:59:18.000000000,positive
FB0001960,TK0004331,R007654,2,2026-06-12 19:25:59.000000000,negative
FB0001961,TK0004341,R016961,3,2026-01-03 01:44:59.000000000,neutral
FB0001962,TK0004343,R024078,4,2026-06-09 01:29:37.000000000,positive
FB0001963,TK0004344,R004161,2,2026-02-04 02:03:39.000000000,negative
FB0001964,TK0004346,R009689,4,2026-03-06 09:24:49.000000000,positive
FB0001965,TK0004348,R017745,2,2026-04-10 08:01:19.000000000,negative
FB0001966,TK0004349,R017593,2,2026-04-30 07:22:21.000000000,negative
FB0001967,TK0004350,R001520,2,2026-02-05 01:55:33.000000000,negative
FB0001968,TK0004353,R009907,5,2026-06-07 19:32:18.000000000,positive
FB0001969,TK0004358,R023010,3,2026-02-13 10:37:23.000000000,neutral
FB0001970,TK0004359,R009175,4,2026-03-11 19:55:11.000000000,positive
FB0001971,TK0004361,R005237,3,2026-03-13 17:06:49.000000000,neutral
FB0001972,TK0004362,R010896,2,2026-03-28 22:05:19.000000000,negative
FB0001973,TK0004363,R024407,4,2026-02-27 15:54:20.000000000,positive
FB0001974,TK0004364,R022819,3,2026-05-16 17:35:30.000000000,neutral
FB0001975,TK0004365,R002733,4,2026-05-03 21:58:56.000000000,positive
FB0001976,TK0004368,R018899,3,2026-05-31 10:59:48.000000000,neutral
FB0001977,TK0004372,R018458,3,2026-03-11 21:29:54.000000000,neutral
FB0001978,TK0004373,R019428,3,2026-04-27 11:17:28.000000000,neutral
FB0001979,TK0004380,R000710,3,2026-04-13 01:18:45.000000000,neutral
FB0001980,TK0004381,R013384,2,2026-03-11 18:33:42.000000000,negative
FB0001981,TK0004383,R017943,4,2026-01-08 08:26:14.000000000,positive
FB0001982,TK0004386,R020842,4,2026-06-06 23:21:23.000000000,positive
FB0001983,TK0004391,R005136,4,2026-05-29 19:40:53.000000000,positive
FB0001984,TK0004394,R008433,4,2026-01-24 00:26:35.000000000,positive
FB0001985,TK0004396,R009278,2,2026-02-26 23:53:19.000000000,negative
FB0001986,TK0004399,R003504,3,2026-06-30 04:00:59.000000000,neutral
FB0001987,TK0004402,R002003,5,2026-01-02 02:03:06.000000000,positive
FB0001988,TK0004403,R008599,3,2026-01-23 08:11:29.000000000,neutral
FB0001989,TK0004405,R016071,2,2026-03-19 16:52:25.000000000,negative
FB0001990,TK0004406,R007921,2,2026-06-10 18:51:14.000000000,negative
FB0001991,TK0004408,R014292,5,2026-03-04 04:56:00.000000000,positive
FB0001992,TK0004409,R000881,2,2026-07-01 14:32:38.000000000,negative
FB0001993,TK0004411,R022083,3,2026-03-22 07:15:44.000000000,neutral
FB0001994,TK0004412,R000223,4,2026-04-13 17:15:46.000000000,positive
FB0001995,TK0004413,R007428,3,2026-01-16 21:21:50.000000000,neutral
FB0001996,TK0004416,R006959,2,2026-05-18 08:51:01.000000000,negative
FB0001997,TK0004418,R017668,4,2026-02-01 01:59:41.000000000,positive
FB0001998,TK0004420,R004459,3,2026-04-04 18:59:01.000000000,neutral
FB0001999,TK0004421,R003385,3,2026-06-18 17:40:06.000000000,neutral
FB0002000,TK0004422,R000228,3,2026-04-20 07:30:06.000000000,neutral
FB0002001,TK0004424,R006206,4,2026-05-04 10:15:22.000000000,positive
FB0002002,TK0004431,R015304,4,2026-05-08 00:34:39.000000000,positive
FB0002003,TK0004433,R010740,2,2026-02-16 08:54:54.000000000,negative
FB0002004,TK0004435,R022003,3,2026-02-15 03:31:31.000000000,neutral
FB0002005,TK0004436,R000144,4,2026-06-13 06:55:27.000000000,positive
FB0002006,TK0004439,R021496,3,2026-04-10 13:04:59.000000000,neutral
FB0002007,TK0004445,R018645,2,2026-02-16 00:16:08.000000000,negative
FB0002008,TK0004450,R023067,3,2026-06-15 19:38:23.000000000,neutral
FB0002009,TK0004452,R004791,4,2026-03-17 03:24:35.000000000,positive
FB0002010,TK0004453,R005133,5,2026-04-01 11:09:14.000000000,positive
FB0002011,TK0004456,R019471,3,2026-02-22 21:07:21.000000000,neutral
FB0002012,TK0004460,R010004,3,2026-06-10 20:52:33.000000000,neutral
FB0002013,TK0004461,R007687,3,2026-05-01 20:53:27.000000000,neutral
FB0002014,TK0004463,R000336,3,2026-01-03 02:38:23.000000000,neutral
FB0002015,TK0004465,R011406,3,2026-02-27 12:39:00.000000000,neutral
FB0002016,TK0004470,R018402,5,2026-05-21 00:59:48.000000000,positive
FB0002017,TK0004475,R000867,4,2026-02-27 22:57:36.000000000,positive
FB0002018,TK0004476,R010578,4,2026-04-16 11:51:15.000000000,positive
FB0002019,TK0004477,R009071,4,2026-01-02 00:39:55.000000000,positive
FB0002020,TK0004479,R004580,2,2026-01-18 20:06:47.000000000,negative
FB0002021,TK0004480,R022821,2,2026-06-30 09:22:15.000000000,negative
FB0002022,TK0004481,R011729,5,2026-06-11 03:15:38.000000000,positive
FB0002023,TK0004482,R010166,3,2026-06-20 05:33:46.000000000,neutral
FB0002024,TK0004483,R018558,3,2026-02-28 04:32:18.000000000,neutral
FB0002025,TK0004484,R008788,1,2026-04-02 09:00:39.000000000,negative
FB0002026,TK0004486,R004580,2,2026-02-26 01:27:17.000000000,negative
FB0002027,TK0004491,R006503,3,2026-02-19 13:20:05.000000000,neutral
FB0002028,TK0004492,R006537,5,2026-01-08 23:01:32.000000000,positive
FB0002029,TK0004493,R024849,4,2026-02-24 11:01:27.000000000,positive
FB0002030,TK0004494,R000942,3,2026-03-20 16:31:45.000000000,neutral
FB0002031,TK0004495,R005753,4,2026-06-24 10:15:00.000000000,positive
FB0002032,TK0004499,R022339,4,2026-05-11 02:59:19.000000000,positive
FB0002033,TK0004500,R011417,3,2026-02-01 00:56:01.000000000,neutral
FB0002034,TK0004505,R000317,3,2026-06-19 21:09:01.000000000,neutral
FB0002035,TK0004506,R014694,4,2026-04-27 21:46:33.000000000,positive
FB0002036,TK0004511,R021449,2,2026-01-16 16:18:16.000000000,negative
FB0002037,TK0004513,R013202,3,2026-05-22 20:11:29.000000000,neutral
FB0002038,TK0004518,R020374,2,2026-04-22 11:18:48.000000000,negative
FB0002039,TK0004519,R024518,4,2026-05-18 00:00:42.000000000,positive
FB0002040,TK0004522,R000555,4,2026-04-01 23:48:16.000000000,positive
FB0002041,TK0004527,R005556,2,2026-01-29 19:57:25.000000000,negative
FB0002042,TK0004530,R013467,4,2026-05-20 14:12:35.000000000,positive
FB0002043,TK0004536,R022155,3,2026-01-05 00:24:42.000000000,neutral
FB0002044,TK0004537,R008771,3,2026-02-15 07:03:56.000000000,neutral
FB0002045,TK0004539,R004814,3,2026-01-07 06:13:47.000000000,neutral
FB0002046,TK0004540,R022650,3,2026-02-05 14:12:32.000000000,neutral
FB0002047,TK0004541,R006070,3,2026-05-24 12:52:40.000000000,neutral
FB0002048,TK0004542,R010275,2,2026-01-26 06:30:02.000000000,negative
FB0002049,TK0004543,R020762,2,2026-02-02 23:47:52.000000000,negative
FB0002050,TK0004545,R011157,3,2026-01-29 08:18:23.000000000,neutral
FB0002051,TK0004547,R021337,4,2026-02-26 22:52:44.000000000,positive
FB0002052,TK0004549,R014225,4,2026-04-09 03:24:27.000000000,positive
FB0002053,TK0004550,R013046,3,2026-04-15 07:42:51.000000000,neutral
FB0002054,TK0004553,R011504,2,2026-03-15 15:20:41.000000000,negative
FB0002055,TK0004556,R022111,2,2026-06-26 00:36:51.000000000,negative
FB0002056,TK0004559,R006845,3,2026-03-06 09:21:45.000000000,neutral
FB0002057,TK0004560,R008671,4,2026-03-01 20:30:18.000000000,positive
FB0002058,TK0004561,R010117,5,2026-05-02 18:24:08.000000000,positive
FB0002059,TK0004564,R007214,2,2026-05-29 23:01:35.000000000,negative
FB0002060,TK0004565,R001705,2,2026-03-12 05:43:05.000000000,negative
FB0002061,TK0004566,R018278,3,2026-04-28 03:57:41.000000000,neutral
FB0002062,TK0004569,R008487,5,2026-06-09 00:51:55.000000000,positive
FB0002063,TK0004570,R013008,3,2026-05-05 12:44:58.000000000,neutral
FB0002064,TK0004571,R019026,4,2026-06-28 22:48:36.000000000,positive
FB0002065,TK0004573,R006609,4,2026-01-26 13:35:21.000000000,positive
FB0002066,TK0004576,R000702,5,2026-05-12 05:04:31.000000000,positive
FB0002067,TK0004578,R024400,1,2026-02-20 03:52:02.000000000,negative
FB0002068,TK0004579,R021626,2,2026-05-16 22:05:17.000000000,negative
FB0002069,TK0004584,R002841,3,2026-03-09 22:29:55.000000000,neutral
FB0002070,TK0004586,R012903,3,2026-03-14 23:50:10.000000000,neutral
FB0002071,TK0004588,R016798,3,2026-04-13 05:34:04.000000000,neutral
FB0002072,TK0004590,R000013,4,2026-03-02 09:36:40.000000000,positive
FB0002073,TK0004594,R011329,2,2026-05-25 20:41:18.000000000,negative
FB0002074,TK0004595,R024000,4,2026-03-22 02:52:17.000000000,positive
FB0002075,TK0004598,R020936,3,2026-04-17 14:17:43.000000000,neutral
FB0002076,TK0004599,R011521,5,2026-06-09 14:33:49.000000000,positive
FB0002077,TK0004602,R006158,3,2026-03-07 23:24:50.000000000,neutral
FB0002078,TK0004603,R011526,2,2026-05-27 04:51:34.000000000,negative
FB0002079,TK0004608,R003329,2,2026-01-06 07:07:17.000000000,negative
FB0002080,TK0004610,R001553,5,2026-04-20 14:19:56.000000000,positive
FB0002081,TK0004612,R006734,5,2026-06-01 02:33:21.000000000,positive
FB0002082,TK0004615,R011229,5,2026-03-24 17:33:24.000000000,positive
FB0002083,TK0004617,R011837,3,2026-06-18 13:24:42.000000000,neutral
FB0002084,TK0004620,R023478,2,2026-01-21 18:35:07.000000000,negative
FB0002085,TK0004621,R006573,3,2026-05-01 01:22:31.000000000,neutral
FB0002086,TK0004622,R017839,1,2026-01-31 22:11:15.000000000,negative
FB0002087,TK0004623,R003134,3,2026-02-20 22:38:58.000000000,neutral
FB0002088,TK0004624,R002600,4,2026-01-13 12:54:17.000000000,positive
FB0002089,TK0004625,R020354,3,2026-03-09 06:09:03.000000000,neutral
FB0002090,TK0004626,R013638,2,2026-05-09 12:13:26.000000000,negative
FB0002091,TK0004627,R012953,2,2026-02-18 17:46:39.000000000,negative
FB0002092,TK0004628,R002110,4,2026-05-13 01:43:09.000000000,positive
FB0002093,TK0004630,R005901,3,2026-01-05 10:02:14.000000000,neutral
FB0002094,TK0004631,R006258,2,2026-01-08 13:08:40.000000000,negative
FB0002095,TK0004632,R013103,2,2026-06-13 15:01:57.000000000,negative
FB0002096,TK0004636,R018464,2,2026-05-15 10:06:57.000000000,negative
FB0002097,TK0004637,R006445,4,2026-06-08 22:12:47.000000000,positive
FB0002098,TK0004638,R020639,4,2026-05-26 01:01:22.000000000,positive
FB0002099,TK0004642,R012178,4,2026-02-07 12:23:00.000000000,positive
FB0002100,TK0004643,R012764,3,2026-01-19 02:40:30.000000000,neutral
FB0002101,TK0004645,R003601,2,2026-01-05 08:46:20.000000000,negative
FB0002102,TK0004649,R000995,2,2026-03-05 06:33:48.000000000,negative
FB0002103,TK0004651,R006034,4,2026-03-11 14:37:49.000000000,positive
FB0002104,TK0004654,R019835,2,2026-04-25 10:23:19.000000000,negative
FB0002105,TK0004655,R024679,3,2026-05-05 05:57:13.000000000,neutral
FB0002106,TK0004656,R011323,2,2026-02-13 02:03:17.000000000,negative
FB0002107,TK0004659,R010210,2,2026-04-20 02:16:49.000000000,negative
FB0002108,TK0004660,R001548,4,2026-03-13 14:15:40.000000000,positive
FB0002109,TK0004661,R002696,1,2026-02-12 21:11:10.000000000,negative
FB0002110,TK0004664,R001919,1,2026-01-26 01:45:56.000000000,negative
FB0002111,TK0004668,R022268,4,2026-05-31 20:54:33.000000000,positive
FB0002112,TK0004669,R004233,3,2026-04-08 11:42:36.000000000,neutral
FB0002113,TK0004670,R016630,4,2026-03-09 07:48:35.000000000,positive
FB0002114,TK0004673,R003507,3,2026-01-14 12:30:08.000000000,neutral
FB0002115,TK0004675,R005783,3,2026-01-07 21:28:07.000000000,neutral
FB0002116,TK0004676,R016167,2,2026-03-28 14:58:26.000000000,negative
FB0002117,TK0004677,R001265,3,2026-05-19 16:01:58.000000000,neutral
FB0002118,TK0004679,R016497,3,2026-05-19 02:08:29.000000000,neutral
FB0002119,TK0004682,R023193,4,2026-06-27 13:03:51.000000000,positive
FB0002120,TK0004683,R014521,5,2026-03-13 16:02:55.000000000,positive
FB0002121,TK0004684,R009233,4,2026-04-18 09:28:29.000000000,positive
FB0002122,TK0004685,R007421,3,2026-01-08 04:18:52.000000000,neutral
FB0002123,TK0004692,R008412,1,2026-06-29 20:06:55.000000000,negative
FB0002124,TK0004694,R015361,3,2026-05-29 06:23:46.000000000,neutral
FB0002125,TK0004695,R022435,2,2026-01-31 16:56:02.000000000,negative
FB0002126,TK0004696,R018709,1,2026-03-26 10:58:37.000000000,negative
FB0002127,TK0004697,R023412,4,2026-01-01 23:58:35.000000000,positive
FB0002128,TK0004703,R020080,3,2026-05-29 21:49:38.000000000,neutral
FB0002129,TK0004704,R009949,2,2026-06-26 01:00:53.000000000,negative
FB0002130,TK0004705,R021592,4,2026-01-14 13:28:00.000000000,positive
FB0002131,TK0004707,R018076,3,2026-06-29 03:27:42.000000000,neutral
FB0002132,TK0004708,R022046,4,2026-01-30 04:42:48.000000000,positive
FB0002133,TK0004709,R007765,5,2026-02-12 04:18:29.000000000,positive
FB0002134,TK0004712,R024758,4,2026-04-21 17:28:29.000000000,positive
FB0002135,TK0004714,R003454,2,2026-04-16 15:14:09.000000000,negative
FB0002136,TK0004717,R014000,4,2026-06-15 16:10:56.000000000,positive
FB0002137,TK0004718,R017275,2,2026-04-13 17:17:48.000000000,negative
FB0002138,TK0004721,R022945,4,2026-06-30 06:51:53.000000000,positive
FB0002139,TK0004724,R009948,5,2026-04-02 03:15:13.000000000,positive
FB0002140,TK0004726,R005248,2,2026-01-17 00:33:08.000000000,negative
FB0002141,TK0004727,R014940,3,2026-03-05 00:08:32.000000000,neutral
FB0002142,TK0004728,R015824,3,2026-02-19 20:10:24.000000000,neutral
FB0002143,TK0004729,R005375,3,2026-05-07 14:41:26.000000000,neutral
FB0002144,TK0004730,R022960,2,2026-05-17 23:39:00.000000000,negative
FB0002145,TK0004731,R016339,3,2026-02-03 09:28:09.000000000,neutral
FB0002146,TK0004733,R018849,4,2026-05-26 08:32:46.000000000,positive
FB0002147,TK0004734,R012203,2,2026-03-31 15:55:19.000000000,negative
FB0002148,TK0004735,R007744,2,2026-01-19 06:51:14.000000000,negative
FB0002149,TK0004737,R007654,2,2026-03-12 17:50:33.000000000,negative
FB0002150,TK0004740,R009953,2,2026-05-19 02:33:46.000000000,negative
FB0002151,TK0004742,R011695,3,2026-02-19 02:42:23.000000000,neutral
FB0002152,TK0004743,R009236,5,2026-03-21 11:22:18.000000000,positive
FB0002153,TK0004744,R001784,2,2026-03-17 08:12:14.000000000,negative
FB0002154,TK0004748,R008143,5,2026-02-18 18:57:37.000000000,positive
FB0002155,TK0004749,R018105,3,2026-01-07 06:51:01.000000000,neutral
FB0002156,TK0004751,R004918,4,2026-04-19 09:00:52.000000000,positive
FB0002157,TK0004756,R009105,3,2026-04-04 21:16:43.000000000,neutral
FB0002158,TK0004757,R013144,4,2026-06-18 08:38:37.000000000,positive
FB0002159,TK0004759,R014962,4,2026-02-11 19:21:49.000000000,positive
FB0002160,TK0004760,R017785,3,2026-05-02 17:26:37.000000000,neutral
FB0002161,TK0004761,R012886,3,2026-06-17 06:08:17.000000000,neutral
FB0002162,TK0004764,R002281,3,2026-01-06 11:21:31.000000000,neutral
FB0002163,TK0004765,R020673,5,2026-02-25 02:58:41.000000000,positive
FB0002164,TK0004767,R016937,4,2026-05-31 05:49:48.000000000,positive
FB0002165,TK0004770,R022564,3,2026-05-22 20:14:00.000000000,neutral
FB0002166,TK0004771,R015142,2,2026-04-07 11:47:15.000000000,negative
FB0002167,TK0004772,R005465,5,2026-03-01 00:14:19.000000000,positive
FB0002168,TK0004777,R004918,4,2026-05-10 06:00:50.000000000,positive
FB0002169,TK0004781,R023644,4,2026-05-29 14:21:37.000000000,positive
FB0002170,TK0004782,R001883,4,2026-06-26 02:57:55.000000000,positive
FB0002171,TK0004785,R009476,3,2026-04-01 02:19:11.000000000,neutral
FB0002172,TK0004787,R020590,3,2026-01-31 09:45:34.000000000,neutral
FB0002173,TK0004788,R008597,3,2026-05-15 23:02:24.000000000,neutral
FB0002174,TK0004791,R011804,5,2026-05-19 05:32:59.000000000,positive
FB0002175,TK0004793,R012230,3,2026-05-15 18:39:36.000000000,neutral
FB0002176,TK0004796,R018323,4,2026-06-11 12:36:14.000000000,positive
FB0002177,TK0004798,R015820,1,2026-06-04 05:35:59.000000000,negative
FB0002178,TK0004801,R024379,4,2026-06-21 07:17:56.000000000,positive
FB0002179,TK0004802,R001249,3,2026-05-24 15:18:45.000000000,neutral
FB0002180,TK0004804,R016897,4,2026-01-19 20:04:45.000000000,positive
FB0002181,TK0004805,R019194,2,2026-05-30 17:33:00.000000000,negative
FB0002182,TK0004806,R015671,4,2026-04-01 11:18:21.000000000,positive
FB0002183,TK0004807,R011849,4,2026-03-19 11:59:23.000000000,positive
FB0002184,TK0004808,R006998,4,2026-06-23 21:27:44.000000000,positive
FB0002185,TK0004809,R016312,3,2026-04-30 12:27:46.000000000,neutral
FB0002186,TK0004815,R006571,3,2026-02-28 22:37:51.000000000,neutral
FB0002187,TK0004816,R015068,1,2026-01-09 05:02:42.000000000,negative
FB0002188,TK0004818,R006111,3,2026-03-26 08:12:39.000000000,neutral
FB0002189,TK0004819,R013114,1,2026-01-19 18:09:11.000000000,negative
FB0002190,TK0004822,R001789,3,2026-04-30 09:07:25.000000000,neutral
FB0002191,TK0004823,R007403,4,2026-06-24 21:45:34.000000000,positive
FB0002192,TK0004828,R019237,5,2026-04-20 06:52:06.000000000,positive
FB0002193,TK0004829,R003784,4,2026-03-26 17:53:26.000000000,positive
FB0002194,TK0004832,R021261,4,2026-05-02 07:58:55.000000000,positive
FB0002195,TK0004833,R013372,1,2026-03-29 19:11:22.000000000,negative
FB0002196,TK0004834,R002834,2,2026-03-09 22:26:00.000000000,negative
FB0002197,TK0004837,R013069,1,2026-07-01 20:06:00.000000000,negative
FB0002198,TK0004839,R007866,4,2026-05-22 18:53:29.000000000,positive
FB0002199,TK0004841,R008648,4,2026-02-23 12:16:48.000000000,positive
FB0002200,TK0004843,R007407,2,2026-05-25 19:44:32.000000000,negative
FB0002201,TK0004844,R014197,4,2026-03-09 22:09:09.000000000,positive
FB0002202,TK0004845,R016667,3,2026-02-16 11:40:35.000000000,neutral
FB0002203,TK0004849,R015717,3,2026-02-05 13:00:33.000000000,neutral
FB0002204,TK0004850,R003872,3,2026-03-22 03:21:47.000000000,neutral
FB0002205,TK0004853,R011826,3,2026-01-30 03:24:11.000000000,neutral
FB0002206,TK0004854,R010205,2,2026-04-17 10:20:33.000000000,negative
FB0002207,TK0004856,R007589,4,2026-04-12 23:38:59.000000000,positive
FB0002208,TK0004857,R012486,4,2026-06-02 13:06:20.000000000,positive
FB0002209,TK0004858,R023684,5,2026-05-12 04:56:21.000000000,positive
FB0002210,TK0004862,R019142,5,2026-01-29 06:23:48.000000000,positive
FB0002211,TK0004863,R009060,2,2026-01-22 02:50:45.000000000,negative
FB0002212,TK0004865,R014415,5,2026-02-24 16:37:26.000000000,positive
FB0002213,TK0004870,R023337,3,2026-01-13 21:35:55.000000000,neutral
FB0002214,TK0004871,R011075,3,2026-04-12 16:04:09.000000000,neutral
FB0002215,TK0004873,R024073,4,2026-01-15 22:34:53.000000000,positive
FB0002216,TK0004875,R011870,1,2026-06-02 19:32:53.000000000,negative
FB0002217,TK0004877,R020302,3,2026-01-28 09:28:53.000000000,neutral
FB0002218,TK0004882,R014524,4,2026-05-07 04:07:04.000000000,positive
FB0002219,TK0004883,R000148,3,2026-05-07 05:17:48.000000000,neutral
FB0002220,TK0004886,R009650,3,2026-05-11 11:33:45.000000000,neutral
FB0002221,TK0004888,R019481,5,2026-05-07 10:15:07.000000000,positive
FB0002222,TK0004889,R012999,3,2026-01-11 09:52:07.000000000,neutral
FB0002223,TK0004891,R013776,3,2026-05-28 22:39:20.000000000,neutral
FB0002224,TK0004894,R021613,3,2026-01-19 15:20:58.000000000,neutral
FB0002225,TK0004896,R005519,4,2026-06-01 23:10:53.000000000,positive
FB0002226,TK0004902,R013687,3,2026-02-10 19:44:37.000000000,neutral
FB0002227,TK0004905,R020752,4,2026-04-02 03:33:29.000000000,positive
FB0002228,TK0004907,R012817,5,2026-02-13 16:42:58.000000000,positive
FB0002229,TK0004908,R003678,5,2026-05-20 02:15:03.000000000,positive
FB0002230,TK0004909,R024944,5,2026-03-22 04:10:36.000000000,positive
FB0002231,TK0004911,R011043,4,2026-06-29 07:39:44.000000000,positive
FB0002232,TK0004912,R001306,4,2026-03-28 21:44:54.000000000,positive
FB0002233,TK0004915,R004849,3,2026-06-02 18:14:29.000000000,neutral
FB0002234,TK0004916,R013040,4,2026-03-22 17:43:44.000000000,positive
FB0002235,TK0004919,R016222,3,2026-02-17 07:19:06.000000000,neutral
FB0002236,TK0004924,R012930,4,2026-01-06 17:55:35.000000000,positive
FB0002237,TK0004926,R012375,3,2026-04-14 01:40:03.000000000,neutral
FB0002238,TK0004929,R024912,3,2026-02-16 16:00:01.000000000,neutral
FB0002239,TK0004930,R011034,5,2026-01-27 20:16:25.000000000,positive
FB0002240,TK0004931,R012450,4,2026-03-04 10:52:29.000000000,positive
FB0002241,TK0004934,R008704,4,2026-05-04 21:04:17.000000000,positive
FB0002242,TK0004935,R023765,4,2026-05-06 12:21:26.000000000,positive
FB0002243,TK0004938,R003869,4,2026-05-26 20:07:15.000000000,positive
FB0002244,TK0004940,R009639,4,2026-06-25 06:26:05.000000000,positive
FB0002245,TK0004944,R020553,3,2026-01-20 16:21:43.000000000,neutral
FB0002246,TK0004945,R020111,1,2026-05-18 08:53:13.000000000,negative
FB0002247,TK0004946,R012280,4,2026-01-21 02:42:04.000000000,positive
FB0002248,TK0004948,R011256,3,2026-05-11 11:14:04.000000000,neutral
FB0002249,TK0004950,R007249,4,2026-03-30 18:12:17.000000000,positive
FB0002250,TK0004951,R010624,2,2026-06-02 12:37:55.000000000,negative
FB0002251,TK0004952,R014230,3,2026-04-13 13:54:44.000000000,neutral
FB0002252,TK0004953,R006496,2,2026-04-24 10:05:42.000000000,negative
FB0002253,TK0004958,R021637,2,2026-05-21 10:49:38.000000000,negative
FB0002254,TK0004959,R010275,3,2026-04-07 05:05:28.000000000,neutral
FB0002255,TK0004960,R019900,2,2026-06-04 08:48:40.000000000,negative
FB0002256,TK0004961,R012991,2,2026-03-05 20:29:52.000000000,negative
FB0002257,TK0004962,R006913,2,2026-05-23 15:09:46.000000000,negative
FB0002258,TK0004964,R006533,2,2026-04-23 19:11:43.000000000,negative
FB0002259,TK0004966,R014109,5,2026-05-28 11:12:08.000000000,positive
FB0002260,TK0004968,R019703,2,2026-04-11 03:34:34.000000000,negative
FB0002261,TK0004969,R004355,2,2026-02-14 16:59:14.000000000,negative
FB0002262,TK0004970,R003586,3,2026-05-26 03:54:51.000000000,neutral
FB0002263,TK0004971,R000002,4,2026-01-23 22:41:46.000000000,positive
FB0002264,TK0004972,R005129,4,2026-04-03 18:50:41.000000000,positive
FB0002265,TK0004973,R002086,4,2026-06-22 05:11:55.000000000,positive
FB0002266,TK0004974,R023566,2,2026-02-02 19:57:22.000000000,negative
FB0002267,TK0004977,R002037,2,2026-05-17 10:43:53.000000000,negative
FB0002268,TK0004978,R005050,3,2026-02-22 01:19:10.000000000,neutral
FB0002269,TK0004982,R019049,4,2026-06-29 10:42:19.000000000,positive
FB0002270,TK0004984,R006476,3,2026-05-07 04:45:59.000000000,neutral
FB0002271,TK0004985,R013266,3,2026-01-27 06:47:21.000000000,neutral
FB0002272,TK0004988,R000554,4,2026-02-03 13:35:16.000000000,positive
FB0002273,TK0004992,R024534,4,2026-02-04 01:05:15.000000000,positive
FB0002274,TK0004995,R018049,4,2026-04-18 08:16:37.000000000,positive
FB0002275,TK0004997,R022351,4,2026-05-28 02:47:02.000000000,positive
FB0002276,TK0004998,R007410,4,2026-01-20 17:30:58.000000000,positive
FB0002277,TK0005003,R004344,3,2026-01-27 13:45:49.000000000,neutral
FB0002278,TK0005004,R003339,3,2026-05-08 15:56:53.000000000,neutral
FB0002279,TK0005005,R015454,4,2026-04-03 15:48:10.000000000,positive
FB0002280,TK0005008,R006241,1,2026-03-21 05:27:56.000000000,negative
FB0002281,TK0005009,R002216,3,2026-04-23 09:37:38.000000000,neutral
FB0002282,TK0005011,R012972,4,2026-01-08 14:01:54.000000000,positive
FB0002283,TK0005012,R013427,2,2026-02-17 21:13:30.000000000,negative
FB0002284,TK0005014,R000917,4,2026-04-12 11:54:27.000000000,positive
FB0002285,TK0005015,R021838,2,2026-01-10 05:53:26.000000000,negative
FB0002286,TK0005016,R017950,2,2026-01-06 01:10:23.000000000,negative
FB0002287,TK0005019,R002194,4,2026-02-21 00:15:12.000000000,positive
FB0002288,TK0005021,R014917,4,2026-06-02 14:40:33.000000000,positive
FB0002289,TK0005023,R014851,5,2026-06-29 02:21:10.000000000,positive
FB0002290,TK0005024,R004002,2,2026-03-25 15:51:48.000000000,negative
FB0002291,TK0005025,R016702,3,2026-03-30 22:30:17.000000000,neutral
FB0002292,TK0005028,R019949,2,2026-01-13 10:39:00.000000000,negative
FB0002293,TK0005029,R002545,3,2026-05-28 14:07:16.000000000,neutral
FB0002294,TK0005033,R018400,3,2026-02-02 10:19:15.000000000,neutral
FB0002295,TK0005034,R007169,5,2026-01-16 19:30:42.000000000,positive
FB0002296,TK0005039,R002467,4,2026-06-12 09:37:14.000000000,positive
FB0002297,TK0005041,R024127,3,2026-04-17 10:19:32.000000000,neutral
FB0002298,TK0005043,R019845,4,2026-06-14 02:10:00.000000000,positive
FB0002299,TK0005045,R007574,5,2026-03-17 10:17:11.000000000,positive
FB0002300,TK0005046,R014905,4,2026-06-16 07:26:15.000000000,positive
FB0002301,TK0005051,R013578,3,2026-05-07 16:00:17.000000000,neutral
FB0002302,TK0005058,R004146,3,2026-03-21 09:03:22.000000000,neutral
FB0002303,TK0005059,R011859,4,2026-02-28 19:29:30.000000000,positive
FB0002304,TK0005063,R009056,3,2026-04-02 15:09:47.000000000,neutral
FB0002305,TK0005067,R020724,2,2026-02-20 12:33:07.000000000,negative
FB0002306,TK0005068,R015431,2,2026-02-20 04:01:21.000000000,negative
FB0002307,TK0005069,R000642,4,2026-01-10 20:01:47.000000000,positive
FB0002308,TK0005072,R016592,4,2026-02-09 19:46:37.000000000,positive
FB0002309,TK0005078,R019189,2,2026-06-07 21:03:25.000000000,negative
FB0002310,TK0005082,R008766,2,2026-06-19 07:31:39.000000000,negative
FB0002311,TK0005088,R000299,3,2026-05-06 01:03:38.000000000,neutral
FB0002312,TK0005092,R003536,2,2026-06-25 16:32:28.000000000,negative
FB0002313,TK0005093,R013971,3,2026-05-08 21:58:23.000000000,neutral
FB0002314,TK0005105,R018238,2,2026-04-19 10:21:46.000000000,negative
FB0002315,TK0005106,R024626,2,2026-05-15 15:02:07.000000000,negative
FB0002316,TK0005107,R006607,2,2026-05-13 00:11:13.000000000,negative
FB0002317,TK0005108,R020325,4,2026-04-02 18:41:41.000000000,positive
FB0002318,TK0005113,R022749,4,2026-01-03 01:18:21.000000000,positive
FB0002319,TK0005115,R014132,3,2026-06-23 11:32:41.000000000,neutral
FB0002320,TK0005116,R014161,4,2026-05-05 16:25:16.000000000,positive
FB0002321,TK0005117,R012463,4,2026-03-27 21:58:15.000000000,positive
FB0002322,TK0005121,R024125,5,2026-05-09 02:31:21.000000000,positive
FB0002323,TK0005124,R000808,2,2026-04-10 21:03:43.000000000,negative
FB0002324,TK0005129,R008299,3,2026-03-13 16:48:55.000000000,neutral
FB0002325,TK0005133,R007550,1,2026-02-27 00:01:31.000000000,negative
FB0002326,TK0005139,R014931,3,2026-02-11 21:27:38.000000000,neutral
FB0002327,TK0005142,R012509,3,2026-01-22 09:35:15.000000000,neutral
FB0002328,TK0005143,R008117,3,2026-03-13 07:12:49.000000000,neutral
FB0002329,TK0005147,R018486,4,2026-06-11 01:22:53.000000000,positive
FB0002330,TK0005151,R023610,4,2026-05-03 09:11:35.000000000,positive
FB0002331,TK0005152,R016385,2,2026-05-25 11:41:27.000000000,negative
FB0002332,TK0005153,R003748,3,2026-04-16 04:13:39.000000000,neutral
FB0002333,TK0005156,R007512,3,2026-01-31 01:32:27.000000000,neutral
FB0002334,TK0005161,R007355,3,2026-01-08 12:04:52.000000000,neutral
FB0002335,TK0005162,R024849,3,2026-01-06 17:24:53.000000000,neutral
FB0002336,TK0005164,R007061,3,2026-02-27 06:26:41.000000000,neutral
FB0002337,TK0005165,R009870,1,2026-04-11 11:46:55.000000000,negative
FB0002338,TK0005173,R008314,2,2026-05-14 13:13:40.000000000,negative
FB0002339,TK0005174,R015284,4,2026-01-31 18:22:10.000000000,positive
FB0002340,TK0005175,R007362,4,2026-01-09 22:36:17.000000000,positive
FB0002341,TK0005176,R012183,4,2026-01-23 05:17:01.000000000,positive
FB0002342,TK0005178,R000161,2,2026-01-03 01:39:45.000000000,negative
FB0002343,TK0005179,R004466,3,2026-03-25 15:40:03.000000000,neutral
FB0002344,TK0005184,R003280,3,2026-02-26 12:11:32.000000000,neutral
FB0002345,TK0005186,R012866,3,2026-02-23 02:57:35.000000000,neutral
FB0002346,TK0005188,R024987,2,2026-02-03 08:25:43.000000000,negative
FB0002347,TK0005190,R001526,2,2026-04-21 23:00:57.000000000,negative
FB0002348,TK0005191,R000349,3,2026-01-25 11:14:40.000000000,neutral
FB0002349,TK0005192,R024975,2,2026-01-06 00:52:58.000000000,negative
FB0002350,TK0005193,R021036,5,2026-06-23 02:39:17.000000000,positive
FB0002351,TK0005194,R014717,5,2026-03-12 18:11:49.000000000,positive
FB0002352,TK0005196,R012104,4,2026-06-05 17:16:32.000000000,positive
FB0002353,TK0005197,R006505,2,2026-04-28 19:11:33.000000000,negative
FB0002354,TK0005198,R004108,2,2026-03-01 05:42:55.000000000,negative
FB0002355,TK0005212,R013598,3,2026-05-16 01:48:37.000000000,neutral
FB0002356,TK0005214,R015414,3,2026-06-10 20:45:49.000000000,neutral
FB0002357,TK0005218,R003356,3,2026-02-08 09:00:30.000000000,neutral
FB0002358,TK0005223,R009269,4,2026-04-28 07:19:13.000000000,positive
FB0002359,TK0005227,R013530,4,2026-05-13 01:07:11.000000000,positive
FB0002360,TK0005228,R019843,3,2026-02-08 19:00:26.000000000,neutral
FB0002361,TK0005231,R000855,1,2026-01-15 22:09:18.000000000,negative
FB0002362,TK0005232,R013502,2,2026-01-11 05:42:28.000000000,negative
FB0002363,TK0005234,R017708,5,2026-04-29 08:36:39.000000000,positive
FB0002364,TK0005236,R012770,2,2026-01-23 08:09:21.000000000,negative
FB0002365,TK0005239,R016789,3,2026-03-21 01:52:37.000000000,neutral
FB0002366,TK0005242,R005600,4,2026-01-24 16:18:14.000000000,positive
FB0002367,TK0005243,R024425,1,2026-06-17 07:16:28.000000000,negative
FB0002368,TK0005247,R015115,2,2026-03-07 14:49:56.000000000,negative
FB0002369,TK0005248,R019879,3,2026-02-04 13:22:38.000000000,neutral
FB0002370,TK0005253,R002733,1,2026-03-16 04:05:27.000000000,negative
FB0002371,TK0005254,R023695,2,2026-01-21 22:43:37.000000000,negative
FB0002372,TK0005255,R015578,4,2026-06-24 08:24:32.000000000,positive
FB0002373,TK0005256,R007233,2,2026-04-26 06:57:20.000000000,negative
FB0002374,TK0005257,R013945,1,2026-01-22 11:00:23.000000000,negative
FB0002375,TK0005258,R018269,2,2026-01-16 15:20:04.000000000,negative
FB0002376,TK0005260,R003675,3,2026-02-05 19:41:21.000000000,neutral
FB0002377,TK0005261,R008068,5,2026-05-27 08:29:22.000000000,positive
FB0002378,TK0005262,R004737,3,2026-02-14 03:08:51.000000000,neutral
FB0002379,TK0005265,R020688,4,2026-05-27 03:17:56.000000000,positive
FB0002380,TK0005266,R004187,2,2026-02-26 00:08:37.000000000,negative
FB0002381,TK0005267,R013004,2,2026-05-07 17:33:51.000000000,negative
FB0002382,TK0005268,R023980,2,2026-06-12 09:15:51.000000000,negative
FB0002383,TK0005271,R013400,3,2026-05-30 01:37:08.000000000,neutral
FB0002384,TK0005274,R020036,2,2026-05-26 10:32:32.000000000,negative
FB0002385,TK0005275,R001436,1,2026-04-16 04:06:07.000000000,negative
FB0002386,TK0005278,R007056,3,2026-02-08 04:16:34.000000000,neutral
FB0002387,TK0005279,R015077,4,2026-05-14 08:25:42.000000000,positive
FB0002388,TK0005281,R012191,2,2026-01-03 15:57:19.000000000,negative
FB0002389,TK0005282,R014642,2,2026-05-07 00:00:34.000000000,negative
FB0002390,TK0005285,R004075,5,2026-06-27 16:41:23.000000000,positive
FB0002391,TK0005290,R012151,2,2026-06-07 20:31:39.000000000,negative
FB0002392,TK0005292,R016110,4,2026-06-11 04:37:55.000000000,positive
FB0002393,TK0005294,R009521,5,2026-05-17 07:12:21.000000000,positive
FB0002394,TK0005295,R018888,4,2026-02-10 13:07:42.000000000,positive
FB0002395,TK0005296,R020427,4,2026-06-01 10:38:05.000000000,positive
FB0002396,TK0005297,R003472,2,2026-06-05 11:03:50.000000000,negative
FB0002397,TK0005302,R001424,3,2026-01-07 23:13:54.000000000,neutral
FB0002398,TK0005304,R020231,3,2026-05-12 07:48:01.000000000,neutral
FB0002399,TK0005308,R007646,4,2026-06-07 21:03:32.000000000,positive
FB0002400,TK0005309,R001203,3,2026-06-16 15:03:55.000000000,neutral
FB0002401,TK0005310,R001094,5,2026-01-07 07:48:13.000000000,positive
FB0002402,TK0005312,R011567,3,2026-05-15 13:58:48.000000000,neutral
FB0002403,TK0005318,R004287,2,2026-06-13 07:21:53.000000000,negative
FB0002404,TK0005319,R018659,1,2026-06-09 17:21:44.000000000,negative
FB0002405,TK0005322,R019520,3,2026-06-04 15:02:53.000000000,neutral
FB0002406,TK0005323,R003695,3,2026-03-26 11:38:07.000000000,neutral
FB0002407,TK0005324,R000569,2,2026-06-10 10:54:33.000000000,negative
FB0002408,TK0005325,R016225,3,2026-01-04 18:32:51.000000000,neutral
FB0002409,TK0005331,R005883,4,2026-01-09 14:07:21.000000000,positive
FB0002410,TK0005332,R006977,3,2026-02-27 16:41:50.000000000,neutral
FB0002411,TK0005335,R024089,4,2026-02-11 12:31:45.000000000,positive
FB0002412,TK0005336,R005424,2,2026-03-01 09:04:57.000000000,negative
FB0002413,TK0005338,R011622,4,2026-02-24 20:36:16.000000000,positive
FB0002414,TK0005340,R014530,3,2026-03-28 23:54:47.000000000,neutral
FB0002415,TK0005343,R024437,4,2026-03-19 07:50:18.000000000,positive
FB0002416,TK0005344,R019320,3,2026-06-28 01:11:02.000000000,neutral
FB0002417,TK0005345,R009071,1,2026-01-25 14:02:37.000000000,negative
FB0002418,TK0005346,R005479,1,2026-07-01 06:37:15.000000000,negative
FB0002419,TK0005349,R003168,4,2026-03-05 21:41:31.000000000,positive
FB0002420,TK0005350,R001150,4,2026-01-22 00:02:41.000000000,positive
FB0002421,TK0005351,R017524,4,2026-01-20 12:24:21.000000000,positive
FB0002422,TK0005352,R020227,2,2026-02-18 20:37:36.000000000,negative
FB0002423,TK0005354,R023014,4,2026-04-22 15:49:30.000000000,positive
FB0002424,TK0005355,R004086,4,2026-04-13 16:17:33.000000000,positive
FB0002425,TK0005356,R010897,5,2026-03-18 06:46:16.000000000,positive
FB0002426,TK0005357,R020894,3,2026-04-14 14:08:07.000000000,neutral
FB0002427,TK0005359,R010613,4,2026-02-27 08:35:25.000000000,positive
FB0002428,TK0005360,R005282,3,2026-03-28 12:46:30.000000000,neutral
FB0002429,TK0005363,R006702,3,2026-06-11 20:42:48.000000000,neutral
FB0002430,TK0005364,R000710,2,2026-05-02 07:14:48.000000000,negative
FB0002431,TK0005366,R020502,2,2026-04-30 14:35:47.000000000,negative
FB0002432,TK0005367,R007465,4,2026-04-22 02:58:27.000000000,positive
FB0002433,TK0005368,R015046,3,2026-02-22 18:32:51.000000000,neutral
FB0002434,TK0005369,R002634,4,2026-04-05 21:12:04.000000000,positive
FB0002435,TK0005371,R009772,2,2026-05-19 02:12:52.000000000,negative
FB0002436,TK0005375,R018731,2,2026-02-25 14:03:08.000000000,negative
FB0002437,TK0005377,R013384,3,2026-04-17 19:58:04.000000000,neutral
FB0002438,TK0005378,R013355,3,2026-02-20 03:38:18.000000000,neutral
FB0002439,TK0005379,R019960,1,2026-02-01 04:47:47.000000000,negative
FB0002440,TK0005381,R010625,2,2026-03-23 11:11:51.000000000,negative
FB0002441,TK0005382,R018837,3,2026-03-29 00:33:43.000000000,neutral
FB0002442,TK0005384,R001011,5,2026-06-11 13:54:42.000000000,positive
FB0002443,TK0005386,R020210,2,2026-04-19 07:05:08.000000000,negative
FB0002444,TK0005387,R012338,1,2026-03-12 22:01:26.000000000,negative
FB0002445,TK0005388,R021526,4,2026-01-16 06:26:12.000000000,positive
FB0002446,TK0005389,R009973,5,2026-01-07 00:40:27.000000000,positive
FB0002447,TK0005396,R005895,5,2026-04-19 15:41:03.000000000,positive
FB0002448,TK0005398,R018521,2,2026-01-10 17:29:14.000000000,negative
FB0002449,TK0005399,R009477,5,2026-06-04 06:38:09.000000000,positive
FB0002450,TK0005401,R003499,3,2026-05-09 04:40:33.000000000,neutral
FB0002451,TK0005402,R021720,2,2026-06-11 17:48:19.000000000,negative
FB0002452,TK0005404,R010817,3,2026-05-24 09:33:04.000000000,neutral
FB0002453,TK0005408,R017429,5,2026-03-21 05:37:02.000000000,positive
FB0002454,TK0005411,R007272,3,2026-04-23 11:12:33.000000000,neutral
FB0002455,TK0005412,R015739,5,2026-03-02 15:38:35.000000000,positive
FB0002456,TK0005414,R007785,3,2026-01-26 01:21:18.000000000,neutral
FB0002457,TK0005415,R011716,3,2026-01-19 13:37:34.000000000,neutral
FB0002458,TK0005417,R008543,1,2026-02-22 18:37:31.000000000,negative
FB0002459,TK0005420,R002986,2,2026-03-26 16:07:36.000000000,negative
FB0002460,TK0005422,R007041,5,2026-04-26 03:59:19.000000000,positive
FB0002461,TK0005426,R000710,3,2026-05-30 06:53:03.000000000,neutral
FB0002462,TK0005427,R006464,4,2026-01-06 07:06:05.000000000,positive
FB0002463,TK0005428,R017985,5,2026-04-06 23:53:36.000000000,positive
FB0002464,TK0005429,R022181,5,2026-01-06 01:04:22.000000000,positive
FB0002465,TK0005430,R009046,4,2026-01-18 23:29:58.000000000,positive
FB0002466,TK0005435,R012519,2,2026-02-11 12:00:51.000000000,negative
FB0002467,TK0005437,R005761,4,2026-02-01 11:32:28.000000000,positive
FB0002468,TK0005438,R008123,4,2026-03-28 17:49:43.000000000,positive
FB0002469,TK0005439,R015950,3,2026-02-02 12:05:27.000000000,neutral
FB0002470,TK0005441,R002649,3,2026-03-23 20:49:59.000000000,neutral
FB0002471,TK0005442,R003996,4,2026-02-17 15:45:40.000000000,positive
FB0002472,TK0005448,R014139,4,2026-01-18 15:31:06.000000000,positive
FB0002473,TK0005449,R004140,3,2026-06-02 02:10:00.000000000,neutral
FB0002474,TK0005450,R015747,2,2026-04-03 01:55:12.000000000,negative
FB0002475,TK0005451,R012790,3,2026-04-07 04:10:22.000000000,neutral
FB0002476,TK0005455,R020784,5,2026-01-27 13:30:35.000000000,positive
FB0002477,TK0005457,R019926,3,2026-06-11 03:40:07.000000000,neutral
FB0002478,TK0005458,R000219,3,2026-03-04 15:01:58.000000000,neutral
FB0002479,TK0005471,R011799,5,2026-03-09 13:22:29.000000000,positive
FB0002480,TK0005473,R011953,5,2026-06-21 02:33:27.000000000,positive
FB0002481,TK0005476,R013293,2,2026-02-13 22:48:06.000000000,negative
FB0002482,TK0005478,R023255,4,2026-03-01 18:09:45.000000000,positive
FB0002483,TK0005485,R003992,1,2026-06-14 09:35:32.000000000,negative
FB0002484,TK0005486,R009967,4,2026-04-16 05:04:11.000000000,positive
FB0002485,TK0005487,R022012,3,2026-04-08 18:47:34.000000000,neutral
FB0002486,TK0005488,R001209,5,2026-06-11 22:51:02.000000000,positive
FB0002487,TK0005489,R005753,4,2026-04-02 20:52:46.000000000,positive
FB0002488,TK0005493,R010020,5,2026-01-23 06:27:50.000000000,positive
FB0002489,TK0005495,R022541,4,2026-03-16 05:10:24.000000000,positive
FB0002490,TK0005497,R024287,3,2026-03-13 02:24:05.000000000,neutral
FB0002491,TK0005498,R006644,1,2026-06-07 14:09:57.000000000,negative
FB0002492,TK0005499,R001297,1,2026-04-28 18:56:07.000000000,negative
FB0002493,TK0005501,R006736,3,2026-06-17 08:40:21.000000000,neutral
FB0002494,TK0005502,R016523,5,2026-02-13 13:54:06.000000000,positive
FB0002495,TK0005505,R000147,3,2026-01-28 10:49:18.000000000,neutral
FB0002496,TK0005507,R000342,3,2026-02-10 01:24:56.000000000,neutral
FB0002497,TK0005508,R014147,3,2026-03-07 05:05:40.000000000,neutral
FB0002498,TK0005510,R017393,4,2026-04-16 05:22:29.000000000,positive
FB0002499,TK0005516,R021373,1,2026-04-25 10:08:08.000000000,negative
FB0002500,TK0005518,R003501,3,2026-03-04 04:54:57.000000000,neutral
FB0002501,TK0005520,R012030,3,2026-06-30 06:43:53.000000000,neutral
FB0002502,TK0005521,R022625,2,2026-06-17 19:54:22.000000000,negative
FB0002503,TK0005525,R023500,2,2026-03-10 00:29:27.000000000,negative
FB0002504,TK0005526,R021199,3,2026-03-16 00:40:46.000000000,neutral
FB0002505,TK0005527,R008120,4,2026-03-13 15:57:37.000000000,positive
FB0002506,TK0005529,R007214,5,2026-04-26 20:20:47.000000000,positive
FB0002507,TK0005530,R020784,3,2026-06-15 09:39:39.000000000,neutral
FB0002508,TK0005532,R020621,3,2026-05-02 13:44:20.000000000,neutral
FB0002509,TK0005537,R023576,4,2026-03-22 10:58:46.000000000,positive
FB0002510,TK0005538,R023316,4,2026-04-11 21:29:32.000000000,positive
FB0002511,TK0005541,R015749,1,2026-01-26 07:25:58.000000000,negative
FB0002512,TK0005542,R017337,4,2026-05-16 04:51:45.000000000,positive
FB0002513,TK0005543,R008395,3,2026-02-18 04:32:27.000000000,neutral
FB0002514,TK0005545,R011729,3,2026-02-22 10:29:55.000000000,neutral
FB0002515,TK0005546,R010091,1,2026-01-09 04:17:12.000000000,negative
FB0002516,TK0005551,R016430,1,2026-03-17 17:00:29.000000000,negative
FB0002517,TK0005552,R011551,2,2026-04-15 08:08:20.000000000,negative
FB0002518,TK0005555,R005192,2,2026-06-04 23:36:23.000000000,negative
FB0002519,TK0005556,R009488,2,2026-04-10 04:19:56.000000000,negative
FB0002520,TK0005561,R021649,5,2026-05-29 09:50:49.000000000,positive
FB0002521,TK0005562,R010354,2,2026-02-19 12:24:56.000000000,negative
FB0002522,TK0005566,R004885,4,2026-01-15 14:36:58.000000000,positive
FB0002523,TK0005567,R021496,4,2026-04-10 04:43:40.000000000,positive
FB0002524,TK0005568,R009976,3,2026-04-20 23:17:59.000000000,neutral
FB0002525,TK0005569,R023170,2,2026-01-15 10:05:45.000000000,negative
FB0002526,TK0005575,R004789,5,2026-06-03 13:43:50.000000000,positive
FB0002527,TK0005577,R023800,3,2026-06-01 02:07:26.000000000,neutral
FB0002528,TK0005578,R015076,4,2026-02-15 12:50:08.000000000,positive
FB0002529,TK0005579,R005462,4,2026-03-11 03:04:23.000000000,positive
FB0002530,TK0005580,R019938,3,2026-02-19 00:41:37.000000000,neutral
FB0002531,TK0005582,R001216,3,2026-01-16 15:48:35.000000000,neutral
FB0002532,TK0005585,R007520,2,2026-06-05 02:44:54.000000000,negative
FB0002533,TK0005586,R006540,4,2026-05-19 01:11:59.000000000,positive
FB0002534,TK0005587,R017881,1,2026-04-06 15:35:39.000000000,negative
FB0002535,TK0005588,R000710,2,2026-05-30 08:44:21.000000000,negative
FB0002536,TK0005589,R011385,4,2026-05-31 23:24:37.000000000,positive
FB0002537,TK0005591,R019217,4,2026-02-24 10:49:06.000000000,positive
FB0002538,TK0005592,R012275,2,2026-02-18 22:33:22.000000000,negative
FB0002539,TK0005593,R024007,3,2026-06-10 18:51:54.000000000,neutral
FB0002540,TK0005594,R015015,3,2026-01-09 00:59:18.000000000,neutral
FB0002541,TK0005595,R005642,2,2026-06-17 18:20:05.000000000,negative
FB0002542,TK0005601,R010993,2,2026-05-06 02:03:31.000000000,negative
FB0002543,TK0005602,R010497,2,2026-02-08 03:10:54.000000000,negative
FB0002544,TK0005605,R007399,4,2026-04-21 00:36:40.000000000,positive
FB0002545,TK0005607,R003058,3,2026-01-22 09:56:27.000000000,neutral
FB0002546,TK0005608,R012407,4,2026-05-03 06:28:35.000000000,positive
FB0002547,TK0005609,R010693,3,2026-04-08 00:34:53.000000000,neutral
FB0002548,TK0005611,R001630,3,2026-06-23 04:23:43.000000000,neutral
FB0002549,TK0005613,R016261,2,2026-07-02 03:40:09.000000000,negative
FB0002550,TK0005618,R015641,1,2026-01-23 07:05:32.000000000,negative
FB0002551,TK0005626,R007711,3,2026-01-08 04:30:45.000000000,neutral
FB0002552,TK0005628,R000747,3,2026-01-23 10:04:45.000000000,neutral
FB0002553,TK0005630,R003996,3,2026-04-10 14:44:38.000000000,neutral
FB0002554,TK0005634,R014617,3,2026-04-06 02:24:47.000000000,neutral
FB0002555,TK0005638,R007519,4,2026-03-02 15:26:28.000000000,positive
FB0002556,TK0005639,R015870,3,2026-02-11 14:46:54.000000000,neutral
FB0002557,TK0005641,R019544,3,2026-03-30 20:25:08.000000000,neutral
FB0002558,TK0005642,R006132,4,2026-01-12 18:32:33.000000000,positive
FB0002559,TK0005643,R015633,3,2026-05-13 17:05:28.000000000,neutral
FB0002560,TK0005645,R002061,4,2026-01-30 03:30:39.000000000,positive
FB0002561,TK0005646,R001016,2,2026-01-26 10:48:02.000000000,negative
FB0002562,TK0005647,R022361,4,2026-06-05 19:29:09.000000000,positive
FB0002563,TK0005648,R002627,3,2026-06-17 07:53:32.000000000,neutral
FB0002564,TK0005652,R024620,3,2026-06-05 21:40:58.000000000,neutral
FB0002565,TK0005655,R008919,2,2026-03-07 09:52:10.000000000,negative
FB0002566,TK0005656,R024989,2,2026-05-15 08:39:24.000000000,negative
FB0002567,TK0005657,R015300,2,2026-03-19 14:48:32.000000000,negative
FB0002568,TK0005658,R021228,4,2026-02-14 16:59:17.000000000,positive
FB0002569,TK0005659,R004665,2,2026-02-10 15:15:44.000000000,negative
FB0002570,TK0005663,R005037,3,2026-06-04 14:33:03.000000000,neutral
FB0002571,TK0005664,R012279,5,2026-02-09 12:12:43.000000000,positive
FB0002572,TK0005665,R018091,5,2026-03-25 15:19:27.000000000,positive
FB0002573,TK0005667,R018142,2,2026-04-07 19:51:01.000000000,negative
FB0002574,TK0005668,R013218,4,2026-01-16 00:54:25.000000000,positive
FB0002575,TK0005670,R000030,4,2026-05-15 19:40:20.000000000,positive
FB0002576,TK0005673,R005366,1,2026-05-08 21:47:58.000000000,negative
FB0002577,TK0005675,R008932,2,2026-04-06 17:32:22.000000000,negative
FB0002578,TK0005678,R011279,3,2026-06-23 09:26:16.000000000,neutral
FB0002579,TK0005680,R023515,4,2026-04-11 01:32:18.000000000,positive
FB0002580,TK0005683,R012957,4,2026-03-04 12:06:04.000000000,positive
FB0002581,TK0005684,R006253,2,2026-04-11 09:30:53.000000000,negative
FB0002582,TK0005686,R000976,3,2026-02-02 02:01:55.000000000,neutral
FB0002583,TK0005688,R019627,2,2026-04-11 14:14:52.000000000,negative
FB0002584,TK0005692,R000378,3,2026-05-16 21:50:56.000000000,neutral
FB0002585,TK0005693,R005181,1,2026-06-18 09:59:18.000000000,negative
FB0002586,TK0005695,R019180,3,2026-02-09 17:42:47.000000000,neutral
FB0002587,TK0005696,R020036,2,2026-03-03 17:39:32.000000000,negative
FB0002588,TK0005703,R022133,3,2026-02-08 20:41:55.000000000,neutral
FB0002589,TK0005705,R004069,4,2026-01-24 04:30:28.000000000,positive
FB0002590,TK0005707,R016674,2,2026-05-02 23:05:23.000000000,negative
FB0002591,TK0005709,R014515,4,2026-04-05 04:15:37.000000000,positive
FB0002592,TK0005711,R010939,3,2026-06-04 16:27:41.000000000,neutral
FB0002593,TK0005715,R018846,3,2026-06-25 03:31:20.000000000,neutral
FB0002594,TK0005716,R014653,3,2026-01-31 14:08:11.000000000,neutral
FB0002595,TK0005717,R017352,3,2026-02-13 14:26:01.000000000,neutral
FB0002596,TK0005719,R020806,2,2026-06-17 04:43:51.000000000,negative
FB0002597,TK0005724,R006830,5,2026-02-09 16:42:23.000000000,positive
FB0002598,TK0005725,R004054,4,2026-03-09 14:47:14.000000000,positive
FB0002599,TK0005728,R007585,4,2026-01-21 04:24:36.000000000,positive
FB0002600,TK0005732,R005522,5,2026-02-27 02:04:42.000000000,positive
FB0002601,TK0005733,R008105,2,2026-04-17 09:05:07.000000000,negative
FB0002602,TK0005734,R008824,4,2026-03-18 05:09:31.000000000,positive
FB0002603,TK0005738,R013714,2,2026-02-19 04:32:57.000000000,negative
FB0002604,TK0005739,R007233,2,2026-04-21 08:42:22.000000000,negative
FB0002605,TK0005740,R005231,2,2026-06-13 16:09:33.000000000,negative
FB0002606,TK0005742,R012941,2,2026-03-24 10:34:21.000000000,negative
FB0002607,TK0005744,R008882,2,2026-05-18 18:22:32.000000000,negative
FB0002608,TK0005745,R017156,2,2026-01-25 18:22:06.000000000,negative
FB0002609,TK0005746,R023219,3,2026-03-05 09:40:00.000000000,neutral
FB0002610,TK0005752,R014377,4,2026-04-18 02:07:53.000000000,positive
FB0002611,TK0005754,R012347,1,2026-03-03 12:35:05.000000000,negative
FB0002612,TK0005755,R019301,3,2026-02-12 16:46:31.000000000,neutral
FB0002613,TK0005757,R024942,4,2026-01-25 16:17:17.000000000,positive
FB0002614,TK0005758,R003418,3,2026-02-01 16:27:12.000000000,neutral
FB0002615,TK0005760,R020585,3,2026-02-21 03:02:23.000000000,neutral
FB0002616,TK0005761,R021549,3,2026-06-18 11:04:47.000000000,neutral
FB0002617,TK0005768,R018724,4,2026-04-23 15:57:31.000000000,positive
FB0002618,TK0005769,R023869,4,2026-03-28 18:33:39.000000000,positive
FB0002619,TK0005771,R005234,5,2026-04-08 07:33:40.000000000,positive
FB0002620,TK0005772,R022378,2,2026-03-20 09:15:14.000000000,negative
FB0002621,TK0005773,R020584,4,2026-03-19 13:35:01.000000000,positive
FB0002622,TK0005774,R022907,1,2026-02-12 06:33:30.000000000,negative
FB0002623,TK0005776,R024773,3,2026-01-18 23:07:40.000000000,neutral
FB0002624,TK0005781,R009934,3,2026-04-18 12:39:36.000000000,neutral
FB0002625,TK0005782,R002186,1,2026-02-16 04:48:38.000000000,negative
FB0002626,TK0005783,R015067,5,2026-02-10 21:41:15.000000000,positive
FB0002627,TK0005786,R009625,2,2026-01-13 13:43:51.000000000,negative
FB0002628,TK0005787,R008479,5,2026-03-09 09:22:52.000000000,positive
FB0002629,TK0005792,R009115,3,2026-02-08 02:27:53.000000000,neutral
FB0002630,TK0005793,R006552,4,2026-05-23 02:10:23.000000000,positive
FB0002631,TK0005795,R012337,2,2026-07-01 08:04:17.000000000,negative
FB0002632,TK0005796,R014847,4,2026-02-08 01:15:01.000000000,positive
FB0002633,TK0005799,R000702,3,2026-06-25 10:39:25.000000000,neutral
FB0002634,TK0005801,R022627,3,2026-06-13 05:58:30.000000000,neutral
FB0002635,TK0005802,R001717,2,2026-01-16 09:46:41.000000000,negative
FB0002636,TK0005805,R001279,3,2026-04-08 02:51:20.000000000,neutral
FB0002637,TK0005808,R018430,5,2026-06-27 20:04:57.000000000,positive
FB0002638,TK0005809,R003496,4,2026-02-24 04:21:53.000000000,positive
FB0002639,TK0005810,R008650,2,2026-03-25 14:43:34.000000000,negative
FB0002640,TK0005813,R005088,3,2026-06-19 12:46:55.000000000,neutral
FB0002641,TK0005817,R007428,5,2026-04-25 01:31:10.000000000,positive
FB0002642,TK0005818,R022123,5,2026-02-16 21:53:54.000000000,positive
FB0002643,TK0005822,R023150,2,2026-01-04 04:41:25.000000000,negative
FB0002644,TK0005830,R016811,5,2026-04-13 01:28:23.000000000,positive
FB0002645,TK0005832,R023726,3,2026-03-17 13:27:22.000000000,neutral
FB0002646,TK0005833,R012296,2,2026-06-01 16:05:53.000000000,negative
FB0002647,TK0005834,R003585,5,2026-02-20 16:55:57.000000000,positive
FB0002648,TK0005838,R004482,4,2026-06-25 15:43:44.000000000,positive
FB0002649,TK0005839,R012751,2,2026-01-16 16:44:10.000000000,negative
FB0002650,TK0005842,R000507,3,2026-02-14 10:38:16.000000000,neutral
FB0002651,TK0005845,R019249,3,2026-01-27 09:48:46.000000000,neutral
FB0002652,TK0005846,R001843,3,2026-01-10 17:15:41.000000000,neutral
FB0002653,TK0005848,R002517,3,2026-01-22 18:09:24.000000000,neutral
FB0002654,TK0005849,R016406,4,2026-06-20 09:47:33.000000000,positive
FB0002655,TK0005851,R017511,3,2026-03-03 16:47:13.000000000,neutral
FB0002656,TK0005853,R007557,5,2026-05-08 09:09:37.000000000,positive
FB0002657,TK0005855,R014038,2,2026-03-25 01:23:36.000000000,negative
FB0002658,TK0005858,R023430,5,2026-03-30 08:40:47.000000000,positive
FB0002659,TK0005860,R012331,5,2026-04-01 03:50:05.000000000,positive
FB0002660,TK0005864,R018369,1,2026-04-08 14:35:06.000000000,negative
FB0002661,TK0005867,R008734,5,2026-01-10 05:48:00.000000000,positive
FB0002662,TK0005868,R015195,1,2026-01-10 10:42:07.000000000,negative
FB0002663,TK0005871,R010887,3,2026-05-26 00:08:07.000000000,neutral
FB0002664,TK0005873,R000471,3,2026-05-28 09:53:38.000000000,neutral
FB0002665,TK0005874,R018627,2,2026-04-18 10:50:04.000000000,negative
FB0002666,TK0005875,R012732,4,2026-02-05 00:59:11.000000000,positive
FB0002667,TK0005879,R001098,4,2026-02-28 21:41:15.000000000,positive
FB0002668,TK0005882,R023176,2,2026-04-07 07:29:46.000000000,negative
FB0002669,TK0005885,R020980,4,2026-04-24 12:32:39.000000000,positive
FB0002670,TK0005886,R022869,2,2026-04-16 20:11:55.000000000,negative
FB0002671,TK0005887,R020236,3,2026-04-23 00:44:14.000000000,neutral
FB0002672,TK0005888,R015712,3,2026-02-18 04:44:08.000000000,neutral
FB0002673,TK0005889,R021938,3,2026-04-05 16:34:17.000000000,neutral
FB0002674,TK0005893,R000927,4,2026-01-02 01:52:17.000000000,positive
FB0002675,TK0005899,R005085,5,2026-02-02 15:26:48.000000000,positive
FB0002676,TK0005901,R000647,3,2026-01-23 13:25:56.000000000,neutral
FB0002677,TK0005902,R000598,2,2026-04-15 18:29:16.000000000,negative
FB0002678,TK0005904,R000836,3,2026-05-15 13:02:23.000000000,neutral
FB0002679,TK0005908,R000359,3,2026-06-20 05:13:25.000000000,neutral
FB0002680,TK0005909,R015518,4,2026-02-22 21:22:02.000000000,positive
FB0002681,TK0005911,R020984,5,2026-06-07 19:54:24.000000000,positive
FB0002682,TK0005912,R015941,4,2026-03-22 02:54:11.000000000,positive
FB0002683,TK0005914,R003404,2,2026-01-08 12:57:47.000000000,negative
FB0002684,TK0005915,R017436,4,2026-01-26 00:29:22.000000000,positive
FB0002685,TK0005918,R018870,2,2026-05-01 05:04:16.000000000,negative
FB0002686,TK0005919,R002758,3,2026-01-05 03:53:50.000000000,neutral
FB0002687,TK0005928,R001676,2,2026-01-31 21:20:02.000000000,negative
FB0002688,TK0005931,R002421,2,2026-04-01 17:47:49.000000000,negative
FB0002689,TK0005934,R005502,2,2026-03-28 12:05:23.000000000,negative
FB0002690,TK0005937,R017019,4,2026-06-17 08:48:46.000000000,positive
FB0002691,TK0005939,R010774,4,2026-03-01 09:46:34.000000000,positive
FB0002692,TK0005941,R012235,2,2026-04-10 10:59:54.000000000,negative
FB0002693,TK0005942,R004658,3,2026-02-07 07:09:03.000000000,neutral
FB0002694,TK0005944,R010223,4,2026-05-17 12:33:57.000000000,positive
FB0002695,TK0005946,R008836,2,2026-06-25 18:57:56.000000000,negative
FB0002696,TK0005948,R011973,3,2026-04-03 07:46:19.000000000,neutral
FB0002697,TK0005949,R024794,4,2026-02-22 15:50:20.000000000,positive
FB0002698,TK0005950,R004408,4,2026-01-03 06:27:38.000000000,positive
FB0002699,TK0005953,R012124,4,2026-04-24 06:54:06.000000000,positive
FB0002700,TK0005954,R013789,4,2026-04-08 05:13:31.000000000,positive
FB0002701,TK0005955,R003240,2,2026-04-21 21:54:20.000000000,negative
FB0002702,TK0005956,R017977,4,2026-03-12 17:20:26.000000000,positive
FB0002703,TK0005957,R015194,3,2026-05-11 21:15:12.000000000,neutral
FB0002704,TK0005960,R016506,2,2026-02-17 15:14:48.000000000,negative
FB0002705,TK0005961,R006774,5,2026-06-01 15:44:55.000000000,positive
FB0002706,TK0005962,R012218,3,2026-02-05 06:15:29.000000000,neutral
FB0002707,TK0005963,R024407,4,2026-03-20 18:32:03.000000000,positive
FB0002708,TK0005964,R014267,4,2026-02-02 09:07:37.000000000,positive
FB0002709,TK0005965,R022792,4,2026-01-21 15:07:07.000000000,positive
FB0002710,TK0005966,R022943,2,2026-02-21 19:42:58.000000000,negative
FB0002711,TK0005968,R011691,4,2026-04-25 14:36:14.000000000,positive
FB0002712,TK0005971,R024438,2,2026-02-01 00:38:54.000000000,negative
FB0002713,TK0005972,R019979,2,2026-01-04 12:41:41.000000000,negative
FB0002714,TK0005979,R020789,3,2026-01-18 07:36:26.000000000,neutral
FB0002715,TK0005983,R010629,2,2026-01-03 21:49:16.000000000,negative
FB0002716,TK0005984,R014332,3,2026-05-06 18:35:07.000000000,neutral
FB0002717,TK0005986,R003830,3,2026-01-27 04:52:24.000000000,neutral
FB0002718,TK0005987,R006356,4,2026-03-11 16:18:26.000000000,positive
FB0002719,TK0005988,R021574,3,2026-07-02 01:14:20.000000000,neutral
FB0002720,TK0005989,R011014,4,2026-03-21 06:59:19.000000000,positive
FB0002721,TK0005990,R024602,3,2026-03-12 15:56:52.000000000,neutral
FB0002722,TK0005991,R009869,2,2026-05-26 11:19:58.000000000,negative
FB0002723,TK0005992,R001789,3,2026-02-12 14:49:05.000000000,neutral
FB0002724,TK0005993,R013540,4,2026-03-08 20:37:45.000000000,positive
FB0002725,TK0005994,R017576,3,2026-03-30 05:58:41.000000000,neutral
FB0002726,TK0005995,R000774,3,2026-02-25 14:03:08.000000000,neutral
FB0002727,TK0005997,R018932,2,2026-04-05 09:01:33.000000000,negative
FB0002728,TK0005998,R019366,1,2026-05-05 01:44:16.000000000,negative
FB0002729,TK0005999,R012230,3,2026-05-05 16:00:36.000000000,neutral
FB0002730,TK0006002,R017780,4,2026-03-22 18:24:17.000000000,positive
FB0002731,TK0006003,R024644,2,2026-03-06 15:32:06.000000000,negative
FB0002732,TK0006007,R010154,4,2026-03-01 23:04:06.000000000,positive
FB0002733,TK0006010,R023646,2,2026-01-27 15:45:27.000000000,negative
FB0002734,TK0006013,R013555,3,2026-04-15 19:29:54.000000000,neutral
FB0002735,TK0006014,R024374,5,2026-06-30 01:33:07.000000000,positive
FB0002736,TK0006017,R001377,3,2026-03-05 09:09:43.000000000,neutral
FB0002737,TK0006019,R010613,3,2026-01-16 17:01:50.000000000,neutral
FB0002738,TK0006022,R007373,6,2026-05-15 02:26:06.000000000,neutral
FB0002739,TK0006023,R018394,3,2026-05-07 15:52:05.000000000,neutral
FB0002740,TK0006024,R002302,3,2026-04-01 22:12:07.000000000,neutral
FB0002741,TK0006025,R023743,5,2026-04-18 21:27:48.000000000,positive
FB0002742,TK0006026,R013636,4,2026-06-09 16:04:19.000000000,positive
FB0002743,TK0006032,R001894,5,2026-03-18 02:21:02.000000000,positive
FB0002744,TK0006033,R006063,3,2026-01-07 09:24:50.000000000,neutral
FB0002745,TK0006035,R009810,5,2026-03-08 23:08:14.000000000,positive
FB0002746,TK0006037,R000300,2,2026-01-15 20:17:56.000000000,negative
FB0002747,TK0006039,R001473,3,2026-04-15 03:13:08.000000000,neutral
FB0002748,TK0006041,R005775,2,2026-04-17 15:04:05.000000000,negative
FB0002749,TK0006045,R021535,3,2026-06-19 10:47:22.000000000,neutral
FB0002750,TK0006049,R014427,3,2026-03-21 02:10:36.000000000,neutral
FB0002751,TK0006051,R016185,3,2026-03-04 08:44:39.000000000,neutral
FB0002752,TK0006061,R006870,3,2026-04-18 08:41:53.000000000,neutral
FB0002753,TK0006062,R007009,3,2026-02-21 04:35:51.000000000,neutral
FB0002754,TK0006063,R003001,2,2026-05-16 13:56:06.000000000,negative
FB0002755,TK0006064,R013423,4,2026-02-26 07:22:01.000000000,positive
FB0002756,TK0006066,R024059,2,2026-03-13 05:29:40.000000000,negative
FB0002757,TK0006067,R021398,5,2026-04-18 20:22:45.000000000,positive
FB0002758,TK0006068,R023252,2,2026-06-07 22:13:49.000000000,negative
FB0002759,TK0006069,R015300,3,2026-05-13 11:01:33.000000000,neutral
FB0002760,TK0006071,R021803,4,2026-04-21 18:01:28.000000000,positive
FB0002761,TK0006074,R016397,3,2026-05-02 06:50:25.000000000,neutral
FB0002762,TK0006075,R002162,2,2026-06-13 00:15:29.000000000,negative
FB0002763,TK0006078,R024524,3,2026-06-04 05:17:22.000000000,neutral
FB0002764,TK0006079,R008957,5,2026-05-24 06:40:53.000000000,positive
FB0002765,TK0006081,R015090,4,2026-03-06 02:21:19.000000000,positive
FB0002766,TK0006082,R019680,3,2026-03-15 20:35:39.000000000,neutral
FB0002767,TK0006083,R016420,4,2026-05-17 21:51:13.000000000,positive
FB0002768,TK0006087,R000838,5,2026-03-08 18:25:22.000000000,positive
FB0002769,TK0006088,R014750,2,2026-03-09 15:13:41.000000000,negative
FB0002770,TK0006089,R022858,2,2026-02-10 09:35:23.000000000,negative
FB0002771,TK0006090,R017533,3,2026-01-30 06:16:49.000000000,neutral
FB0002772,TK0006091,R024604,3,2026-04-29 13:15:06.000000000,neutral
FB0002773,TK0006092,R009299,4,2026-03-31 05:01:29.000000000,positive
FB0002774,TK0006093,R011969,3,2026-05-01 13:22:50.000000000,neutral
FB0002775,TK0006094,R008808,4,2026-01-13 22:47:55.000000000,positive
FB0002776,TK0006095,R009164,1,2026-06-15 16:50:18.000000000,negative
FB0002777,TK0006099,R013879,4,2026-01-02 05:36:56.000000000,positive
FB0002778,TK0006101,R007497,4,2026-05-10 05:51:58.000000000,positive
FB0002779,TK0006102,R015472,4,2026-05-14 05:53:05.000000000,positive
FB0002780,TK0006104,R019618,2,2026-02-08 16:51:58.000000000,negative
FB0002781,TK0006108,R008518,4,2026-04-29 23:21:49.000000000,positive
FB0002782,TK0006109,R007335,2,2026-01-09 19:34:52.000000000,negative
FB0002783,TK0006110,R000183,3,2026-06-12 04:10:17.000000000,neutral
FB0002784,TK0006112,R022204,5,2026-04-07 20:42:41.000000000,positive
FB0002785,TK0006113,R010520,3,2026-02-16 08:36:05.000000000,neutral
FB0002786,TK0006118,R002204,3,2026-03-18 06:04:54.000000000,neutral
FB0002787,TK0006120,R012515,2,2026-02-23 04:25:11.000000000,negative
FB0002788,TK0006124,R022105,5,2026-02-13 20:51:30.000000000,positive
FB0002789,TK0006125,R014254,3,2026-06-01 07:50:18.000000000,neutral
FB0002790,TK0006129,R000372,3,2026-01-18 06:02:46.000000000,neutral
FB0002791,TK0006131,R003038,3,2026-01-25 22:10:40.000000000,neutral
FB0002792,TK0006132,R002003,3,2026-01-10 08:54:33.000000000,neutral
FB0002793,TK0006134,R010126,2,2026-02-01 23:52:16.000000000,negative
FB0002794,TK0006137,R018629,3,2026-03-12 08:01:10.000000000,neutral
FB0002795,TK0006138,R014988,3,2026-06-13 02:55:09.000000000,neutral
FB0002796,TK0006139,R001964,2,2026-05-03 08:23:19.000000000,negative
FB0002797,TK0006141,R005896,5,2026-06-24 06:58:12.000000000,positive
FB0002798,TK0006143,R000357,2,2026-04-18 04:03:17.000000000,negative
FB0002799,TK0006144,R019819,4,2026-02-08 21:00:50.000000000,positive
FB0002800,TK0006148,R003751,3,2026-04-30 07:04:17.000000000,neutral
FB0002801,TK0006149,R008910,2,2026-01-26 20:34:25.000000000,negative
FB0002802,TK0006154,R001692,4,2026-03-06 07:23:52.000000000,positive
FB0002803,TK0006160,R005374,1,2026-02-02 19:15:25.000000000,negative
FB0002804,TK0006161,R012828,5,2026-01-27 06:04:31.000000000,positive
FB0002805,TK0006162,R001225,3,2026-03-29 23:09:35.000000000,neutral
FB0002806,TK0006163,R018815,4,2026-02-16 13:05:55.000000000,positive
FB0002807,TK0006166,R005210,2,2026-06-03 10:08:57.000000000,negative
FB0002808,TK0006167,R010603,4,2026-05-02 00:23:37.000000000,positive
FB0002809,TK0006171,R020944,4,2026-02-17 17:04:18.000000000,positive
FB0002810,TK0006173,R003898,2,2026-06-16 19:22:13.000000000,negative
FB0002811,TK0006174,R018085,3,2026-01-13 11:08:15.000000000,neutral
FB0002812,TK0006177,R005007,4,2026-05-05 22:19:03.000000000,positive
FB0002813,TK0006179,R014142,4,2026-02-18 16:56:13.000000000,positive
FB0002814,TK0006182,R024014,2,2026-03-31 10:04:58.000000000,negative
FB0002815,TK0006183,R004507,3,2026-03-08 20:25:20.000000000,neutral
FB0002816,TK0006186,R022206,4,2026-04-28 10:43:50.000000000,positive
FB0002817,TK0006189,R008573,4,2026-02-05 15:42:28.000000000,positive
FB0002818,TK0006190,R016818,3,2026-03-31 11:11:01.000000000,neutral
FB0002819,TK0006191,R014964,5,2026-04-13 11:44:21.000000000,positive
FB0002820,TK0006194,R014703,4,2026-03-22 21:10:31.000000000,positive
FB0002821,TK0006198,R009537,3,2026-02-04 10:19:19.000000000,neutral
FB0002822,TK0006200,R021928,5,2026-04-16 19:19:30.000000000,positive
FB0002823,TK0006201,R005827,3,2026-01-04 12:34:09.000000000,neutral
FB0002824,TK0006202,R005165,4,2026-02-07 10:24:50.000000000,positive
FB0002825,TK0006205,R011656,3,2026-01-09 17:21:00.000000000,neutral
FB0002826,TK0006209,R022011,1,2026-02-01 06:37:39.000000000,negative
FB0002827,TK0006210,R011951,2,2026-03-05 00:18:47.000000000,negative
FB0002828,TK0006211,R000445,1,2026-04-28 12:49:33.000000000,negative
FB0002829,TK0006212,R001551,3,2026-04-30 07:52:32.000000000,neutral
FB0002830,TK0006213,R001595,4,2026-05-31 08:15:54.000000000,positive
FB0002831,TK0006214,R019142,2,2026-05-21 06:12:45.000000000,negative
FB0002832,TK0006215,R012959,1,2026-03-29 14:30:54.000000000,negative
FB0002833,TK0006220,R011184,3,2026-04-27 09:16:02.000000000,neutral
FB0002834,TK0006222,R000011,5,2026-03-05 22:35:54.000000000,positive
FB0002835,TK0006223,R021639,5,2026-01-30 22:37:19.000000000,positive
FB0002836,TK0006224,R007433,5,2026-04-07 22:20:52.000000000,positive
FB0002837,TK0006226,R015908,4,2026-04-12 07:42:38.000000000,positive
FB0002838,TK0006229,R023572,4,2026-05-19 08:22:20.000000000,positive
FB0002839,TK0006231,R020517,1,2026-06-18 07:38:13.000000000,negative
FB0002840,TK0006235,R009687,3,2026-04-18 01:53:54.000000000,neutral
FB0002841,TK0006236,R003144,4,2026-05-15 02:01:13.000000000,positive
FB0002842,TK0006238,R008735,3,2026-06-17 01:44:32.000000000,neutral
FB0002843,TK0006242,R023810,4,2026-02-11 16:43:56.000000000,positive
FB0002844,TK0006243,R013422,5,2026-04-10 20:55:37.000000000,positive
FB0002845,TK0006244,R019587,3,2026-04-05 04:49:07.000000000,neutral
FB0002846,TK0006246,R007351,2,2026-04-19 05:14:45.000000000,negative
FB0002847,TK0006247,R017233,4,2026-06-23 23:15:51.000000000,positive
FB0002848,TK0006248,R013983,3,2026-06-30 16:41:30.000000000,neutral
FB0002849,TK0006255,R023960,3,2026-02-28 22:13:30.000000000,neutral
FB0002850,TK0006256,R014023,4,2026-05-14 11:10:54.000000000,positive
FB0002851,TK0006259,R016073,2,2026-04-17 20:53:34.000000000,negative
FB0002852,TK0006260,R013383,3,2026-03-21 15:10:21.000000000,neutral
FB0002853,TK0006261,R003486,4,2026-01-30 16:02:14.000000000,positive
FB0002854,TK0006263,R017398,4,2026-06-17 15:18:36.000000000,positive
FB0002855,TK0006265,R008783,3,2026-06-07 09:40:04.000000000,neutral
FB0002856,TK0006269,R023900,4,2026-05-01 12:41:28.000000000,positive
FB0002857,TK0006270,R023430,5,2026-01-28 15:52:06.000000000,positive
FB0002858,TK0006272,R011052,4,2026-03-09 07:18:01.000000000,positive
FB0002859,TK0006273,R001689,3,2026-06-22 04:49:09.000000000,neutral
FB0002860,TK0006274,R011071,4,2026-05-01 11:41:06.000000000,positive
FB0002861,TK0006279,R019625,2,2026-06-16 17:36:05.000000000,negative
FB0002862,TK0006282,R016353,3,2026-04-28 02:54:54.000000000,neutral
FB0002863,TK0006283,R017886,3,2026-03-08 06:50:37.000000000,neutral
FB0002864,TK0006284,R022260,3,2026-06-22 13:14:40.000000000,neutral
FB0002865,TK0006287,R011791,4,2026-01-15 04:38:20.000000000,positive
FB0002866,TK0006292,R018320,3,2026-07-02 01:33:53.000000000,neutral
FB0002867,TK0006293,R014530,3,2026-04-23 07:38:57.000000000,neutral
FB0002868,TK0006296,R012538,2,2026-01-21 22:25:07.000000000,negative
FB0002869,TK0006300,R018192,1,2026-03-06 00:11:34.000000000,negative
FB0002870,TK0006304,R020917,2,2026-03-02 23:13:59.000000000,negative
FB0002871,TK0006305,R017851,3,2026-02-03 16:36:26.000000000,neutral
FB0002872,TK0006307,R008777,3,2026-03-23 13:46:44.000000000,neutral
FB0002873,TK0006309,R003461,5,2026-03-11 00:13:29.000000000,positive
FB0002874,TK0006314,R023602,4,2026-02-14 05:45:21.000000000,positive
FB0002875,TK0006315,R016016,4,2026-02-24 13:20:36.000000000,positive
FB0002876,TK0006316,R002643,1,2026-05-01 23:52:02.000000000,negative
FB0002877,TK0006318,R012512,2,2026-01-20 15:07:46.000000000,negative
FB0002878,TK0006320,R015721,4,2026-01-09 21:35:20.000000000,positive
FB0002879,TK0006321,R019805,4,2026-01-04 15:38:49.000000000,positive
FB0002880,TK0006322,R007785,2,2026-06-16 20:32:21.000000000,negative
FB0002881,TK0006323,R004508,2,2026-05-10 20:41:45.000000000,negative
FB0002882,TK0006324,R023838,2,2026-05-28 00:22:40.000000000,negative
FB0002883,TK0006331,R024292,3,2026-03-10 10:04:05.000000000,neutral
FB0002884,TK0006332,R013596,3,2026-01-16 19:05:56.000000000,neutral
FB0002885,TK0006335,R000184,2,2026-02-22 00:51:00.000000000,negative
FB0002886,TK0006336,R003827,3,2026-02-03 09:24:36.000000000,neutral
FB0002887,TK0006343,R003016,4,2026-01-20 05:14:52.000000000,positive
FB0002888,TK0006344,R014801,3,2026-03-22 10:59:23.000000000,neutral
FB0002889,TK0006348,R005160,4,2026-04-22 20:01:23.000000000,positive
FB0002890,TK0006349,R021113,3,2026-01-07 21:01:11.000000000,neutral
FB0002891,TK0006350,R006677,3,2026-03-14 01:33:48.000000000,neutral
FB0002892,TK0006351,R000468,4,2026-03-07 16:29:34.000000000,positive
FB0002893,TK0006353,R007804,2,2026-01-23 18:43:25.000000000,negative
FB0002894,TK0006354,R004721,3,2026-01-18 14:44:57.000000000,neutral
FB0002895,TK0006355,R016965,5,2026-06-16 20:57:04.000000000,positive
FB0002896,TK0006356,R011399,3,2026-05-17 16:16:32.000000000,neutral
FB0002897,TK0006357,R008766,5,2026-02-25 06:59:29.000000000,positive
FB0002898,TK0006360,R021068,2,2026-04-22 06:14:13.000000000,negative
FB0002899,TK0006362,R018711,2,2026-01-21 04:58:58.000000000,negative
FB0002900,TK0006364,R002683,1,2026-02-26 08:58:44.000000000,negative
FB0002901,TK0006365,R016409,4,2026-01-03 11:09:05.000000000,positive
FB0002902,TK0006366,R020453,3,2026-06-17 15:08:50.000000000,neutral
FB0002903,TK0006367,R012810,3,2026-06-28 21:35:03.000000000,neutral
FB0002904,TK0006368,R023967,2,2026-06-14 08:23:25.000000000,negative
FB0002905,TK0006369,R011228,2,2026-03-09 05:09:27.000000000,negative
FB0002906,TK0006370,R011282,4,2026-05-08 21:31:56.000000000,positive
FB0002907,TK0006371,R008850,3,2026-04-06 20:51:30.000000000,neutral
FB0002908,TK0006373,R022665,3,2026-04-22 21:22:02.000000000,neutral
FB0002909,TK0006375,R021809,3,2026-06-08 22:56:27.000000000,neutral
FB0002910,TK0006376,R018330,3,2026-01-14 20:00:50.000000000,neutral
FB0002911,TK0006378,R002283,2,2026-02-25 06:10:04.000000000,negative
FB0002912,TK0006380,R024388,2,2026-04-25 17:40:24.000000000,negative
FB0002913,TK0006381,R017837,6,2026-06-02 08:24:42.000000000,neutral
FB0002914,TK0006382,R004546,1,2026-03-04 09:28:02.000000000,negative
FB0002915,TK0006383,R004660,4,2026-06-27 15:41:41.000000000,positive
FB0002916,TK0006384,R002267,3,2026-05-06 03:11:27.000000000,neutral
FB0002917,TK0006385,R001676,3,2026-01-08 22:17:15.000000000,neutral
FB0002918,TK0006386,R013695,4,2026-03-26 09:32:22.000000000,positive
FB0002919,TK0006389,R001917,3,2026-05-04 11:30:24.000000000,neutral
FB0002920,TK0006390,R001441,3,2026-06-18 04:52:17.000000000,neutral
FB0002921,TK0006391,R008416,1,2026-05-16 16:02:18.000000000,negative
FB0002922,TK0006394,R015410,1,2026-02-17 12:55:07.000000000,negative
FB0002923,TK0006398,R019939,4,2026-04-26 08:43:48.000000000,positive
FB0002924,TK0006399,R022343,5,2026-06-21 22:56:25.000000000,positive
FB0002925,TK0006400,R014267,3,2026-01-24 10:01:59.000000000,neutral
FB0002926,TK0006401,R024319,2,2026-01-12 15:44:36.000000000,negative
FB0002927,TK0006402,R023678,4,2026-03-26 13:23:26.000000000,positive
FB0002928,TK0006403,R019875,2,2026-06-27 00:52:08.000000000,negative
FB0002929,TK0006404,R011497,5,2026-06-16 23:27:48.000000000,positive
FB0002930,TK0006405,R020996,3,2026-03-18 01:51:52.000000000,neutral
FB0002931,TK0006412,R019633,4,2026-03-19 16:06:01.000000000,positive
FB0002932,TK0006415,R002473,3,2026-05-08 02:14:34.000000000,neutral
FB0002933,TK0006416,R005632,3,2026-05-06 05:39:42.000000000,neutral
FB0002934,TK0006418,R022630,4,2026-05-10 06:57:54.000000000,positive
FB0002935,TK0006425,R019951,4,2026-02-02 17:32:51.000000000,positive
FB0002936,TK0006427,R011419,4,2026-01-05 14:09:45.000000000,positive
FB0002937,TK0006430,R018378,2,2026-01-23 20:23:46.000000000,negative
FB0002938,TK0006433,R023733,4,2026-05-06 10:41:14.000000000,positive
FB0002939,TK0006435,R008542,3,2026-04-08 22:20:46.000000000,neutral
FB0002940,TK0006436,R018260,2,2026-02-28 06:13:57.000000000,negative
FB0002941,TK0006437,R006834,2,2026-02-05 03:37:55.000000000,negative
FB0002942,TK0006438,R006475,2,2026-01-09 06:10:09.000000000,negative
FB0002943,TK0006441,R007278,3,2026-04-09 23:34:14.000000000,neutral
FB0002944,TK0006443,R017831,2,2026-02-11 12:31:12.000000000,negative
FB0002945,TK0006446,R000117,4,2026-05-28 13:22:58.000000000,positive
FB0002946,TK0006447,R018398,3,2026-01-12 21:31:53.000000000,neutral
FB0002947,TK0006448,R012240,4,2026-01-15 18:08:26.000000000,positive
FB0002948,TK0006450,R011031,4,2026-02-18 18:17:24.000000000,positive
FB0002949,TK0006454,R008304,3,2026-01-07 03:42:34.000000000,neutral
FB0002950,TK0006456,R022618,2,2026-03-11 22:44:31.000000000,negative
FB0002951,TK0006463,R008079,1,2026-04-15 18:08:46.000000000,negative
FB0002952,TK0006464,R019221,2,2026-06-17 04:02:00.000000000,negative
FB0002953,TK0006466,R024550,3,2026-06-05 06:35:32.000000000,neutral
FB0002954,TK0006471,R024090,3,2026-04-02 05:45:25.000000000,neutral
FB0002955,TK0006472,R016793,5,2026-05-11 14:56:51.000000000,positive
FB0002956,TK0006474,R019754,2,2026-02-14 03:36:08.000000000,negative
FB0002957,TK0006476,R007703,4,2026-04-16 12:12:11.000000000,positive
FB0002958,TK0006477,R011064,3,2026-05-08 01:34:37.000000000,neutral
FB0002959,TK0006478,R019012,2,2026-01-16 16:10:22.000000000,negative
FB0002960,TK0006479,R007311,3,2026-04-28 23:59:35.000000000,neutral
FB0002961,TK0006481,R007005,3,2026-03-28 19:10:03.000000000,neutral
FB0002962,TK0006485,R011524,3,2026-01-03 10:46:28.000000000,neutral
FB0002963,TK0006488,R018192,4,2026-02-21 16:01:09.000000000,positive
FB0002964,TK0006490,R015037,2,2026-01-30 19:03:39.000000000,negative
FB0002965,TK0006491,R024113,5,2026-06-03 15:45:07.000000000,positive
FB0002966,TK0006493,R011882,4,2026-02-03 09:09:05.000000000,positive
FB0002967,TK0006494,R024913,4,2026-02-04 21:31:28.000000000,positive
FB0002968,TK0006495,R010636,2,2026-05-22 20:35:32.000000000,negative
FB0002969,TK0006496,R001353,2,2026-01-03 02:34:12.000000000,negative
FB0002970,TK0006498,R012064,5,2026-04-07 03:18:10.000000000,positive
FB0002971,TK0006500,R004930,3,2026-04-25 04:39:36.000000000,neutral
FB0002972,TK0006505,R003315,2,2026-03-08 04:27:26.000000000,negative
FB0002973,TK0006507,R006227,1,2026-04-30 03:08:18.000000000,negative
FB0002974,TK0006511,R019202,2,2026-05-05 07:23:19.000000000,negative
FB0002975,TK0006513,R007107,5,2026-01-07 13:29:13.000000000,positive
FB0002976,TK0006514,R020762,3,2026-04-20 11:13:04.000000000,neutral
FB0002977,TK0006515,R003319,3,2026-03-02 08:51:43.000000000,neutral
FB0002978,TK0006517,R014611,1,2026-06-15 16:30:44.000000000,negative
FB0002979,TK0006518,R006046,3,2026-02-26 07:30:45.000000000,neutral
FB0002980,TK0006519,R010886,4,2026-04-03 07:48:29.000000000,positive
FB0002981,TK0006522,R016879,2,2026-01-05 21:37:02.000000000,negative
FB0002982,TK0006526,R018779,3,2026-05-11 21:25:29.000000000,neutral
FB0002983,TK0006528,R002760,4,2026-04-12 15:37:05.000000000,positive
FB0002984,TK0006532,R010719,2,2026-02-16 09:20:44.000000000,negative
FB0002985,TK0006533,R019829,2,2026-06-24 03:15:24.000000000,negative
FB0002986,TK0006536,R010373,1,2026-04-09 22:27:11.000000000,negative
FB0002987,TK0006538,R022464,2,2026-01-28 09:36:49.000000000,negative
FB0002988,TK0006541,R011941,3,2026-03-07 20:17:39.000000000,neutral
FB0002989,TK0006542,R018537,4,2026-05-31 22:44:31.000000000,positive
FB0002990,TK0006547,R019950,2,2026-04-05 01:58:29.000000000,negative
FB0002991,TK0006548,R001648,2,2026-05-13 23:13:44.000000000,negative
FB0002992,TK0006550,R019942,2,2026-04-24 14:13:57.000000000,negative
FB0002993,TK0006551,R004907,6,2026-05-29 10:16:30.000000000,positive
FB0002994,TK0006553,R023086,4,2026-04-03 01:12:08.000000000,positive
FB0002995,TK0006555,R015424,1,2026-02-16 18:29:05.000000000,negative
FB0002996,TK0006556,R021819,5,2026-05-27 23:01:51.000000000,positive
FB0002997,TK0006558,R024589,3,2026-05-18 00:21:34.000000000,neutral
FB0002998,TK0006560,R011674,4,2026-06-21 09:35:03.000000000,positive
FB0002999,TK0006562,R010507,2,2026-03-22 20:12:02.000000000,negative
FB0003000,TK0006564,R013806,2,2026-02-14 23:27:03.000000000,negative
FB0003001,TK0006568,R001751,3,2026-03-30 21:50:49.000000000,neutral
FB0003002,TK0006569,R010953,3,2026-04-30 00:35:18.000000000,neutral
FB0003003,TK0006570,R015571,3,2026-01-18 13:53:56.000000000,neutral
FB0003004,TK0006573,R002059,1,2026-04-14 22:44:04.000000000,negative
FB0003005,TK0006574,R014357,2,2026-03-24 16:05:07.000000000,negative
FB0003006,TK0006576,R001775,3,2026-02-15 04:14:28.000000000,neutral
FB0003007,TK0006578,R013545,4,2026-06-12 09:09:59.000000000,positive
FB0003008,TK0006579,R017463,5,2026-01-01 15:53:27.000000000,positive
FB0003009,TK0006580,R022821,3,2026-02-10 04:08:35.000000000,neutral
FB0003010,TK0006581,R019408,4,2026-04-02 23:47:35.000000000,positive
FB0003011,TK0006583,R014088,3,2026-02-15 10:26:01.000000000,neutral
FB0003012,TK0006584,R013806,4,2026-06-04 20:50:42.000000000,positive
FB0003013,TK0006586,R010014,4,2026-03-06 15:57:51.000000000,positive
FB0003014,TK0006587,R005503,3,2026-06-13 01:28:16.000000000,neutral
FB0003015,TK0006590,R016037,3,2026-06-26 09:28:43.000000000,neutral
FB0003016,TK0006596,R014379,3,2026-05-11 18:44:28.000000000,neutral
FB0003017,TK0006597,R014471,4,2026-06-23 19:26:30.000000000,positive
FB0003018,TK0006599,R021130,2,2026-03-26 08:34:15.000000000,negative
FB0003019,TK0006600,R007455,2,2026-01-02 08:13:27.000000000,negative
FB0003020,TK0006601,R005500,2,2026-05-02 20:34:44.000000000,negative
FB0003021,TK0006603,R004933,2,2026-03-01 15:56:35.000000000,negative
FB0003022,TK0006607,R018217,4,2026-02-11 16:11:21.000000000,positive
FB0003023,TK0006609,R007865,2,2026-06-10 22:32:55.000000000,negative
FB0003024,TK0006611,R008571,5,2026-01-23 21:36:05.000000000,positive
FB0003025,TK0006612,R023138,2,2026-05-08 05:43:41.000000000,negative
FB0003026,TK0006613,R002007,4,2026-02-03 11:01:02.000000000,positive
FB0003027,TK0006616,R000359,4,2026-03-06 07:02:14.000000000,positive
FB0003028,TK0006617,R004123,5,2026-01-09 02:54:27.000000000,positive
FB0003029,TK0006622,R022564,5,2026-01-17 11:50:46.000000000,positive
FB0003030,TK0006623,R010329,5,2026-06-01 12:32:32.000000000,positive
FB0003031,TK0006625,R002247,1,2026-03-30 02:16:22.000000000,negative
FB0003032,TK0006628,R023268,2,2026-06-30 02:42:38.000000000,negative
FB0003033,TK0006629,R003487,5,2026-05-03 04:20:09.000000000,positive
FB0003034,TK0006631,R023935,4,2026-04-23 06:58:09.000000000,positive
FB0003035,TK0006633,R014875,4,2026-04-09 08:27:01.000000000,positive
FB0003036,TK0006636,R006946,4,2026-02-28 23:47:51.000000000,positive
FB0003037,TK0006637,R011366,4,2026-05-21 05:39:40.000000000,positive
FB0003038,TK0006639,R019422,2,2026-05-29 12:24:56.000000000,negative
FB0003039,TK0006640,R015284,2,2026-05-10 12:16:37.000000000,negative
FB0003040,TK0006644,R003345,3,2026-04-12 08:15:28.000000000,neutral
FB0003041,TK0006647,R021026,5,2026-05-28 17:00:01.000000000,positive
FB0003042,TK0006649,R003294,2,2026-01-17 08:38:05.000000000,negative
FB0003043,TK0006650,R022409,1,2026-04-09 10:18:38.000000000,negative
FB0003044,TK0006654,R011676,3,2026-05-01 07:27:11.000000000,neutral
FB0003045,TK0006656,R002963,2,2026-02-20 13:36:02.000000000,negative
FB0003046,TK0006659,R011551,3,2026-04-18 11:53:13.000000000,neutral
FB0003047,TK0006663,R003469,2,2026-02-10 02:22:26.000000000,negative
FB0003048,TK0006664,R019322,4,2026-04-26 21:05:10.000000000,positive
FB0003049,TK0006667,R012600,4,2026-03-09 07:26:25.000000000,positive
FB0003050,TK0006668,R012610,4,2026-03-07 15:53:54.000000000,positive
FB0003051,TK0006671,R021854,1,2026-06-14 02:08:14.000000000,negative
FB0003052,TK0006672,R006899,5,2026-06-26 13:12:02.000000000,positive
FB0003053,TK0006675,R004713,4,2026-03-17 23:26:04.000000000,positive
FB0003054,TK0006676,R023311,3,2026-04-17 08:09:17.000000000,neutral
FB0003055,TK0006680,R018629,3,2026-03-30 13:47:36.000000000,neutral
FB0003056,TK0006681,R010896,4,2026-02-01 16:53:15.000000000,positive
FB0003057,TK0006684,R004645,3,2026-02-05 07:20:03.000000000,neutral
FB0003058,TK0006685,R001964,2,2026-06-16 02:38:54.000000000,negative
FB0003059,TK0006689,R009792,4,2026-06-27 09:38:41.000000000,positive
FB0003060,TK0006691,R016874,4,2026-05-30 22:21:05.000000000,positive
FB0003061,TK0006695,R007282,4,2026-01-20 04:59:17.000000000,positive
FB0003062,TK0006697,R003409,5,2026-03-28 12:16:11.000000000,positive
FB0003063,TK0006698,R008893,3,2026-06-30 00:13:21.000000000,neutral
FB0003064,TK0006702,R014383,4,2026-04-05 04:29:48.000000000,positive
FB0003065,TK0006706,R016132,4,2026-04-09 15:28:35.000000000,positive
FB0003066,TK0006707,R019369,1,2026-02-19 12:00:46.000000000,negative
FB0003067,TK0006709,R009517,3,2026-02-16 15:39:08.000000000,neutral
FB0003068,TK0006711,R016636,4,2026-05-18 05:34:40.000000000,positive
FB0003069,TK0006712,R012246,4,2026-06-23 22:06:47.000000000,positive
FB0003070,TK0006715,R016461,4,2026-03-20 22:59:44.000000000,positive
FB0003071,TK0006716,R021201,2,2026-05-23 02:05:41.000000000,negative
FB0003072,TK0006720,R014712,2,2026-03-18 20:40:24.000000000,negative
FB0003073,TK0006722,R002569,4,2026-02-04 03:21:10.000000000,positive
FB0003074,TK0006723,R009103,2,2026-03-20 18:11:07.000000000,negative
FB0003075,TK0006729,R010024,3,2026-03-19 11:23:36.000000000,neutral
FB0003076,TK0006733,R005045,4,2026-01-23 18:35:53.000000000,positive
FB0003077,TK0006739,R007162,3,2026-01-08 06:43:54.000000000,neutral
FB0003078,TK0006743,R006676,2,2026-03-28 21:21:13.000000000,negative
FB0003079,TK0006744,R019035,3,2026-01-11 13:33:45.000000000,neutral
FB0003080,TK0006745,R023376,2,2026-01-17 18:06:13.000000000,negative
FB0003081,TK0006746,R023877,4,2026-01-15 09:56:35.000000000,positive
FB0003082,TK0006749,R001350,3,2026-06-27 17:08:58.000000000,neutral
FB0003083,TK0006752,R021340,2,2026-03-18 23:31:55.000000000,negative
FB0003084,TK0006753,R021036,1,2026-02-17 02:55:51.000000000,negative
FB0003085,TK0006758,R023355,2,2026-02-07 14:02:12.000000000,negative
FB0003086,TK0006759,R018236,1,2026-01-27 16:13:09.000000000,negative
FB0003087,TK0006767,R003676,2,2026-01-12 22:13:27.000000000,negative
FB0003088,TK0006768,R011188,2,2026-06-16 12:18:03.000000000,negative
FB0003089,TK0006769,R014304,1,2026-04-28 18:12:51.000000000,negative
FB0003090,TK0006772,R014643,3,2026-01-09 02:21:47.000000000,neutral
FB0003091,TK0006774,R003605,3,2026-01-19 18:32:43.000000000,neutral
FB0003092,TK0006777,R010406,3,2026-07-01 09:13:47.000000000,neutral
FB0003093,TK0006781,R016118,5,2026-02-17 15:51:24.000000000,positive
FB0003094,TK0006786,R018368,2,2026-03-16 08:15:24.000000000,negative
FB0003095,TK0006787,R001214,4,2026-05-12 02:49:17.000000000,positive
FB0003096,TK0006788,R013232,2,2026-01-04 15:07:15.000000000,negative
FB0003097,TK0006790,R011927,3,2026-02-12 08:46:04.000000000,neutral
FB0003098,TK0006791,R019377,3,2026-05-16 11:22:04.000000000,neutral
FB0003099,TK0006792,R017155,5,2026-02-04 15:52:46.000000000,positive
FB0003100,TK0006796,R005587,3,2026-01-13 21:40:37.000000000,neutral
FB0003101,TK0006797,R016776,5,2026-02-19 18:54:24.000000000,positive
FB0003102,TK0006800,R015800,4,2026-06-29 18:11:07.000000000,positive
FB0003103,TK0006803,R000094,3,2026-06-21 17:44:21.000000000,neutral
FB0003104,TK0006804,R000657,3,2026-01-15 23:27:10.000000000,neutral
FB0003105,TK0006805,R021808,3,2026-01-13 09:07:27.000000000,neutral
FB0003106,TK0006806,R024843,3,2026-06-22 20:05:53.000000000,neutral
FB0003107,TK0006811,R014438,2,2026-05-10 07:30:38.000000000,negative
FB0003108,TK0006813,R007765,2,2026-04-21 14:39:23.000000000,negative
FB0003109,TK0006815,R011548,2,2026-04-08 10:27:59.000000000,negative
FB0003110,TK0006816,R018003,2,2026-05-10 00:07:04.000000000,negative
FB0003111,TK0006817,R009644,4,2026-02-15 01:07:51.000000000,positive
FB0003112,TK0006820,R013427,5,2026-02-27 07:29:18.000000000,positive
FB0003113,TK0006826,R013568,2,2026-01-25 15:59:13.000000000,negative
FB0003114,TK0006830,R024567,5,2026-01-17 10:27:51.000000000,positive
FB0003115,TK0006832,R016927,4,2026-03-02 21:50:13.000000000,positive
FB0003116,TK0006837,R004819,4,2026-01-20 18:07:14.000000000,positive
FB0003117,TK0006839,R022789,2,2026-02-16 14:27:32.000000000,negative
FB0003118,TK0006840,R010548,4,2026-01-11 18:42:36.000000000,positive
FB0003119,TK0006842,R005351,4,2026-05-11 14:07:46.000000000,positive
FB0003120,TK0006843,R016597,2,2026-02-21 05:53:10.000000000,negative
FB0003121,TK0006846,R009849,5,2026-05-18 21:33:51.000000000,positive
FB0003122,TK0006847,R012318,2,2026-06-10 12:56:31.000000000,negative
FB0003123,TK0006850,R020944,3,2026-01-28 17:50:13.000000000,neutral
FB0003124,TK0006852,R010318,4,2026-01-06 09:35:49.000000000,positive
FB0003125,TK0006853,R003666,3,2026-05-01 09:58:06.000000000,neutral
FB0003126,TK0006854,R021948,2,2026-01-29 18:45:24.000000000,negative
FB0003127,TK0006864,R007015,3,2026-04-26 08:49:39.000000000,neutral
FB0003128,TK0006866,R020569,2,2026-03-18 02:52:47.000000000,negative
FB0003129,TK0006869,R009652,3,2026-02-18 08:40:54.000000000,neutral
FB0003130,TK0006876,R003848,3,2026-03-05 19:27:25.000000000,neutral
FB0003131,TK0006878,R004443,2,2026-02-08 06:19:22.000000000,negative
FB0003132,TK0006880,R002229,2,2026-02-15 21:21:18.000000000,negative
FB0003133,TK0006881,R023458,2,2026-02-06 06:36:57.000000000,negative
FB0003134,TK0006882,R013429,3,2026-06-21 02:05:22.000000000,neutral
FB0003135,TK0006883,R015158,3,2026-04-18 05:00:48.000000000,neutral
FB0003136,TK0006885,R022850,2,2026-01-25 06:24:14.000000000,negative
FB0003137,TK0006886,R006144,2,2026-03-01 03:57:46.000000000,negative
FB0003138,TK0006892,R016126,2,2026-03-12 07:59:30.000000000,negative
FB0003139,TK0006893,R013539,2,2026-03-10 01:07:15.000000000,negative
FB0003140,TK0006897,R000545,2,2026-04-03 09:00:26.000000000,negative
FB0003141,TK0006902,R006088,3,2026-03-10 07:15:06.000000000,neutral
FB0003142,TK0006905,R024493,1,2026-05-03 01:23:01.000000000,negative
FB0003143,TK0006908,R005306,3,2026-06-13 20:57:51.000000000,neutral
FB0003144,TK0006913,R012419,5,2026-01-04 06:45:10.000000000,positive
FB0003145,TK0006914,R014880,2,2026-04-04 21:20:06.000000000,negative
FB0003146,TK0006915,R008520,3,2026-05-22 00:13:11.000000000,neutral
FB0003147,TK0006917,R018621,2,2026-05-31 17:09:32.000000000,negative
FB0003148,TK0006918,R011743,4,2026-01-14 21:22:02.000000000,positive
FB0003149,TK0006919,R006027,1,2026-06-14 22:41:38.000000000,negative
FB0003150,TK0006920,R021542,4,2026-05-19 00:02:28.000000000,positive
FB0003151,TK0006921,R016398,3,2026-04-10 04:05:31.000000000,neutral
FB0003152,TK0006923,R014750,4,2026-03-25 16:19:10.000000000,positive
FB0003153,TK0006924,R013591,4,2026-06-28 04:57:43.000000000,positive
FB0003154,TK0006930,R002308,3,2026-02-09 10:46:14.000000000,neutral
FB0003155,TK0006934,R009237,4,2026-06-06 03:41:05.000000000,positive
FB0003156,TK0006941,R014111,3,2026-06-22 13:58:13.000000000,neutral
FB0003157,TK0006942,R007701,3,2026-02-06 03:13:25.000000000,neutral
FB0003158,TK0006945,R006716,4,2026-05-03 19:47:26.000000000,positive
FB0003159,TK0006946,R023645,4,2026-02-09 09:54:24.000000000,positive
FB0003160,TK0006947,R002894,2,2026-04-24 15:00:35.000000000,negative
FB0003161,TK0006952,R000839,4,2026-03-13 09:47:26.000000000,positive
FB0003162,TK0006955,R000963,3,2026-05-24 11:59:30.000000000,neutral
FB0003163,TK0006956,R022135,3,2026-02-13 20:20:17.000000000,neutral
FB0003164,TK0006957,R014500,4,2026-01-27 14:32:18.000000000,positive
FB0003165,TK0006960,R013845,2,2026-04-12 22:46:06.000000000,negative
FB0003166,TK0006961,R005389,2,2026-04-13 17:09:06.000000000,negative
FB0003167,TK0006962,R004021,3,2026-06-27 02:05:53.000000000,neutral
FB0003168,TK0006963,R008939,3,2026-05-25 16:08:35.000000000,neutral
FB0003169,TK0006964,R009868,2,2026-06-24 11:30:31.000000000,negative
FB0003170,TK0006965,R022510,3,2026-04-24 13:13:31.000000000,neutral
FB0003171,TK0006968,R018589,1,2026-06-13 23:25:15.000000000,negative
FB0003172,TK0006971,R006208,3,2026-04-28 14:41:44.000000000,neutral
FB0003173,TK0006973,R002906,2,2026-02-18 10:45:45.000000000,negative
FB0003174,TK0006978,R011209,4,2026-05-17 16:53:24.000000000,positive
FB0003175,TK0006982,R000919,2,2026-05-22 15:09:16.000000000,negative
FB0003176,TK0006984,R014981,5,2026-03-01 17:21:13.000000000,positive
FB0003177,TK0006985,R024172,1,2026-05-12 07:56:54.000000000,negative
FB0003178,TK0006986,R009416,4,2026-01-28 22:26:12.000000000,positive
FB0003179,TK0006988,R011582,5,2026-06-13 12:58:38.000000000,positive
FB0003180,TK0006990,R017205,4,2026-02-11 23:03:28.000000000,positive
FB0003181,TK0006992,R024379,5,2026-03-21 17:43:27.000000000,positive
FB0003182,TK0006994,R022066,3,2026-01-29 00:44:19.000000000,neutral
FB0003183,TK0006995,R011716,4,2026-04-17 17:40:19.000000000,positive
FB0003184,TK0006996,R020247,4,2026-01-08 15:28:49.000000000,positive
FB0003185,TK0006998,R014445,5,2026-05-12 21:28:51.000000000,positive
FB0003186,TK0007001,R003816,2,2026-03-01 21:02:56.000000000,negative
FB0003187,TK0007002,R000455,3,2026-05-09 10:46:03.000000000,neutral
FB0003188,TK0007004,R015915,3,2026-02-09 21:13:20.000000000,neutral
FB0003189,TK0007005,R014910,2,2026-04-07 23:08:08.000000000,negative
FB0003190,TK0007009,R016511,4,2026-04-19 16:22:15.000000000,positive
FB0003191,TK0007010,R007029,4,2026-02-11 02:07:38.000000000,positive
FB0003192,TK0007011,R019835,4,2026-02-12 06:52:03.000000000,positive
FB0003193,TK0007012,R012196,2,2026-05-26 01:17:25.000000000,negative
FB0003194,TK0007014,R002950,3,2026-06-09 09:20:08.000000000,neutral
FB0003195,TK0007015,R002028,3,2026-03-23 22:08:19.000000000,neutral
FB0003196,TK0007017,R001636,3,2026-03-20 23:47:17.000000000,neutral
FB0003197,TK0007018,R012811,2,2026-02-25 03:44:12.000000000,negative
FB0003198,TK0007021,R024502,4,2026-02-08 05:45:38.000000000,positive
FB0003199,TK0007022,R000554,5,2026-04-07 17:58:18.000000000,positive
FB0003200,TK0007023,R000979,3,2026-03-18 16:52:38.000000000,neutral
FB0003201,TK0007024,R023960,4,2026-03-13 22:33:12.000000000,positive
FB0003202,TK0007025,R019845,5,2026-03-08 18:34:14.000000000,positive
FB0003203,TK0007029,R010922,4,2026-05-25 19:20:36.000000000,positive
FB0003204,TK0007030,R004628,3,2026-01-02 13:32:16.000000000,neutral
FB0003205,TK0007032,R022682,3,2026-04-17 06:52:49.000000000,neutral
FB0003206,TK0007034,R005472,3,2026-04-25 22:23:02.000000000,neutral
FB0003207,TK0007035,R006143,3,2026-03-07 07:19:42.000000000,neutral
FB0003208,TK0007039,R003439,4,2026-01-23 07:57:51.000000000,positive
FB0003209,TK0007042,R007816,3,2026-03-21 22:49:39.000000000,neutral
FB0003210,TK0007045,R023147,3,2026-01-11 22:03:57.000000000,neutral
FB0003211,TK0007047,R023107,2,2026-05-25 17:05:12.000000000,negative
FB0003212,TK0007049,R001775,2,2026-02-20 22:02:21.000000000,negative
FB0003213,TK0007050,R008139,3,2026-05-28 20:26:25.000000000,neutral
FB0003214,TK0007052,R018107,2,2026-02-20 10:16:58.000000000,negative
FB0003215,TK0007056,R003932,5,2026-05-29 18:30:02.000000000,positive
FB0003216,TK0007059,R015639,3,2026-04-01 12:40:36.000000000,neutral
FB0003217,TK0007062,R022563,2,2026-01-15 20:54:21.000000000,negative
FB0003218,TK0007063,R002545,3,2026-02-04 12:24:11.000000000,neutral
FB0003219,TK0007064,R010717,2,2026-02-23 06:01:20.000000000,negative
FB0003220,TK0007065,R006235,3,2026-05-20 21:08:05.000000000,neutral
FB0003221,TK0007067,R021938,5,2026-06-03 23:46:38.000000000,positive
FB0003222,TK0007069,R010555,5,2026-05-27 05:53:04.000000000,positive
FB0003223,TK0007071,R002825,2,2026-02-13 03:12:20.000000000,negative
FB0003224,TK0007074,R016963,4,2026-01-10 14:34:29.000000000,positive
FB0003225,TK0007075,R024551,3,2026-01-10 20:44:07.000000000,neutral
FB0003226,TK0007077,R018009,4,2026-06-08 12:57:14.000000000,positive
FB0003227,TK0007079,R016934,3,2026-06-19 16:21:13.000000000,neutral
FB0003228,TK0007080,R024399,4,2026-03-30 03:33:44.000000000,positive
FB0003229,TK0007082,R000055,1,2026-02-01 06:38:53.000000000,negative
FB0003230,TK0007083,R009096,2,2026-06-23 12:34:22.000000000,negative
FB0003231,TK0007086,R007372,5,2026-01-24 16:00:31.000000000,positive
FB0003232,TK0007087,R019136,3,2026-05-12 14:36:33.000000000,neutral
FB0003233,TK0007088,R006606,2,2026-04-19 03:54:49.000000000,negative
FB0003234,TK0007091,R012832,3,2026-04-16 19:30:58.000000000,neutral
FB0003235,TK0007095,R010681,4,2026-06-18 13:03:54.000000000,positive
FB0003236,TK0007101,R022980,3,2026-04-22 03:47:26.000000000,neutral
FB0003237,TK0007102,R020535,5,2026-03-20 08:16:50.000000000,positive
FB0003238,TK0007104,R002823,2,2026-02-15 12:12:30.000000000,negative
FB0003239,TK0007109,R020279,2,2026-01-31 21:43:14.000000000,negative
FB0003240,TK0007111,R021031,2,2026-06-22 01:00:00.000000000,negative
FB0003241,TK0007112,R002890,1,2026-04-11 03:31:44.000000000,negative
FB0003242,TK0007113,R004333,5,2026-04-15 00:58:21.000000000,positive
FB0003243,TK0007114,R008554,2,2026-04-03 00:50:07.000000000,negative
FB0003244,TK0007115,R003649,4,2026-06-21 14:20:55.000000000,positive
FB0003245,TK0007125,R012085,5,2026-03-11 16:56:43.000000000,positive
FB0003246,TK0007126,R014245,4,2026-04-29 11:22:44.000000000,positive
FB0003247,TK0007127,R002841,3,2026-01-09 18:12:59.000000000,neutral
FB0003248,TK0007129,R006575,3,2026-06-15 22:55:02.000000000,neutral
FB0003249,TK0007131,R019313,4,2026-05-07 01:38:33.000000000,positive
FB0003250,TK0007133,R023643,3,2026-02-11 10:37:59.000000000,neutral
FB0003251,TK0007134,R017954,5,2026-06-30 09:01:18.000000000,positive
FB0003252,TK0007140,R000733,4,2026-06-25 19:42:49.000000000,positive
FB0003253,TK0007141,R021527,3,2026-04-05 22:39:21.000000000,neutral
FB0003254,TK0007142,R014559,5,2026-06-10 10:23:41.000000000,positive
FB0003255,TK0007145,R024473,3,2026-05-16 18:54:56.000000000,neutral
FB0003256,TK0007146,R024016,3,2026-05-16 22:49:09.000000000,neutral
FB0003257,TK0007147,R009645,2,2026-05-17 11:24:58.000000000,negative
FB0003258,TK0007148,R012060,2,2026-01-06 19:02:07.000000000,negative
FB0003259,TK0007150,R012075,4,2026-06-23 20:31:54.000000000,positive
FB0003260,TK0007151,R004479,5,2026-03-26 20:28:37.000000000,positive
FB0003261,TK0007153,R017035,3,2026-03-05 02:41:27.000000000,neutral
FB0003262,TK0007156,R003046,2,2026-06-16 00:35:03.000000000,negative
FB0003263,TK0007158,R024930,4,2026-06-01 22:02:12.000000000,positive
FB0003264,TK0007159,R018020,4,2026-02-24 09:54:41.000000000,positive
FB0003265,TK0007160,R021390,1,2026-05-22 11:18:02.000000000,negative
FB0003266,TK0007163,R007989,1,2026-02-01 19:41:04.000000000,negative
FB0003267,TK0007165,R018943,3,2026-06-23 04:51:14.000000000,neutral
FB0003268,TK0007167,R023382,2,2026-02-09 16:00:36.000000000,negative
FB0003269,TK0007168,R004701,3,2026-01-21 06:32:14.000000000,neutral
FB0003270,TK0007169,R011530,4,2026-05-31 21:49:11.000000000,positive
FB0003271,TK0007170,R001848,4,2026-03-05 07:04:30.000000000,positive
FB0003272,TK0007171,R012255,4,2026-06-21 21:45:09.000000000,positive
FB0003273,TK0007174,R007236,3,2026-03-01 22:15:09.000000000,neutral
FB0003274,TK0007175,R006121,2,2026-05-07 04:46:09.000000000,negative
FB0003275,TK0007182,R005965,3,2026-04-30 12:42:56.000000000,neutral
FB0003276,TK0007183,R017236,2,2026-06-18 01:44:28.000000000,negative
FB0003277,TK0007184,R019803,3,2026-03-23 07:30:27.000000000,neutral
FB0003278,TK0007187,R006214,3,2026-02-14 05:09:09.000000000,neutral
FB0003279,TK0007192,R015427,5,2026-06-01 03:36:09.000000000,positive
FB0003280,TK0007195,R019291,2,2026-06-29 20:34:09.000000000,negative
FB0003281,TK0007196,R021748,1,2026-04-20 05:31:57.000000000,negative
FB0003282,TK0007201,R019274,5,2026-05-02 08:27:15.000000000,positive
FB0003283,TK0007204,R000439,4,2026-06-10 13:41:52.000000000,positive
FB0003284,TK0007205,R005199,3,2026-06-01 06:26:14.000000000,neutral
FB0003285,TK0007206,R003197,2,2026-03-05 21:58:43.000000000,negative
FB0003286,TK0007210,R013020,5,2026-05-20 09:17:23.000000000,positive
FB0003287,TK0007211,R003862,2,2026-05-07 07:50:00.000000000,negative
FB0003288,TK0007212,R021980,4,2026-01-03 10:09:57.000000000,positive
FB0003289,TK0007216,R010540,3,2026-05-06 00:57:28.000000000,neutral
FB0003290,TK0007219,R006866,2,2026-01-18 01:07:23.000000000,negative
FB0003291,TK0007220,R023224,2,2026-05-07 16:05:53.000000000,negative
FB0003292,TK0007221,R000483,3,2026-02-25 15:32:29.000000000,neutral
FB0003293,TK0007223,R004791,3,2026-04-10 01:23:41.000000000,neutral
FB0003294,TK0007228,R018377,5,2026-05-06 02:34:56.000000000,positive
FB0003295,TK0007229,R008655,3,2026-04-09 14:28:48.000000000,neutral
FB0003296,TK0007230,R016449,5,2026-05-18 23:11:26.000000000,positive
FB0003297,TK0007232,R016012,3,2026-06-06 05:43:39.000000000,neutral
FB0003298,TK0007233,R002251,1,2026-05-16 00:05:50.000000000,negative
FB0003299,TK0007234,R020002,2,2026-06-14 23:21:36.000000000,negative
FB0003300,TK0007235,R013797,3,2026-05-09 21:41:05.000000000,neutral
FB0003301,TK0007238,R014153,2,2026-03-19 20:32:55.000000000,negative
FB0003302,TK0007239,R011013,2,2026-03-31 16:11:27.000000000,negative
FB0003303,TK0007240,R005993,4,2026-06-24 14:54:28.000000000,positive
FB0003304,TK0007241,R024635,4,2026-02-16 04:19:13.000000000,positive
FB0003305,TK0007245,R008456,2,2026-02-25 02:10:28.000000000,negative
FB0003306,TK0007247,R013555,4,2026-02-06 14:19:16.000000000,positive
FB0003307,TK0007248,R009919,4,2026-02-17 15:02:35.000000000,positive
FB0003308,TK0007249,R020239,3,2026-02-08 22:24:39.000000000,neutral
FB0003309,TK0007250,R002945,1,2026-04-01 12:23:57.000000000,negative
FB0003310,TK0007253,R019612,2,2026-03-12 00:15:00.000000000,negative
FB0003311,TK0007254,R021480,5,2026-04-09 03:33:24.000000000,positive
FB0003312,TK0007255,R014382,2,2026-01-07 08:47:08.000000000,negative
FB0003313,TK0007258,R003439,3,2026-04-18 08:21:51.000000000,neutral
FB0003314,TK0007260,R017008,4,2026-05-15 10:40:17.000000000,positive
FB0003315,TK0007263,R023268,2,2026-04-06 11:45:07.000000000,negative
FB0003316,TK0007266,R001204,4,2026-04-26 04:33:26.000000000,positive
FB0003317,TK0007267,R007455,2,2026-05-16 01:07:22.000000000,negative
FB0003318,TK0007275,R011370,2,2026-02-17 05:57:11.000000000,negative
FB0003319,TK0007276,R016272,2,2026-02-15 14:21:37.000000000,negative
FB0003320,TK0007279,R011092,4,2026-06-06 19:34:02.000000000,positive
FB0003321,TK0007280,R012183,3,2026-06-16 20:14:25.000000000,neutral
FB0003322,TK0007281,R000752,2,2026-02-26 18:00:50.000000000,negative
FB0003323,TK0007287,R021912,3,2026-06-12 22:46:00.000000000,neutral
FB0003324,TK0007288,R004193,4,2026-03-09 07:14:30.000000000,positive
FB0003325,TK0007292,R020458,4,2026-06-16 07:05:34.000000000,positive
FB0003326,TK0007293,R010795,4,2026-02-21 23:18:59.000000000,positive
FB0003327,TK0007297,R010882,2,2026-02-07 08:31:01.000000000,negative
FB0003328,TK0007301,R004753,3,2026-02-07 08:08:44.000000000,neutral
FB0003329,TK0007303,R002161,3,2026-01-18 18:49:35.000000000,neutral
FB0003330,TK0007306,R005613,3,2026-05-22 13:21:43.000000000,neutral
FB0003331,TK0007308,R014619,4,2026-03-03 16:12:24.000000000,positive
FB0003332,TK0007309,R006722,4,2026-01-30 16:26:57.000000000,positive
FB0003333,TK0007310,R014081,4,2026-04-16 12:39:56.000000000,positive
FB0003334,TK0007311,R004732,2,2026-03-14 11:45:47.000000000,negative
FB0003335,TK0007312,R013078,3,2026-01-27 08:27:42.000000000,neutral
FB0003336,TK0007313,R003974,3,2026-01-19 06:45:35.000000000,neutral
FB0003337,TK0007316,R024033,3,2026-03-04 14:48:46.000000000,neutral
FB0003338,TK0007318,R018694,5,2026-02-11 10:34:32.000000000,positive
FB0003339,TK0007322,R021978,1,2026-02-18 05:27:05.000000000,negative
FB0003340,TK0007323,R010434,3,2026-06-21 20:02:58.000000000,neutral
FB0003341,TK0007324,R005568,3,2026-05-13 15:14:26.000000000,neutral
FB0003342,TK0007325,R002831,2,2026-03-11 01:56:50.000000000,negative
FB0003343,TK0007330,R009129,3,2026-06-24 05:07:06.000000000,neutral
FB0003344,TK0007331,R007976,3,2026-03-04 04:06:06.000000000,neutral
FB0003345,TK0007332,R009950,3,2026-06-15 17:27:23.000000000,neutral
FB0003346,TK0007334,R001249,4,2026-06-23 23:18:04.000000000,positive
FB0003347,TK0007339,R006003,2,2026-02-11 22:16:48.000000000,negative
FB0003348,TK0007341,R002960,2,2026-02-02 06:08:01.000000000,negative
FB0003349,TK0007342,R023287,4,2026-03-14 09:36:23.000000000,positive
FB0003350,TK0007345,R014898,2,2026-04-29 06:48:20.000000000,negative
FB0003351,TK0007346,R007909,4,2026-03-23 07:38:00.000000000,positive
FB0003352,TK0007348,R015336,3,2026-04-14 17:19:14.000000000,neutral
FB0003353,TK0007351,R022844,2,2026-02-08 10:21:48.000000000,negative
FB0003354,TK0007352,R008862,3,2026-05-29 16:13:17.000000000,neutral
FB0003355,TK0007353,R008033,2,2026-05-09 19:15:05.000000000,negative
FB0003356,TK0007356,R016363,4,2026-03-06 08:42:58.000000000,positive
FB0003357,TK0007357,R019798,5,2026-04-08 10:09:37.000000000,positive
FB0003358,TK0007362,R004972,2,2026-05-17 18:38:23.000000000,negative
FB0003359,TK0007364,R013770,3,2026-05-21 15:22:16.000000000,neutral
FB0003360,TK0007367,R021026,4,2026-05-05 20:57:06.000000000,positive
FB0003361,TK0007370,R014271,4,2026-03-09 06:16:00.000000000,positive
FB0003362,TK0007371,R002968,3,2026-04-04 00:59:19.000000000,neutral
FB0003363,TK0007373,R020582,1,2026-06-25 06:52:34.000000000,negative
FB0003364,TK0007383,R002315,3,2026-02-03 04:43:40.000000000,neutral
FB0003365,TK0007385,R007201,1,2026-03-13 11:51:03.000000000,negative
FB0003366,TK0007386,R017423,3,2026-05-03 21:55:08.000000000,neutral
FB0003367,TK0007389,R022667,1,2026-04-28 05:45:38.000000000,negative
FB0003368,TK0007390,R009966,4,2026-06-17 14:22:07.000000000,positive
FB0003369,TK0007393,R019026,5,2026-05-06 08:11:10.000000000,positive
FB0003370,TK0007394,R003803,2,2026-05-29 17:39:05.000000000,negative
FB0003371,TK0007395,R008465,3,2026-06-04 01:38:56.000000000,neutral
FB0003372,TK0007399,R004042,4,2026-06-30 19:45:16.000000000,positive
FB0003373,TK0007400,R015437,5,2026-06-15 22:43:53.000000000,positive
FB0003374,TK0007401,R008698,4,2026-06-25 07:52:07.000000000,positive
FB0003375,TK0007405,R020545,3,2026-02-25 02:46:49.000000000,neutral
FB0003376,TK0007407,R010798,4,2026-01-29 10:36:42.000000000,positive
FB0003377,TK0007409,R023755,2,2026-03-11 05:29:43.000000000,negative
FB0003378,TK0007410,R005775,2,2026-03-13 19:14:44.000000000,negative
FB0003379,TK0007411,R014624,3,2026-06-02 12:43:47.000000000,neutral
FB0003380,TK0007412,R012034,3,2026-02-07 13:16:33.000000000,neutral
FB0003381,TK0007413,R021461,3,2026-04-26 23:00:15.000000000,neutral
FB0003382,TK0007415,R018058,4,2026-05-08 09:24:16.000000000,positive
FB0003383,TK0007416,R013076,3,2026-05-23 16:17:55.000000000,neutral
FB0003384,TK0007419,R014040,3,2026-01-23 00:36:57.000000000,neutral
FB0003385,TK0007420,R009219,3,2026-04-29 15:14:27.000000000,neutral
FB0003386,TK0007424,R009970,2,2026-02-17 14:54:52.000000000,negative
FB0003387,TK0007426,R014908,2,2026-05-18 08:22:11.000000000,negative
FB0003388,TK0007427,R024544,5,2026-02-06 07:13:51.000000000,positive
FB0003389,TK0007429,R024129,2,2026-03-10 07:17:39.000000000,negative
FB0003390,TK0007432,R003647,4,2026-05-05 05:07:55.000000000,positive
FB0003391,TK0007435,R016011,2,2026-03-27 18:48:56.000000000,negative
FB0003392,TK0007436,R000077,4,2026-04-18 10:55:18.000000000,positive
FB0003393,TK0007437,R015833,1,2026-02-18 11:10:58.000000000,negative
FB0003394,TK0007438,R010603,4,2026-05-24 07:58:01.000000000,positive
FB0003395,TK0007440,R009623,4,2026-03-22 21:59:04.000000000,positive
FB0003396,TK0007443,R012880,1,2026-05-25 21:48:40.000000000,negative
FB0003397,TK0007446,R002322,4,2026-03-31 08:02:56.000000000,positive
FB0003398,TK0007453,R000362,2,2026-04-26 17:09:43.000000000,negative
FB0003399,TK0007455,R018324,3,2026-02-08 14:48:50.000000000,neutral
FB0003400,TK0007460,R003355,2,2026-01-09 03:24:28.000000000,negative
FB0003401,TK0007462,R021107,5,2026-01-20 18:06:43.000000000,positive
FB0003402,TK0007465,R003945,2,2026-01-31 13:02:29.000000000,negative
FB0003403,TK0007466,R020727,3,2026-06-18 13:37:38.000000000,neutral
FB0003404,TK0007469,R023020,2,2026-04-01 23:00:38.000000000,negative
FB0003405,TK0007470,R010568,2,2026-05-08 01:56:04.000000000,negative
FB0003406,TK0007471,R007546,4,2026-06-04 17:10:44.000000000,positive
FB0003407,TK0007472,R006738,4,2026-06-12 22:40:39.000000000,positive
FB0003408,TK0007473,R023295,4,2026-04-20 23:45:47.000000000,positive
FB0003409,TK0007476,R007486,4,2026-04-13 01:43:32.000000000,positive
FB0003410,TK0007480,R018168,2,2026-06-17 22:35:40.000000000,negative
FB0003411,TK0007483,R004131,3,2026-06-15 19:59:56.000000000,neutral
FB0003412,TK0007485,R018287,4,2026-05-09 17:23:52.000000000,positive
FB0003413,TK0007486,R012029,2,2026-01-03 23:26:14.000000000,negative
FB0003414,TK0007488,R020103,2,2026-04-02 06:16:29.000000000,negative
FB0003415,TK0007491,R009498,3,2026-02-03 20:13:51.000000000,neutral
FB0003416,TK0007494,R021026,2,2026-02-14 20:13:07.000000000,negative
FB0003417,TK0007495,R000990,3,2026-02-04 07:21:50.000000000,neutral
FB0003418,TK0007497,R000624,3,2026-04-26 07:14:50.000000000,neutral
FB0003419,TK0007498,R024518,5,2026-04-29 20:41:20.000000000,positive
FB0003420,TK0007500,R011869,4,2026-04-17 19:30:26.000000000,positive
FB0003421,TK0007502,R022281,3,2026-05-24 05:37:58.000000000,neutral
FB0003422,TK0007503,R003684,1,2026-06-05 02:42:07.000000000,negative
FB0003423,TK0007504,R003633,2,2026-05-08 11:28:33.000000000,negative
FB0003424,TK0007505,R004597,1,2026-05-18 15:22:38.000000000,negative
FB0003425,TK0007507,R016896,4,2026-03-19 02:24:19.000000000,positive
FB0003426,TK0007509,R012412,3,2026-03-09 09:11:02.000000000,neutral
FB0003427,TK0007514,R023945,3,2026-02-21 12:15:01.000000000,neutral
FB0003428,TK0007516,R010875,3,2026-01-10 22:07:00.000000000,neutral
FB0003429,TK0007519,R024233,1,2026-05-26 16:39:34.000000000,negative
FB0003430,TK0007522,R018627,5,2026-03-10 02:27:30.000000000,positive
FB0003431,TK0007525,R000174,3,2026-05-20 09:57:26.000000000,neutral
FB0003432,TK0007526,R024587,3,2026-01-09 09:03:50.000000000,neutral
FB0003433,TK0007528,R017290,5,2026-04-11 16:51:06.000000000,positive
FB0003434,TK0007529,R015711,4,2026-02-01 05:43:47.000000000,positive
FB0003435,TK0007534,R012331,4,2026-02-19 22:15:46.000000000,positive
FB0003436,TK0007535,R016433,2,2026-02-28 10:51:53.000000000,negative
FB0003437,TK0007536,R008347,4,2026-04-09 01:23:51.000000000,positive
FB0003438,TK0007539,R000389,5,2026-04-21 18:38:33.000000000,positive
FB0003439,TK0007544,R015162,5,2026-04-02 05:12:43.000000000,positive
FB0003440,TK0007546,R005415,3,2026-01-29 09:00:25.000000000,neutral
FB0003441,TK0007548,R007202,2,2026-06-06 20:44:19.000000000,negative
FB0003442,TK0007551,R014613,3,2026-04-22 03:51:54.000000000,neutral
FB0003443,TK0007553,R018133,2,2026-05-14 18:24:36.000000000,negative
FB0003444,TK0007554,R011796,4,2026-04-03 13:36:26.000000000,positive
FB0003445,TK0007555,R018483,3,2026-05-24 00:38:50.000000000,neutral
FB0003446,TK0007558,R009391,1,2026-04-07 12:28:03.000000000,negative
FB0003447,TK0007560,R024324,4,2026-04-01 05:13:08.000000000,positive
FB0003448,TK0007565,R018616,4,2026-06-11 11:51:02.000000000,positive
FB0003449,TK0007571,R017544,4,2026-03-25 16:37:02.000000000,positive
FB0003450,TK0007572,R004982,4,2026-02-22 23:51:42.000000000,positive
FB0003451,TK0007573,R009848,3,2026-04-17 02:46:45.000000000,neutral
FB0003452,TK0007574,R024844,3,2026-03-24 21:11:13.000000000,neutral
FB0003453,TK0007576,R008703,3,2026-06-06 07:18:12.000000000,neutral
FB0003454,TK0007578,R013188,4,2026-06-21 15:55:40.000000000,positive
FB0003455,TK0007579,R020713,3,2026-06-06 16:44:40.000000000,neutral
FB0003456,TK0007581,R007812,4,2026-04-12 00:05:36.000000000,positive
FB0003457,TK0007582,R015122,3,2026-04-28 20:32:58.000000000,neutral
FB0003458,TK0007583,R018582,3,2026-03-27 14:14:24.000000000,neutral
FB0003459,TK0007584,R007194,3,2026-06-28 12:59:06.000000000,neutral
FB0003460,TK0007586,R007887,3,2026-02-10 04:49:08.000000000,neutral
FB0003461,TK0007587,R005716,2,2026-01-11 22:52:33.000000000,negative
FB0003462,TK0007590,R022085,4,2026-05-07 00:38:17.000000000,positive
FB0003463,TK0007593,R019252,3,2026-06-16 01:29:06.000000000,neutral
FB0003464,TK0007595,R013981,2,2026-05-09 21:50:46.000000000,negative
FB0003465,TK0007597,R018814,3,2026-06-17 21:23:44.000000000,neutral
FB0003466,TK0007598,R024658,3,2026-04-25 21:42:02.000000000,neutral
FB0003467,TK0007599,R017292,5,2026-03-13 19:25:19.000000000,positive
FB0003468,TK0007600,R009079,3,2026-02-03 11:12:23.000000000,neutral
FB0003469,TK0007602,R012981,3,2026-03-27 15:23:29.000000000,neutral
FB0003470,TK0007603,R000311,3,2026-02-28 10:00:33.000000000,neutral
FB0003471,TK0007605,R013503,3,2026-04-13 08:07:32.000000000,neutral
FB0003472,TK0007610,R018052,3,2026-01-04 03:25:00.000000000,neutral
FB0003473,TK0007611,R019951,3,2026-05-27 21:40:50.000000000,neutral
FB0003474,TK0007612,R007710,2,2026-03-29 03:08:21.000000000,negative
FB0003475,TK0007614,R011325,2,2026-01-19 19:44:09.000000000,negative
FB0003476,TK0007617,R000329,2,2026-06-06 15:56:01.000000000,negative
FB0003477,TK0007618,R010489,4,2026-05-01 00:37:46.000000000,positive
FB0003478,TK0007620,R007572,2,2026-05-20 04:38:23.000000000,negative
FB0003479,TK0007624,R000379,3,2026-03-03 16:40:28.000000000,neutral
FB0003480,TK0007625,R017337,3,2026-03-20 08:49:25.000000000,neutral
FB0003481,TK0007626,R018287,4,2026-05-11 06:05:50.000000000,positive
FB0003482,TK0007627,R015169,5,2026-02-11 06:02:41.000000000,positive
FB0003483,TK0007632,R008906,3,2026-06-19 17:25:13.000000000,neutral
FB0003484,TK0007634,R024047,1,2026-04-29 14:07:13.000000000,negative
FB0003485,TK0007637,R005244,3,2026-06-10 22:47:36.000000000,neutral
FB0003486,TK0007638,R015224,3,2026-06-04 09:19:05.000000000,neutral
FB0003487,TK0007639,R004146,1,2026-05-26 16:37:54.000000000,negative
FB0003488,TK0007644,R013592,1,2026-05-15 22:45:30.000000000,negative
FB0003489,TK0007646,R014139,5,2026-01-30 13:16:44.000000000,positive
FB0003490,TK0007647,R020422,3,2026-03-03 02:34:44.000000000,neutral
FB0003491,TK0007648,R000687,5,2026-06-05 10:44:39.000000000,positive
FB0003492,TK0007649,R001641,5,2026-05-21 20:36:13.000000000,positive
FB0003493,TK0007651,R020467,3,2026-04-27 19:48:53.000000000,neutral
FB0003494,TK0007652,R012081,3,2026-06-17 16:05:48.000000000,neutral
FB0003495,TK0007656,R017474,2,2026-02-10 11:48:54.000000000,negative
FB0003496,TK0007657,R007349,3,2026-01-04 13:49:29.000000000,neutral
FB0003497,TK0007660,R017737,4,2026-06-23 17:24:13.000000000,positive
FB0003498,TK0007661,R001338,3,2026-05-30 08:00:48.000000000,neutral
FB0003499,TK0007662,R015919,3,2026-01-24 16:59:48.000000000,neutral
FB0003500,TK0007663,R001070,2,2026-02-06 09:02:19.000000000,negative
FB0003501,TK0007664,R013885,4,2026-04-30 10:59:06.000000000,positive
FB0003502,TK0007668,R002967,2,2026-03-01 11:24:53.000000000,negative
FB0003503,TK0007673,R022768,3,2026-05-22 16:53:30.000000000,neutral
FB0003504,TK0007674,R003936,2,2026-03-09 05:36:23.000000000,negative
FB0003505,TK0007680,R002344,4,2026-05-23 10:33:07.000000000,positive
FB0003506,TK0007683,R016314,2,2026-02-27 21:09:10.000000000,negative
FB0003507,TK0007684,R011535,3,2026-02-21 06:40:18.000000000,neutral
FB0003508,TK0007685,R009808,2,2026-05-27 19:19:00.000000000,negative
FB0003509,TK0007689,R014301,4,2026-03-31 12:50:28.000000000,positive
FB0003510,TK0007690,R001896,3,2026-02-12 00:54:49.000000000,neutral
FB0003511,TK0007691,R023014,2,2026-02-27 00:59:11.000000000,negative
FB0003512,TK0007693,R024866,2,2026-04-10 16:42:51.000000000,negative
FB0003513,TK0007696,R009827,2,2026-04-19 03:08:43.000000000,negative
FB0003514,TK0007698,R000209,2,2026-05-27 01:46:42.000000000,negative
FB0003515,TK0007702,R011003,5,2026-01-25 19:48:53.000000000,positive
FB0003516,TK0007703,R007923,4,2026-03-06 06:55:54.000000000,positive
FB0003517,TK0007704,R017215,5,2026-04-04 07:10:33.000000000,positive
FB0003518,TK0007705,R004179,4,2026-03-19 03:25:45.000000000,positive
FB0003519,TK0007706,R011941,4,2026-02-10 14:14:32.000000000,positive
FB0003520,TK0007707,R012439,4,2026-04-01 01:38:10.000000000,positive
FB0003521,TK0007708,R021123,5,2026-04-05 02:35:12.000000000,positive
FB0003522,TK0007709,R000422,2,2026-04-18 10:39:43.000000000,negative
FB0003523,TK0007710,R020279,2,2026-05-19 06:44:58.000000000,negative
FB0003524,TK0007713,R021926,3,2026-01-22 08:19:01.000000000,neutral
FB0003525,TK0007714,R022531,4,2026-05-23 02:17:07.000000000,positive
FB0003526,TK0007715,R010726,2,2026-06-02 20:38:03.000000000,negative
FB0003527,TK0007719,R019364,4,2026-06-02 19:42:43.000000000,positive
FB0003528,TK0007721,R013102,2,2026-05-12 01:21:12.000000000,negative
FB0003529,TK0007723,R003112,2,2026-01-16 14:55:37.000000000,negative
FB0003530,TK0007728,R010968,5,2026-06-27 03:24:33.000000000,positive
FB0003531,TK0007729,R001903,2,2026-02-17 19:51:02.000000000,negative
FB0003532,TK0007731,R015016,4,2026-05-05 22:36:37.000000000,positive
FB0003533,TK0007732,R007186,3,2026-04-22 20:12:26.000000000,neutral
FB0003534,TK0007733,R008317,4,2026-05-11 16:45:32.000000000,positive
FB0003535,TK0007735,R021827,2,2026-03-23 22:04:09.000000000,negative
FB0003536,TK0007736,R020823,4,2026-05-26 21:03:52.000000000,positive
FB0003537,TK0007739,R000881,1,2026-01-07 14:20:51.000000000,negative
FB0003538,TK0007740,R013758,1,2026-06-14 19:22:35.000000000,negative
FB0003539,TK0007741,R020019,4,2026-02-22 00:19:29.000000000,positive
FB0003540,TK0007742,R009578,2,2026-03-15 22:26:03.000000000,negative
FB0003541,TK0007747,R014109,2,2026-02-19 23:28:10.000000000,negative
FB0003542,TK0007752,R012028,4,2026-06-16 12:42:51.000000000,positive
FB0003543,TK0007753,R005639,3,2026-04-09 07:24:10.000000000,neutral
FB0003544,TK0007754,R016050,5,2026-06-16 20:52:40.000000000,positive
FB0003545,TK0007755,R013909,3,2026-05-27 04:04:58.000000000,neutral
FB0003546,TK0007757,R010907,2,2026-06-02 06:38:23.000000000,negative
FB0003547,TK0007758,R002212,5,2026-02-27 01:58:30.000000000,positive
FB0003548,TK0007760,R005401,3,2026-03-29 00:38:58.000000000,neutral
FB0003549,TK0007761,R021767,5,2026-05-24 23:30:19.000000000,positive
FB0003550,TK0007764,R007434,3,2026-01-02 02:07:13.000000000,neutral
FB0003551,TK0007766,R005244,3,2026-01-18 13:25:21.000000000,neutral
FB0003552,TK0007767,R016848,4,2026-03-08 17:31:11.000000000,positive
FB0003553,TK0007768,R002841,4,2026-02-08 14:48:34.000000000,positive
FB0003554,TK0007770,R016709,1,2026-02-14 07:46:00.000000000,negative
FB0003555,TK0007771,R005007,4,2026-05-11 13:32:04.000000000,positive
FB0003556,TK0007772,R010016,2,2026-06-02 11:43:53.000000000,negative
FB0003557,TK0007774,R009004,4,2026-05-20 19:15:36.000000000,positive
FB0003558,TK0007775,R010586,1,2026-06-29 16:19:11.000000000,negative
FB0003559,TK0007776,R002640,5,2026-04-03 06:37:29.000000000,positive
FB0003560,TK0007779,R020182,3,2026-02-04 21:44:01.000000000,neutral
FB0003561,TK0007781,R004175,1,2026-03-12 07:09:32.000000000,negative
FB0003562,TK0007784,R022525,5,2026-05-18 11:34:13.000000000,positive
FB0003563,TK0007785,R010853,4,2026-03-20 22:03:24.000000000,positive
FB0003564,TK0007788,R002505,3,2026-02-27 02:37:48.000000000,neutral
FB0003565,TK0007790,R021175,1,2026-06-16 21:55:24.000000000,negative
FB0003566,TK0007795,R011649,4,2026-06-30 19:31:29.000000000,positive
FB0003567,TK0007796,R011091,3,2026-06-19 08:18:48.000000000,neutral
FB0003568,TK0007797,R017857,2,2026-03-08 08:15:55.000000000,negative
FB0003569,TK0007798,R011068,4,2026-05-07 06:43:33.000000000,positive
FB0003570,TK0007803,R013885,2,2026-01-13 20:31:11.000000000,negative
FB0003571,TK0007805,R018708,2,2026-03-08 22:12:44.000000000,negative
FB0003572,TK0007806,R002161,3,2026-06-27 12:08:05.000000000,neutral
FB0003573,TK0007810,R006806,5,2026-06-05 07:06:13.000000000,positive
FB0003574,TK0007814,R015721,1,2026-01-29 12:05:20.000000000,negative
FB0003575,TK0007815,R005408,4,2026-05-18 00:13:52.000000000,positive
FB0003576,TK0007818,R019127,3,2026-05-09 15:03:22.000000000,neutral
FB0003577,TK0007819,R018128,5,2026-05-22 22:28:13.000000000,positive
FB0003578,TK0007820,R005265,1,2026-03-12 00:03:58.000000000,negative
FB0003579,TK0007821,R020619,3,2026-05-02 11:13:09.000000000,neutral
FB0003580,TK0007822,R000791,3,2026-03-03 12:04:53.000000000,neutral
FB0003581,TK0007823,R007772,4,2026-01-17 09:32:43.000000000,positive
FB0003582,TK0007824,R019012,3,2026-04-16 04:25:22.000000000,neutral
FB0003583,TK0007830,R008660,3,2026-02-18 02:43:39.000000000,neutral
FB0003584,TK0007834,R024491,2,2026-03-08 03:08:56.000000000,negative
FB0003585,TK0007836,R017646,4,2026-04-23 17:38:08.000000000,positive
FB0003586,TK0007838,R002952,4,2026-06-19 15:30:26.000000000,positive
FB0003587,TK0007839,R000282,3,2026-04-22 23:57:30.000000000,neutral
FB0003588,TK0007840,R007653,3,2026-03-25 13:25:29.000000000,neutral
FB0003589,TK0007844,R005048,2,2026-01-26 14:42:27.000000000,negative
FB0003590,TK0007845,R020047,5,2026-01-11 16:08:10.000000000,positive
FB0003591,TK0007847,R021089,3,2026-01-10 10:52:00.000000000,neutral
FB0003592,TK0007849,R004656,2,2026-04-18 09:42:44.000000000,negative
FB0003593,TK0007851,R007239,5,2026-02-13 13:23:06.000000000,positive
FB0003594,TK0007854,R004671,2,2026-03-28 23:24:00.000000000,negative
FB0003595,TK0007857,R002623,3,2026-02-06 23:20:41.000000000,neutral
FB0003596,TK0007861,R008892,3,2026-02-13 09:26:32.000000000,neutral
FB0003597,TK0007863,R015441,3,2026-03-19 19:50:48.000000000,neutral
FB0003598,TK0007865,R022677,3,2026-02-11 11:50:55.000000000,neutral
FB0003599,TK0007872,R009090,3,2026-05-24 14:03:42.000000000,neutral
FB0003600,TK0007873,R018357,3,2026-05-22 13:24:19.000000000,neutral
FB0003601,TK0007875,R024087,1,2026-06-04 23:47:35.000000000,negative
FB0003602,TK0007879,R001772,1,2026-06-21 16:27:58.000000000,negative
FB0003603,TK0007880,R006310,3,2026-03-12 21:06:32.000000000,neutral
FB0003604,TK0007883,R009859,4,2026-03-22 11:49:25.000000000,positive
FB0003605,TK0007884,R017877,2,2026-06-21 03:55:16.000000000,negative
FB0003606,TK0007886,R015559,4,2026-02-23 19:04:54.000000000,positive
FB0003607,TK0007887,R016327,1,2026-06-15 19:56:01.000000000,negative
FB0003608,TK0007888,R019953,2,2026-01-23 12:27:41.000000000,negative
FB0003609,TK0007889,R012697,3,2026-03-06 02:05:22.000000000,neutral
FB0003610,TK0007890,R017161,3,2026-05-11 16:06:01.000000000,neutral
FB0003611,TK0007892,R024918,2,2026-05-19 04:22:38.000000000,negative
FB0003612,TK0007894,R014040,3,2026-06-08 03:41:08.000000000,neutral
FB0003613,TK0007895,R005090,2,2026-03-31 06:14:24.000000000,negative
FB0003614,TK0007897,R020753,5,2026-05-22 11:46:28.000000000,positive
FB0003615,TK0007898,R016735,2,2026-01-28 05:18:38.000000000,negative
FB0003616,TK0007900,R008983,3,2026-02-10 22:32:49.000000000,neutral
FB0003617,TK0007903,R007649,3,2026-03-04 17:23:53.000000000,neutral
FB0003618,TK0007904,R021468,2,2026-02-05 10:12:41.000000000,negative
FB0003619,TK0007905,R002561,3,2026-04-11 00:16:53.000000000,neutral
FB0003620,TK0007908,R008670,2,2026-03-26 03:22:50.000000000,negative
FB0003621,TK0007909,R005346,3,2026-04-08 19:28:33.000000000,neutral
FB0003622,TK0007911,R015182,3,2026-05-16 16:49:58.000000000,neutral
FB0003623,TK0007913,R008039,3,2026-05-12 15:25:36.000000000,neutral
FB0003624,TK0007914,R013528,1,2026-02-06 17:14:26.000000000,negative
FB0003625,TK0007916,R001049,4,2026-03-30 21:37:26.000000000,positive
FB0003626,TK0007918,R021655,2,2026-01-29 15:38:01.000000000,negative
FB0003627,TK0007922,R005914,2,2026-03-23 04:19:08.000000000,negative
FB0003628,TK0007923,R021738,4,2026-06-12 19:17:22.000000000,positive
FB0003629,TK0007924,R001290,1,2026-02-01 22:05:15.000000000,negative
FB0003630,TK0007925,R012277,2,2026-05-03 05:56:34.000000000,negative
FB0003631,TK0007928,R020560,4,2026-05-21 12:07:18.000000000,positive
FB0003632,TK0007929,R016934,5,2026-05-10 20:20:16.000000000,positive
FB0003633,TK0007930,R023098,2,2026-06-13 18:58:58.000000000,negative
FB0003634,TK0007931,R003926,4,2026-02-04 22:14:41.000000000,positive
FB0003635,TK0007932,R017976,4,2026-04-24 20:28:56.000000000,positive
FB0003636,TK0007933,R013484,2,2026-04-22 05:11:43.000000000,negative
FB0003637,TK0007934,R002423,2,2026-04-10 07:53:53.000000000,negative
FB0003638,TK0007935,R023663,4,2026-04-14 20:06:17.000000000,positive
FB0003639,TK0007937,R013067,1,2026-03-19 09:31:52.000000000,negative
FB0003640,TK0007940,R000279,4,2026-06-30 10:47:45.000000000,positive
FB0003641,TK0007941,R005316,5,2026-01-07 12:48:11.000000000,positive
FB0003642,TK0007943,R014482,3,2026-01-30 07:36:40.000000000,neutral
FB0003643,TK0007944,R002360,5,2026-04-20 05:41:12.000000000,positive
FB0003644,TK0007945,R021830,3,2026-03-14 06:07:12.000000000,neutral
FB0003645,TK0007946,R019457,2,2026-01-07 12:50:53.000000000,negative
FB0003646,TK0007948,R008157,4,2026-06-15 14:45:05.000000000,positive
FB0003647,TK0007949,R018091,3,2026-03-03 19:17:36.000000000,neutral
FB0003648,TK0007950,R002959,3,2026-01-30 04:20:50.000000000,neutral
FB0003649,TK0007951,R011813,4,2026-03-02 07:16:55.000000000,positive
FB0003650,TK0007953,R019607,5,2026-03-31 09:47:51.000000000,positive
FB0003651,TK0007955,R003469,4,2026-06-07 07:17:18.000000000,positive
FB0003652,TK0007956,R006922,5,2026-02-09 08:50:36.000000000,positive
FB0003653,TK0007957,R018631,5,2026-01-14 04:50:51.000000000,positive
FB0003654,TK0007959,R023110,4,2026-04-16 07:16:38.000000000,positive
FB0003655,TK0007961,R016925,4,2026-06-02 16:50:45.000000000,positive
FB0003656,TK0007962,R018358,4,2026-03-18 18:57:23.000000000,positive
FB0003657,TK0007966,R020444,4,2026-04-08 18:20:01.000000000,positive
FB0003658,TK0007967,R003856,4,2026-04-02 00:49:09.000000000,positive
FB0003659,TK0007968,R000048,5,2026-06-26 07:24:38.000000000,positive
FB0003660,TK0007972,R007554,5,2026-06-14 17:52:43.000000000,positive
FB0003661,TK0007973,R002512,3,2026-06-03 23:08:29.000000000,neutral
FB0003662,TK0007974,R016073,2,2026-06-26 10:15:24.000000000,negative
FB0003663,TK0007976,R016068,4,2026-06-05 14:55:05.000000000,positive
FB0003664,TK0007978,R005061,3,2026-05-15 03:57:06.000000000,neutral
FB0003665,TK0007981,R001253,2,2026-05-09 15:22:59.000000000,negative
FB0003666,TK0007982,R005498,1,2026-01-22 10:00:25.000000000,negative
FB0003667,TK0007989,R007286,3,2026-03-06 02:51:40.000000000,neutral
FB0003668,TK0007993,R015192,2,2026-04-23 11:55:57.000000000,negative
FB0003669,TK0007995,R018846,2,2026-02-01 15:44:57.000000000,negative
FB0003670,TK0007996,R003100,2,2026-01-15 10:31:10.000000000,negative
FB0003671,TK0008000,R014022,3,2026-03-03 10:14:35.000000000,neutral
FB0003672,TK0008002,R016802,2,2026-05-08 17:12:02.000000000,negative
FB0003673,TK0008004,R004089,2,2026-01-24 14:16:01.000000000,negative
FB0003674,TK0008005,R022464,4,2026-02-09 11:53:37.000000000,positive
FB0003675,TK0008007,R019506,2,2026-02-16 03:54:39.000000000,negative
FB0003676,TK0008009,R014117,2,2026-05-21 23:13:37.000000000,negative
FB0003677,TK0008010,R020832,3,2026-01-24 22:45:44.000000000,neutral
FB0003678,TK0008014,R023077,4,2026-01-05 06:44:44.000000000,positive
FB0003679,TK0008016,R024301,4,2026-02-02 04:01:23.000000000,positive
FB0003680,TK0008018,R008998,3,2026-03-07 18:25:12.000000000,neutral
FB0003681,TK0008021,R017966,3,2026-02-01 18:53:26.000000000,neutral
FB0003682,TK0008022,R024322,3,2026-06-25 12:38:56.000000000,neutral
FB0003683,TK0008024,R017399,3,2026-03-22 09:26:31.000000000,neutral
FB0003684,TK0008026,R019241,2,2026-01-31 16:07:08.000000000,negative
FB0003685,TK0008027,R009676,3,2026-02-26 14:19:25.000000000,neutral
FB0003686,TK0008035,R014515,4,2026-06-15 09:11:22.000000000,positive
FB0003687,TK0008036,R014946,3,2026-02-18 06:31:00.000000000,neutral
FB0003688,TK0008037,R013076,5,2026-05-09 21:51:34.000000000,positive
FB0003689,TK0008038,R020586,2,2026-01-30 11:30:24.000000000,negative
FB0003690,TK0008041,R009307,5,2026-04-06 02:26:09.000000000,positive
FB0003691,TK0008042,R003158,6,2026-06-04 15:33:41.000000000,negative
FB0003692,TK0008043,R008661,3,2026-03-07 18:01:18.000000000,neutral
FB0003693,TK0008045,R002141,3,2026-01-06 03:22:12.000000000,neutral
FB0003694,TK0008046,R005607,1,2026-05-06 12:12:45.000000000,negative
FB0003695,TK0008048,R015489,3,2026-05-27 11:47:04.000000000,neutral
FB0003696,TK0008050,R014148,3,2026-05-13 00:16:40.000000000,neutral
FB0003697,TK0008051,R023682,3,2026-04-25 07:45:23.000000000,neutral
FB0003698,TK0008056,R024658,5,2026-05-11 23:38:13.000000000,positive
FB0003699,TK0008057,R023610,3,2026-03-10 11:47:40.000000000,neutral
FB0003700,TK0008058,R017951,4,2026-04-02 07:47:05.000000000,positive
FB0003701,TK0008060,R019182,5,2026-05-16 00:28:38.000000000,positive
FB0003702,TK0008061,R007013,2,2026-06-25 15:15:34.000000000,negative
FB0003703,TK0008062,R012714,3,2026-02-28 10:17:42.000000000,neutral
FB0003704,TK0008064,R007393,4,2026-02-28 04:39:17.000000000,positive
FB0003705,TK0008065,R012720,3,2026-04-02 12:21:40.000000000,neutral
FB0003706,TK0008066,R003146,2,2026-05-06 01:16:06.000000000,negative
FB0003707,TK0008067,R013923,4,2026-03-10 21:24:56.000000000,positive
FB0003708,TK0008068,R023779,5,2026-06-01 16:38:09.000000000,positive
FB0003709,TK0008070,R018150,3,2026-03-02 01:34:23.000000000,neutral
FB0003710,TK0008075,R009845,3,2026-07-01 07:58:52.000000000,neutral
FB0003711,TK0008076,R009352,2,2026-02-17 03:55:47.000000000,negative
FB0003712,TK0008077,R012733,3,2026-06-27 23:00:05.000000000,neutral
FB0003713,TK0008080,R022112,4,2026-04-08 05:22:45.000000000,positive
FB0003714,TK0008082,R013302,2,2026-01-11 13:30:10.000000000,negative
FB0003715,TK0008083,R015285,4,2026-04-06 16:14:55.000000000,positive
FB0003716,TK0008084,R000285,5,2026-04-21 16:46:13.000000000,positive
FB0003717,TK0008087,R008778,4,2026-05-25 09:11:57.000000000,positive
FB0003718,TK0008090,R005498,4,2026-02-13 21:51:56.000000000,positive
FB0003719,TK0008093,R011949,3,2026-06-09 20:10:04.000000000,neutral
FB0003720,TK0008095,R024713,3,2026-06-09 10:22:34.000000000,neutral
FB0003721,TK0008098,R016407,3,2026-04-26 04:28:28.000000000,neutral
FB0003722,TK0008100,R022792,2,2026-04-01 03:50:51.000000000,negative
FB0003723,TK0008101,R002919,4,2026-05-09 20:22:39.000000000,positive
FB0003724,TK0008103,R008389,2,2026-01-11 10:57:47.000000000,negative
FB0003725,TK0008104,R016302,5,2026-03-21 01:01:40.000000000,positive
FB0003726,TK0008107,R004081,2,2026-04-21 18:48:23.000000000,negative
FB0003727,TK0008109,R023140,2,2026-06-12 09:24:45.000000000,negative
FB0003728,TK0008110,R020908,4,2026-02-03 13:04:45.000000000,positive
FB0003729,TK0008113,R001993,2,2026-04-07 23:40:53.000000000,negative
FB0003730,TK0008114,R013827,5,2026-02-19 04:14:21.000000000,positive
FB0003731,TK0008115,R005411,1,2026-03-03 19:12:35.000000000,negative
FB0003732,TK0008116,R012728,5,2026-03-25 00:24:26.000000000,positive
FB0003733,TK0008120,R004624,3,2026-05-24 15:02:11.000000000,neutral
FB0003734,TK0008124,R017639,1,2026-03-31 15:01:28.000000000,negative
FB0003735,TK0008127,R012464,4,2026-04-18 10:00:22.000000000,positive
FB0003736,TK0008130,R023607,3,2026-03-05 17:21:57.000000000,neutral
FB0003737,TK0008131,R006490,3,2026-01-06 07:48:22.000000000,neutral
FB0003738,TK0008133,R012961,2,2026-05-10 11:44:58.000000000,negative
FB0003739,TK0008134,R011623,5,2026-06-08 10:45:21.000000000,positive
FB0003740,TK0008135,R021393,3,2026-02-16 22:43:51.000000000,neutral
FB0003741,TK0008136,R018622,3,2026-05-15 11:14:59.000000000,neutral
FB0003742,TK0008141,R000114,1,2026-03-26 09:46:19.000000000,negative
FB0003743,TK0008147,R008415,4,2026-06-25 22:43:46.000000000,positive
FB0003744,TK0008148,R002749,3,2026-02-11 11:22:59.000000000,neutral
FB0003745,TK0008149,R005548,2,2026-04-04 01:29:49.000000000,negative
FB0003746,TK0008155,R006743,3,2026-05-07 15:21:04.000000000,neutral
FB0003747,TK0008160,R021894,2,2026-05-19 03:49:55.000000000,negative
FB0003748,TK0008161,R003967,2,2026-03-20 06:24:59.000000000,negative
FB0003749,TK0008162,R018219,2,2026-05-03 12:45:42.000000000,negative
FB0003750,TK0008163,R022324,3,2026-06-15 05:21:22.000000000,neutral
FB0003751,TK0008169,R022145,2,2026-03-25 20:57:37.000000000,negative
FB0003752,TK0008171,R021231,3,2026-03-29 22:37:23.000000000,neutral
FB0003753,TK0008173,R009327,4,2026-04-10 09:48:03.000000000,positive
FB0003754,TK0008174,R018697,1,2026-03-27 03:38:36.000000000,negative
FB0003755,TK0008176,R015760,4,2026-04-16 07:41:33.000000000,positive
FB0003756,TK0008179,R020212,4,2026-03-03 13:57:54.000000000,positive
FB0003757,TK0008183,R010967,2,2026-05-27 04:06:11.000000000,negative
FB0003758,TK0008184,R018936,5,2026-04-18 13:41:19.000000000,positive
FB0003759,TK0008189,R002309,2,2026-06-21 02:10:15.000000000,negative
FB0003760,TK0008191,R013012,1,2026-01-23 08:51:56.000000000,negative
FB0003761,TK0008193,R022430,4,2026-01-21 06:13:57.000000000,positive
FB0003762,TK0008194,R007009,2,2026-02-22 18:18:10.000000000,negative
FB0003763,TK0008195,R002198,2,2026-04-01 13:07:18.000000000,negative
FB0003764,TK0008196,R019038,3,2026-06-01 04:25:58.000000000,neutral
FB0003765,TK0008197,R006888,3,2026-05-14 12:03:07.000000000,neutral
FB0003766,TK0008198,R020955,2,2026-06-06 22:35:58.000000000,negative
FB0003767,TK0008199,R002281,3,2026-06-07 10:24:20.000000000,neutral
FB0003768,TK0008201,R021699,5,2026-04-10 18:18:44.000000000,positive
FB0003769,TK0008207,R000990,5,2026-03-03 17:55:39.000000000,positive
FB0003770,TK0008208,R014878,1,2026-03-02 00:37:44.000000000,negative
FB0003771,TK0008209,R008788,2,2026-06-03 11:24:00.000000000,negative
FB0003772,TK0008210,R011948,4,2026-04-12 06:36:19.000000000,positive
FB0003773,TK0008215,R017100,4,2026-06-24 09:19:02.000000000,positive
FB0003774,TK0008216,R002054,4,2026-06-09 21:33:11.000000000,positive
FB0003775,TK0008221,R003715,5,2026-03-18 21:59:47.000000000,positive
FB0003776,TK0008222,R019131,3,2026-05-24 08:46:11.000000000,neutral
FB0003777,TK0008224,R005987,2,2026-03-26 19:24:49.000000000,negative
FB0003778,TK0008226,R016195,4,2026-05-17 16:56:54.000000000,positive
FB0003779,TK0008230,R003968,3,2026-04-24 07:29:49.000000000,neutral
FB0003780,TK0008232,R020930,2,2026-03-18 09:47:51.000000000,negative
FB0003781,TK0008234,R021509,3,2026-01-13 00:01:35.000000000,neutral
FB0003782,TK0008235,R008235,3,2026-05-05 14:19:34.000000000,neutral
FB0003783,TK0008239,R002394,3,2026-06-26 20:17:56.000000000,neutral
FB0003784,TK0008240,R021025,5,2026-04-10 03:27:36.000000000,positive
FB0003785,TK0008241,R004404,3,2026-02-27 04:04:13.000000000,neutral
FB0003786,TK0008247,R013040,1,2026-04-26 19:32:18.000000000,negative
FB0003787,TK0008248,R016653,5,2026-02-08 19:23:20.000000000,positive
FB0003788,TK0008249,R016706,2,2026-03-08 15:04:57.000000000,negative
FB0003789,TK0008252,R011755,3,2026-05-29 11:46:10.000000000,neutral
FB0003790,TK0008253,R024252,3,2026-01-08 22:22:34.000000000,neutral
FB0003791,TK0008255,R014493,3,2026-04-09 07:29:05.000000000,neutral
FB0003792,TK0008256,R012247,2,2026-06-21 10:24:16.000000000,negative
FB0003793,TK0008259,R014127,4,2026-04-16 01:09:03.000000000,positive
FB0003794,TK0008262,R006021,3,2026-04-19 13:50:00.000000000,neutral
FB0003795,TK0008264,R009681,2,2026-01-14 20:06:27.000000000,negative
FB0003796,TK0008266,R018405,3,2026-02-14 02:56:35.000000000,neutral
FB0003797,TK0008270,R023213,3,2026-05-19 11:39:07.000000000,neutral
FB0003798,TK0008271,R011154,5,2026-04-22 06:27:49.000000000,positive
FB0003799,TK0008275,R001257,3,2026-01-14 17:49:01.000000000,neutral
FB0003800,TK0008277,R022564,3,2026-03-12 00:26:18.000000000,neutral
FB0003801,TK0008279,R023647,2,2026-02-27 08:28:54.000000000,negative
FB0003802,TK0008281,R017411,5,2026-02-20 09:01:30.000000000,positive
FB0003803,TK0008283,R009864,4,2026-05-12 10:53:44.000000000,positive
FB0003804,TK0008285,R004559,2,2026-03-12 11:01:06.000000000,negative
FB0003805,TK0008289,R012633,4,2026-05-21 17:25:29.000000000,positive
FB0003806,TK0008291,R019599,5,2026-01-27 08:21:53.000000000,positive
FB0003807,TK0008295,R017018,4,2026-02-21 09:30:07.000000000,positive
FB0003808,TK0008296,R020714,3,2026-05-27 15:18:21.000000000,neutral
FB0003809,TK0008299,R008620,3,2026-05-17 09:47:31.000000000,neutral
FB0003810,TK0008301,R001615,2,2026-04-27 10:17:14.000000000,negative
FB0003811,TK0008302,R000114,1,2026-06-12 14:29:37.000000000,negative
FB0003812,TK0008303,R012705,2,2026-01-16 19:09:20.000000000,negative
FB0003813,TK0008304,R004679,5,2026-05-08 17:08:17.000000000,positive
FB0003814,TK0008305,R001689,5,2026-02-11 02:49:01.000000000,positive
FB0003815,TK0008308,R006505,2,2026-06-10 11:03:48.000000000,negative
FB0003816,TK0008310,R008653,3,2026-05-06 04:00:18.000000000,neutral
FB0003817,TK0008311,R013847,3,2026-06-30 09:49:46.000000000,neutral
FB0003818,TK0008313,R000536,2,2026-01-15 05:20:54.000000000,negative
FB0003819,TK0008314,R017751,2,2026-05-04 06:45:50.000000000,negative
FB0003820,TK0008316,R011825,4,2026-06-28 16:52:32.000000000,positive
FB0003821,TK0008317,R015952,4,2026-02-16 01:32:50.000000000,positive
FB0003822,TK0008320,R000404,2,2026-06-02 04:56:54.000000000,negative
FB0003823,TK0008322,R012468,3,2026-02-04 18:44:31.000000000,neutral
FB0003824,TK0008323,R000867,3,2026-04-13 18:50:01.000000000,neutral
FB0003825,TK0008327,R016112,4,2026-04-10 17:48:37.000000000,positive
FB0003826,TK0008330,R003974,2,2026-04-10 19:08:04.000000000,negative
FB0003827,TK0008332,R002881,4,2026-06-28 17:09:33.000000000,positive
FB0003828,TK0008334,R020063,2,2026-03-06 10:36:57.000000000,negative
FB0003829,TK0008337,R018744,3,2026-01-14 13:29:32.000000000,neutral
FB0003830,TK0008340,R000950,3,2026-03-03 19:05:26.000000000,neutral
FB0003831,TK0008341,R015920,4,2026-04-26 23:18:02.000000000,positive
FB0003832,TK0008342,R008410,2,2026-04-28 19:30:34.000000000,negative
FB0003833,TK0008343,R010994,2,2026-05-03 13:48:38.000000000,negative
FB0003834,TK0008348,R017649,2,2026-04-25 00:05:07.000000000,negative
FB0003835,TK0008357,R002573,4,2026-03-28 12:46:52.000000000,positive
FB0003836,TK0008358,R014116,3,2026-05-16 06:24:28.000000000,neutral
FB0003837,TK0008366,R018936,3,2026-06-19 15:18:57.000000000,neutral
FB0003838,TK0008368,R021361,3,2026-04-13 14:44:00.000000000,neutral
FB0003839,TK0008371,R015460,3,2026-02-24 12:30:44.000000000,neutral
FB0003840,TK0008372,R005863,4,2026-02-06 09:17:07.000000000,positive
FB0003841,TK0008373,R002513,5,2026-06-28 19:00:29.000000000,positive
FB0003842,TK0008374,R001316,4,2026-01-20 09:41:45.000000000,positive
FB0003843,TK0008376,R010307,2,2026-05-08 20:34:31.000000000,negative
FB0003844,TK0008387,R000041,2,2026-02-26 05:18:45.000000000,negative
FB0003845,TK0008388,R024939,4,2026-03-26 02:04:50.000000000,positive
FB0003846,TK0008394,R006889,2,2026-01-24 22:38:01.000000000,negative
FB0003847,TK0008395,R018421,4,2026-04-29 21:18:37.000000000,positive
FB0003848,TK0008396,R020672,3,2026-04-25 14:53:46.000000000,neutral
FB0003849,TK0008399,R006499,1,2026-01-07 17:19:03.000000000,negative
FB0003850,TK0008401,R002984,2,2026-06-10 10:19:19.000000000,negative
FB0003851,TK0008403,R021489,3,2026-04-11 09:32:49.000000000,neutral
FB0003852,TK0008404,R005281,3,2026-06-28 14:06:02.000000000,neutral
FB0003853,TK0008406,R022055,4,2026-04-07 02:17:00.000000000,positive
FB0003854,TK0008407,R000419,3,2026-05-12 05:40:03.000000000,neutral
FB0003855,TK0008408,R022908,4,2026-05-04 18:19:50.000000000,positive
FB0003856,TK0008415,R013001,4,2026-06-10 06:13:20.000000000,positive
FB0003857,TK0008416,R005134,2,2026-05-22 13:58:53.000000000,negative
FB0003858,TK0008417,R017925,2,2026-01-04 18:19:20.000000000,negative
FB0003859,TK0008420,R007678,2,2026-02-17 04:43:28.000000000,negative
FB0003860,TK0008421,R010930,3,2026-05-15 13:36:00.000000000,neutral
FB0003861,TK0008422,R015073,2,2026-05-09 10:52:11.000000000,negative
FB0003862,TK0008424,R004742,2,2026-04-23 18:17:50.000000000,negative
FB0003863,TK0008425,R012191,3,2026-01-14 01:19:28.000000000,neutral
FB0003864,TK0008430,R023447,3,2026-04-13 02:00:21.000000000,neutral
FB0003865,TK0008439,R022558,4,2026-03-24 02:33:45.000000000,positive
FB0003866,TK0008442,R001085,3,2026-02-18 07:56:04.000000000,neutral
FB0003867,TK0008446,R013887,4,2026-03-11 22:53:21.000000000,positive
FB0003868,TK0008448,R013621,2,2026-03-17 07:51:08.000000000,negative
FB0003869,TK0008449,R004065,5,2026-04-26 04:38:34.000000000,positive
FB0003870,TK0008450,R009305,3,2026-03-07 02:11:14.000000000,neutral
FB0003871,TK0008454,R008650,3,2026-04-09 23:08:29.000000000,neutral
FB0003872,TK0008456,R003511,1,2026-03-12 03:57:58.000000000,negative
FB0003873,TK0008460,R012814,5,2026-01-06 18:38:51.000000000,positive
FB0003874,TK0008461,R005343,1,2026-02-12 13:41:54.000000000,negative
FB0003875,TK0008464,R019805,3,2026-04-19 23:21:57.000000000,neutral
FB0003876,TK0008465,R019482,3,2026-03-26 23:19:54.000000000,neutral
FB0003877,TK0008466,R007104,2,2026-05-28 06:52:21.000000000,negative
FB0003878,TK0008467,R020148,4,2026-02-03 19:33:27.000000000,positive
FB0003879,TK0008468,R010399,3,2026-05-19 17:14:14.000000000,neutral
FB0003880,TK0008469,R009536,5,2026-03-17 06:21:58.000000000,positive
FB0003881,TK0008471,R020812,3,2026-02-08 08:45:33.000000000,neutral
FB0003882,TK0008477,R011692,2,2026-03-13 23:37:44.000000000,negative
FB0003883,TK0008478,R001547,2,2026-05-06 09:17:03.000000000,negative
FB0003884,TK0008480,R012664,5,2026-05-04 02:52:42.000000000,positive
FB0003885,TK0008481,R003842,5,2026-05-07 03:22:06.000000000,positive
FB0003886,TK0008484,R017954,3,2026-03-18 19:41:52.000000000,neutral
FB0003887,TK0008491,R001942,2,2026-03-24 03:21:11.000000000,negative
FB0003888,TK0008492,R013728,3,2026-04-28 20:51:07.000000000,neutral
FB0003889,TK0008493,R002823,3,2026-04-23 16:11:43.000000000,neutral
FB0003890,TK0008494,R012559,4,2026-03-26 06:16:37.000000000,positive
FB0003891,TK0008495,R007293,2,2026-06-03 01:48:19.000000000,negative
FB0003892,TK0008498,R017680,4,2026-02-19 22:05:40.000000000,positive
FB0003893,TK0008499,R018748,4,2026-03-16 17:05:01.000000000,positive
FB0003894,TK0008501,R000754,4,2026-03-28 08:37:12.000000000,positive
FB0003895,TK0008502,R012517,3,2026-05-31 11:37:19.000000000,neutral
FB0003896,TK0008507,R007409,5,2026-06-25 04:09:50.000000000,positive
FB0003897,TK0008510,R019054,3,2026-03-13 22:13:26.000000000,neutral
FB0003898,TK0008512,R024849,5,2026-02-26 04:54:26.000000000,positive
FB0003899,TK0008513,R015493,5,2026-05-04 16:49:25.000000000,positive
FB0003900,TK0008514,R024144,4,2026-02-18 21:50:14.000000000,positive
FB0003901,TK0008515,R001896,3,2026-03-30 23:09:45.000000000,neutral
FB0003902,TK0008521,R017121,2,2026-03-22 14:57:18.000000000,negative
FB0003903,TK0008522,R014943,4,2026-02-19 05:58:25.000000000,positive
FB0003904,TK0008524,R009568,4,2026-02-04 17:46:53.000000000,positive
FB0003905,TK0008527,R020273,4,2026-02-13 21:30:02.000000000,positive
FB0003906,TK0008530,R006475,4,2026-03-13 04:28:41.000000000,positive
FB0003907,TK0008532,R011633,5,2026-04-15 06:21:46.000000000,positive
FB0003908,TK0008533,R017435,3,2026-04-17 20:06:00.000000000,neutral
FB0003909,TK0008538,R011091,3,2026-02-15 01:45:55.000000000,neutral
FB0003910,TK0008539,R010164,4,2026-05-02 06:54:42.000000000,positive
FB0003911,TK0008540,R010722,4,2026-02-27 19:13:52.000000000,positive
FB0003912,TK0008541,R001971,4,2026-04-18 02:41:06.000000000,positive
FB0003913,TK0008542,R015756,4,2026-01-20 10:47:34.000000000,positive
FB0003914,TK0008546,R013275,3,2026-02-22 05:58:24.000000000,neutral
FB0003915,TK0008548,R003717,2,2026-06-23 21:24:32.000000000,negative
FB0003916,TK0008549,R011892,4,2026-05-13 01:57:47.000000000,positive
FB0003917,TK0008550,R023355,5,2026-03-24 20:49:00.000000000,positive
FB0003918,TK0008555,R010498,3,2026-02-26 08:04:54.000000000,neutral
FB0003919,TK0008557,R004579,3,2026-03-05 23:24:17.000000000,neutral
FB0003920,TK0008559,R020684,3,2026-05-20 00:04:43.000000000,neutral
FB0003921,TK0008560,R004552,2,2026-05-12 19:02:51.000000000,negative
FB0003922,TK0008561,R006783,3,2026-05-19 22:13:52.000000000,neutral
FB0003923,TK0008565,R001088,3,2026-06-11 21:17:37.000000000,neutral
FB0003924,TK0008566,R014202,3,2026-04-25 10:15:37.000000000,neutral
FB0003925,TK0008569,R008481,1,2026-06-13 01:56:35.000000000,negative
FB0003926,TK0008573,R004793,2,2026-01-15 23:49:49.000000000,negative
FB0003927,TK0008578,R023849,3,2026-04-15 10:29:06.000000000,neutral
FB0003928,TK0008579,R004925,4,2026-01-31 06:32:43.000000000,positive
FB0003929,TK0008580,R012423,1,2026-01-11 15:43:12.000000000,negative
FB0003930,TK0008581,R001692,2,2026-06-23 13:03:22.000000000,negative
FB0003931,TK0008584,R011211,3,2026-04-19 10:31:22.000000000,neutral
FB0003932,TK0008586,R013611,2,2026-02-15 11:01:50.000000000,negative
FB0003933,TK0008588,R000759,2,2026-04-07 13:13:57.000000000,negative
FB0003934,TK0008590,R007111,4,2026-04-10 07:30:27.000000000,positive
FB0003935,TK0008594,R000101,4,2026-01-18 08:02:47.000000000,positive
FB0003936,TK0008596,R016266,2,2026-06-14 18:16:14.000000000,negative
FB0003937,TK0008600,R000597,3,2026-04-14 13:06:21.000000000,neutral
FB0003938,TK0008601,R003381,1,2026-03-25 01:31:50.000000000,negative
FB0003939,TK0008603,R005418,4,2026-02-24 23:21:16.000000000,positive
FB0003940,TK0008604,R021439,3,2026-02-20 00:20:05.000000000,neutral
FB0003941,TK0008607,R008661,4,2026-05-27 01:49:35.000000000,positive
FB0003942,TK0008609,R012742,3,2026-04-15 08:04:48.000000000,neutral
FB0003943,TK0008610,R005552,3,2026-03-27 23:28:33.000000000,neutral
FB0003944,TK0008611,R007618,2,2026-06-20 11:38:59.000000000,negative
FB0003945,TK0008613,R010104,4,2026-06-11 14:32:42.000000000,positive
FB0003946,TK0008620,R024259,5,2026-03-17 07:22:10.000000000,positive
FB0003947,TK0008623,R022784,2,2026-06-25 00:49:33.000000000,negative
FB0003948,TK0008626,R014452,4,2026-03-04 15:04:54.000000000,positive
FB0003949,TK0008629,R002593,2,2026-06-14 04:43:01.000000000,negative
FB0003950,TK0008630,R020320,1,2026-01-19 09:13:24.000000000,negative
FB0003951,TK0008631,R017705,3,2026-05-01 09:33:26.000000000,neutral
FB0003952,TK0008633,R014535,2,2026-01-04 20:28:03.000000000,negative
FB0003953,TK0008634,R008946,4,2026-06-20 14:05:55.000000000,positive
FB0003954,TK0008636,R019181,4,2026-03-29 04:04:44.000000000,positive
FB0003955,TK0008638,R013430,2,2026-03-21 16:43:48.000000000,negative
FB0003956,TK0008639,R006603,5,2026-03-26 05:29:19.000000000,positive
FB0003957,TK0008640,R006949,4,2026-01-27 18:48:20.000000000,positive
FB0003958,TK0008641,R001114,5,2026-06-01 20:31:52.000000000,positive
FB0003959,TK0008644,R005394,3,2026-05-11 19:25:38.000000000,neutral
FB0003960,TK0008645,R014457,2,2026-05-08 04:22:50.000000000,negative
FB0003961,TK0008646,R023725,2,2026-02-23 01:30:19.000000000,negative
FB0003962,TK0008647,R014873,2,2026-06-27 05:34:33.000000000,negative
FB0003963,TK0008656,R007541,3,2026-05-09 16:26:15.000000000,neutral
FB0003964,TK0008658,R020657,2,2026-04-29 05:30:07.000000000,negative
FB0003965,TK0008659,R021669,1,2026-03-30 10:35:29.000000000,negative
FB0003966,TK0008661,R001898,4,2026-05-01 22:56:07.000000000,positive
FB0003967,TK0008662,R009211,2,2026-06-22 02:10:41.000000000,negative
FB0003968,TK0008664,R008422,3,2026-03-17 16:50:10.000000000,neutral
FB0003969,TK0008665,R015780,2,2026-04-06 20:34:18.000000000,negative
FB0003970,TK0008666,R023361,3,2026-05-03 16:21:07.000000000,neutral
FB0003971,TK0008667,R002146,4,2026-04-04 12:37:57.000000000,positive
FB0003972,TK0008669,R004177,2,2026-06-05 16:21:12.000000000,negative
FB0003973,TK0008670,R003050,2,2026-01-29 19:55:14.000000000,negative
FB0003974,TK0008672,R010221,3,2026-01-31 01:25:26.000000000,neutral
FB0003975,TK0008673,R010128,2,2026-01-09 09:41:20.000000000,negative
FB0003976,TK0008677,R003043,2,2026-03-11 06:45:05.000000000,negative
FB0003977,TK0008678,R014125,4,2026-03-30 06:59:06.000000000,positive
FB0003978,TK0008681,R024239,4,2026-06-04 07:37:17.000000000,positive
FB0003979,TK0008682,R008895,2,2026-02-20 23:50:13.000000000,negative
FB0003980,TK0008683,R015328,3,2026-06-01 02:50:17.000000000,neutral
FB0003981,TK0008684,R021089,4,2026-01-14 19:14:47.000000000,positive
FB0003982,TK0008685,R000233,2,2026-06-05 09:25:36.000000000,negative
FB0003983,TK0008686,R024291,4,2026-01-01 20:36:04.000000000,positive
FB0003984,TK0008690,R024561,2,2026-06-14 06:09:27.000000000,negative
FB0003985,TK0008692,R006176,3,2026-03-10 01:45:42.000000000,neutral
FB0003986,TK0008694,R009306,2,2026-04-19 20:30:55.000000000,negative
FB0003987,TK0008695,R008745,3,2026-04-22 11:19:15.000000000,neutral
FB0003988,TK0008698,R020061,4,2026-02-12 20:28:58.000000000,positive
FB0003989,TK0008701,R016716,1,2026-04-05 09:49:11.000000000,negative
FB0003990,TK0008702,R023239,3,2026-06-07 21:51:13.000000000,neutral
FB0003991,TK0008705,R002907,5,2026-05-13 07:57:41.000000000,positive
FB0003992,TK0008708,R006483,2,2026-03-01 08:20:48.000000000,negative
FB0003993,TK0008711,R007756,4,2026-03-07 14:49:54.000000000,positive
FB0003994,TK0008714,R016280,4,2026-03-18 17:43:26.000000000,positive
FB0003995,TK0008718,R020525,3,2026-04-06 04:32:01.000000000,neutral
FB0003996,TK0008720,R019078,4,2026-03-10 10:37:30.000000000,positive
FB0003997,TK0008725,R014248,3,2026-05-14 16:16:03.000000000,neutral
FB0003998,TK0008726,R017791,3,2026-05-18 01:22:36.000000000,neutral
FB0003999,TK0008727,R009702,2,2026-02-06 11:23:37.000000000,negative
FB0004000,TK0008728,R014713,4,2026-06-26 12:48:02.000000000,positive
FB0004001,TK0008729,R011085,4,2026-02-02 03:25:41.000000000,positive
FB0004002,TK0008731,R005052,3,2026-01-23 19:16:37.000000000,neutral
FB0004003,TK0008732,R003935,2,2026-06-26 21:24:52.000000000,negative
FB0004004,TK0008741,R016824,5,2026-06-13 20:08:20.000000000,positive
FB0004005,TK0008742,R002159,3,2026-06-13 18:39:07.000000000,neutral
FB0004006,TK0008743,R011286,3,2026-06-04 19:19:30.000000000,neutral
FB0004007,TK0008745,R019279,4,2026-05-14 13:04:13.000000000,positive
FB0004008,TK0008746,R006569,3,2026-06-10 20:19:52.000000000,neutral
FB0004009,TK0008748,R009537,2,2026-03-02 04:12:22.000000000,negative
FB0004010,TK0008753,R019318,2,2026-05-04 06:45:22.000000000,negative
FB0004011,TK0008755,R022079,4,2026-02-18 07:48:00.000000000,positive
FB0004012,TK0008756,R002370,4,2026-04-14 00:48:33.000000000,positive
FB0004013,TK0008761,R007516,3,2026-04-27 09:47:12.000000000,neutral
FB0004014,TK0008763,R017449,4,2026-04-12 05:10:28.000000000,positive
FB0004015,TK0008764,R023444,3,2026-01-08 18:57:29.000000000,neutral
FB0004016,TK0008765,R003192,3,2026-03-13 07:24:39.000000000,neutral
FB0004017,TK0008766,R014265,2,2026-05-09 08:13:20.000000000,negative
FB0004018,TK0008770,R021286,3,2026-04-10 13:30:28.000000000,neutral
FB0004019,TK0008773,R007655,4,2026-04-09 17:18:05.000000000,positive
FB0004020,TK0008774,R011322,2,2026-04-04 02:18:07.000000000,negative
FB0004021,TK0008777,R005686,2,2026-05-04 19:54:13.000000000,negative
FB0004022,TK0008779,R006671,3,2026-03-21 06:42:48.000000000,neutral
FB0004023,TK0008782,R011264,1,2026-06-10 13:02:27.000000000,negative
FB0004024,TK0008783,R021728,3,2026-04-20 06:20:21.000000000,neutral
FB0004025,TK0008784,R010769,4,2026-01-11 11:26:54.000000000,positive
FB0004026,TK0008785,R009838,2,2026-04-19 01:11:36.000000000,negative
FB0004027,TK0008786,R002357,2,2026-01-26 14:58:00.000000000,negative
FB0004028,TK0008787,R016105,4,2026-01-30 13:02:26.000000000,positive
FB0004029,TK0008788,R000808,2,2026-02-10 01:34:04.000000000,negative
FB0004030,TK0008789,R006003,2,2026-02-21 20:30:42.000000000,negative
FB0004031,TK0008794,R020825,2,2026-01-15 01:44:30.000000000,negative
FB0004032,TK0008795,R014447,3,2026-04-26 23:35:56.000000000,neutral
FB0004033,TK0008796,R015162,1,2026-02-04 11:03:21.000000000,negative
FB0004034,TK0008797,R006097,2,2026-02-16 07:09:34.000000000,negative
FB0004035,TK0008798,R012624,3,2026-02-15 15:25:50.000000000,neutral
FB0004036,TK0008802,R019621,4,2026-06-13 14:55:47.000000000,positive
FB0004037,TK0008806,R008693,2,2026-05-02 09:59:13.000000000,negative
FB0004038,TK0008809,R011905,2,2026-04-21 05:41:45.000000000,negative
FB0004039,TK0008817,R007841,4,2026-02-15 02:14:11.000000000,positive
FB0004040,TK0008820,R024358,3,2026-04-04 10:06:25.000000000,neutral
FB0004041,TK0008821,R006642,2,2026-03-12 01:07:38.000000000,negative
FB0004042,TK0008825,R011306,4,2026-04-26 10:06:47.000000000,positive
FB0004043,TK0008827,R016983,5,2026-06-18 14:45:44.000000000,positive
FB0004044,TK0008829,R024511,2,2026-01-03 03:05:04.000000000,negative
FB0004045,TK0008835,R009172,3,2026-03-13 12:39:27.000000000,neutral
FB0004046,TK0008837,R018487,2,2026-05-08 18:36:20.000000000,negative
FB0004047,TK0008838,R020240,3,2026-04-28 08:19:00.000000000,neutral
FB0004048,TK0008839,R015510,2,2026-01-07 13:13:57.000000000,negative
FB0004049,TK0008844,R019857,2,2026-02-06 19:43:53.000000000,negative
FB0004050,TK0008850,R002562,4,2026-02-23 16:11:48.000000000,positive
FB0004051,TK0008852,R009268,3,2026-06-29 16:29:02.000000000,neutral
FB0004052,TK0008854,R004771,3,2026-06-30 08:08:59.000000000,neutral
FB0004053,TK0008855,R002246,2,2026-04-18 00:53:01.000000000,negative
FB0004054,TK0008856,R019110,2,2026-05-22 01:39:12.000000000,negative
FB0004055,TK0008857,R010053,3,2026-03-29 09:58:39.000000000,neutral
FB0004056,TK0008858,R017950,4,2026-03-05 20:06:41.000000000,positive
FB0004057,TK0008859,R010354,2,2026-04-20 05:15:53.000000000,negative
FB0004058,TK0008860,R000634,3,2026-05-09 07:55:28.000000000,neutral
FB0004059,TK0008861,R003450,3,2026-06-05 20:53:31.000000000,neutral
FB0004060,TK0008862,R012618,4,2026-04-12 14:37:06.000000000,positive
FB0004061,TK0008864,R014557,2,2026-05-16 12:08:35.000000000,negative
FB0004062,TK0008865,R021584,2,2026-02-12 11:59:23.000000000,negative
FB0004063,TK0008866,R001451,1,2026-03-20 05:18:37.000000000,negative
FB0004064,TK0008870,R002833,4,2026-05-31 17:17:35.000000000,positive
FB0004065,TK0008871,R010299,3,2026-06-10 18:54:12.000000000,neutral
FB0004066,TK0008872,R023338,3,2026-03-21 12:34:40.000000000,neutral
FB0004067,TK0008876,R009922,2,2026-02-19 09:22:09.000000000,negative
FB0004068,TK0008877,R015932,3,2026-04-02 11:36:02.000000000,neutral
FB0004069,TK0008878,R021806,1,2026-04-12 21:35:27.000000000,negative
FB0004070,TK0008879,R023544,4,2026-01-30 21:13:06.000000000,positive
FB0004071,TK0008881,R013854,3,2026-06-14 09:45:08.000000000,neutral
FB0004072,TK0008882,R013619,3,2026-04-03 18:33:55.000000000,neutral
FB0004073,TK0008883,R021739,2,2026-05-04 04:29:57.000000000,negative
FB0004074,TK0008884,R000707,4,2026-01-28 14:44:03.000000000,positive
FB0004075,TK0008885,R003253,2,2026-02-03 10:29:23.000000000,negative
FB0004076,TK0008886,R010244,3,2026-01-24 11:28:24.000000000,neutral
FB0004077,TK0008889,R000283,4,2026-02-14 23:10:46.000000000,positive
FB0004078,TK0008890,R004573,5,2026-02-12 14:06:15.000000000,positive
FB0004079,TK0008891,R007805,4,2026-04-10 02:21:55.000000000,positive
FB0004080,TK0008892,R001283,3,2026-06-24 19:50:47.000000000,neutral
FB0004081,TK0008899,R022818,3,2026-03-28 22:06:49.000000000,neutral
FB0004082,TK0008901,R023655,2,2026-03-29 07:25:14.000000000,negative
FB0004083,TK0008903,R023010,2,2026-06-13 03:39:33.000000000,negative
FB0004084,TK0008906,R004538,1,2026-06-18 03:01:37.000000000,negative
FB0004085,TK0008908,R023998,2,2026-06-11 10:16:46.000000000,negative
FB0004086,TK0008910,R012199,3,2026-01-15 04:59:08.000000000,neutral
FB0004087,TK0008911,R010553,3,2026-02-25 05:56:32.000000000,neutral
FB0004088,TK0008914,R019284,1,2026-06-18 00:59:09.000000000,negative
FB0004089,TK0008915,R019234,2,2026-02-08 15:07:20.000000000,negative
FB0004090,TK0008917,R013817,4,2026-01-28 22:51:42.000000000,positive
FB0004091,TK0008918,R006564,3,2026-03-07 18:45:56.000000000,neutral
FB0004092,TK0008922,R023282,4,2026-02-21 18:33:03.000000000,positive
FB0004093,TK0008924,R020817,4,2026-06-28 18:14:59.000000000,positive
FB0004094,TK0008925,R018880,3,2026-04-03 03:53:42.000000000,neutral
FB0004095,TK0008926,R008609,3,2026-03-16 09:59:34.000000000,neutral
FB0004096,TK0008936,R024767,5,2026-06-29 17:58:02.000000000,positive
FB0004097,TK0008937,R023428,3,2026-03-22 14:24:24.000000000,neutral
FB0004098,TK0008939,R022288,3,2026-05-09 10:25:48.000000000,neutral
FB0004099,TK0008942,R015633,4,2026-04-23 14:59:01.000000000,positive
FB0004100,TK0008944,R007610,2,2026-02-18 09:22:33.000000000,negative
FB0004101,TK0008945,R004945,5,2026-06-20 02:09:25.000000000,positive
FB0004102,TK0008946,R013349,4,2026-06-10 16:36:59.000000000,positive
FB0004103,TK0008947,R022647,2,2026-04-17 12:42:43.000000000,negative
FB0004104,TK0008949,R010989,2,2026-05-01 04:58:07.000000000,negative
FB0004105,TK0008953,R020842,2,2026-06-08 17:20:49.000000000,negative
FB0004106,TK0008955,R020793,3,2026-05-18 10:47:15.000000000,neutral
FB0004107,TK0008956,R010665,4,2026-05-09 09:34:27.000000000,positive
FB0004108,TK0008958,R017737,1,2026-01-09 10:40:45.000000000,negative
FB0004109,TK0008960,R022070,3,2026-04-21 00:26:45.000000000,neutral
FB0004110,TK0008967,R018559,3,2026-02-20 21:06:30.000000000,neutral
FB0004111,TK0008973,R019432,2,2026-03-16 10:34:43.000000000,negative
FB0004112,TK0008976,R002977,3,2026-01-09 10:06:46.000000000,neutral
FB0004113,TK0008977,R020554,4,2026-03-24 06:01:51.000000000,positive
FB0004114,TK0008980,R015422,5,2026-06-27 22:30:50.000000000,positive
FB0004115,TK0008983,R003744,2,2026-05-22 18:53:30.000000000,negative
FB0004116,TK0008986,R000687,3,2026-06-12 03:49:18.000000000,neutral
FB0004117,TK0008987,R020196,4,2026-03-15 05:43:59.000000000,positive
FB0004118,TK0008988,R018190,3,2026-04-09 09:17:01.000000000,neutral
FB0004119,TK0008991,R016246,3,2026-05-31 00:23:58.000000000,neutral
FB0004120,TK0008992,R010149,4,2026-04-11 22:26:55.000000000,positive
FB0004121,TK0008995,R016257,3,2026-02-12 12:00:35.000000000,neutral
FB0004122,TK0008996,R024498,3,2026-06-25 23:27:07.000000000,neutral
FB0004123,TK0009002,R013032,4,2026-05-31 08:03:33.000000000,positive
FB0004124,TK0009005,R016904,1,2026-02-23 18:16:23.000000000,negative
FB0004125,TK0009009,R009699,3,2026-04-26 09:07:07.000000000,neutral
FB0004126,TK0009012,R009829,3,2026-01-29 07:28:31.000000000,neutral
FB0004127,TK0009014,R003344,5,2026-06-05 15:05:00.000000000,positive
FB0004128,TK0009017,R010923,3,2026-03-18 23:10:02.000000000,neutral
FB0004129,TK0009018,R016298,2,2026-02-14 12:09:51.000000000,negative
FB0004130,TK0009019,R019948,1,2026-01-17 07:32:01.000000000,negative
FB0004131,TK0009020,R016653,3,2026-02-20 10:56:25.000000000,neutral
FB0004132,TK0009021,R007347,3,2026-01-21 04:35:16.000000000,neutral
FB0004133,TK0009023,R013592,3,2026-01-11 04:43:35.000000000,neutral
FB0004134,TK0009028,R012198,3,2026-02-25 10:09:07.000000000,neutral
FB0004135,TK0009030,R010564,2,2026-03-15 21:08:07.000000000,negative
FB0004136,TK0009031,R003528,3,2026-03-25 08:38:43.000000000,neutral
FB0004137,TK0009036,R015910,4,2026-04-11 07:32:52.000000000,positive
FB0004138,TK0009037,R022135,3,2026-04-24 00:37:18.000000000,neutral
FB0004139,TK0009040,R019513,3,2026-06-30 11:03:32.000000000,neutral
FB0004140,TK0009041,R004206,3,2026-02-12 04:14:41.000000000,neutral
FB0004141,TK0009044,R019364,4,2026-05-29 00:29:54.000000000,positive
FB0004142,TK0009045,R022312,2,2026-06-01 23:31:23.000000000,negative
FB0004143,TK0009047,R011316,2,2026-03-17 02:11:18.000000000,negative
FB0004144,TK0009049,R011716,5,2026-05-15 19:59:08.000000000,positive
FB0004145,TK0009050,R007923,4,2026-02-24 17:32:17.000000000,positive
FB0004146,TK0009053,R001527,3,2026-02-26 15:07:47.000000000,neutral
FB0004147,TK0009055,R018463,3,2026-06-16 23:42:56.000000000,neutral
FB0004148,TK0009056,R014392,2,2026-06-13 05:26:59.000000000,negative
FB0004149,TK0009057,R005441,1,2026-06-23 18:57:55.000000000,negative
FB0004150,TK0009062,R021848,3,2026-03-24 12:08:51.000000000,neutral
FB0004151,TK0009064,R010395,2,2026-05-29 15:58:26.000000000,negative
FB0004152,TK0009065,R008920,2,2026-01-05 17:49:29.000000000,negative
FB0004153,TK0009066,R000432,1,2026-02-23 23:35:05.000000000,negative
FB0004154,TK0009068,R021874,1,2026-04-04 17:25:28.000000000,negative
FB0004155,TK0009069,R008529,3,2026-05-30 02:20:38.000000000,neutral
FB0004156,TK0009071,R021289,4,2026-06-13 00:58:21.000000000,positive
FB0004157,TK0009073,R009134,3,2026-03-19 13:34:19.000000000,neutral
FB0004158,TK0009074,R012361,3,2026-02-10 07:56:14.000000000,neutral
FB0004159,TK0009075,R006503,3,2026-03-16 06:00:03.000000000,neutral
FB0004160,TK0009078,R008491,3,2026-05-06 02:59:11.000000000,neutral
FB0004161,TK0009079,R014009,2,2026-04-28 16:21:44.000000000,negative
FB0004162,TK0009083,R020343,3,2026-01-06 18:50:20.000000000,neutral
FB0004163,TK0009085,R016392,4,2026-05-17 01:28:51.000000000,positive
FB0004164,TK0009088,R016363,3,2026-06-08 20:09:48.000000000,neutral
FB0004165,TK0009092,R009399,4,2026-06-12 18:02:55.000000000,positive
FB0004166,TK0009093,R018416,2,2026-04-25 12:51:18.000000000,negative
FB0004167,TK0009094,R013747,5,2026-05-14 10:32:33.000000000,positive
FB0004168,TK0009096,R014998,2,2026-01-10 02:08:11.000000000,negative
FB0004169,TK0009101,R010099,1,2026-07-01 14:56:53.000000000,negative
FB0004170,TK0009102,R001167,4,2026-05-02 14:09:12.000000000,positive
FB0004171,TK0009103,R005820,3,2026-03-21 15:46:09.000000000,neutral
FB0004172,TK0009104,R002601,4,2026-05-30 11:10:25.000000000,positive
FB0004173,TK0009106,R003177,4,2026-06-27 20:08:22.000000000,positive
FB0004174,TK0009107,R021830,2,2026-01-24 12:13:56.000000000,negative
FB0004175,TK0009109,R023952,3,2026-04-11 16:02:02.000000000,neutral
FB0004176,TK0009111,R005689,4,2026-04-23 08:10:15.000000000,positive
FB0004177,TK0009117,R022943,4,2026-02-21 00:43:56.000000000,positive
FB0004178,TK0009120,R017438,2,2026-03-25 16:33:00.000000000,negative
FB0004179,TK0009123,R020364,4,2026-05-12 15:19:52.000000000,positive
FB0004180,TK0009126,R012091,3,2026-03-30 14:10:25.000000000,neutral
FB0004181,TK0009129,R000096,3,2026-02-18 04:12:19.000000000,neutral
FB0004182,TK0009132,R007141,3,2026-03-12 22:55:38.000000000,neutral
FB0004183,TK0009133,R007305,3,2026-01-23 11:49:00.000000000,neutral
FB0004184,TK0009134,R007327,2,2026-01-04 18:26:10.000000000,negative
FB0004185,TK0009135,R020528,3,2026-03-10 03:05:09.000000000,neutral
FB0004186,TK0009136,R022910,3,2026-01-28 09:38:54.000000000,neutral
FB0004187,TK0009137,R009370,1,2026-02-23 07:15:08.000000000,negative
FB0004188,TK0009140,R022336,3,2026-01-03 12:34:45.000000000,neutral
FB0004189,TK0009141,R001098,3,2026-05-15 23:57:43.000000000,neutral
FB0004190,TK0009142,R024243,1,2026-03-24 21:19:33.000000000,negative
FB0004191,TK0009145,R011865,5,2026-01-31 00:16:06.000000000,positive
FB0004192,TK0009146,R001732,4,2026-04-09 02:16:03.000000000,positive
FB0004193,TK0009148,R020370,3,2026-03-25 05:56:13.000000000,neutral
FB0004194,TK0009155,R008294,3,2026-02-11 03:27:26.000000000,neutral
FB0004195,TK0009156,R001020,1,2026-04-23 05:32:43.000000000,negative
FB0004196,TK0009158,R021984,2,2026-04-20 01:19:28.000000000,negative
FB0004197,TK0009159,R018281,3,2026-03-06 13:46:15.000000000,neutral
FB0004198,TK0009160,R016580,4,2026-04-29 22:52:14.000000000,positive
FB0004199,TK0009163,R001673,3,2026-03-03 16:56:48.000000000,neutral
FB0004200,TK0009165,R016152,1,2026-03-03 04:52:15.000000000,negative
FB0004201,TK0009166,R004589,3,2026-02-28 21:02:46.000000000,neutral
FB0004202,TK0009181,R001088,4,2026-05-30 10:21:32.000000000,positive
FB0004203,TK0009184,R022184,2,2026-05-03 10:10:27.000000000,negative
FB0004204,TK0009185,R014125,1,2026-01-28 06:50:31.000000000,negative
FB0004205,TK0009189,R018756,5,2026-06-07 04:21:41.000000000,positive
FB0004206,TK0009192,R003792,2,2026-05-06 18:14:32.000000000,negative
FB0004207,TK0009193,R008218,3,2026-06-25 16:20:01.000000000,neutral
FB0004208,TK0009195,R008777,5,2026-05-27 01:11:23.000000000,positive
FB0004209,TK0009196,R016437,4,2026-01-20 08:41:23.000000000,positive
FB0004210,TK0009197,R014077,3,2026-05-25 23:55:18.000000000,neutral
FB0004211,TK0009199,R005664,5,2026-01-30 22:18:06.000000000,positive
FB0004212,TK0009202,R014320,4,2026-03-30 22:13:01.000000000,positive
FB0004213,TK0009203,R013200,2,2026-06-23 01:27:53.000000000,negative
FB0004214,TK0009205,R005376,3,2026-02-01 16:43:12.000000000,neutral
FB0004215,TK0009207,R020239,3,2026-04-23 16:01:17.000000000,neutral
FB0004216,TK0009210,R012179,2,2026-01-10 02:45:14.000000000,negative
FB0004217,TK0009211,R003701,4,2026-02-11 05:07:09.000000000,positive
FB0004218,TK0009213,R001903,4,2026-03-04 09:53:08.000000000,positive
FB0004219,TK0009214,R022987,4,2026-04-29 16:39:24.000000000,positive
FB0004220,TK0009215,R014768,3,2026-05-29 01:19:55.000000000,neutral
FB0004221,TK0009216,R018762,3,2026-04-14 14:53:58.000000000,neutral
FB0004222,TK0009219,R018509,3,2026-04-14 14:02:19.000000000,neutral
FB0004223,TK0009222,R014263,2,2026-03-22 19:52:22.000000000,negative
FB0004224,TK0009223,R017596,2,2026-04-09 00:20:55.000000000,negative
FB0004225,TK0009226,R017472,4,2026-05-28 11:50:00.000000000,positive
FB0004226,TK0009229,R000705,3,2026-01-07 08:40:56.000000000,neutral
FB0004227,TK0009233,R000017,3,2026-02-15 03:13:11.000000000,neutral
FB0004228,TK0009236,R016541,2,2026-03-31 17:03:34.000000000,negative
FB0004229,TK0009238,R018708,4,2026-05-11 14:45:43.000000000,positive
FB0004230,TK0009240,R004941,3,2026-04-02 00:00:36.000000000,neutral
FB0004231,TK0009241,R019062,5,2026-06-17 14:36:02.000000000,positive
FB0004232,TK0009242,R021422,3,2026-01-09 15:25:53.000000000,neutral
FB0004233,TK0009243,R004618,2,2026-03-25 23:48:00.000000000,negative
FB0004234,TK0009247,R010143,2,2026-02-10 22:51:36.000000000,negative
FB0004235,TK0009248,R011572,5,2026-04-24 01:23:25.000000000,positive
FB0004236,TK0009251,R019299,4,2026-05-12 10:17:39.000000000,positive
FB0004237,TK0009253,R000364,2,2026-04-28 02:51:21.000000000,negative
FB0004238,TK0009255,R003638,4,2026-06-13 21:01:10.000000000,positive
FB0004239,TK0009258,R017258,2,2026-05-05 01:19:06.000000000,negative
FB0004240,TK0009259,R017771,4,2026-03-13 21:01:52.000000000,positive
FB0004241,TK0009260,R022625,3,2026-02-10 01:12:55.000000000,neutral
FB0004242,TK0009261,R000422,4,2026-04-15 16:28:16.000000000,positive
FB0004243,TK0009263,R018936,4,2026-04-08 12:38:46.000000000,positive
FB0004244,TK0009266,R020132,1,2026-06-12 00:30:16.000000000,negative
FB0004245,TK0009268,R015153,5,2026-02-14 13:19:29.000000000,positive
FB0004246,TK0009269,R014002,3,2026-04-14 14:07:15.000000000,neutral
FB0004247,TK0009270,R009859,2,2026-06-03 00:00:09.000000000,negative
FB0004248,TK0009271,R016971,3,2026-01-22 09:00:14.000000000,neutral
FB0004249,TK0009273,R024460,3,2026-05-17 02:48:50.000000000,neutral
FB0004250,TK0009274,R011381,4,2026-06-16 20:13:57.000000000,positive
FB0004251,TK0009275,R008661,2,2026-06-02 04:08:40.000000000,negative
FB0004252,TK0009277,R007777,3,2026-06-14 08:05:20.000000000,neutral
FB0004253,TK0009279,R001044,2,2026-01-12 03:23:30.000000000,negative
FB0004254,TK0009282,R006092,2,2026-05-08 10:44:52.000000000,negative
FB0004255,TK0009284,R021689,3,2026-03-17 03:29:47.000000000,neutral
FB0004256,TK0009285,R017295,2,2026-03-05 15:18:08.000000000,negative
FB0004257,TK0009286,R002899,5,2026-05-19 03:47:13.000000000,positive
FB0004258,TK0009290,R016043,4,2026-03-25 08:40:12.000000000,positive
FB0004259,TK0009293,R019965,3,2026-01-03 20:51:32.000000000,neutral
FB0004260,TK0009294,R021962,2,2026-06-23 15:13:53.000000000,negative
FB0004261,TK0009296,R012519,3,2026-01-19 12:02:15.000000000,neutral
FB0004262,TK0009298,R010081,3,2026-02-24 14:48:18.000000000,neutral
FB0004263,TK0009301,R013029,2,2026-02-02 18:01:02.000000000,negative
FB0004264,TK0009302,R022359,2,2026-01-11 18:14:28.000000000,negative
FB0004265,TK0009305,R010613,2,2026-01-02 10:12:27.000000000,negative
FB0004266,TK0009308,R004598,4,2026-04-20 07:57:45.000000000,positive
FB0004267,TK0009309,R020938,4,2026-06-22 12:17:54.000000000,positive
FB0004268,TK0009311,R014350,4,2026-05-28 18:26:49.000000000,positive
FB0004269,TK0009316,R015147,3,2026-03-18 12:54:51.000000000,neutral
FB0004270,TK0009317,R024928,4,2026-04-11 17:32:46.000000000,positive
FB0004271,TK0009318,R004902,3,2026-04-17 03:41:00.000000000,neutral
FB0004272,TK0009319,R019379,3,2026-02-27 15:42:20.000000000,neutral
FB0004273,TK0009323,R002461,3,2026-01-25 13:20:43.000000000,neutral
FB0004274,TK0009324,R019050,2,2026-06-25 19:17:08.000000000,negative
FB0004275,TK0009326,R000194,2,2026-01-12 22:14:59.000000000,negative
FB0004276,TK0009327,R012691,2,2026-01-12 07:40:42.000000000,negative
FB0004277,TK0009328,R019263,4,2026-05-19 23:27:03.000000000,positive
FB0004278,TK0009330,R009991,3,2026-03-11 20:54:10.000000000,neutral
FB0004279,TK0009332,R022866,4,2026-01-15 05:44:14.000000000,positive
FB0004280,TK0009341,R007502,2,2026-02-14 18:31:49.000000000,negative
FB0004281,TK0009343,R012320,2,2026-01-09 05:32:52.000000000,negative
FB0004282,TK0009346,R005279,4,2026-02-27 20:25:56.000000000,positive
FB0004283,TK0009358,R011849,4,2026-02-26 21:53:41.000000000,positive
FB0004284,TK0009359,R006686,3,2026-04-12 02:35:26.000000000,neutral
FB0004285,TK0009360,R013113,4,2026-05-21 16:55:31.000000000,positive
FB0004286,TK0009361,R019566,6,2026-02-05 11:30:11.000000000,positive
FB0004287,TK0009363,R020738,5,2026-05-25 02:43:04.000000000,positive
FB0004288,TK0009366,R009339,2,2026-02-24 16:44:42.000000000,negative
FB0004289,TK0009367,R007191,4,2026-03-08 06:34:41.000000000,positive
FB0004290,TK0009368,R021478,3,2026-01-11 23:42:34.000000000,neutral
FB0004291,TK0009371,R005003,2,2026-02-17 18:41:21.000000000,negative
FB0004292,TK0009372,R007312,3,2026-04-09 03:50:25.000000000,neutral
FB0004293,TK0009374,R013788,4,2026-03-20 01:39:27.000000000,positive
FB0004294,TK0009377,R013703,2,2026-01-02 18:23:05.000000000,negative
FB0004295,TK0009379,R000387,4,2026-06-17 06:11:58.000000000,positive
FB0004296,TK0009380,R013484,4,2026-03-30 03:29:06.000000000,positive
FB0004297,TK0009382,R019038,4,2026-05-25 01:31:22.000000000,positive
FB0004298,TK0009384,R014691,2,2026-01-19 14:45:19.000000000,negative
FB0004299,TK0009385,R019435,5,2026-06-28 01:51:08.000000000,positive
FB0004300,TK0009387,R000813,3,2026-02-06 17:26:21.000000000,neutral
FB0004301,TK0009388,R023009,5,2026-05-07 05:57:15.000000000,positive
FB0004302,TK0009389,R001608,4,2026-06-18 22:32:55.000000000,positive
FB0004303,TK0009392,R009961,3,2026-02-11 23:10:49.000000000,neutral
FB0004304,TK0009393,R000504,4,2026-06-03 10:26:26.000000000,positive
FB0004305,TK0009396,R002988,2,2026-03-01 01:48:25.000000000,negative
FB0004306,TK0009398,R021259,3,2026-03-19 00:40:04.000000000,neutral
FB0004307,TK0009402,R005324,3,2026-02-20 03:38:53.000000000,neutral
FB0004308,TK0009403,R001721,3,2026-04-13 12:10:47.000000000,neutral
FB0004309,TK0009409,R013212,2,2026-03-11 22:39:44.000000000,negative
FB0004310,TK0009412,R003086,4,2026-01-28 15:13:12.000000000,positive
FB0004311,TK0009414,R004964,3,2026-01-03 20:26:42.000000000,neutral
FB0004312,TK0009415,R023682,2,2026-06-27 15:18:06.000000000,negative
FB0004313,TK0009417,R006101,4,2026-02-23 07:35:27.000000000,positive
FB0004314,TK0009422,R023524,4,2026-04-01 03:45:10.000000000,positive
FB0004315,TK0009426,R023606,2,2026-05-10 15:07:18.000000000,negative
FB0004316,TK0009427,R012530,1,2026-06-04 17:37:47.000000000,negative
FB0004317,TK0009431,R007257,3,2026-02-06 19:20:10.000000000,neutral
FB0004318,TK0009435,R017305,2,2026-03-14 20:03:05.000000000,negative
FB0004319,TK0009438,R011553,3,2026-01-07 09:42:48.000000000,neutral
FB0004320,TK0009440,R002791,5,2026-06-24 21:25:05.000000000,positive
FB0004321,TK0009443,R021347,5,2026-01-28 05:16:08.000000000,positive
FB0004322,TK0009445,R018527,2,2026-02-27 11:44:48.000000000,negative
FB0004323,TK0009448,R004238,3,2026-01-30 15:13:14.000000000,neutral
FB0004324,TK0009453,R002054,2,2026-05-21 12:50:02.000000000,negative
FB0004325,TK0009454,R019831,3,2026-03-19 03:29:52.000000000,neutral
FB0004326,TK0009455,R014229,2,2026-05-25 14:03:20.000000000,negative
FB0004327,TK0009459,R016971,4,2026-01-17 07:03:52.000000000,positive
FB0004328,TK0009463,R014421,3,2026-05-16 16:43:14.000000000,neutral
FB0004329,TK0009464,R008819,4,2026-06-06 10:57:41.000000000,positive
FB0004330,TK0009465,R015680,3,2026-06-13 20:12:48.000000000,neutral
FB0004331,TK0009466,R006258,3,2026-03-09 03:55:45.000000000,neutral
FB0004332,TK0009468,R017680,3,2026-02-21 15:47:16.000000000,neutral
FB0004333,TK0009472,R020245,3,2026-04-22 09:06:22.000000000,neutral
FB0004334,TK0009476,R023804,2,2026-05-02 19:06:34.000000000,negative
FB0004335,TK0009477,R008759,3,2026-02-08 04:25:35.000000000,neutral
FB0004336,TK0009479,R019748,2,2026-06-25 19:42:55.000000000,negative
FB0004337,TK0009485,R007728,2,2026-06-17 14:15:52.000000000,negative
FB0004338,TK0009489,R021977,3,2026-05-05 07:57:38.000000000,neutral
FB0004339,TK0009491,R014319,2,2026-05-07 10:44:32.000000000,negative
FB0004340,TK0009496,R024972,4,2026-01-30 18:25:06.000000000,positive
FB0004341,TK0009499,R019789,2,2026-01-25 14:47:13.000000000,negative
FB0004342,TK0009500,R021372,3,2026-01-12 09:53:31.000000000,neutral
FB0004343,TK0009502,R019321,3,2026-06-08 11:34:34.000000000,neutral
FB0004344,TK0009503,R011961,1,2026-06-21 23:43:58.000000000,negative
FB0004345,TK0009504,R017508,1,2026-03-22 20:19:17.000000000,negative
FB0004346,TK0009509,R003563,2,2026-06-26 07:13:13.000000000,negative
FB0004347,TK0009510,R000890,3,2026-04-07 17:25:53.000000000,neutral
FB0004348,TK0009511,R021236,2,2026-01-25 05:18:54.000000000,negative
FB0004349,TK0009517,R000235,3,2026-03-28 00:57:56.000000000,neutral
FB0004350,TK0009520,R017424,2,2026-06-24 11:20:43.000000000,negative
FB0004351,TK0009524,R007862,1,2026-02-27 11:34:34.000000000,negative
FB0004352,TK0009526,R002992,2,2026-04-10 11:19:21.000000000,negative
FB0004353,TK0009530,R003366,5,2026-01-13 05:31:42.000000000,positive
FB0004354,TK0009531,R020835,2,2026-04-07 17:08:44.000000000,negative
FB0004355,TK0009533,R017327,1,2026-01-10 06:13:26.000000000,negative
FB0004356,TK0009534,R020852,4,2026-03-29 09:11:57.000000000,positive
FB0004357,TK0009537,R010082,2,2026-01-10 11:39:10.000000000,negative
FB0004358,TK0009538,R014786,4,2026-01-11 23:56:42.000000000,positive
FB0004359,TK0009540,R019483,5,2026-04-19 11:04:56.000000000,positive
FB0004360,TK0009543,R011171,1,2026-02-23 17:15:53.000000000,negative
FB0004361,TK0009544,R002659,4,2026-02-11 08:24:29.000000000,positive
FB0004362,TK0009546,R014301,3,2026-04-06 20:06:32.000000000,neutral
FB0004363,TK0009549,R018515,2,2026-02-08 15:53:17.000000000,negative
FB0004364,TK0009550,R004973,4,2026-07-01 04:06:54.000000000,positive
FB0004365,TK0009553,R001249,2,2026-02-15 01:53:21.000000000,negative
FB0004366,TK0009554,R001791,4,2026-01-03 02:17:32.000000000,positive
FB0004367,TK0009555,R017176,2,2026-01-14 01:27:57.000000000,negative
FB0004368,TK0009556,R013942,3,2026-02-22 06:46:48.000000000,neutral
FB0004369,TK0009560,R008968,3,2026-03-21 13:14:10.000000000,neutral
FB0004370,TK0009564,R009377,3,2026-03-15 08:38:09.000000000,neutral
FB0004371,TK0009565,R013013,2,2026-05-10 00:55:03.000000000,negative
FB0004372,TK0009566,R020106,3,2026-05-03 19:03:36.000000000,neutral
FB0004373,TK0009567,R012419,2,2026-02-20 08:44:10.000000000,negative
FB0004374,TK0009569,R016756,4,2026-06-26 16:04:07.000000000,positive
FB0004375,TK0009572,R014245,2,2026-03-15 20:47:39.000000000,negative
FB0004376,TK0009576,R005584,3,2026-05-28 20:54:09.000000000,neutral
FB0004377,TK0009577,R012670,4,2026-06-01 00:21:16.000000000,positive
FB0004378,TK0009579,R024007,3,2026-06-03 12:38:42.000000000,neutral
FB0004379,TK0009583,R018622,3,2026-03-23 15:18:22.000000000,neutral
FB0004380,TK0009585,R009818,3,2026-04-15 00:05:38.000000000,neutral
FB0004381,TK0009587,R002614,2,2026-05-19 21:10:28.000000000,negative
FB0004382,TK0009589,R006961,3,2026-03-29 11:00:27.000000000,neutral
FB0004383,TK0009595,R021274,4,2026-06-08 08:05:05.000000000,positive
FB0004384,TK0009597,R010488,5,2026-02-07 23:51:02.000000000,positive
FB0004385,TK0009598,R024890,2,2026-06-06 20:32:22.000000000,negative
FB0004386,TK0009599,R010484,5,2026-02-15 19:04:46.000000000,positive
FB0004387,TK0009603,R022655,1,2026-04-07 07:27:01.000000000,negative
FB0004388,TK0009608,R000751,3,2026-01-07 12:12:47.000000000,neutral
FB0004389,TK0009609,R004537,3,2026-05-16 04:09:57.000000000,neutral
FB0004390,TK0009613,R014233,2,2026-05-05 15:54:03.000000000,negative
FB0004391,TK0009614,R019291,1,2026-03-12 18:46:05.000000000,negative
FB0004392,TK0009618,R003784,2,2026-03-24 04:59:34.000000000,negative
FB0004393,TK0009620,R002578,2,2026-02-12 04:32:45.000000000,negative
FB0004394,TK0009623,R020071,5,2026-06-04 15:55:36.000000000,positive
FB0004395,TK0009626,R002103,3,2026-06-23 16:04:52.000000000,neutral
FB0004396,TK0009627,R004222,3,2026-01-14 22:05:31.000000000,neutral
FB0004397,TK0009630,R010091,3,2026-03-14 00:18:04.000000000,neutral
FB0004398,TK0009632,R002732,5,2026-03-21 02:31:24.000000000,positive
FB0004399,TK0009635,R021703,3,2026-06-24 03:11:59.000000000,neutral
FB0004400,TK0009636,R022118,4,2026-06-29 19:45:12.000000000,positive
FB0004401,TK0009637,R011357,4,2026-02-05 23:22:17.000000000,positive
FB0004402,TK0009642,R016082,2,2026-01-10 18:22:14.000000000,negative
FB0004403,TK0009643,R017444,4,2026-06-10 09:52:14.000000000,positive
FB0004404,TK0009645,R012855,4,2026-05-07 12:41:10.000000000,positive
FB0004405,TK0009647,R011868,3,2026-06-28 04:08:18.000000000,neutral
FB0004406,TK0009649,R023969,3,2026-02-10 07:58:01.000000000,neutral
FB0004407,TK0009652,R000226,1,2026-04-05 22:30:22.000000000,negative
FB0004408,TK0009655,R000231,4,2026-03-22 18:09:28.000000000,positive
FB0004409,TK0009656,R019686,5,2026-05-18 13:30:17.000000000,positive
FB0004410,TK0009657,R010923,2,2026-02-15 10:51:28.000000000,negative
FB0004411,TK0009666,R012024,2,2026-03-26 02:17:23.000000000,negative
FB0004412,TK0009667,R023977,3,2026-02-10 22:46:31.000000000,neutral
FB0004413,TK0009670,R011724,3,2026-06-16 23:57:59.000000000,neutral
FB0004414,TK0009672,R012531,2,2026-05-17 12:44:57.000000000,negative
FB0004415,TK0009674,R005686,3,2026-04-16 22:23:58.000000000,neutral
FB0004416,TK0009675,R022348,2,2026-06-02 03:40:38.000000000,negative
FB0004417,TK0009676,R010625,4,2026-03-19 17:25:34.000000000,positive
FB0004418,TK0009678,R001012,1,2026-05-27 01:28:51.000000000,negative
FB0004419,TK0009680,R008866,2,2026-06-07 11:28:46.000000000,negative
FB0004420,TK0009687,R004156,3,2026-05-16 23:53:38.000000000,neutral
FB0004421,TK0009688,R023313,4,2026-04-30 12:27:35.000000000,positive
FB0004422,TK0009690,R023837,2,2026-02-02 08:42:04.000000000,negative
FB0004423,TK0009691,R017519,2,2026-05-09 05:32:53.000000000,negative
FB0004424,TK0009695,R012287,4,2026-06-24 02:46:32.000000000,positive
FB0004425,TK0009697,R011357,1,2026-03-01 13:03:12.000000000,negative
FB0004426,TK0009698,R024974,2,2026-04-23 16:07:35.000000000,negative
FB0004427,TK0009699,R013993,3,2026-05-13 04:11:39.000000000,neutral
FB0004428,TK0009700,R003413,2,2026-05-26 14:15:33.000000000,negative
FB0004429,TK0009701,R001035,3,2026-05-02 17:13:09.000000000,neutral
FB0004430,TK0009706,R004617,4,2026-04-05 00:09:22.000000000,positive
FB0004431,TK0009708,R010024,2,2026-03-25 12:04:11.000000000,negative
FB0004432,TK0009709,R019264,2,2026-06-26 03:25:52.000000000,negative
FB0004433,TK0009710,R004643,3,2026-01-01 20:33:24.000000000,neutral
FB0004434,TK0009711,R016516,3,2026-02-01 13:26:01.000000000,neutral
FB0004435,TK0009712,R002033,4,2026-03-21 17:38:15.000000000,positive
FB0004436,TK0009715,R005209,2,2026-01-05 10:37:50.000000000,negative
FB0004437,TK0009716,R012691,2,2026-05-31 16:10:56.000000000,negative
FB0004438,TK0009718,R007570,2,2026-02-13 19:29:49.000000000,negative
FB0004439,TK0009721,R002928,2,2026-02-11 11:41:27.000000000,negative
FB0004440,TK0009724,R022860,3,2026-06-17 23:46:05.000000000,neutral
FB0004441,TK0009728,R001554,4,2026-03-26 03:02:46.000000000,positive
FB0004442,TK0009731,R000902,2,2026-06-02 22:53:02.000000000,negative
FB0004443,TK0009734,R012500,4,2026-04-14 17:17:56.000000000,positive
FB0004444,TK0009735,R018329,3,2026-03-21 14:30:31.000000000,neutral
FB0004445,TK0009737,R015957,3,2026-04-01 14:23:50.000000000,neutral
FB0004446,TK0009738,R002376,2,2026-05-03 12:53:11.000000000,negative
FB0004447,TK0009739,R014027,4,2026-03-23 02:58:27.000000000,positive
FB0004448,TK0009741,R005493,2,2026-06-01 00:10:28.000000000,negative
FB0004449,TK0009742,R015934,3,2026-04-16 19:58:38.000000000,neutral
FB0004450,TK0009743,R021691,4,2026-03-10 04:32:33.000000000,positive
FB0004451,TK0009745,R008846,2,2026-01-11 06:59:44.000000000,negative
FB0004452,TK0009746,R000223,5,2026-04-12 17:40:51.000000000,positive
FB0004453,TK0009747,R016152,2,2026-01-22 17:31:26.000000000,negative
FB0004454,TK0009748,R009842,3,2026-06-28 10:08:29.000000000,neutral
FB0004455,TK0009750,R017040,4,2026-04-19 10:54:58.000000000,positive
FB0004456,TK0009752,R011942,2,2026-01-21 08:35:32.000000000,negative
FB0004457,TK0009753,R020158,2,2026-02-03 03:21:26.000000000,negative
FB0004458,TK0009755,R009539,1,2026-02-27 20:39:13.000000000,negative
FB0004459,TK0009758,R007052,2,2026-02-08 03:47:21.000000000,negative
FB0004460,TK0009760,R014847,3,2026-03-13 17:51:28.000000000,neutral
FB0004461,TK0009762,R012085,2,2026-05-20 08:45:34.000000000,negative
FB0004462,TK0009763,R002495,4,2026-03-14 01:52:50.000000000,positive
FB0004463,TK0009766,R016457,2,2026-06-19 19:52:04.000000000,negative
FB0004464,TK0009770,R013477,1,2026-04-22 11:07:57.000000000,negative
FB0004465,TK0009771,R015164,1,2026-01-28 02:48:16.000000000,negative
FB0004466,TK0009772,R012860,2,2026-03-17 02:09:03.000000000,negative
FB0004467,TK0009774,R011366,4,2026-01-10 04:52:07.000000000,positive
FB0004468,TK0009775,R009446,1,2026-06-17 04:13:21.000000000,negative
FB0004469,TK0009776,R009168,2,2026-05-20 18:04:16.000000000,negative
FB0004470,TK0009777,R021326,2,2026-03-08 13:40:09.000000000,negative
FB0004471,TK0009779,R004246,3,2026-04-12 19:33:31.000000000,neutral
FB0004472,TK0009780,R015945,3,2026-02-03 03:19:00.000000000,neutral
FB0004473,TK0009786,R023806,2,2026-01-07 03:25:19.000000000,negative
FB0004474,TK0009790,R001622,4,2026-01-19 06:27:00.000000000,positive
FB0004475,TK0009792,R018882,3,2026-06-14 03:00:10.000000000,neutral
FB0004476,TK0009793,R014208,1,2026-06-27 00:05:20.000000000,negative
FB0004477,TK0009797,R020506,2,2026-05-01 17:32:34.000000000,negative
FB0004478,TK0009798,R021620,4,2026-01-11 05:02:23.000000000,positive
FB0004479,TK0009799,R000970,4,2026-02-23 12:20:24.000000000,positive
FB0004480,TK0009801,R009372,5,2026-03-16 08:36:17.000000000,positive
FB0004481,TK0009803,R013379,3,2026-02-25 22:27:06.000000000,neutral
FB0004482,TK0009807,R006600,4,2026-02-05 01:35:16.000000000,positive
FB0004483,TK0009808,R013805,4,2026-05-24 17:48:07.000000000,positive
FB0004484,TK0009816,R000397,3,2026-06-26 02:59:28.000000000,neutral
FB0004485,TK0009818,R018051,2,2026-05-19 12:46:10.000000000,negative
FB0004486,TK0009820,R004672,3,2026-02-03 10:28:38.000000000,neutral
FB0004487,TK0009821,R018324,2,2026-05-26 14:00:00.000000000,negative
FB0004488,TK0009823,R001970,1,2026-02-17 15:06:14.000000000,negative
FB0004489,TK0009825,R001129,3,2026-01-04 07:19:55.000000000,neutral
FB0004490,TK0009827,R007908,1,2026-03-20 06:14:41.000000000,negative
FB0004491,TK0009829,R023804,5,2026-06-12 00:58:40.000000000,positive
FB0004492,TK0009832,R000498,4,2026-06-13 11:40:14.000000000,positive
FB0004493,TK0009834,R015633,3,2026-06-02 09:51:11.000000000,neutral
FB0004494,TK0009835,R009574,2,2026-06-13 10:24:14.000000000,negative
FB0004495,TK0009838,R002749,4,2026-04-06 12:07:08.000000000,positive
FB0004496,TK0009840,R011998,3,2026-02-17 15:44:03.000000000,neutral
FB0004497,TK0009843,R022228,2,2026-05-01 10:10:22.000000000,negative
FB0004498,TK0009844,R017625,3,2026-06-30 10:39:55.000000000,neutral
FB0004499,TK0009845,R019413,1,2026-01-11 12:58:46.000000000,negative
FB0004500,TK0009848,R013162,3,2026-02-17 10:12:46.000000000,neutral
FB0004501,TK0009850,R013935,3,2026-05-12 22:03:03.000000000,neutral
FB0004502,TK0009851,R007455,2,2026-02-24 20:20:01.000000000,negative
FB0004503,TK0009852,R019937,4,2026-01-16 08:05:05.000000000,positive
FB0004504,TK0009854,R010870,3,2026-04-09 06:18:42.000000000,neutral
FB0004505,TK0009861,R005778,3,2026-04-25 07:30:30.000000000,neutral
FB0004506,TK0009863,R024033,4,2026-05-08 02:16:06.000000000,positive
FB0004507,TK0009866,R022250,5,2026-03-19 05:17:44.000000000,positive
FB0004508,TK0009869,R021152,3,2026-04-07 01:52:36.000000000,neutral
FB0004509,TK0009870,R020016,5,2026-04-29 15:25:18.000000000,positive
FB0004510,TK0009872,R015698,3,2026-04-07 09:11:44.000000000,neutral
FB0004511,TK0009876,R005995,3,2026-04-22 21:51:06.000000000,neutral
FB0004512,TK0009879,R013208,3,2026-01-16 12:10:27.000000000,neutral
FB0004513,TK0009880,R019346,3,2026-01-19 07:27:19.000000000,neutral
FB0004514,TK0009881,R019241,4,2026-05-25 06:44:29.000000000,positive
FB0004515,TK0009882,R023380,5,2026-06-27 23:32:58.000000000,positive
FB0004516,TK0009884,R021750,5,2026-05-05 21:50:35.000000000,positive
FB0004517,TK0009886,R005237,2,2026-06-22 17:29:00.000000000,negative
FB0004518,TK0009888,R018125,2,2026-03-11 03:39:34.000000000,negative
FB0004519,TK0009889,R007208,1,2026-06-26 10:11:20.000000000,negative
FB0004520,TK0009893,R005495,4,2026-03-25 14:03:08.000000000,positive
FB0004521,TK0009896,R024009,2,2026-06-30 07:59:03.000000000,negative
FB0004522,TK0009901,R018460,3,2026-06-16 17:53:32.000000000,neutral
FB0004523,TK0009902,R016963,4,2026-05-07 08:14:02.000000000,positive
FB0004524,TK0009903,R021624,5,2026-05-06 12:16:19.000000000,positive
FB0004525,TK0009904,R008322,3,2026-02-19 00:38:22.000000000,neutral
FB0004526,TK0009910,R017818,2,2026-03-28 00:31:19.000000000,negative
FB0004527,TK0009911,R002412,3,2026-07-01 18:06:15.000000000,neutral
FB0004528,TK0009912,R016918,4,2026-06-30 17:51:38.000000000,positive
FB0004529,TK0009919,R015747,4,2026-05-22 08:55:37.000000000,positive
FB0004530,TK0009920,R007611,4,2026-05-16 04:32:19.000000000,positive
FB0004531,TK0009922,R013769,2,2026-02-03 00:41:08.000000000,negative
FB0004532,TK0009923,R008541,4,2026-03-22 12:01:54.000000000,positive
FB0004533,TK0009925,R007682,2,2026-06-25 13:38:31.000000000,negative
FB0004534,TK0009933,R000588,3,2026-04-04 05:38:13.000000000,neutral
FB0004535,TK0009934,R022559,3,2026-06-19 16:00:29.000000000,neutral
FB0004536,TK0009935,R003496,3,2026-06-23 05:46:01.000000000,neutral
FB0004537,TK0009937,R020357,1,2026-06-05 08:42:23.000000000,negative
FB0004538,TK0009938,R001715,2,2026-05-19 12:43:15.000000000,negative
FB0004539,TK0009939,R019511,2,2026-01-18 23:44:21.000000000,negative
FB0004540,TK0009941,R024511,3,2026-01-07 15:02:20.000000000,neutral
FB0004541,TK0009944,R023280,2,2026-05-04 03:02:28.000000000,negative
FB0004542,TK0009947,R002936,4,2026-04-03 18:40:53.000000000,positive
FB0004543,TK0009948,R013532,4,2026-04-27 07:09:00.000000000,positive
FB0004544,TK0009949,R003995,4,2026-06-20 06:35:03.000000000,positive
FB0004545,TK0009951,R014358,3,2026-03-15 00:32:13.000000000,neutral
FB0004546,TK0009954,R023791,3,2026-05-17 23:27:24.000000000,neutral
FB0004547,TK0009957,R008464,4,2026-05-01 15:43:58.000000000,positive
FB0004548,TK0009958,R019845,4,2026-05-31 11:41:58.000000000,positive
FB0004549,TK0009959,R017076,3,2026-05-27 02:16:51.000000000,neutral
FB0004550,TK0009962,R022225,4,2026-04-12 00:40:26.000000000,positive
FB0004551,TK0009964,R005324,3,2026-06-26 19:01:31.000000000,neutral
FB0004552,TK0009965,R013123,4,2026-06-23 19:45:54.000000000,positive
FB0004553,TK0009967,R019459,3,2026-06-25 13:52:45.000000000,neutral
FB0004554,TK0009968,R005480,3,2026-05-21 00:34:37.000000000,neutral
FB0004555,TK0009969,R023302,1,2026-02-19 06:02:55.000000000,negative
FB0004556,TK0009974,R005568,4,2026-03-02 19:12:06.000000000,positive
FB0004557,TK0009975,R007865,2,2026-04-06 22:08:32.000000000,negative
FB0004558,TK0009976,R001087,2,2026-03-20 02:05:25.000000000,negative
FB0004559,TK0009978,R018386,5,2026-01-21 02:44:05.000000000,positive
FB0004560,TK0009979,R003168,2,2026-04-05 20:22:48.000000000,negative
FB0004561,TK0009980,R020216,3,2026-01-31 20:23:28.000000000,neutral
FB0004562,TK0009981,R001921,3,2026-01-04 14:59:54.000000000,neutral
FB0004563,TK0009985,R013103,2,2026-02-26 19:40:25.000000000,negative
FB0004564,TK0009992,R024354,2,2026-06-29 04:49:16.000000000,negative
FB0004565,TK0009994,R024775,2,2026-05-21 10:56:50.000000000,negative
FB0004566,TK0009996,R000630,2,2026-02-19 04:17:11.000000000,negative
FB0004567,TK0009998,R010476,3,2026-04-27 12:48:08.000000000,neutral
FB0004568,TK0009999,R024709,4,2026-01-15 14:31:25.000000000,positive
FB0004569,TK0010000,R014893,4,2026-04-08 09:17:25.000000000,positive
FB0004570,TK0010001,R008285,5,2026-06-07 18:57:21.000000000,positive
FB0004571,TK0010005,R006051,1,2026-03-13 00:02:55.000000000,negative
FB0004572,TK0010009,R013767,4,2026-05-05 22:11:49.000000000,positive
FB0004573,TK0010010,R002830,2,2026-01-21 17:33:15.000000000,negative
FB0004574,TK0010012,R019468,3,2026-02-09 00:53:19.000000000,neutral
FB0004575,TK0010013,R003185,5,2026-05-26 12:22:13.000000000,positive
FB0004576,TK0010015,R018737,1,2026-06-17 05:01:49.000000000,negative
FB0004577,TK0010018,R002447,1,2026-05-14 03:36:12.000000000,negative
FB0004578,TK0010019,R013486,4,2026-02-08 03:03:40.000000000,positive
FB0004579,TK0010021,R020448,2,2026-01-11 09:09:56.000000000,negative
FB0004580,TK0010022,R002815,3,2026-04-04 02:47:20.000000000,neutral
FB0004581,TK0010023,R020494,4,2026-05-18 12:05:26.000000000,positive
FB0004582,TK0010025,R009541,4,2026-05-07 00:35:41.000000000,positive
FB0004583,TK0010027,R014256,5,2026-04-09 13:44:54.000000000,positive
FB0004584,TK0010028,R017476,3,2026-03-03 22:23:23.000000000,neutral
FB0004585,TK0010031,R010147,3,2026-06-02 04:18:50.000000000,neutral
FB0004586,TK0010033,R015811,2,2026-02-16 05:50:00.000000000,negative
FB0004587,TK0010036,R006836,2,2026-01-29 09:43:43.000000000,negative
FB0004588,TK0010039,R016963,2,2026-03-06 10:51:40.000000000,negative
FB0004589,TK0010040,R012060,4,2026-02-05 20:48:41.000000000,positive
FB0004590,TK0010041,R015102,2,2026-04-07 14:10:44.000000000,negative
FB0004591,TK0010042,R002921,3,2026-04-23 19:37:01.000000000,neutral
FB0004592,TK0010043,R021610,3,2026-04-07 05:47:26.000000000,neutral
FB0004593,TK0010045,R003647,1,2026-05-28 09:48:29.000000000,negative
FB0004594,TK0010047,R024610,4,2026-06-29 09:51:41.000000000,positive
FB0004595,TK0010062,R021916,2,2026-01-26 05:43:30.000000000,negative
FB0004596,TK0010063,R013962,4,2026-03-31 10:28:20.000000000,positive
FB0004597,TK0010064,R015782,2,2026-01-15 17:24:19.000000000,negative
FB0004598,TK0010065,R004873,2,2026-06-23 06:15:25.000000000,negative
FB0004599,TK0010068,R019805,2,2026-05-25 03:18:01.000000000,negative
FB0004600,TK0010069,R001658,2,2026-02-06 22:15:23.000000000,negative
FB0004601,TK0010070,R001840,1,2026-01-02 09:25:26.000000000,negative
FB0004602,TK0010073,R015534,5,2026-04-22 10:26:46.000000000,positive
FB0004603,TK0010074,R002175,4,2026-05-03 09:29:03.000000000,positive
FB0004604,TK0010075,R015688,2,2026-01-26 16:28:08.000000000,negative
FB0004605,TK0010076,R007662,5,2026-05-24 02:34:30.000000000,positive
FB0004606,TK0010079,R018876,5,2026-06-01 19:02:53.000000000,positive
FB0004607,TK0010080,R016169,3,2026-03-22 22:05:27.000000000,neutral
FB0004608,TK0010082,R021790,5,2026-02-18 14:01:00.000000000,positive
FB0004609,TK0010083,R015236,2,2026-02-11 01:01:06.000000000,negative
FB0004610,TK0010086,R001915,3,2026-04-26 13:24:03.000000000,neutral
FB0004611,TK0010091,R018851,3,2026-06-02 13:09:41.000000000,neutral
FB0004612,TK0010094,R015536,4,2026-01-28 07:53:44.000000000,positive
FB0004613,TK0010095,R001629,3,2026-02-24 04:48:15.000000000,neutral
FB0004614,TK0010097,R019663,2,2026-06-08 12:46:53.000000000,negative
FB0004615,TK0010100,R020027,1,2026-01-28 18:08:44.000000000,negative
FB0004616,TK0010102,R001793,4,2026-02-24 07:38:30.000000000,positive
FB0004617,TK0010104,R016048,4,2026-06-27 14:42:02.000000000,positive
FB0004618,TK0010107,R021338,3,2026-04-02 19:47:14.000000000,neutral
FB0004619,TK0010108,R007828,3,2026-05-14 09:43:02.000000000,neutral
FB0004620,TK0010109,R016191,4,2026-03-26 05:54:21.000000000,positive
FB0004621,TK0010110,R017123,3,2026-02-02 03:28:25.000000000,neutral
FB0004622,TK0010113,R022989,2,2026-06-08 10:11:55.000000000,negative
FB0004623,TK0010114,R011661,4,2026-06-13 21:30:37.000000000,positive
FB0004624,TK0010115,R001798,3,2026-02-10 01:39:16.000000000,neutral
FB0004625,TK0010117,R020788,2,2026-04-17 00:55:36.000000000,negative
FB0004626,TK0010120,R023580,3,2026-06-21 17:55:02.000000000,neutral
FB0004627,TK0010122,R005448,2,2026-03-23 04:14:22.000000000,negative
FB0004628,TK0010126,R019681,2,2026-02-26 14:19:52.000000000,negative
FB0004629,TK0010128,R002407,4,2026-01-05 05:13:09.000000000,positive
FB0004630,TK0010130,R015806,4,2026-06-22 12:41:04.000000000,positive
FB0004631,TK0010131,R015149,4,2026-03-17 20:09:09.000000000,positive
FB0004632,TK0010137,R007697,3,2026-02-03 22:32:18.000000000,neutral
FB0004633,TK0010138,R015076,3,2026-04-22 03:39:28.000000000,neutral
FB0004634,TK0010139,R005820,3,2026-04-28 06:47:35.000000000,neutral
FB0004635,TK0010142,R022833,4,2026-04-17 20:14:55.000000000,positive
FB0004636,TK0010146,R005086,2,2026-04-09 07:26:54.000000000,negative
FB0004637,TK0010147,R005165,1,2026-04-19 10:30:42.000000000,negative
FB0004638,TK0010150,R004473,3,2026-02-11 01:35:07.000000000,neutral
FB0004639,TK0010154,R017780,3,2026-04-29 07:22:21.000000000,neutral
FB0004640,TK0010155,R011589,2,2026-02-20 23:57:33.000000000,negative
FB0004641,TK0010156,R013591,5,2026-05-31 22:44:12.000000000,positive
FB0004642,TK0010159,R016095,4,2026-06-11 18:57:57.000000000,positive
FB0004643,TK0010164,R001007,4,2026-03-26 09:09:33.000000000,positive
FB0004644,TK0010166,R015332,5,2026-05-31 17:07:12.000000000,positive
FB0004645,TK0010169,R007830,2,2026-06-22 15:53:49.000000000,negative
FB0004646,TK0010174,R016908,4,2026-05-25 23:30:19.000000000,positive
FB0004647,TK0010176,R004306,3,2026-01-27 13:57:14.000000000,neutral
FB0004648,TK0010177,R015163,5,2026-03-21 04:29:01.000000000,positive
FB0004649,TK0010179,R001521,2,2026-01-24 03:34:06.000000000,negative
FB0004650,TK0010182,R014140,4,2026-01-20 01:11:38.000000000,positive
FB0004651,TK0010183,R023282,2,2026-06-29 17:37:32.000000000,negative
FB0004652,TK0010186,R012595,2,2026-03-09 11:27:20.000000000,negative
FB0004653,TK0010189,R011658,5,2026-06-16 17:54:31.000000000,positive
FB0004654,TK0010190,R002857,4,2026-04-24 18:15:15.000000000,positive
FB0004655,TK0010191,R019448,3,2026-06-24 02:06:54.000000000,neutral
FB0004656,TK0010195,R024973,4,2026-05-03 13:26:25.000000000,positive
FB0004657,TK0010198,R013457,2,2026-01-15 16:04:24.000000000,negative
FB0004658,TK0010201,R010465,2,2026-03-20 02:42:24.000000000,negative
FB0004659,TK0010208,R019365,3,2026-03-04 06:05:11.000000000,neutral
FB0004660,TK0010209,R004831,2,2026-02-11 16:46:40.000000000,negative
FB0004661,TK0010211,R009528,2,2026-06-01 04:26:05.000000000,negative
FB0004662,TK0010212,R006469,5,2026-03-29 07:37:51.000000000,positive
FB0004663,TK0010213,R009170,4,2026-03-06 00:24:11.000000000,positive
FB0004664,TK0010214,R012487,3,2026-03-02 14:29:53.000000000,neutral
FB0004665,TK0010216,R017745,3,2026-04-12 23:20:10.000000000,neutral
FB0004666,TK0010219,R005384,4,2026-03-21 22:49:28.000000000,positive
FB0004667,TK0010220,R000881,2,2026-02-19 16:04:13.000000000,negative
FB0004668,TK0010221,R003995,3,2026-01-20 03:10:18.000000000,neutral
FB0004669,TK0010224,R021840,5,2026-06-03 17:24:37.000000000,positive
FB0004670,TK0010225,R017981,3,2026-01-26 22:00:51.000000000,neutral
FB0004671,TK0010226,R018573,4,2026-01-01 19:29:41.000000000,positive
FB0004672,TK0010227,R012663,3,2026-05-24 22:41:41.000000000,neutral
FB0004673,TK0010228,R010364,3,2026-04-30 03:29:24.000000000,neutral
FB0004674,TK0010229,R009814,1,2026-03-03 15:01:11.000000000,negative
FB0004675,TK0010233,R023733,5,2026-05-22 11:03:16.000000000,positive
FB0004676,TK0010235,R004574,3,2026-06-09 03:09:51.000000000,neutral
FB0004677,TK0010238,R002496,3,2026-03-01 17:22:08.000000000,neutral
FB0004678,TK0010239,R010103,2,2026-03-30 14:37:58.000000000,negative
FB0004679,TK0010240,R002153,3,2026-06-16 08:06:53.000000000,neutral
FB0004680,TK0010241,R020146,5,2026-03-13 19:29:14.000000000,positive
FB0004681,TK0010242,R000131,3,2026-04-15 08:35:06.000000000,neutral
FB0004682,TK0010244,R002415,3,2026-06-19 20:43:33.000000000,neutral
FB0004683,TK0010245,R011121,4,2026-04-04 10:07:33.000000000,positive
FB0004684,TK0010246,R014389,3,2026-05-09 11:58:56.000000000,neutral
FB0004685,TK0010247,R013027,2,2026-03-05 03:14:54.000000000,negative
FB0004686,TK0010249,R005412,4,2026-05-21 09:41:21.000000000,positive
FB0004687,TK0010251,R015937,2,2026-03-11 17:28:57.000000000,negative
FB0004688,TK0010256,R004973,3,2026-05-31 11:38:25.000000000,neutral
FB0004689,TK0010257,R009819,5,2026-04-04 15:47:55.000000000,positive
FB0004690,TK0010258,R021722,3,2026-02-27 02:24:50.000000000,neutral
FB0004691,TK0010259,R005861,4,2026-01-17 15:51:55.000000000,positive
FB0004692,TK0010261,R003510,4,2026-06-10 03:13:00.000000000,positive
FB0004693,TK0010263,R004403,2,2026-01-11 04:28:39.000000000,negative
FB0004694,TK0010264,R011153,3,2026-06-10 07:40:21.000000000,neutral
FB0004695,TK0010268,R003388,1,2026-03-13 01:00:13.000000000,negative
FB0004696,TK0010269,R001331,1,2026-01-03 23:47:36.000000000,negative
FB0004697,TK0010271,R004129,4,2026-03-17 03:22:47.000000000,positive
FB0004698,TK0010273,R016970,3,2026-01-30 01:58:06.000000000,neutral
FB0004699,TK0010274,R019802,2,2026-05-21 08:08:26.000000000,negative
FB0004700,TK0010275,R002830,5,2026-02-11 07:39:09.000000000,positive
FB0004701,TK0010277,R021816,1,2026-05-18 10:11:26.000000000,negative
FB0004702,TK0010279,R012895,4,2026-04-12 08:12:42.000000000,positive
FB0004703,TK0010281,R006704,4,2026-04-22 13:35:26.000000000,positive
FB0004704,TK0010284,R019412,4,2026-03-14 03:22:42.000000000,positive
FB0004705,TK0010287,R013786,2,2026-02-07 17:31:34.000000000,negative
FB0004706,TK0010289,R015792,2,2026-06-02 06:01:02.000000000,negative
FB0004707,TK0010292,R002417,2,2026-01-07 12:55:20.000000000,negative
FB0004708,TK0010294,R017973,1,2026-02-16 02:42:09.000000000,negative
FB0004709,TK0010295,R005055,3,2026-03-30 05:53:40.000000000,neutral
FB0004710,TK0010296,R017259,3,2026-05-14 20:35:29.000000000,neutral
FB0004711,TK0010297,R003040,2,2026-04-12 17:13:08.000000000,negative
FB0004712,TK0010298,R000767,2,2026-06-16 17:36:50.000000000,negative
FB0004713,TK0010299,R009174,3,2026-03-17 04:33:16.000000000,neutral
FB0004714,TK0010300,R013974,2,2026-05-11 06:31:52.000000000,negative
FB0004715,TK0010302,R009103,2,2026-06-28 04:04:33.000000000,negative
FB0004716,TK0010306,R010000,3,2026-02-02 21:49:25.000000000,neutral
FB0004717,TK0010307,R003170,4,2026-06-01 23:47:35.000000000,positive
FB0004718,TK0010308,R004106,2,2026-04-26 02:54:10.000000000,negative
FB0004719,TK0010309,R005562,3,2026-04-19 18:22:57.000000000,neutral
FB0004720,TK0010310,R009463,2,2026-06-05 01:08:26.000000000,negative
FB0004721,TK0010312,R018534,2,2026-01-06 00:31:05.000000000,negative
FB0004722,TK0010315,R018059,2,2026-04-28 03:24:03.000000000,negative
FB0004723,TK0010320,R006236,3,2026-05-11 14:15:16.000000000,neutral
FB0004724,TK0010323,R011617,3,2026-02-05 10:53:21.000000000,neutral
FB0004725,TK0010328,R020182,3,2026-03-27 15:30:34.000000000,neutral
FB0004726,TK0010330,R017010,3,2026-05-14 14:00:18.000000000,neutral
FB0004727,TK0010331,R006403,3,2026-02-09 09:32:02.000000000,neutral
FB0004728,TK0010333,R013853,4,2026-01-18 14:06:14.000000000,positive
FB0004729,TK0010334,R009071,1,2026-05-17 16:31:11.000000000,negative
FB0004730,TK0010335,R002435,4,2026-03-04 07:24:18.000000000,positive
FB0004731,TK0010336,R001801,3,2026-04-14 18:34:21.000000000,neutral
FB0004732,TK0010338,R015252,4,2026-05-21 21:17:16.000000000,positive
FB0004733,TK0010340,R018478,4,2026-04-15 00:51:55.000000000,positive
FB0004734,TK0010343,R008182,5,2026-04-12 00:42:40.000000000,positive
FB0004735,TK0010346,R008114,5,2026-03-06 08:05:32.000000000,positive
FB0004736,TK0010349,R001831,4,2026-03-19 12:39:16.000000000,positive
FB0004737,TK0010357,R013952,2,2026-05-14 23:35:54.000000000,negative
FB0004738,TK0010359,R022076,2,2026-03-21 06:28:07.000000000,negative
FB0004739,TK0010360,R006711,5,2026-04-16 11:08:49.000000000,positive
FB0004740,TK0010363,R001888,3,2026-04-04 13:13:11.000000000,neutral
FB0004741,TK0010364,R007594,3,2026-01-24 15:07:44.000000000,neutral
FB0004742,TK0010365,R018870,3,2026-06-30 21:39:44.000000000,neutral
FB0004743,TK0010366,R011049,3,2026-02-11 20:19:27.000000000,neutral
FB0004744,TK0010367,R000476,4,2026-02-21 20:43:58.000000000,positive
FB0004745,TK0010369,R014650,5,2026-06-30 16:17:40.000000000,positive
FB0004746,TK0010370,R005463,3,2026-01-05 18:24:44.000000000,neutral
FB0004747,TK0010372,R020648,3,2026-05-10 21:21:54.000000000,neutral
FB0004748,TK0010373,R012642,3,2026-06-01 10:01:18.000000000,neutral
FB0004749,TK0010375,R016906,3,2026-01-16 18:13:06.000000000,neutral
FB0004750,TK0010376,R009270,2,2026-04-13 13:52:59.000000000,negative
FB0004751,TK0010377,R024904,3,2026-02-05 06:02:39.000000000,neutral
FB0004752,TK0010382,R024628,5,2026-02-08 08:34:44.000000000,positive
FB0004753,TK0010384,R002908,1,2026-05-27 23:13:29.000000000,negative
FB0004754,TK0010385,R014346,2,2026-06-15 22:09:24.000000000,negative
FB0004755,TK0010391,R003368,5,2026-06-13 13:34:08.000000000,positive
FB0004756,TK0010392,R020703,5,2026-04-07 22:17:11.000000000,positive
FB0004757,TK0010393,R016990,2,2026-03-21 21:30:22.000000000,negative
FB0004758,TK0010394,R011331,2,2026-06-24 02:57:34.000000000,negative
FB0004759,TK0010397,R017785,2,2026-02-26 13:08:45.000000000,negative
FB0004760,TK0010398,R022754,2,2026-06-10 20:20:46.000000000,negative
FB0004761,TK0010399,R022608,3,2026-05-11 19:38:03.000000000,neutral
FB0004762,TK0010402,R002247,4,2026-01-22 11:06:42.000000000,positive
FB0004763,TK0010403,R002251,3,2026-05-24 23:43:00.000000000,neutral
FB0004764,TK0010404,R000497,3,2026-06-26 18:21:49.000000000,neutral
FB0004765,TK0010405,R018120,2,2026-05-29 09:41:15.000000000,negative
FB0004766,TK0010406,R004407,1,2026-05-28 03:21:22.000000000,negative
FB0004767,TK0010407,R014927,3,2026-06-15 17:41:55.000000000,neutral
FB0004768,TK0010408,R017786,2,2026-04-05 16:31:31.000000000,negative
FB0004769,TK0010411,R020096,5,2026-06-08 03:02:28.000000000,positive
FB0004770,TK0010414,R009289,3,2026-03-30 10:35:18.000000000,neutral
FB0004771,TK0010415,R013991,2,2026-02-19 19:53:22.000000000,negative
FB0004772,TK0010417,R009887,3,2026-05-17 17:16:02.000000000,neutral
FB0004773,TK0010420,R002133,3,2026-05-23 15:02:40.000000000,neutral
FB0004774,TK0010422,R006881,5,2026-05-05 09:32:04.000000000,positive
FB0004775,TK0010423,R022968,2,2026-06-08 09:07:00.000000000,negative
FB0004776,TK0010425,R024350,3,2026-02-17 01:17:22.000000000,neutral
FB0004777,TK0010426,R024234,4,2026-01-19 07:46:16.000000000,positive
FB0004778,TK0010427,R017403,3,2026-02-17 08:05:59.000000000,neutral
FB0004779,TK0010431,R010870,3,2026-02-04 11:22:53.000000000,neutral
FB0004780,TK0010432,R005732,3,2026-04-07 19:28:51.000000000,neutral
FB0004781,TK0010433,R011706,2,2026-04-03 14:47:06.000000000,negative
FB0004782,TK0010434,R009377,3,2026-03-20 08:03:34.000000000,neutral
FB0004783,TK0010435,R012420,3,2026-06-02 21:29:30.000000000,neutral
FB0004784,TK0010436,R013721,2,2026-05-01 12:02:35.000000000,negative
FB0004785,TK0010437,R011851,2,2026-03-06 11:10:28.000000000,negative
FB0004786,TK0010438,R017196,3,2026-01-28 02:57:01.000000000,neutral
FB0004787,TK0010439,R011964,3,2026-06-17 18:56:48.000000000,neutral
FB0004788,TK0010441,R012818,1,2026-03-09 18:54:23.000000000,negative
FB0004789,TK0010445,R018897,4,2026-03-24 17:03:52.000000000,positive
FB0004790,TK0010446,R003799,3,2026-05-29 08:05:22.000000000,neutral
FB0004791,TK0010448,R016803,3,2026-02-02 20:26:32.000000000,neutral
FB0004792,TK0010452,R012673,5,2026-01-11 05:39:13.000000000,positive
FB0004793,TK0010453,R003444,2,2026-04-28 22:25:13.000000000,negative
FB0004794,TK0010454,R024564,4,2026-01-12 01:48:47.000000000,positive
FB0004795,TK0010459,R017474,1,2026-03-03 08:03:28.000000000,negative
FB0004796,TK0010462,R008111,2,2026-02-26 21:08:03.000000000,negative
FB0004797,TK0010463,R010130,5,2026-01-18 10:14:26.000000000,positive
FB0004798,TK0010464,R009564,3,2026-02-01 20:11:03.000000000,neutral
FB0004799,TK0010466,R018519,3,2026-02-01 03:57:04.000000000,neutral
FB0004800,TK0010467,R019135,1,2026-01-13 21:40:41.000000000,negative
FB0004801,TK0010468,R020291,3,2026-03-09 02:01:51.000000000,neutral
FB0004802,TK0010469,R019345,2,2026-05-24 03:25:29.000000000,negative
FB0004803,TK0010472,R013263,2,2026-03-07 05:17:49.000000000,negative
FB0004804,TK0010478,R021982,3,2026-02-07 06:01:57.000000000,neutral
FB0004805,TK0010485,R006149,3,2026-05-09 07:45:07.000000000,neutral
FB0004806,TK0010487,R018531,1,2026-04-23 22:01:21.000000000,negative
FB0004807,TK0010488,R013241,4,2026-04-22 02:50:27.000000000,positive
FB0004808,TK0010492,R000065,2,2026-06-30 18:06:52.000000000,negative
FB0004809,TK0010494,R016827,3,2026-01-03 07:09:30.000000000,neutral
FB0004810,TK0010496,R007137,3,2026-06-28 12:11:03.000000000,neutral
FB0004811,TK0010497,R011765,1,2026-03-23 13:40:44.000000000,negative
FB0004812,TK0010500,R015697,3,2026-06-24 20:42:39.000000000,neutral
FB0004813,TK0010501,R000950,2,2026-01-16 18:15:57.000000000,negative
FB0004814,TK0010502,R005833,4,2026-04-09 11:22:50.000000000,positive
FB0004815,TK0010505,R018925,2,2026-03-26 23:25:38.000000000,negative
FB0004816,TK0010507,R020228,5,2026-01-24 03:11:52.000000000,positive
FB0004817,TK0010508,R018904,3,2026-06-10 02:34:43.000000000,neutral
FB0004818,TK0010509,R010785,4,2026-02-19 22:42:24.000000000,positive
FB0004819,TK0010513,R007102,3,2026-04-01 20:12:12.000000000,neutral
FB0004820,TK0010516,R019417,4,2026-05-29 16:10:50.000000000,positive
FB0004821,TK0010517,R016046,3,2026-01-28 21:31:28.000000000,neutral
FB0004822,TK0010519,R008493,5,2026-01-01 18:13:06.000000000,positive
FB0004823,TK0010522,R007475,4,2026-03-01 14:53:24.000000000,positive
FB0004824,TK0010523,R001339,4,2026-06-13 15:37:34.000000000,positive
FB0004825,TK0010526,R013656,3,2026-06-04 20:51:43.000000000,neutral
FB0004826,TK0010529,R004196,3,2026-02-22 15:44:21.000000000,neutral
FB0004827,TK0010534,R013361,4,2026-01-26 22:15:40.000000000,positive
FB0004828,TK0010537,R021436,4,2026-02-22 17:10:37.000000000,positive
FB0004829,TK0010540,R015752,3,2026-04-29 21:47:48.000000000,neutral
FB0004830,TK0010541,R000134,5,2026-03-21 23:24:35.000000000,positive
FB0004831,TK0010542,R000504,2,2026-01-29 04:19:13.000000000,negative
FB0004832,TK0010544,R016323,5,2026-04-17 22:51:47.000000000,positive
FB0004833,TK0010545,R016187,3,2026-02-07 11:47:03.000000000,neutral
FB0004834,TK0010550,R006319,3,2026-03-31 02:15:22.000000000,neutral
FB0004835,TK0010553,R006932,2,2026-03-22 19:00:26.000000000,negative
FB0004836,TK0010555,R014469,1,2026-03-08 10:24:33.000000000,negative
FB0004837,TK0010556,R015203,2,2026-03-16 04:28:40.000000000,negative
FB0004838,TK0010557,R009255,4,2026-06-09 23:19:47.000000000,positive
FB0004839,TK0010560,R018863,1,2026-06-14 03:34:31.000000000,negative
FB0004840,TK0010561,R024984,3,2026-06-14 15:28:33.000000000,neutral
FB0004841,TK0010569,R012458,4,2026-03-03 07:04:47.000000000,positive
FB0004842,TK0010570,R002612,3,2026-03-07 23:29:38.000000000,neutral
FB0004843,TK0010573,R009330,5,2026-05-17 09:03:26.000000000,positive
FB0004844,TK0010575,R015651,3,2026-03-27 22:21:22.000000000,neutral
FB0004845,TK0010579,R017799,2,2026-04-05 11:31:01.000000000,negative
FB0004846,TK0010580,R005761,3,2026-01-26 16:38:34.000000000,neutral
FB0004847,TK0010581,R001374,4,2026-02-22 00:53:11.000000000,positive
FB0004848,TK0010583,R022031,4,2026-05-06 11:25:09.000000000,positive
FB0004849,TK0010584,R003050,1,2026-06-15 08:33:27.000000000,negative
FB0004850,TK0010586,R018155,1,2026-03-04 05:36:29.000000000,negative
FB0004851,TK0010587,R024326,2,2026-01-16 18:54:12.000000000,negative
FB0004852,TK0010591,R002148,3,2026-02-16 18:15:00.000000000,neutral
FB0004853,TK0010592,R012890,2,2026-05-02 10:57:38.000000000,negative
FB0004854,TK0010593,R009194,3,2026-05-12 00:57:51.000000000,neutral
FB0004855,TK0010594,R002283,4,2026-05-20 02:28:46.000000000,positive
FB0004856,TK0010596,R006030,5,2026-02-07 23:23:01.000000000,positive
FB0004857,TK0010597,R004102,2,2026-04-10 11:31:21.000000000,negative
FB0004858,TK0010599,R000315,5,2026-05-08 16:12:33.000000000,positive
FB0004859,TK0010600,R017339,3,2026-01-06 13:54:36.000000000,neutral
FB0004860,TK0010601,R017675,3,2026-01-30 15:46:43.000000000,neutral
FB0004861,TK0010602,R005157,4,2026-03-11 20:01:32.000000000,positive
FB0004862,TK0010604,R006362,2,2026-01-08 10:51:22.000000000,negative
FB0004863,TK0010605,R017150,2,2026-02-10 22:05:51.000000000,negative
FB0004864,TK0010607,R004289,3,2026-04-08 07:39:01.000000000,neutral
FB0004865,TK0010608,R022139,3,2026-04-16 12:38:16.000000000,neutral
FB0004866,TK0010610,R013779,5,2026-03-17 19:27:25.000000000,positive
FB0004867,TK0010611,R013494,2,2026-02-25 06:27:23.000000000,negative
FB0004868,TK0010613,R006635,2,2026-06-06 10:48:18.000000000,negative
FB0004869,TK0010614,R022148,1,2026-06-10 07:41:53.000000000,negative
FB0004870,TK0010615,R000024,3,2026-01-12 10:56:08.000000000,neutral
FB0004871,TK0010620,R022552,3,2026-01-17 23:54:43.000000000,neutral
FB0004872,TK0010623,R020793,4,2026-01-20 14:26:22.000000000,positive
FB0004873,TK0010624,R001810,2,2026-01-20 05:18:56.000000000,negative
FB0004874,TK0010625,R017391,1,2026-05-11 12:24:58.000000000,negative
FB0004875,TK0010626,R002796,5,2026-02-07 09:31:56.000000000,positive
FB0004876,TK0010627,R012195,3,2026-01-11 04:47:24.000000000,neutral
FB0004877,TK0010628,R011495,1,2026-06-14 11:36:49.000000000,negative
FB0004878,TK0010629,R013418,4,2026-05-09 07:24:57.000000000,positive
FB0004879,TK0010634,R022076,2,2026-02-09 00:28:19.000000000,negative
FB0004880,TK0010635,R004139,2,2026-06-18 19:16:33.000000000,negative
FB0004881,TK0010636,R015520,3,2026-03-03 17:12:35.000000000,neutral
FB0004882,TK0010637,R000931,4,2026-06-21 20:34:36.000000000,positive
FB0004883,TK0010638,R018202,2,2026-02-07 14:52:22.000000000,negative
FB0004884,TK0010640,R018074,4,2026-03-19 21:11:04.000000000,positive
FB0004885,TK0010642,R009415,4,2026-06-21 04:07:03.000000000,positive
FB0004886,TK0010645,R012124,2,2026-06-06 10:38:24.000000000,negative
FB0004887,TK0010646,R013750,3,2026-05-21 22:50:01.000000000,neutral
FB0004888,TK0010648,R017070,2,2026-02-23 02:41:21.000000000,negative
FB0004889,TK0010650,R009669,3,2026-02-11 19:31:26.000000000,neutral
FB0004890,TK0010651,R007160,1,2026-02-17 00:48:14.000000000,negative
FB0004891,TK0010658,R022488,3,2026-04-07 03:50:48.000000000,neutral
FB0004892,TK0010660,R005116,1,2026-04-01 22:29:22.000000000,negative
FB0004893,TK0010661,R016291,1,2026-06-28 04:30:47.000000000,negative
FB0004894,TK0010665,R014468,3,2026-03-07 22:39:12.000000000,neutral
FB0004895,TK0010671,R014528,4,2026-04-12 00:01:13.000000000,positive
FB0004896,TK0010673,R006801,4,2026-01-26 09:44:21.000000000,positive
FB0004897,TK0010674,R019922,2,2026-01-03 00:53:14.000000000,negative
FB0004898,TK0010675,R013362,3,2026-01-03 23:53:01.000000000,neutral
FB0004899,TK0010676,R010622,2,2026-01-04 09:58:12.000000000,negative
FB0004900,TK0010677,R001626,4,2026-01-23 07:36:26.000000000,positive
FB0004901,TK0010679,R024041,2,2026-01-15 01:29:34.000000000,negative
FB0004902,TK0010683,R008641,5,2026-04-11 02:04:27.000000000,positive
FB0004903,TK0010685,R009873,2,2026-01-31 00:32:16.000000000,negative
FB0004904,TK0010691,R005112,5,2026-06-10 23:43:44.000000000,positive
FB0004905,TK0010692,R011679,3,2026-01-07 05:48:29.000000000,neutral
FB0004906,TK0010694,R002028,3,2026-06-14 09:28:49.000000000,neutral
FB0004907,TK0010696,R002764,3,2026-05-26 08:57:05.000000000,neutral
FB0004908,TK0010699,R000088,1,2026-01-19 15:47:05.000000000,negative
FB0004909,TK0010700,R012848,2,2026-03-16 06:26:04.000000000,negative
FB0004910,TK0010701,R015737,3,2026-03-28 05:35:21.000000000,neutral
FB0004911,TK0010702,R017955,3,2026-03-25 13:49:18.000000000,neutral
FB0004912,TK0010703,R006147,2,2026-05-15 10:13:06.000000000,negative
FB0004913,TK0010704,R001934,4,2026-03-28 02:43:22.000000000,positive
FB0004914,TK0010706,R018899,5,2026-04-08 03:53:55.000000000,positive
FB0004915,TK0010709,R007721,4,2026-05-23 10:37:54.000000000,positive
FB0004916,TK0010712,R004772,2,2026-04-26 06:14:23.000000000,negative
FB0004917,TK0010713,R020333,4,2026-04-30 12:59:44.000000000,positive
FB0004918,TK0010719,R014710,4,2026-05-28 15:58:18.000000000,positive
FB0004919,TK0010720,R012714,2,2026-03-05 10:31:34.000000000,negative
FB0004920,TK0010721,R013224,2,2026-01-27 22:44:45.000000000,negative
FB0004921,TK0010725,R010505,3,2026-04-01 02:11:02.000000000,neutral
FB0004922,TK0010731,R016219,3,2026-01-08 05:30:14.000000000,neutral
FB0004923,TK0010732,R016712,5,2026-03-19 11:01:20.000000000,positive
FB0004924,TK0010733,R010950,3,2026-05-16 22:30:19.000000000,neutral
FB0004925,TK0010736,R011925,4,2026-02-17 03:18:53.000000000,positive
FB0004926,TK0010737,R022269,2,2026-02-10 19:43:34.000000000,negative
FB0004927,TK0010740,R020264,4,2026-06-16 09:35:53.000000000,positive
FB0004928,TK0010743,R022296,5,2026-04-30 22:34:34.000000000,positive
FB0004929,TK0010744,R011837,1,2026-02-11 19:31:52.000000000,negative
FB0004930,TK0010745,R016868,4,2026-02-02 20:36:03.000000000,positive
FB0004931,TK0010746,R004939,3,2026-05-26 08:37:40.000000000,neutral
FB0004932,TK0010751,R009538,3,2026-01-23 02:36:53.000000000,neutral
FB0004933,TK0010754,R022879,3,2026-03-26 16:28:58.000000000,neutral
FB0004934,TK0010756,R000050,2,2026-02-22 01:53:37.000000000,negative
FB0004935,TK0010760,R020540,2,2026-05-16 23:01:19.000000000,negative
FB0004936,TK0010761,R018369,2,2026-05-02 18:27:57.000000000,negative
FB0004937,TK0010762,R017350,2,2026-01-12 02:53:11.000000000,negative
FB0004938,TK0010764,R018863,2,2026-01-29 01:38:31.000000000,negative
FB0004939,TK0010769,R022449,2,2026-03-04 05:42:04.000000000,negative
FB0004940,TK0010770,R015649,2,2026-04-21 13:06:20.000000000,negative
FB0004941,TK0010773,R019616,3,2026-03-25 15:29:49.000000000,neutral
FB0004942,TK0010776,R000963,5,2026-03-05 23:46:27.000000000,positive
FB0004943,TK0010778,R016030,4,2026-03-26 06:19:12.000000000,positive
FB0004944,TK0010789,R019204,1,2026-03-26 16:14:43.000000000,negative
FB0004945,TK0010791,R020901,3,2026-01-13 04:33:28.000000000,neutral
FB0004946,TK0010797,R015206,3,2026-06-16 11:28:23.000000000,neutral
FB0004947,TK0010799,R019310,3,2026-03-25 02:03:08.000000000,neutral
FB0004948,TK0010801,R008896,3,2026-03-14 21:39:55.000000000,neutral
FB0004949,TK0010803,R023648,2,2026-05-15 09:06:26.000000000,negative
FB0004950,TK0010804,R003029,2,2026-03-06 15:28:18.000000000,negative
FB0004951,TK0010805,R016373,5,2026-05-04 03:18:15.000000000,positive
FB0004952,TK0010806,R017724,4,2026-06-30 06:55:35.000000000,positive
FB0004953,TK0010807,R005862,1,2026-06-11 19:21:11.000000000,negative
FB0004954,TK0010808,R023408,1,2026-06-01 17:04:31.000000000,negative
FB0004955,TK0010809,R019817,3,2026-03-08 16:34:37.000000000,neutral
FB0004956,TK0010810,R023025,3,2026-06-08 06:28:24.000000000,neutral
FB0004957,TK0010811,R014981,4,2026-06-12 03:42:09.000000000,positive
FB0004958,TK0010813,R008524,4,2026-05-05 20:17:40.000000000,positive
FB0004959,TK0010816,R009041,2,2026-04-14 13:31:39.000000000,negative
FB0004960,TK0010818,R023924,2,2026-06-10 20:09:00.000000000,negative
FB0004961,TK0010819,R017992,5,2026-05-31 13:19:37.000000000,positive
FB0004962,TK0010822,R005836,4,2026-04-18 00:08:05.000000000,positive
FB0004963,TK0010823,R017077,2,2026-01-28 10:35:48.000000000,negative
FB0004964,TK0010825,R024590,4,2026-05-16 15:44:17.000000000,positive
FB0004965,TK0010828,R022213,2,2026-05-16 09:08:22.000000000,negative
FB0004966,TK0010830,R024959,3,2026-02-28 16:02:27.000000000,neutral
FB0004967,TK0010831,R011551,2,2026-04-12 14:47:37.000000000,negative
FB0004968,TK0010834,R022833,4,2026-05-10 22:13:10.000000000,positive
FB0004969,TK0010837,R003132,3,2026-01-15 15:55:07.000000000,neutral
FB0004970,TK0010838,R014167,4,2026-02-15 06:39:25.000000000,positive
FB0004971,TK0010842,R005564,2,2026-01-18 11:01:08.000000000,negative
FB0004972,TK0010843,R004992,4,2026-01-02 23:36:39.000000000,positive
FB0004973,TK0010844,R011215,3,2026-01-28 11:39:58.000000000,neutral
FB0004974,TK0010846,R004489,3,2026-04-02 01:52:29.000000000,neutral
FB0004975,TK0010848,R014238,2,2026-03-02 09:32:49.000000000,negative
FB0004976,TK0010853,R021160,4,2026-02-27 10:00:51.000000000,positive
FB0004977,TK0010854,R003824,3,2026-06-29 00:36:03.000000000,neutral
FB0004978,TK0010855,R015317,4,2026-06-19 00:02:56.000000000,positive
FB0004979,TK0010857,R015359,2,2026-02-08 13:45:15.000000000,negative
FB0004980,TK0010858,R002172,2,2026-05-14 20:06:43.000000000,negative
FB0004981,TK0010862,R015258,4,2026-07-01 19:04:01.000000000,positive
FB0004982,TK0010863,R024333,4,2026-03-08 22:43:37.000000000,positive
FB0004983,TK0010868,R022872,4,2026-04-18 18:53:54.000000000,positive
FB0004984,TK0010869,R006614,5,2026-01-06 18:03:48.000000000,positive
FB0004985,TK0010870,R024267,5,2026-05-14 02:17:20.000000000,positive
FB0004986,TK0010873,R021203,3,2026-05-17 09:10:58.000000000,neutral
FB0004987,TK0010876,R007518,3,2026-05-11 16:20:57.000000000,neutral
FB0004988,TK0010878,R018097,1,2026-02-05 04:23:42.000000000,negative
FB0004989,TK0010879,R024493,3,2026-01-27 23:45:46.000000000,neutral
FB0004990,TK0010882,R010951,3,2026-04-01 14:25:46.000000000,neutral
FB0004991,TK0010884,R015658,3,2026-03-17 15:30:38.000000000,neutral
FB0004992,TK0010885,R017847,3,2026-01-18 11:48:04.000000000,neutral
FB0004993,TK0010886,R002798,3,2026-06-08 15:11:17.000000000,neutral
FB0004994,TK0010887,R015381,2,2026-02-04 17:55:03.000000000,negative
FB0004995,TK0010888,R006117,3,2026-02-05 19:08:03.000000000,neutral
FB0004996,TK0010889,R010974,4,2026-03-23 23:55:28.000000000,positive
FB0004997,TK0010890,R004921,4,2026-04-03 21:53:16.000000000,positive
FB0004998,TK0010894,R006481,5,2026-04-18 19:33:40.000000000,positive
FB0004999,TK0010896,R011048,2,2026-04-24 07:54:13.000000000,negative
FB0005000,TK0010898,R012568,4,2026-02-08 19:40:35.000000000,positive
FB0005001,TK0010900,R011332,3,2026-06-07 18:01:47.000000000,neutral
FB0005002,TK0010902,R011260,3,2026-03-20 21:20:08.000000000,neutral
FB0005003,TK0010904,R004876,2,2026-02-12 04:47:50.000000000,negative
FB0005004,TK0010905,R020910,1,2026-02-22 22:14:00.000000000,negative
FB0005005,TK0010906,R007370,2,2026-01-16 18:48:46.000000000,negative
FB0005006,TK0010907,R017809,4,2026-01-11 06:18:02.000000000,positive
FB0005007,TK0010909,R021431,2,2026-05-25 03:47:55.000000000,negative
FB0005008,TK0010910,R009431,2,2026-05-17 02:03:37.000000000,negative
FB0005009,TK0010913,R011084,3,2026-05-07 23:56:42.000000000,neutral
FB0005010,TK0010914,R018840,4,2026-03-15 12:57:49.000000000,positive
FB0005011,TK0010915,R023515,4,2026-02-26 22:41:02.000000000,positive
FB0005012,TK0010919,R002753,1,2026-05-19 18:44:53.000000000,negative
FB0005013,TK0010920,R007879,2,2026-07-01 17:07:13.000000000,negative
FB0005014,TK0010921,R001927,2,2026-01-24 07:41:40.000000000,negative
FB0005015,TK0010923,R003272,4,2026-01-04 17:48:20.000000000,positive
FB0005016,TK0010924,R018601,4,2026-01-27 02:44:30.000000000,positive
FB0005017,TK0010927,R004653,3,2026-05-21 09:14:43.000000000,neutral
FB0005018,TK0010930,R022346,3,2026-06-25 02:57:51.000000000,neutral
FB0005019,TK0010931,R015709,2,2026-05-07 01:51:56.000000000,negative
FB0005020,TK0010932,R021827,3,2026-04-12 12:22:26.000000000,neutral
FB0005021,TK0010933,R018894,3,2026-06-03 13:28:43.000000000,neutral
FB0005022,TK0010935,R008096,2,2026-02-11 10:42:18.000000000,negative
FB0005023,TK0010936,R018638,1,2026-01-24 04:16:40.000000000,negative
FB0005024,TK0010937,R017087,3,2026-06-28 17:36:19.000000000,neutral
FB0005025,TK0010938,R019592,3,2026-03-12 13:27:28.000000000,neutral
FB0005026,TK0010941,R017533,3,2026-03-17 08:27:27.000000000,neutral
FB0005027,TK0010943,R013391,2,2026-04-19 06:47:51.000000000,negative
FB0005028,TK0010949,R002576,4,2026-03-29 06:14:03.000000000,positive
FB0005029,TK0010951,R022264,2,2026-05-29 03:08:47.000000000,negative
FB0005030,TK0010952,R020851,4,2026-06-28 23:18:17.000000000,positive
FB0005031,TK0010953,R014631,4,2026-06-09 19:02:29.000000000,positive
FB0005032,TK0010954,R021106,3,2026-04-03 21:01:18.000000000,neutral
FB0005033,TK0010955,R019872,5,2026-03-01 22:08:39.000000000,positive
FB0005034,TK0010956,R016128,4,2026-01-07 12:28:58.000000000,positive
FB0005035,TK0010957,R007245,3,2026-04-26 12:43:55.000000000,neutral
FB0005036,TK0010961,R004631,3,2026-05-25 15:46:20.000000000,neutral
FB0005037,TK0010962,R019194,3,2026-03-13 11:43:41.000000000,neutral
FB0005038,TK0010963,R003459,3,2026-03-31 11:29:16.000000000,neutral
FB0005039,TK0010964,R021702,4,2026-02-22 14:29:26.000000000,positive
FB0005040,TK0010965,R005067,4,2026-04-12 14:41:26.000000000,positive
FB0005041,TK0010966,R000249,4,2026-05-08 06:39:38.000000000,positive
FB0005042,TK0010968,R021674,3,2026-04-05 03:47:52.000000000,neutral
FB0005043,TK0010971,R005012,4,2026-05-09 04:46:07.000000000,positive
FB0005044,TK0010972,R000838,2,2026-04-08 18:37:42.000000000,negative
FB0005045,TK0010974,R005021,2,2026-02-05 16:01:35.000000000,negative
FB0005046,TK0010975,R017207,3,2026-04-26 02:39:11.000000000,neutral
FB0005047,TK0010976,R010625,4,2026-05-06 19:34:24.000000000,positive
FB0005048,TK0010979,R022095,5,2026-05-14 01:55:47.000000000,positive
FB0005049,TK0010982,R022741,3,2026-06-21 14:26:51.000000000,neutral
FB0005050,TK0010987,R006610,5,2026-03-25 18:36:14.000000000,positive
FB0005051,TK0010988,R001656,4,2026-04-30 19:51:50.000000000,positive
FB0005052,TK0010989,R000399,4,2026-05-10 16:26:08.000000000,positive
FB0005053,TK0010991,R012484,5,2026-03-10 04:47:09.000000000,positive
FB0005054,TK0010993,R019987,2,2026-02-08 05:40:00.000000000,negative
FB0005055,TK0010994,R009137,4,2026-06-29 15:42:09.000000000,positive
FB0005056,TK0010995,R016404,4,2026-06-18 19:09:35.000000000,positive
FB0005057,TK0010996,R016055,5,2026-05-28 06:17:42.000000000,positive
FB0005058,TK0010999,R018966,5,2026-05-07 18:29:15.000000000,positive
FB0005059,TK0011000,R017750,5,2026-06-26 18:11:01.000000000,positive
FB0005060,TK0011006,R021328,3,2026-03-28 19:41:51.000000000,neutral
FB0005061,TK0011010,R014324,3,2026-05-24 03:00:33.000000000,neutral
FB0005062,TK0011011,R022133,4,2026-01-22 01:53:41.000000000,positive
FB0005063,TK0011012,R005163,4,2026-02-12 21:52:00.000000000,positive
FB0005064,TK0011019,R000121,4,2026-04-03 13:50:16.000000000,positive
FB0005065,TK0011020,R003303,3,2026-03-27 19:58:14.000000000,neutral
FB0005066,TK0011021,R023228,3,2026-03-11 01:03:54.000000000,neutral
FB0005067,TK0011022,R022269,3,2026-02-03 10:12:11.000000000,neutral
FB0005068,TK0011023,R018297,2,2026-01-11 01:47:34.000000000,negative
FB0005069,TK0011024,R018822,1,2026-04-30 03:45:21.000000000,negative
FB0005070,TK0011025,R006061,3,2026-06-25 08:35:47.000000000,neutral
FB0005071,TK0011026,R009753,1,2026-03-29 10:06:19.000000000,negative
FB0005072,TK0011033,R021192,2,2026-01-03 00:28:29.000000000,negative
FB0005073,TK0011034,R010420,3,2026-02-09 10:31:38.000000000,neutral
FB0005074,TK0011035,R015431,3,2026-03-04 15:43:19.000000000,neutral
FB0005075,TK0011036,R022495,3,2026-01-14 02:02:52.000000000,neutral
FB0005076,TK0011037,R024779,2,2026-02-26 15:36:17.000000000,negative
FB0005077,TK0011040,R001868,4,2026-01-08 11:08:30.000000000,positive
FB0005078,TK0011042,R001159,2,2026-01-18 22:05:32.000000000,negative
FB0005079,TK0011043,R011553,1,2026-06-19 10:45:53.000000000,negative
FB0005080,TK0011045,R019903,1,2026-04-13 19:01:50.000000000,negative
FB0005081,TK0011046,R021368,5,2026-06-12 07:24:53.000000000,positive
FB0005082,TK0011048,R023599,1,2026-03-17 08:08:51.000000000,negative
FB0005083,TK0011051,R001375,3,2026-06-19 07:45:25.000000000,neutral
FB0005084,TK0011052,R024521,4,2026-03-01 09:44:27.000000000,positive
FB0005085,TK0011053,R024268,2,2026-01-10 12:37:53.000000000,negative
FB0005086,TK0011055,R021088,2,2026-03-09 05:36:09.000000000,negative
FB0005087,TK0011058,R010939,5,2026-04-21 08:04:14.000000000,positive
FB0005088,TK0011059,R007133,5,2026-03-20 04:18:24.000000000,positive
FB0005089,TK0011061,R015296,3,2026-02-11 01:49:44.000000000,neutral
FB0005090,TK0011063,R024774,2,2026-04-12 16:51:13.000000000,negative
FB0005091,TK0011067,R016926,3,2026-04-21 03:10:42.000000000,neutral
FB0005092,TK0011070,R001192,3,2026-03-20 01:18:52.000000000,neutral
FB0005093,TK0011071,R002292,4,2026-02-12 17:37:27.000000000,positive
FB0005094,TK0011072,R000914,3,2026-05-24 21:57:57.000000000,neutral
FB0005095,TK0011079,R011294,1,2026-06-24 12:17:59.000000000,negative
FB0005096,TK0011082,R014847,2,2026-06-07 21:50:01.000000000,negative
FB0005097,TK0011085,R020889,4,2026-02-22 10:17:24.000000000,positive
FB0005098,TK0011088,R021987,4,2026-04-14 16:32:31.000000000,positive
FB0005099,TK0011091,R023091,4,2026-01-03 02:45:43.000000000,positive
FB0005100,TK0011094,R009685,4,2026-06-24 11:56:53.000000000,positive
FB0005101,TK0011095,R009768,3,2026-06-02 22:55:24.000000000,neutral
FB0005102,TK0011096,R022469,5,2026-03-24 15:12:18.000000000,positive
FB0005103,TK0011097,R013528,2,2026-01-17 08:22:46.000000000,negative
FB0005104,TK0011099,R005846,3,2026-04-20 22:58:24.000000000,neutral
FB0005105,TK0011100,R015926,2,2026-05-05 06:13:26.000000000,negative
FB0005106,TK0011103,R019637,4,2026-04-06 21:49:14.000000000,positive
FB0005107,TK0011104,R010769,3,2026-06-29 22:13:28.000000000,neutral
FB0005108,TK0011105,R014002,5,2026-06-03 10:59:59.000000000,positive
FB0005109,TK0011106,R003583,4,2026-01-16 19:31:03.000000000,positive
FB0005110,TK0011107,R006627,3,2026-02-19 17:15:14.000000000,neutral
FB0005111,TK0011108,R005154,4,2026-02-10 06:23:19.000000000,positive
FB0005112,TK0011111,R022143,2,2026-06-18 17:04:28.000000000,negative
FB0005113,TK0011113,R006602,3,2026-01-13 13:29:26.000000000,neutral
FB0005114,TK0011115,R011031,3,2026-04-14 01:09:34.000000000,neutral
FB0005115,TK0011117,R005347,3,2026-05-20 22:29:39.000000000,neutral
FB0005116,TK0011122,R022029,4,2026-02-04 01:46:44.000000000,positive
FB0005117,TK0011123,R000736,4,2026-05-15 17:37:56.000000000,positive
FB0005118,TK0011124,R000708,3,2026-04-03 06:51:57.000000000,neutral
FB0005119,TK0011125,R004704,4,2026-05-12 23:50:31.000000000,positive
FB0005120,TK0011126,R014677,5,2026-02-28 15:49:04.000000000,positive
FB0005121,TK0011127,R012063,3,2026-05-17 04:35:51.000000000,neutral
FB0005122,TK0011130,R008479,1,2026-04-06 21:59:22.000000000,negative
FB0005123,TK0011132,R013370,3,2026-02-21 05:41:26.000000000,neutral
FB0005124,TK0011133,R010284,5,2026-04-06 00:52:59.000000000,positive
FB0005125,TK0011135,R019802,5,2026-02-19 17:22:24.000000000,positive
FB0005126,TK0011136,R024482,5,2026-03-02 00:17:26.000000000,positive
FB0005127,TK0011138,R018027,3,2026-04-24 13:04:29.000000000,neutral
FB0005128,TK0011144,R004468,3,2026-03-25 19:28:01.000000000,neutral
FB0005129,TK0011146,R004772,1,2026-06-25 09:41:54.000000000,negative
FB0005130,TK0011147,R013740,5,2026-03-22 07:48:33.000000000,positive
FB0005131,TK0011148,R023010,2,2026-01-07 10:58:36.000000000,negative
FB0005132,TK0011155,R015300,5,2026-01-24 02:21:41.000000000,positive
FB0005133,TK0011157,R021555,2,2026-04-13 07:13:09.000000000,negative
FB0005134,TK0011162,R017361,4,2026-03-09 17:12:33.000000000,positive
FB0005135,TK0011163,R000621,4,2026-05-18 02:42:38.000000000,positive
FB0005136,TK0011164,R020660,2,2026-01-22 07:11:35.000000000,negative
FB0005137,TK0011165,R023300,4,2026-06-30 02:39:35.000000000,positive
FB0005138,TK0011168,R023111,2,2026-05-25 00:52:52.000000000,negative
FB0005139,TK0011169,R015084,2,2026-03-28 14:02:30.000000000,negative
FB0005140,TK0011173,R000806,3,2026-01-31 23:52:18.000000000,neutral
FB0005141,TK0011175,R006478,4,2026-04-19 19:28:59.000000000,positive
FB0005142,TK0011177,R021550,2,2026-04-30 18:18:34.000000000,negative
FB0005143,TK0011178,R014304,5,2026-03-08 18:08:13.000000000,positive
FB0005144,TK0011179,R012647,3,2026-05-16 08:24:05.000000000,neutral
FB0005145,TK0011182,R006111,4,2026-01-08 08:55:52.000000000,positive
FB0005146,TK0011183,R007298,3,2026-02-15 00:46:50.000000000,neutral
FB0005147,TK0011185,R000172,3,2026-05-09 06:12:01.000000000,neutral
FB0005148,TK0011187,R007069,4,2026-05-26 04:36:26.000000000,positive
FB0005149,TK0011188,R019049,3,2026-03-06 03:14:02.000000000,neutral
FB0005150,TK0011189,R024628,2,2026-01-16 04:01:41.000000000,negative
FB0005151,TK0011191,R006145,4,2026-04-09 20:27:24.000000000,positive
FB0005152,TK0011192,R008903,3,2026-04-30 20:43:39.000000000,neutral
FB0005153,TK0011195,R008757,3,2026-04-03 01:08:00.000000000,neutral
FB0005154,TK0011198,R020366,3,2026-06-05 15:05:12.000000000,neutral
FB0005155,TK0011201,R016105,4,2026-01-10 04:48:45.000000000,positive
FB0005156,TK0011202,R013529,1,2026-05-06 05:27:30.000000000,negative
FB0005157,TK0011203,R021109,3,2026-01-06 01:58:23.000000000,neutral
FB0005158,TK0011205,R001661,3,2026-05-04 09:44:20.000000000,neutral
FB0005159,TK0011208,R003979,2,2026-04-11 09:54:16.000000000,negative
FB0005160,TK0011210,R005676,4,2026-03-17 10:17:36.000000000,positive
FB0005161,TK0011212,R020575,4,2026-01-16 10:50:49.000000000,positive
FB0005162,TK0011215,R009905,3,2026-05-01 19:23:34.000000000,neutral
FB0005163,TK0011218,R007616,2,2026-06-16 03:34:22.000000000,negative
FB0005164,TK0011221,R013665,2,2026-06-05 20:43:03.000000000,negative
FB0005165,TK0011225,R005761,1,2026-04-23 18:37:26.000000000,negative
FB0005166,TK0011227,R009146,3,2026-03-01 05:17:39.000000000,neutral
FB0005167,TK0011229,R018091,3,2026-06-20 14:37:09.000000000,neutral
FB0005168,TK0011232,R013215,3,2026-01-26 16:19:30.000000000,neutral
FB0005169,TK0011234,R011195,3,2026-06-27 13:09:16.000000000,neutral
FB0005170,TK0011235,R009663,3,2026-05-02 03:33:35.000000000,neutral
FB0005171,TK0011237,R004432,4,2026-05-16 22:30:35.000000000,positive
FB0005172,TK0011239,R012134,3,2026-05-04 22:08:51.000000000,neutral
FB0005173,TK0011242,R006369,3,2026-04-12 18:44:08.000000000,neutral
FB0005174,TK0011244,R000592,2,2026-02-17 21:27:39.000000000,negative
FB0005175,TK0011246,R010282,2,2026-02-04 01:04:49.000000000,negative
FB0005176,TK0011247,R014289,4,2026-03-29 17:35:53.000000000,positive
FB0005177,TK0011248,R014928,2,2026-04-03 01:37:27.000000000,negative
FB0005178,TK0011252,R008646,2,2026-03-29 15:04:49.000000000,negative
FB0005179,TK0011254,R002422,4,2026-04-15 10:09:09.000000000,positive
FB0005180,TK0011255,R006804,2,2026-01-18 13:17:57.000000000,negative
FB0005181,TK0011257,R014944,4,2026-04-14 07:19:16.000000000,positive
FB0005182,TK0011258,R014597,2,2026-03-02 20:05:23.000000000,negative
FB0005183,TK0011260,R008090,2,2026-04-26 04:28:00.000000000,negative
FB0005184,TK0011261,R003459,3,2026-03-11 10:32:04.000000000,neutral
FB0005185,TK0011263,R014771,2,2026-04-29 22:37:45.000000000,negative
FB0005186,TK0011264,R016314,4,2026-02-05 15:47:42.000000000,positive
FB0005187,TK0011268,R017252,3,2026-01-16 09:02:48.000000000,neutral
FB0005188,TK0011272,R001673,2,2026-05-25 11:12:33.000000000,negative
FB0005189,TK0011277,R012504,2,2026-04-29 20:28:24.000000000,negative
FB0005190,TK0011278,R023245,3,2026-01-29 06:20:49.000000000,neutral
FB0005191,TK0011279,R024720,3,2026-02-04 00:23:01.000000000,neutral
FB0005192,TK0011282,R011338,5,2026-01-14 00:27:46.000000000,positive
FB0005193,TK0011284,R012329,2,2026-03-05 21:12:43.000000000,negative
FB0005194,TK0011285,R006510,2,2026-02-12 07:58:43.000000000,negative
FB0005195,TK0011288,R004161,4,2026-01-09 21:28:51.000000000,positive
FB0005196,TK0011290,R000653,2,2026-01-25 05:42:04.000000000,negative
FB0005197,TK0011291,R017972,2,2026-02-15 11:49:22.000000000,negative
FB0005198,TK0011292,R004240,3,2026-01-15 23:53:41.000000000,neutral
FB0005199,TK0011293,R006271,2,2026-03-15 16:07:25.000000000,negative
FB0005200,TK0011299,R024246,4,2026-06-01 15:09:59.000000000,positive
FB0005201,TK0011300,R018456,4,2026-05-28 10:25:23.000000000,positive
FB0005202,TK0011301,R013040,4,2026-01-03 05:05:02.000000000,positive
FB0005203,TK0011302,R012501,5,2026-01-02 18:02:04.000000000,positive
FB0005204,TK0011303,R011228,2,2026-01-14 06:47:52.000000000,negative
FB0005205,TK0011308,R006857,3,2026-06-16 00:07:07.000000000,neutral
FB0005206,TK0011310,R013948,3,2026-03-07 13:42:47.000000000,neutral
FB0005207,TK0011311,R010561,3,2026-05-22 03:16:29.000000000,neutral
FB0005208,TK0011316,R013357,3,2026-03-28 03:13:27.000000000,neutral
FB0005209,TK0011317,R018718,5,2026-05-03 14:16:25.000000000,positive
FB0005210,TK0011318,R024959,5,2026-01-28 22:41:43.000000000,positive
FB0005211,TK0011320,R023486,5,2026-05-05 15:56:28.000000000,positive
FB0005212,TK0011324,R012658,2,2026-02-12 01:47:57.000000000,negative
FB0005213,TK0011327,R013359,4,2026-01-15 07:28:08.000000000,positive
FB0005214,TK0011329,R014151,2,2026-01-09 03:11:15.000000000,negative
FB0005215,TK0011335,R018508,1,2026-04-04 13:36:32.000000000,negative
FB0005216,TK0011337,R001262,3,2026-05-23 00:35:16.000000000,neutral
FB0005217,TK0011338,R023714,3,2026-01-04 05:07:33.000000000,neutral
FB0005218,TK0011340,R023729,1,2026-06-06 10:25:22.000000000,negative
FB0005219,TK0011343,R011510,4,2026-03-25 13:18:06.000000000,positive
FB0005220,TK0011345,R001278,1,2026-06-26 01:37:51.000000000,negative
FB0005221,TK0011346,R024656,3,2026-04-10 23:20:36.000000000,neutral
FB0005222,TK0011347,R000627,4,2026-06-05 12:03:40.000000000,positive
FB0005223,TK0011348,R005842,3,2026-01-11 04:52:10.000000000,neutral
FB0005224,TK0011349,R003313,4,2026-01-02 08:23:44.000000000,positive
FB0005225,TK0011350,R021119,3,2026-03-14 14:36:00.000000000,neutral
FB0005226,TK0011352,R003440,2,2026-04-28 09:26:48.000000000,negative
FB0005227,TK0011354,R022449,3,2026-03-19 11:40:29.000000000,neutral
FB0005228,TK0011358,R008218,3,2026-05-12 20:24:42.000000000,neutral
FB0005229,TK0011360,R022453,5,2026-04-10 03:23:04.000000000,positive
FB0005230,TK0011361,R020410,5,2026-06-03 02:44:03.000000000,positive
FB0005231,TK0011364,R009216,5,2026-03-03 07:32:05.000000000,positive
FB0005232,TK0011372,R024371,3,2026-04-16 05:32:32.000000000,neutral
FB0005233,TK0011377,R023822,4,2026-03-20 17:38:03.000000000,positive
FB0005234,TK0011378,R022665,2,2026-03-09 15:49:46.000000000,negative
FB0005235,TK0011379,R015191,2,2026-06-13 21:02:10.000000000,negative
FB0005236,TK0011382,R003454,3,2026-01-09 11:03:47.000000000,neutral
FB0005237,TK0011386,R003029,4,2026-03-12 16:34:53.000000000,positive
FB0005238,TK0011390,R023721,4,2026-01-13 20:07:19.000000000,positive
FB0005239,TK0011393,R009544,3,2026-05-20 07:08:53.000000000,neutral
FB0005240,TK0011394,R005615,3,2026-06-28 11:49:48.000000000,neutral
FB0005241,TK0011395,R019309,3,2026-05-23 02:00:12.000000000,neutral
FB0005242,TK0011397,R007068,4,2026-05-31 19:31:03.000000000,positive
FB0005243,TK0011398,R024582,1,2026-04-15 16:54:36.000000000,negative
FB0005244,TK0011399,R004817,2,2026-02-12 12:43:31.000000000,negative
FB0005245,TK0011400,R008711,4,2026-01-28 03:19:04.000000000,positive
FB0005246,TK0011401,R018789,2,2026-04-19 03:01:02.000000000,negative
FB0005247,TK0011404,R011089,3,2026-02-13 02:35:30.000000000,neutral
FB0005248,TK0011406,R021428,5,2026-01-22 04:35:21.000000000,positive
FB0005249,TK0011408,R023011,5,2026-06-03 01:05:13.000000000,positive
FB0005250,TK0011409,R007326,2,2026-04-18 02:02:17.000000000,negative
FB0005251,TK0011415,R015335,5,2026-04-28 16:07:23.000000000,positive
FB0005252,TK0011417,R001323,5,2026-04-03 08:31:35.000000000,positive
FB0005253,TK0011420,R004240,3,2026-05-16 02:25:54.000000000,neutral
FB0005254,TK0011421,R018958,4,2026-06-11 02:46:45.000000000,positive
FB0005255,TK0011423,R024939,4,2026-01-26 19:53:38.000000000,positive
FB0005256,TK0011424,R010914,2,2026-02-07 08:39:13.000000000,negative
FB0005257,TK0011426,R010864,3,2026-06-22 15:37:15.000000000,neutral
FB0005258,TK0011427,R004154,2,2026-05-20 08:41:29.000000000,negative
FB0005259,TK0011428,R022557,4,2026-04-13 21:51:39.000000000,positive
FB0005260,TK0011430,R002977,4,2026-04-14 16:49:29.000000000,positive
FB0005261,TK0011432,R003999,3,2026-06-15 09:12:04.000000000,neutral
FB0005262,TK0011434,R005106,2,2026-02-20 21:05:58.000000000,negative
FB0005263,TK0011438,R007813,5,2026-06-14 23:31:59.000000000,positive
FB0005264,TK0011441,R020232,2,2026-04-27 20:58:43.000000000,negative
FB0005265,TK0011444,R012075,3,2026-01-02 06:09:42.000000000,neutral
FB0005266,TK0011445,R024156,4,2026-02-19 10:10:42.000000000,positive
FB0005267,TK0011446,R016521,2,2026-01-06 18:51:13.000000000,negative
FB0005268,TK0011447,R001716,4,2026-04-17 03:26:36.000000000,positive
FB0005269,TK0011448,R023462,5,2026-04-18 17:09:02.000000000,positive
FB0005270,TK0011449,R002850,1,2026-06-15 05:57:51.000000000,negative
FB0005271,TK0011450,R009069,3,2026-02-20 16:09:05.000000000,neutral
FB0005272,TK0011457,R002729,3,2026-02-14 21:03:04.000000000,neutral
FB0005273,TK0011460,R018363,2,2026-01-11 08:09:47.000000000,negative
FB0005274,TK0011463,R005187,3,2026-01-29 00:21:45.000000000,neutral
FB0005275,TK0011464,R013698,3,2026-04-23 15:58:44.000000000,neutral
FB0005276,TK0011465,R015544,2,2026-02-18 00:28:12.000000000,negative
FB0005277,TK0011467,R002661,4,2026-02-22 17:03:09.000000000,positive
FB0005278,TK0011468,R015756,4,2026-02-26 05:54:56.000000000,positive
FB0005279,TK0011469,R023330,3,2026-02-11 06:25:08.000000000,neutral
FB0005280,TK0011472,R016841,2,2026-01-29 22:13:09.000000000,negative
FB0005281,TK0011474,R013395,4,2026-02-13 11:47:15.000000000,positive
FB0005282,TK0011479,R007453,4,2026-04-24 07:41:01.000000000,positive
FB0005283,TK0011482,R007167,4,2026-03-21 13:33:31.000000000,positive
FB0005284,TK0011485,R022873,3,2026-01-11 00:06:54.000000000,neutral
FB0005285,TK0011487,R016872,4,2026-04-05 02:46:04.000000000,positive
FB0005286,TK0011488,R009097,3,2026-05-21 03:25:40.000000000,neutral
FB0005287,TK0011489,R019950,2,2026-02-03 06:06:49.000000000,negative
FB0005288,TK0011491,R001212,1,2026-02-02 16:29:15.000000000,negative
FB0005289,TK0011494,R003755,4,2026-06-12 07:28:22.000000000,positive
FB0005290,TK0011495,R004191,3,2026-04-14 13:54:01.000000000,neutral
FB0005291,TK0011497,R007275,4,2026-06-10 07:08:23.000000000,positive
FB0005292,TK0011498,R013837,4,2026-04-16 11:59:31.000000000,positive
FB0005293,TK0011502,R014489,3,2026-02-15 16:25:05.000000000,neutral
FB0005294,TK0011504,R020610,2,2026-06-08 14:43:23.000000000,negative
FB0005295,TK0011506,R020979,4,2026-04-24 09:28:35.000000000,positive
FB0005296,TK0011513,R015397,3,2026-04-06 02:39:11.000000000,neutral
FB0005297,TK0011516,R001249,4,2026-03-06 18:15:15.000000000,positive
FB0005298,TK0011517,R020335,5,2026-06-08 07:33:50.000000000,positive
FB0005299,TK0011520,R004404,2,2026-06-08 04:08:55.000000000,negative
FB0005300,TK0011521,R019324,2,2026-04-04 07:08:56.000000000,negative
FB0005301,TK0011524,R005408,4,2026-02-17 10:42:21.000000000,positive
FB0005302,TK0011526,R022725,2,2026-06-08 10:38:15.000000000,negative
FB0005303,TK0011527,R017341,3,2026-03-27 08:24:34.000000000,neutral
FB0005304,TK0011529,R021027,3,2026-06-28 17:06:32.000000000,neutral
FB0005305,TK0011532,R013085,2,2026-04-19 23:11:12.000000000,negative
FB0005306,TK0011534,R008688,2,2026-02-11 02:00:54.000000000,negative
FB0005307,TK0011535,R010137,2,2026-02-20 23:29:31.000000000,negative
FB0005308,TK0011539,R015617,2,2026-06-21 21:10:01.000000000,negative
FB0005309,TK0011540,R013455,3,2026-01-21 18:16:42.000000000,neutral
FB0005310,TK0011541,R016904,3,2026-05-29 06:38:52.000000000,neutral
FB0005311,TK0011543,R018859,3,2026-03-15 14:51:39.000000000,neutral
FB0005312,TK0011546,R007141,4,2026-06-10 17:34:17.000000000,positive
FB0005313,TK0011549,R021072,3,2026-01-25 21:06:24.000000000,neutral
FB0005314,TK0011552,R006806,4,2026-05-02 10:11:06.000000000,positive
FB0005315,TK0011553,R014565,2,2026-02-19 11:38:12.000000000,negative
FB0005316,TK0011560,R019418,4,2026-06-11 22:30:26.000000000,positive
FB0005317,TK0011563,R016598,2,2026-02-04 01:40:06.000000000,negative
FB0005318,TK0011566,R011013,5,2026-04-03 01:21:43.000000000,positive
FB0005319,TK0011567,R015838,1,2026-05-27 09:48:27.000000000,negative
FB0005320,TK0011568,R024809,3,2026-01-21 02:55:52.000000000,neutral
FB0005321,TK0011576,R012669,4,2026-03-09 19:52:42.000000000,positive
FB0005322,TK0011577,R016819,2,2026-06-14 07:31:00.000000000,negative
FB0005323,TK0011578,R023822,4,2026-05-06 10:24:08.000000000,positive
FB0005324,TK0011579,R001590,3,2026-06-05 19:47:57.000000000,neutral
FB0005325,TK0011583,R006184,4,2026-04-23 06:24:31.000000000,positive
FB0005326,TK0011584,R017104,3,2026-03-12 13:51:03.000000000,neutral
FB0005327,TK0011585,R017267,4,2026-06-08 05:22:08.000000000,positive
FB0005328,TK0011589,R002557,2,2026-02-17 07:10:12.000000000,negative
FB0005329,TK0011590,R001292,2,2026-05-24 23:37:23.000000000,negative
FB0005330,TK0011591,R011643,4,2026-04-24 14:47:42.000000000,positive
FB0005331,TK0011592,R016814,4,2026-05-28 18:52:11.000000000,positive
FB0005332,TK0011593,R000854,3,2026-02-18 08:47:15.000000000,neutral
FB0005333,TK0011595,R002397,1,2026-04-27 22:38:47.000000000,negative
FB0005334,TK0011598,R000694,3,2026-06-29 21:19:08.000000000,neutral
FB0005335,TK0011601,R010995,3,2026-01-03 22:52:20.000000000,neutral
FB0005336,TK0011602,R018074,2,2026-06-02 19:17:45.000000000,negative
FB0005337,TK0011603,R018467,1,2026-06-23 22:34:09.000000000,negative
FB0005338,TK0011604,R022927,4,2026-02-17 22:07:24.000000000,positive
FB0005339,TK0011605,R012503,3,2026-06-10 01:40:40.000000000,neutral
FB0005340,TK0011610,R018580,2,2026-03-19 10:48:34.000000000,negative
FB0005341,TK0011613,R020214,3,2026-01-27 08:17:18.000000000,neutral
FB0005342,TK0011614,R012733,4,2026-02-11 12:54:54.000000000,positive
FB0005343,TK0011615,R012354,4,2026-04-14 16:43:16.000000000,positive
FB0005344,TK0011616,R014222,3,2026-02-25 13:38:53.000000000,neutral
FB0005345,TK0011617,R000547,3,2026-02-03 11:23:29.000000000,neutral
FB0005346,TK0011619,R021691,4,2026-04-20 10:14:17.000000000,positive
FB0005347,TK0011620,R013723,3,2026-01-18 00:35:08.000000000,neutral
FB0005348,TK0011621,R000088,2,2026-04-14 16:46:27.000000000,negative
FB0005349,TK0011623,R011315,5,2026-02-21 06:11:37.000000000,positive
FB0005350,TK0011624,R003336,4,2026-05-30 15:46:49.000000000,positive
FB0005351,TK0011625,R010840,2,2026-05-28 16:17:57.000000000,negative
FB0005352,TK0011626,R020081,3,2026-02-18 00:44:42.000000000,neutral
FB0005353,TK0011628,R011140,2,2026-04-07 16:38:04.000000000,negative
FB0005354,TK0011631,R009819,2,2026-06-11 12:00:49.000000000,negative
FB0005355,TK0011632,R002984,3,2026-04-29 15:15:30.000000000,neutral
FB0005356,TK0011634,R021196,3,2026-05-30 19:31:08.000000000,neutral
FB0005357,TK0011636,R001257,3,2026-06-23 11:40:00.000000000,neutral
FB0005358,TK0011641,R008565,2,2026-05-19 22:23:50.000000000,negative
FB0005359,TK0011646,R012911,2,2026-06-21 13:19:27.000000000,negative
FB0005360,TK0011648,R020160,3,2026-06-24 09:26:38.000000000,neutral
FB0005361,TK0011652,R017768,3,2026-02-15 15:24:54.000000000,neutral
FB0005362,TK0011653,R018340,2,2026-06-16 20:45:34.000000000,negative
FB0005363,TK0011655,R000194,2,2026-05-01 19:30:18.000000000,negative
FB0005364,TK0011657,R019154,4,2026-02-12 00:48:16.000000000,positive
FB0005365,TK0011662,R023578,2,2026-01-06 23:15:36.000000000,negative
FB0005366,TK0011663,R020280,6,2026-05-22 19:38:05.000000000,neutral
FB0005367,TK0011664,R013673,3,2026-02-10 01:15:27.000000000,neutral
FB0005368,TK0011665,R017553,2,2026-02-18 19:32:06.000000000,negative
FB0005369,TK0011670,R002611,2,2026-03-04 17:47:35.000000000,negative
FB0005370,TK0011671,R009059,3,2026-06-09 23:59:30.000000000,neutral
FB0005371,TK0011676,R019816,2,2026-04-17 07:24:21.000000000,negative
FB0005372,TK0011679,R015805,5,2026-06-24 08:59:55.000000000,positive
FB0005373,TK0011680,R013335,3,2026-02-13 18:40:15.000000000,neutral
FB0005374,TK0011682,R001407,3,2026-02-03 04:43:21.000000000,neutral
FB0005375,TK0011686,R008190,3,2026-05-13 06:50:07.000000000,neutral
FB0005376,TK0011690,R013600,2,2026-03-13 08:10:17.000000000,negative
FB0005377,TK0011693,R005407,4,2026-04-23 19:57:43.000000000,positive
FB0005378,TK0011695,R024996,2,2026-06-30 19:44:09.000000000,negative
FB0005379,TK0011696,R021818,3,2026-04-04 11:31:09.000000000,neutral
FB0005380,TK0011697,R019356,2,2026-02-12 00:00:42.000000000,negative
FB0005381,TK0011700,R000621,3,2026-04-14 23:11:50.000000000,neutral
FB0005382,TK0011701,R015164,5,2026-03-13 21:09:32.000000000,positive
FB0005383,TK0011704,R022898,3,2026-01-05 12:30:57.000000000,neutral
FB0005384,TK0011706,R024690,4,2026-05-05 10:15:53.000000000,positive
FB0005385,TK0011711,R000015,3,2026-04-20 16:18:25.000000000,neutral
FB0005386,TK0011714,R007331,3,2026-05-18 06:28:35.000000000,neutral
FB0005387,TK0011717,R012798,3,2026-06-10 22:40:15.000000000,neutral
FB0005388,TK0011718,R016413,2,2026-03-10 23:56:07.000000000,negative
FB0005389,TK0011721,R004587,3,2026-05-06 01:45:47.000000000,neutral
FB0005390,TK0011724,R019144,2,2026-01-29 08:12:33.000000000,negative
FB0005391,TK0011725,R006689,3,2026-05-13 03:42:55.000000000,neutral
FB0005392,TK0011728,R021577,4,2026-06-13 17:16:52.000000000,positive
FB0005393,TK0011729,R014258,5,2026-03-19 05:33:23.000000000,positive
FB0005394,TK0011731,R022409,2,2026-02-24 12:42:29.000000000,negative
FB0005395,TK0011734,R022700,3,2026-05-13 04:11:38.000000000,neutral
FB0005396,TK0011736,R020011,3,2026-01-31 13:22:50.000000000,neutral
FB0005397,TK0011738,R018712,2,2026-03-30 16:04:52.000000000,negative
FB0005398,TK0011739,R017214,3,2026-01-07 19:54:59.000000000,neutral
FB0005399,TK0011740,R008803,2,2026-05-08 21:49:06.000000000,negative
FB0005400,TK0011741,R018970,4,2026-01-04 18:44:14.000000000,positive
FB0005401,TK0011742,R002598,3,2026-03-19 16:25:47.000000000,neutral
FB0005402,TK0011745,R021793,4,2026-04-14 17:38:22.000000000,positive
FB0005403,TK0011746,R018656,4,2026-02-08 23:36:13.000000000,positive
FB0005404,TK0011747,R007639,1,2026-01-15 15:42:00.000000000,negative
FB0005405,TK0011750,R009101,4,2026-05-29 05:20:29.000000000,positive
FB0005406,TK0011751,R017198,4,2026-04-01 00:08:34.000000000,positive
FB0005407,TK0011753,R000836,3,2026-03-06 04:15:04.000000000,neutral
FB0005408,TK0011758,R015140,2,2026-01-09 22:39:46.000000000,negative
FB0005409,TK0011760,R000638,2,2026-04-09 14:23:24.000000000,negative
FB0005410,TK0011761,R021652,3,2026-06-18 14:43:36.000000000,neutral
FB0005411,TK0011763,R001867,4,2026-05-16 07:53:25.000000000,positive
FB0005412,TK0011764,R006350,3,2026-05-16 08:10:56.000000000,neutral
FB0005413,TK0011765,R005927,2,2026-06-03 02:01:18.000000000,negative
FB0005414,TK0011766,R020951,2,2026-05-24 06:47:17.000000000,negative
FB0005415,TK0011767,R006415,4,2026-01-25 18:53:45.000000000,positive
FB0005416,TK0011769,R007855,4,2026-02-19 08:40:33.000000000,positive
FB0005417,TK0011772,R021166,2,2026-04-10 15:11:19.000000000,negative
FB0005418,TK0011773,R010963,2,2026-01-24 17:33:54.000000000,negative
FB0005419,TK0011777,R009020,3,2026-05-11 21:13:04.000000000,neutral
FB0005420,TK0011780,R024912,3,2026-04-30 20:24:52.000000000,neutral
FB0005421,TK0011781,R004373,4,2026-02-21 04:58:41.000000000,positive
FB0005422,TK0011784,R004354,2,2026-01-17 10:58:44.000000000,negative
FB0005423,TK0011785,R019017,3,2026-01-19 09:00:56.000000000,neutral
FB0005424,TK0011787,R019403,2,2026-06-09 13:39:03.000000000,negative
FB0005425,TK0011793,R021268,2,2026-03-04 21:50:17.000000000,negative
FB0005426,TK0011796,R018639,3,2026-04-07 11:58:11.000000000,neutral
FB0005427,TK0011800,R008201,2,2026-03-04 07:52:52.000000000,negative
FB0005428,TK0011801,R011904,1,2026-05-17 20:28:21.000000000,negative
FB0005429,TK0011805,R022283,4,2026-05-29 08:13:24.000000000,positive
FB0005430,TK0011807,R012333,4,2026-01-28 08:51:35.000000000,positive
FB0005431,TK0011809,R007351,4,2026-06-15 17:30:36.000000000,positive
FB0005432,TK0011812,R022002,5,2026-03-28 07:01:10.000000000,positive
FB0005433,TK0011819,R012413,2,2026-03-10 04:12:11.000000000,negative
FB0005434,TK0011820,R018355,5,2026-06-21 13:32:52.000000000,positive
FB0005435,TK0011823,R022618,2,2026-01-12 05:57:35.000000000,negative
FB0005436,TK0011824,R008746,3,2026-04-27 17:48:47.000000000,neutral
FB0005437,TK0011826,R023892,4,2026-05-04 12:10:47.000000000,positive
FB0005438,TK0011827,R018801,3,2026-02-13 19:09:08.000000000,neutral
FB0005439,TK0011828,R016428,3,2026-04-26 21:13:24.000000000,neutral
FB0005440,TK0011829,R003652,4,2026-01-16 02:56:37.000000000,positive
FB0005441,TK0011830,R008804,4,2026-04-07 09:38:09.000000000,positive
FB0005442,TK0011831,R006973,4,2026-06-30 19:54:55.000000000,positive
FB0005443,TK0011833,R019137,4,2026-04-18 22:17:29.000000000,positive
FB0005444,TK0011834,R001967,5,2026-01-12 00:19:19.000000000,positive
FB0005445,TK0011841,R006981,3,2026-05-24 16:23:25.000000000,neutral
FB0005446,TK0011843,R016495,2,2026-01-30 07:45:19.000000000,negative
FB0005447,TK0011845,R004503,1,2026-03-05 14:06:57.000000000,negative
FB0005448,TK0011846,R001830,3,2026-02-24 09:12:09.000000000,neutral
FB0005449,TK0011848,R009333,5,2026-04-11 00:59:55.000000000,positive
FB0005450,TK0011850,R000014,2,2026-02-11 14:26:26.000000000,negative
FB0005451,TK0011851,R009102,4,2026-06-09 20:41:18.000000000,positive
FB0005452,TK0011852,R000184,2,2026-02-15 19:53:18.000000000,negative
FB0005453,TK0011854,R021874,3,2026-05-31 14:57:25.000000000,neutral
FB0005454,TK0011855,R001964,2,2026-01-06 04:51:03.000000000,negative
FB0005455,TK0011856,R022601,1,2026-06-07 12:57:30.000000000,negative
FB0005456,TK0011857,R001390,3,2026-06-22 04:04:16.000000000,neutral
FB0005457,TK0011859,R008957,2,2026-01-01 17:42:02.000000000,negative
FB0005458,TK0011860,R020156,3,2026-04-10 13:55:37.000000000,neutral
FB0005459,TK0011861,R009504,3,2026-02-08 17:36:44.000000000,neutral
FB0005460,TK0011864,R002084,2,2026-01-05 19:54:44.000000000,negative
FB0005461,TK0011865,R006203,3,2026-02-21 09:53:09.000000000,neutral
FB0005462,TK0011868,R008954,3,2026-02-02 08:24:31.000000000,neutral
FB0005463,TK0011871,R006761,1,2026-06-01 12:35:48.000000000,negative
FB0005464,TK0011873,R003387,2,2026-01-27 03:01:06.000000000,negative
FB0005465,TK0011874,R012424,3,2026-02-07 22:39:02.000000000,neutral
FB0005466,TK0011875,R013270,3,2026-02-27 06:04:40.000000000,neutral
FB0005467,TK0011879,R014679,2,2026-04-25 06:08:39.000000000,negative
FB0005468,TK0011884,R021352,3,2026-02-21 08:20:26.000000000,neutral
FB0005469,TK0011885,R003280,2,2026-01-22 04:11:42.000000000,negative
FB0005470,TK0011887,R021787,3,2026-01-26 07:43:16.000000000,neutral
FB0005471,TK0011888,R012678,3,2026-05-07 19:03:09.000000000,neutral
FB0005472,TK0011889,R022091,2,2026-01-21 15:58:46.000000000,negative
FB0005473,TK0011892,R010776,4,2026-02-27 12:50:08.000000000,positive
FB0005474,TK0011901,R016474,3,2026-04-06 23:25:49.000000000,neutral
FB0005475,TK0011903,R022527,2,2026-04-14 17:46:24.000000000,negative
FB0005476,TK0011906,R005116,3,2026-01-05 06:26:24.000000000,neutral
FB0005477,TK0011907,R005756,4,2026-05-14 13:25:43.000000000,positive
FB0005478,TK0011908,R018952,5,2026-02-01 07:13:32.000000000,positive
FB0005479,TK0011910,R006847,2,2026-02-19 22:32:49.000000000,negative
FB0005480,TK0011911,R003275,4,2026-06-24 04:44:40.000000000,positive
FB0005481,TK0011915,R021143,4,2026-04-28 15:17:49.000000000,positive
FB0005482,TK0011916,R020184,3,2026-05-30 00:14:43.000000000,neutral
FB0005483,TK0011918,R021609,5,2026-04-17 19:15:15.000000000,positive
FB0005484,TK0011919,R003649,3,2026-04-16 13:48:26.000000000,neutral
FB0005485,TK0011922,R019180,3,2026-06-10 08:17:27.000000000,neutral
FB0005486,TK0011925,R015988,3,2026-05-22 07:36:59.000000000,neutral
FB0005487,TK0011927,R010781,1,2026-02-11 05:52:12.000000000,negative
FB0005488,TK0011930,R009586,4,2026-01-15 19:36:37.000000000,positive
FB0005489,TK0011931,R008809,5,2026-01-22 18:24:00.000000000,positive
FB0005490,TK0011932,R019395,3,2026-02-12 23:43:31.000000000,neutral
FB0005491,TK0011936,R022106,3,2026-04-07 21:21:39.000000000,neutral
FB0005492,TK0011938,R006654,3,2026-02-05 02:25:42.000000000,neutral
FB0005493,TK0011939,R016371,4,2026-01-16 16:14:18.000000000,positive
FB0005494,TK0011941,R012519,3,2026-04-07 13:03:59.000000000,neutral
FB0005495,TK0011942,R011657,2,2026-01-26 21:58:00.000000000,negative
FB0005496,TK0011943,R000184,2,2026-04-17 04:18:33.000000000,negative
FB0005497,TK0011947,R013167,2,2026-03-24 08:39:28.000000000,negative
FB0005498,TK0011950,R006228,4,2026-02-23 07:03:01.000000000,positive
FB0005499,TK0011953,R013165,2,2026-06-13 21:56:21.000000000,negative
FB0005500,TK0011955,R016638,1,2026-03-18 07:15:52.000000000,negative
FB0005501,TK0011957,R006230,5,2026-02-23 17:30:01.000000000,positive
FB0005502,TK0011958,R002388,2,2026-02-08 15:42:48.000000000,negative
FB0005503,TK0011959,R023793,3,2026-01-16 05:31:33.000000000,neutral
FB0005504,TK0011960,R022062,2,2026-04-17 08:31:52.000000000,negative
FB0005505,TK0011961,R003295,4,2026-06-19 23:11:20.000000000,positive
FB0005506,TK0011963,R014732,2,2026-01-20 07:32:59.000000000,negative
FB0005507,TK0011964,R001527,2,2026-03-22 19:54:37.000000000,negative
FB0005508,TK0011965,R013889,4,2026-04-11 08:19:22.000000000,positive
FB0005509,TK0011968,R005835,3,2026-01-05 21:07:53.000000000,neutral
FB0005510,TK0011970,R011957,3,2026-02-26 23:03:08.000000000,neutral
FB0005511,TK0011971,R019057,3,2026-06-22 07:38:03.000000000,neutral
FB0005512,TK0011972,R014031,4,2026-03-24 07:30:02.000000000,positive
FB0005513,TK0011974,R009455,3,2026-03-01 03:19:13.000000000,neutral
FB0005514,TK0011976,R019087,3,2026-03-18 08:30:25.000000000,neutral
FB0005515,TK0011977,R014006,1,2026-01-17 02:14:38.000000000,negative
FB0005516,TK0011982,R004182,2,2026-04-25 20:01:38.000000000,negative
FB0005517,TK0011986,R008977,3,2026-05-29 16:46:28.000000000,neutral
FB0005518,TK0011987,R004449,4,2026-01-29 16:52:27.000000000,positive
FB0005519,TK0011988,R005756,3,2026-01-25 07:54:28.000000000,neutral
FB0005520,TK0011989,R000781,3,2026-05-17 09:27:50.000000000,neutral
FB0005521,TK0011990,R020739,4,2026-05-09 17:23:20.000000000,positive
FB0005522,TK0011991,R016698,4,2026-02-13 21:31:27.000000000,positive
FB0005523,TK0011994,R019589,3,2026-02-27 19:31:57.000000000,neutral
FB0005524,TK0011996,R008796,4,2026-06-04 05:50:01.000000000,positive
FB0005525,TK0012000,R019588,2,2026-01-27 18:43:43.000000000,negative
FB0005526,TK0012006,R020725,3,2026-03-26 15:30:41.000000000,neutral
FB0005527,TK0012008,R003815,2,2026-04-04 23:29:04.000000000,negative
FB0005528,TK0012009,R024725,3,2026-04-25 13:46:17.000000000,neutral
FB0005529,TK0012010,R021495,3,2026-01-09 01:45:19.000000000,neutral
FB0005530,TK0012013,R003794,4,2026-02-23 13:11:32.000000000,positive
FB0005531,TK0012016,R013208,3,2026-01-08 05:57:56.000000000,neutral
FB0005532,TK0012017,R004324,5,2026-05-18 16:38:22.000000000,positive
FB0005533,TK0012021,R023192,4,2026-06-01 03:46:42.000000000,positive
FB0005534,TK0012022,R012183,2,2026-06-19 16:04:24.000000000,negative
FB0005535,TK0012024,R020173,3,2026-02-27 21:02:54.000000000,neutral
FB0005536,TK0012025,R023263,4,2026-04-26 01:10:50.000000000,positive
FB0005537,TK0012027,R017419,3,2026-06-15 10:50:41.000000000,neutral
FB0005538,TK0012028,R001842,2,2026-03-18 11:55:31.000000000,negative
FB0005539,TK0012029,R004718,3,2026-02-07 09:20:04.000000000,neutral
FB0005540,TK0012032,R000938,3,2026-02-02 17:10:48.000000000,neutral
FB0005541,TK0012037,R011294,4,2026-01-21 11:22:58.000000000,positive
FB0005542,TK0012043,R003137,2,2026-04-30 07:46:00.000000000,negative
FB0005543,TK0012047,R021980,3,2026-05-16 23:34:57.000000000,neutral
FB0005544,TK0012050,R021253,1,2026-01-19 10:22:51.000000000,negative
FB0005545,TK0012051,R003885,2,2026-04-11 08:56:30.000000000,negative
FB0005546,TK0012053,R011974,2,2026-04-10 04:48:37.000000000,negative
FB0005547,TK0012055,R019979,3,2026-03-22 08:47:53.000000000,neutral
FB0005548,TK0012057,R020730,4,2026-04-02 15:58:26.000000000,positive
FB0005549,TK0012058,R008341,4,2026-01-15 21:02:47.000000000,positive
FB0005550,TK0012059,R002543,4,2026-02-04 17:48:19.000000000,positive
FB0005551,TK0012061,R000115,4,2026-02-13 18:17:43.000000000,positive
FB0005552,TK0012066,R012850,2,2026-05-03 10:21:19.000000000,negative
FB0005553,TK0012067,R018143,3,2026-01-17 01:57:49.000000000,neutral
FB0005554,TK0012070,R013792,2,2026-02-25 22:26:43.000000000,negative
FB0005555,TK0012071,R011336,4,2026-02-03 19:23:41.000000000,positive
FB0005556,TK0012073,R011587,2,2026-03-26 18:07:40.000000000,negative
FB0005557,TK0012076,R014271,3,2026-07-01 19:29:24.000000000,neutral
FB0005558,TK0012080,R000976,2,2026-02-20 20:02:52.000000000,negative
FB0005559,TK0012081,R021789,5,2026-04-30 18:49:43.000000000,positive
FB0005560,TK0012085,R000710,3,2026-03-23 03:03:22.000000000,neutral
FB0005561,TK0012088,R007486,3,2026-03-18 05:08:15.000000000,neutral
FB0005562,TK0012089,R012973,4,2026-05-24 18:25:57.000000000,positive
FB0005563,TK0012091,R024093,3,2026-03-23 01:23:40.000000000,neutral
FB0005564,TK0012092,R023597,3,2026-01-22 14:23:48.000000000,neutral
FB0005565,TK0012094,R019700,3,2026-03-07 07:14:29.000000000,neutral
FB0005566,TK0012095,R015685,4,2026-03-08 11:27:02.000000000,positive
FB0005567,TK0012096,R010345,3,2026-03-06 00:33:27.000000000,neutral
FB0005568,TK0012097,R016051,3,2026-02-12 22:31:33.000000000,neutral
FB0005569,TK0012099,R024002,3,2026-02-16 15:42:13.000000000,neutral
FB0005570,TK0012101,R001299,5,2026-04-14 22:07:54.000000000,positive
FB0005571,TK0012102,R011322,2,2026-01-03 23:14:13.000000000,negative
FB0005572,TK0012105,R004228,1,2026-03-09 10:31:03.000000000,negative
FB0005573,TK0012106,R023407,5,2026-06-06 10:22:36.000000000,positive
FB0005574,TK0012107,R007278,3,2026-01-07 02:39:32.000000000,neutral
FB0005575,TK0012108,R000292,3,2026-04-17 05:14:54.000000000,neutral
FB0005576,TK0012109,R023863,3,2026-05-03 01:00:11.000000000,neutral
FB0005577,TK0012113,R022645,4,2026-03-18 20:26:01.000000000,positive
FB0005578,TK0012116,R004623,4,2026-05-20 18:23:48.000000000,positive
FB0005579,TK0012117,R012199,4,2026-04-24 09:54:28.000000000,positive
FB0005580,TK0012118,R024221,1,2026-05-13 06:17:52.000000000,negative
FB0005581,TK0012123,R003561,5,2026-06-30 04:28:46.000000000,positive
FB0005582,TK0012125,R023460,3,2026-02-09 09:18:25.000000000,neutral
FB0005583,TK0012126,R010495,1,2026-03-24 15:50:16.000000000,negative
FB0005584,TK0012131,R001447,2,2026-01-21 00:33:10.000000000,negative
FB0005585,TK0012132,R012855,3,2026-03-24 07:28:59.000000000,neutral
FB0005586,TK0012134,R011482,1,2026-04-23 06:59:43.000000000,negative
FB0005587,TK0012135,R015014,2,2026-03-05 18:47:32.000000000,negative
FB0005588,TK0012136,R009131,2,2026-06-14 15:50:48.000000000,negative
FB0005589,TK0012137,R002654,3,2026-06-04 17:22:04.000000000,neutral
FB0005590,TK0012140,R001087,3,2026-02-10 03:07:45.000000000,neutral
FB0005591,TK0012141,R022369,1,2026-05-24 04:11:14.000000000,negative
FB0005592,TK0012143,R016766,3,2026-04-25 18:48:51.000000000,neutral
FB0005593,TK0012144,R019302,4,2026-01-21 11:49:08.000000000,positive
FB0005594,TK0012145,R002588,5,2026-02-17 06:17:50.000000000,positive
FB0005595,TK0012148,R022097,3,2026-02-21 08:56:56.000000000,neutral
FB0005596,TK0012151,R003582,3,2026-04-28 15:02:58.000000000,neutral
FB0005597,TK0012152,R022219,4,2026-05-17 00:44:39.000000000,positive
FB0005598,TK0012154,R010809,2,2026-04-25 05:33:46.000000000,negative
FB0005599,TK0012155,R005375,2,2026-02-17 14:30:33.000000000,negative
FB0005600,TK0012156,R009759,2,2026-04-24 09:20:38.000000000,negative
FB0005601,TK0012158,R008351,3,2026-06-16 17:24:10.000000000,neutral
FB0005602,TK0012164,R022769,4,2026-03-16 08:53:28.000000000,positive
FB0005603,TK0012168,R017486,4,2026-04-16 16:29:03.000000000,positive
FB0005604,TK0012169,R014940,4,2026-01-08 17:23:33.000000000,positive
FB0005605,TK0012173,R021396,3,2026-02-15 11:32:36.000000000,neutral
FB0005606,TK0012176,R019114,4,2026-05-18 00:09:39.000000000,positive
FB0005607,TK0012178,R020749,3,2026-05-08 10:43:29.000000000,neutral
FB0005608,TK0012179,R019481,4,2026-03-02 18:56:54.000000000,positive
FB0005609,TK0012181,R001729,3,2026-03-02 14:12:09.000000000,neutral
FB0005610,TK0012183,R003746,2,2026-05-20 01:50:09.000000000,negative
FB0005611,TK0012184,R019434,2,2026-04-19 13:47:47.000000000,negative
FB0005612,TK0012188,R017006,4,2026-05-04 10:34:59.000000000,positive
FB0005613,TK0012190,R005717,3,2026-05-21 08:26:03.000000000,neutral
FB0005614,TK0012192,R017031,2,2026-03-23 23:28:14.000000000,negative
FB0005615,TK0012193,R017799,3,2026-06-07 03:31:18.000000000,neutral
FB0005616,TK0012197,R022999,2,2026-01-09 16:09:15.000000000,negative
FB0005617,TK0012200,R003803,2,2026-05-25 15:50:41.000000000,negative
FB0005618,TK0012201,R021026,2,2026-03-01 18:18:18.000000000,negative
FB0005619,TK0012202,R011129,3,2026-05-23 05:27:21.000000000,neutral
FB0005620,TK0012204,R013815,2,2026-03-06 00:44:33.000000000,negative
FB0005621,TK0012205,R003573,5,2026-03-10 22:40:40.000000000,positive
FB0005622,TK0012207,R006441,5,2026-03-24 01:23:45.000000000,positive
FB0005623,TK0012208,R021210,2,2026-05-25 10:59:57.000000000,negative
FB0005624,TK0012209,R009373,4,2026-02-14 01:57:09.000000000,positive
FB0005625,TK0012214,R003825,3,2026-05-25 11:49:25.000000000,neutral
FB0005626,TK0012215,R023168,2,2026-01-25 22:24:12.000000000,negative
FB0005627,TK0012216,R018583,3,2026-02-05 01:08:41.000000000,neutral
FB0005628,TK0012217,R019121,4,2026-01-21 07:45:34.000000000,positive
FB0005629,TK0012218,R000954,2,2026-05-16 09:03:33.000000000,negative
FB0005630,TK0012221,R019046,3,2026-02-09 03:41:33.000000000,neutral
FB0005631,TK0012230,R008638,2,2026-01-30 12:39:22.000000000,negative
FB0005632,TK0012231,R003252,4,2026-04-18 12:44:35.000000000,positive
FB0005633,TK0012234,R020361,3,2026-02-19 10:17:41.000000000,neutral
FB0005634,TK0012235,R021803,3,2026-04-04 18:42:34.000000000,neutral
FB0005635,TK0012236,R008320,3,2026-06-08 09:39:43.000000000,neutral
FB0005636,TK0012239,R004659,3,2026-03-07 04:25:26.000000000,neutral
FB0005637,TK0012242,R001754,5,2026-02-17 14:58:34.000000000,positive
FB0005638,TK0012243,R001892,5,2026-02-04 11:27:42.000000000,positive
FB0005639,TK0012247,R016951,1,2026-03-06 01:09:51.000000000,negative
FB0005640,TK0012248,R009092,1,2026-01-14 09:14:25.000000000,negative
FB0005641,TK0012252,R004573,3,2026-06-23 12:36:15.000000000,neutral
FB0005642,TK0012254,R016945,3,2026-01-22 19:03:39.000000000,neutral
FB0005643,TK0012255,R009054,4,2026-05-29 16:11:08.000000000,positive
FB0005644,TK0012256,R002565,4,2026-04-05 02:27:40.000000000,positive
FB0005645,TK0012257,R006053,2,2026-05-20 05:48:09.000000000,negative
FB0005646,TK0012261,R013359,2,2026-03-03 07:48:58.000000000,negative
FB0005647,TK0012262,R019006,3,2026-02-25 14:14:33.000000000,neutral
FB0005648,TK0012265,R000081,4,2026-03-22 07:23:30.000000000,positive
FB0005649,TK0012266,R017924,3,2026-07-01 08:40:37.000000000,neutral
FB0005650,TK0012269,R020190,5,2026-04-05 05:25:27.000000000,positive
FB0005651,TK0012270,R004959,3,2026-06-26 05:53:33.000000000,neutral
FB0005652,TK0012272,R019425,4,2026-02-27 11:40:36.000000000,positive
FB0005653,TK0012273,R018936,2,2026-06-19 02:18:38.000000000,negative
FB0005654,TK0012276,R014396,4,2026-03-27 13:21:01.000000000,positive
FB0005655,TK0012277,R015476,3,2026-06-18 05:44:56.000000000,neutral
FB0005656,TK0012278,R008419,4,2026-04-19 05:56:15.000000000,positive
FB0005657,TK0012281,R020774,2,2026-01-30 09:19:38.000000000,negative
FB0005658,TK0012284,R005509,4,2026-02-11 09:26:05.000000000,positive
FB0005659,TK0012285,R017985,3,2026-05-09 04:51:28.000000000,neutral
FB0005660,TK0012287,R019656,2,2026-06-17 18:28:59.000000000,negative
FB0005661,TK0012288,R012486,3,2026-03-28 23:45:19.000000000,neutral
FB0005662,TK0012289,R022218,2,2026-01-31 21:46:15.000000000,negative
FB0005663,TK0012291,R014876,2,2026-03-22 01:20:26.000000000,negative
FB0005664,TK0012292,R023441,3,2026-03-09 15:09:52.000000000,neutral
FB0005665,TK0012294,R024426,3,2026-05-01 10:25:45.000000000,neutral
FB0005666,TK0012297,R006008,3,2026-05-31 23:56:31.000000000,neutral
FB0005667,TK0012298,R019487,2,2026-01-24 03:34:24.000000000,negative
FB0005668,TK0012302,R014689,4,2026-01-15 10:04:41.000000000,positive
FB0005669,TK0012313,R001286,3,2026-05-27 10:13:19.000000000,neutral
FB0005670,TK0012314,R021892,2,2026-03-30 00:59:31.000000000,negative
FB0005671,TK0012321,R021663,4,2026-06-08 03:59:27.000000000,positive
FB0005672,TK0012322,R021821,4,2026-02-24 20:30:42.000000000,positive
FB0005673,TK0012323,R010452,3,2026-06-14 20:58:36.000000000,neutral
FB0005674,TK0012324,R022135,4,2026-05-30 12:55:18.000000000,positive
FB0005675,TK0012325,R002433,3,2026-04-16 14:13:31.000000000,neutral
FB0005676,TK0012330,R010596,4,2026-04-11 09:58:56.000000000,positive
FB0005677,TK0012332,R014833,1,2026-01-24 18:19:07.000000000,negative
FB0005678,TK0012334,R019092,2,2026-05-31 03:13:47.000000000,negative
FB0005679,TK0012335,R003736,5,2026-06-09 06:05:12.000000000,positive
FB0005680,TK0012336,R001361,3,2026-05-27 21:28:35.000000000,neutral
FB0005681,TK0012337,R016534,3,2026-04-26 17:26:45.000000000,neutral
FB0005682,TK0012339,R000172,3,2026-02-14 16:35:44.000000000,neutral
FB0005683,TK0012345,R017975,2,2026-01-07 17:39:22.000000000,negative
FB0005684,TK0012346,R010994,2,2026-03-09 16:01:11.000000000,negative
FB0005685,TK0012349,R000027,4,2026-01-09 17:43:45.000000000,positive
FB0005686,TK0012355,R004256,4,2026-06-12 17:06:46.000000000,positive
FB0005687,TK0012356,R005705,2,2026-06-22 04:09:00.000000000,negative
FB0005688,TK0012359,R007693,4,2026-03-18 00:07:52.000000000,positive
FB0005689,TK0012363,R002159,4,2026-06-24 19:08:49.000000000,positive
FB0005690,TK0012365,R012665,4,2026-01-22 16:59:05.000000000,positive
FB0005691,TK0012368,R008327,3,2026-01-23 19:32:50.000000000,neutral
FB0005692,TK0012369,R003794,4,2026-05-14 10:15:35.000000000,positive
FB0005693,TK0012371,R022014,3,2026-02-08 05:27:13.000000000,neutral
FB0005694,TK0012372,R023735,3,2026-06-29 03:01:04.000000000,neutral
FB0005695,TK0012373,R005010,4,2026-03-10 05:49:55.000000000,positive
FB0005696,TK0012374,R011266,5,2026-05-27 00:14:37.000000000,positive
FB0005697,TK0012376,R010357,4,2026-06-26 16:09:37.000000000,positive
FB0005698,TK0012380,R010679,3,2026-02-14 14:53:10.000000000,neutral
FB0005699,TK0012381,R007453,4,2026-03-31 06:14:33.000000000,positive
FB0005700,TK0012383,R006409,2,2026-05-20 17:58:52.000000000,negative
FB0005701,TK0012386,R023945,3,2026-04-03 19:16:58.000000000,neutral
FB0005702,TK0012390,R013174,4,2026-03-06 07:32:41.000000000,positive
FB0005703,TK0012392,R023779,1,2026-02-07 13:30:09.000000000,negative
FB0005704,TK0012393,R009745,2,2026-02-09 03:58:55.000000000,negative
FB0005705,TK0012399,R011088,2,2026-05-11 16:50:03.000000000,negative
FB0005706,TK0012401,R018938,4,2026-03-26 23:23:20.000000000,positive
FB0005707,TK0012402,R022862,1,2026-01-17 11:03:12.000000000,negative
FB0005708,TK0012404,R019466,3,2026-05-07 15:58:14.000000000,neutral
FB0005709,TK0012405,R010441,5,2026-04-02 06:49:16.000000000,positive
FB0005710,TK0012407,R004511,2,2026-05-25 17:45:56.000000000,negative
FB0005711,TK0012408,R022555,2,2026-06-09 16:10:21.000000000,negative
FB0005712,TK0012409,R008824,2,2026-06-02 18:23:39.000000000,negative
FB0005713,TK0012413,R001824,1,2026-02-23 16:52:11.000000000,negative
FB0005714,TK0012414,R016991,3,2026-02-22 21:11:42.000000000,neutral
FB0005715,TK0012415,R002111,3,2026-04-05 20:17:37.000000000,neutral
FB0005716,TK0012416,R001639,3,2026-04-04 01:20:48.000000000,neutral
FB0005717,TK0012417,R005531,1,2026-06-16 12:32:39.000000000,negative
FB0005718,TK0012419,R014247,1,2026-04-28 04:04:22.000000000,negative
FB0005719,TK0012420,R021606,3,2026-01-03 03:02:33.000000000,neutral
FB0005720,TK0012425,R017058,2,2026-05-17 21:44:06.000000000,negative
FB0005721,TK0012429,R020106,2,2026-02-17 14:34:27.000000000,negative
FB0005722,TK0012431,R007758,1,2026-04-11 00:03:39.000000000,negative
FB0005723,TK0012433,R010179,3,2026-05-10 07:41:32.000000000,neutral
FB0005724,TK0012434,R016980,2,2026-06-05 14:40:21.000000000,negative
FB0005725,TK0012437,R003751,2,2026-05-19 22:26:24.000000000,negative
FB0005726,TK0012438,R002982,4,2026-06-21 06:16:01.000000000,positive
FB0005727,TK0012439,R006509,5,2026-03-13 06:58:12.000000000,positive
FB0005728,TK0012440,R024161,2,2026-02-24 09:46:09.000000000,negative
FB0005729,TK0012441,R018715,5,2026-03-21 04:30:07.000000000,positive
FB0005730,TK0012442,R012103,3,2026-03-01 08:28:58.000000000,neutral
FB0005731,TK0012443,R008500,2,2026-01-05 19:47:47.000000000,negative
FB0005732,TK0012444,R016803,2,2026-06-21 20:51:06.000000000,negative
FB0005733,TK0012445,R012496,2,2026-06-01 11:34:06.000000000,negative
FB0005734,TK0012447,R013816,2,2026-06-16 08:42:29.000000000,negative
FB0005735,TK0012450,R022281,4,2026-02-08 10:12:10.000000000,positive
FB0005736,TK0012452,R015115,3,2026-05-05 07:18:46.000000000,neutral
FB0005737,TK0012453,R023418,2,2026-04-04 09:24:29.000000000,negative
FB0005738,TK0012454,R021705,4,2026-06-30 03:20:00.000000000,positive
FB0005739,TK0012455,R023007,3,2026-04-23 12:44:23.000000000,neutral
FB0005740,TK0012457,R012476,3,2026-04-10 11:42:34.000000000,neutral
FB0005741,TK0012459,R019370,1,2026-04-25 23:33:32.000000000,negative
FB0005742,TK0012460,R008702,4,2026-04-09 11:25:04.000000000,positive
FB0005743,TK0012461,R023331,3,2026-01-13 22:35:00.000000000,neutral
FB0005744,TK0012462,R013479,1,2026-02-24 02:24:04.000000000,negative
FB0005745,TK0012463,R011828,3,2026-06-06 09:59:52.000000000,neutral
FB0005746,TK0012465,R000774,4,2026-02-27 15:19:45.000000000,positive
FB0005747,TK0012468,R002547,3,2026-06-07 02:19:55.000000000,neutral
FB0005748,TK0012469,R020418,5,2026-06-02 06:50:12.000000000,positive
FB0005749,TK0012470,R000161,5,2026-04-30 06:19:01.000000000,positive
FB0005750,TK0012472,R010619,3,2026-05-25 05:20:31.000000000,neutral
FB0005751,TK0012473,R024719,3,2026-03-28 04:20:38.000000000,neutral
FB0005752,TK0012474,R005618,1,2026-01-15 03:00:06.000000000,negative
FB0005753,TK0012476,R007750,2,2026-04-20 12:44:32.000000000,negative
FB0005754,TK0012478,R003104,4,2026-03-13 02:41:57.000000000,positive
FB0005755,TK0012479,R008176,3,2026-05-05 23:15:52.000000000,neutral
FB0005756,TK0012483,R021858,3,2026-02-09 20:18:20.000000000,neutral
FB0005757,TK0012484,R012327,5,2026-04-15 23:35:34.000000000,positive
FB0005758,TK0012488,R016087,4,2026-06-20 23:53:50.000000000,positive
FB0005759,TK0012489,R020884,2,2026-05-19 16:48:43.000000000,negative
FB0005760,TK0012490,R020697,3,2026-05-19 05:08:41.000000000,neutral
FB0005761,TK0012492,R016554,2,2026-01-06 16:14:15.000000000,negative
FB0005762,TK0012494,R012326,3,2026-01-13 17:09:09.000000000,neutral
FB0005763,TK0012496,R014344,2,2026-03-18 21:32:13.000000000,negative
FB0005764,TK0012498,R001910,2,2026-03-10 00:13:45.000000000,negative
FB0005765,TK0012500,R011821,1,2026-02-01 08:43:54.000000000,negative
FB0005766,TK0012503,R015666,3,2026-02-06 05:56:35.000000000,neutral
FB0005767,TK0012505,R016302,3,2026-05-27 13:30:01.000000000,neutral
FB0005768,TK0012507,R002082,3,2026-02-16 09:45:12.000000000,neutral
FB0005769,TK0012509,R000500,2,2026-03-17 05:11:52.000000000,negative
FB0005770,TK0012510,R009284,3,2026-01-17 16:29:46.000000000,neutral
FB0005771,TK0012512,R017930,4,2026-03-16 07:27:57.000000000,positive
FB0005772,TK0012515,R021414,4,2026-04-11 06:18:59.000000000,positive
FB0005773,TK0012516,R003985,2,2026-03-30 23:37:50.000000000,negative
FB0005774,TK0012517,R014435,3,2026-05-01 03:46:31.000000000,neutral
FB0005775,TK0012518,R009311,3,2026-05-12 00:52:28.000000000,neutral
FB0005776,TK0012532,R019114,3,2026-01-21 17:54:36.000000000,neutral
FB0005777,TK0012533,R000853,4,2026-03-25 13:17:43.000000000,positive
FB0005778,TK0012534,R017286,2,2026-01-10 00:31:12.000000000,negative
FB0005779,TK0012537,R020776,4,2026-06-17 13:42:19.000000000,positive
FB0005780,TK0012541,R023268,3,2026-04-12 00:04:07.000000000,neutral
FB0005781,TK0012543,R005720,4,2026-03-20 04:23:01.000000000,positive
FB0005782,TK0012547,R003657,2,2026-01-30 02:52:32.000000000,negative
FB0005783,TK0012548,R020545,4,2026-01-29 05:01:34.000000000,positive
FB0005784,TK0012549,R019201,5,2026-05-26 00:12:43.000000000,positive
FB0005785,TK0012550,R015322,4,2026-02-26 17:16:16.000000000,positive
FB0005786,TK0012551,R008491,3,2026-03-29 22:26:54.000000000,neutral
FB0005787,TK0012554,R004784,2,2026-01-29 02:47:34.000000000,negative
FB0005788,TK0012560,R002339,4,2026-03-29 01:52:35.000000000,positive
FB0005789,TK0012561,R004678,5,2026-05-21 15:58:39.000000000,positive
FB0005790,TK0012562,R023314,2,2026-01-10 22:51:02.000000000,negative
FB0005791,TK0012563,R001810,3,2026-05-10 14:00:22.000000000,neutral
FB0005792,TK0012564,R023854,4,2026-05-24 05:31:28.000000000,positive
FB0005793,TK0012566,R003785,3,2026-06-04 00:53:42.000000000,neutral
FB0005794,TK0012567,R014468,5,2026-06-26 06:49:17.000000000,positive
FB0005795,TK0012569,R007212,3,2026-01-07 23:11:58.000000000,neutral
FB0005796,TK0012571,R010066,3,2026-06-19 09:57:12.000000000,neutral
FB0005797,TK0012574,R011837,1,2026-02-20 00:10:49.000000000,negative
FB0005798,TK0012575,R013298,4,2026-02-13 12:29:12.000000000,positive
FB0005799,TK0012577,R009367,3,2026-02-02 11:44:29.589504475,neutral
FB0005800,TK0012578,R018616,1,2026-03-28 16:46:26.223990310,negative
FB0005801,TK0012579,R008649,2,2026-04-08 01:57:03.899197660,negative
FB0005802,TK0012581,R017177,1,2026-03-18 01:06:04.750576933,negative
FB0005803,TK0012582,R001730,3,2026-02-23 03:42:12.760054525,neutral
FB0005804,TK0012590,R007133,2,2026-02-14 02:42:57.404544512,negative
FB0005805,TK0012600,R013249,2,2026-01-26 14:22:08.040380946,negative
FB0005806,TK0012604,R017011,1,2026-06-30 03:11:12.708616566,negative
FB0005807,TK0012607,R017807,2,2026-04-06 00:43:15.716058546,negative
FB0005808,TK0012610,R007393,3,2026-01-18 23:38:21.346778376,neutral
FB0005809,TK0012611,R011331,2,2026-03-07 01:49:29.672253940,negative
FB0005810,TK0012612,R023478,3,2026-04-14 17:46:52.785571972,neutral
FB0005811,TK0012613,R009043,1,2026-01-08 23:10:49.591767802,negative
FB0005812,TK0012614,R008685,1,2026-06-04 16:33:21.338629104,negative
FB0005813,TK0012615,R002150,2,2026-07-03 12:35:04.186875512,negative
FB0005814,TK0012617,R008364,1,2026-06-23 14:04:17.713678718,negative
FB0005815,TK0012621,R007881,2,2026-06-14 10:36:37.947563419,negative
FB0005816,TK0012624,R018718,2,2026-02-12 17:01:25.068729933,negative
FB0005817,TK0012625,R005139,1,2026-04-02 01:37:52.606241956,negative
FB0005818,TK0012627,R020081,2,2026-02-18 20:33:43.132945324,negative
FB0005819,TK0012629,R018540,4,2026-02-23 14:04:40.375473543,positive
FB0005820,TK0012630,R001543,2,2026-05-05 06:48:35.363253797,negative
FB0005821,TK0012631,R009341,1,2026-02-18 15:50:33.510331614,negative
FB0005822,TK0012634,R023082,4,2026-03-04 20:00:06.838677182,positive
FB0005823,TK0012635,R014699,3,2026-07-01 17:25:11.687958269,neutral
FB0005824,TK0012639,R024059,2,2026-02-04 08:46:12.449320835,negative
FB0005825,TK0012640,R024490,3,2026-03-06 01:25:14.018582954,neutral
FB0005826,TK0012641,R018277,2,2026-01-10 22:44:30.670586987,negative
FB0005827,TK0012643,R021677,2,2026-03-22 02:50:11.889124269,negative
FB0005828,TK0012646,R009903,2,2026-03-25 13:45:16.092027750,negative
FB0005829,TK0012647,R016265,2,2026-06-11 14:39:36.046181779,negative
FB0005830,TK0012648,R006092,4,2026-03-26 06:34:33.344910066,positive
FB0005831,TK0012649,R016274,3,2026-06-09 16:44:09.791408891,neutral
FB0005832,TK0012651,R006621,2,2026-04-28 09:50:25.742204463,negative
FB0005833,TK0012653,R023515,1,2026-07-03 03:58:41.911160109,negative
FB0005834,TK0012654,R019371,2,2026-04-16 00:04:23.139141541,negative
FB0005835,TK0012657,R005848,1,2026-04-12 02:53:17.159817981,negative
FB0005836,TK0012666,R002674,1,2026-01-17 04:38:10.260917783,negative
FB0005837,TK0012673,R019970,1,2026-02-11 20:00:23.461831959,negative
FB0005838,TK0012674,R002367,1,2026-04-28 15:43:02.163601302,negative
FB0005839,TK0012675,R017942,3,2026-01-20 08:59:31.634227421,neutral
FB0005840,TK0012676,R001840,2,2026-01-25 22:33:49.746746401,negative
FB0005841,TK0012681,R023077,3,2026-02-08 12:51:52.826898850,neutral
FB0005842,TK0012684,R018370,2,2026-04-28 17:34:01.210355932,negative
FB0005843,TK0012687,R001105,1,2026-06-13 20:25:55.960759730,negative
FB0005844,TK0012689,R009884,1,2026-07-01 23:30:58.570789492,negative
FB0005845,TK0012690,R003513,3,2026-02-02 00:34:51.357649702,neutral
FB0005846,TK0012691,R004957,1,2026-04-02 16:44:17.186189655,negative
FB0005847,TK0012692,R012609,2,2026-03-18 05:17:16.048205938,negative
FB0005848,TK0012693,R014553,2,2026-01-05 01:34:20.053619583,negative
FB0005849,TK0012694,R003471,2,2026-07-01 19:36:51.780640544,negative
FB0005850,TK0012695,R003290,4,2026-06-24 21:14:47.003597510,positive
FB0005851,TK0012698,R007682,2,2026-02-28 17:59:22.821076613,negative
FB0005852,TK0012699,R001568,3,2026-02-23 03:46:01.315251207,neutral
FB0005853,TK0012700,R001713,2,2026-01-09 14:35:29.766729213,negative
FB0005854,TK0012704,R018330,2,2026-03-27 23:55:50.490706831,negative
FB0005855,TK0012705,R016167,3,2026-04-23 02:23:50.111554919,neutral
FB0005856,TK0012706,R011742,2,2026-06-23 23:10:25.400439769,negative
FB0005857,TK0012707,R023777,2,2026-05-10 16:42:39.571603165,negative
FB0005858,TK0012708,R011820,1,2026-05-06 00:26:28.944291842,negative
FB0005859,TK0012709,R009623,3,2026-06-10 15:23:54.102925535,neutral
FB0005860,TK0012711,R014096,1,2026-05-26 13:27:17.620474139,negative
FB0005861,TK0012713,R001409,2,2026-03-30 09:53:37.509699477,negative
FB0005862,TK0012715,R001418,2,2026-04-03 19:34:15.031918749,negative
FB0005863,TK0012716,R000737,2,2026-01-21 04:43:04.634264855,negative
FB0005864,TK0012720,R011973,2,2026-06-25 15:57:30.045848886,negative
FB0005865,TK0012723,R024049,1,2026-01-23 07:04:01.316190685,negative
FB0005866,TK0012724,R009554,2,2026-06-21 01:50:33.148011872,negative
FB0005867,TK0012725,R011700,3,2026-02-09 16:49:23.815990939,neutral
FB0005868,TK0012726,R024918,2,2026-03-30 02:41:20.809667323,negative
FB0005869,TK0012727,R010917,2,2026-06-30 23:55:05.201156401,negative
FB0005870,TK0012729,R017407,2,2026-06-26 07:59:30.123514143,negative
FB0005871,TK0012731,R008258,2,2026-06-12 15:58:54.702992759,negative
FB0005872,TK0012732,R003033,2,2026-05-03 20:18:50.393593860,negative
FB0005873,TK0012734,R021529,2,2026-05-15 22:39:49.304152351,negative
FB0005874,TK0012735,R003789,1,2026-02-08 03:39:53.155202876,negative
FB0005875,TK0012737,R009652,2,2026-06-17 06:45:08.981939945,negative
FB0005876,TK0012739,R001625,2,2026-04-25 21:22:48.317054201,negative
FB0005877,TK0012742,R021956,1,2026-06-03 12:29:17.615526503,negative
FB0005878,TK0012745,R024508,3,2026-02-11 10:07:41.664275421,neutral
FB0005879,TK0012746,R020464,1,2026-05-16 07:42:26.746949282,negative
FB0005880,TK0012748,R006735,2,2026-04-03 21:48:03.950342313,negative
FB0005881,TK0012750,R002443,1,2026-06-05 06:52:15.865945309,negative
FB0005882,TK0012751,R023304,2,2026-02-25 16:05:46.260912670,negative
FB0005883,TK0012752,R001201,2,2026-02-07 09:08:27.718192740,negative
FB0005884,TK0012754,R009985,2,2026-03-25 12:02:35.229924695,negative
FB0005885,TK0012757,R018283,1,2026-05-31 08:25:08.477272513,negative
FB0005886,TK0012758,R015413,3,2026-04-23 17:26:12.969127055,neutral
FB0005887,TK0012761,R008302,2,2026-05-18 12:02:25.259862429,negative
FB0005888,TK0012762,R014934,2,2026-02-11 03:40:18.035740344,negative
FB0005889,TK0012770,R014900,3,2026-03-24 05:03:50.366498137,neutral
FB0005890,TK0012774,R011976,2,2026-01-09 19:38:09.208692265,negative
FB0005891,TK0012775,R009394,1,2026-06-19 07:28:15.482865471,negative
FB0005892,TK0012776,R017118,4,2026-03-07 14:48:57.565956241,positive
FB0005893,TK0012777,R007363,2,2026-01-23 22:25:05.965249328,negative
FB0005894,TK0012778,R007909,2,2026-06-29 06:01:10.932035240,negative
FB0005895,TK0012783,R007371,2,2026-01-28 18:09:05.004862213,negative
FB0005896,TK0012786,R014006,2,2026-06-03 05:36:16.780512818,negative
FB0005897,TK0012787,R015618,4,2026-02-17 16:01:42.835468529,positive
FB0005898,TK0012788,R002972,2,2026-06-23 16:07:25.261826660,negative
FB0005899,TK0012790,R011187,1,2026-03-10 20:00:20.259694153,negative
FB0005900,TK0012791,R001828,3,2026-02-15 23:59:19.941979099,neutral
FB0005901,TK0012792,R008211,2,2026-04-28 07:32:03.060700120,negative
FB0005902,TK0012797,R011815,2,2026-05-10 10:31:13.683779630,negative
FB0005903,TK0012798,R024585,3,2026-02-12 12:33:37.269021405,neutral
FB0005904,TK0012799,R021367,3,2026-05-14 14:49:17.225226705,neutral
FB0005905,TK0012801,R013190,2,2026-01-11 19:42:21.593606631,negative
FB0005906,TK0012802,R006002,1,2026-02-24 03:51:18.150319725,negative
FB0005907,TK0012804,R022603,1,2026-07-04 18:00:34.002558013,negative
FB0005908,TK0012810,R018394,2,2026-01-27 00:27:51.132431583,negative
FB0005909,TK0012814,R008347,1,2026-05-31 14:01:41.714501428,negative
FB0005910,TK0012815,R000204,1,2026-02-09 06:27:58.011541019,negative
FB0005911,TK0012816,R023597,1,2026-03-22 21:49:34.029977155,negative
FB0005912,TK0012817,R016936,2,2026-01-19 06:00:53.472849081,negative
FB0005913,TK0012818,R006294,2,2026-03-20 01:28:17.766303440,negative
FB0005914,TK0012819,R009548,2,2026-06-17 01:40:55.052082548,negative
FB0005915,TK0012824,R023702,4,2026-06-16 15:18:31.450810931,positive
FB0005916,TK0012827,R019251,3,2026-06-21 20:51:48.006695884,neutral
FB0005917,TK0012830,R023982,1,2026-04-24 11:41:14.223224828,negative
FB0005918,TK0012832,R014366,3,2026-05-17 01:25:39.107430646,neutral
FB0005919,TK0012834,R021491,2,2026-06-21 10:52:32.160288013,negative
FB0005920,TK0012837,R009312,2,2026-01-24 07:18:15.030847823,negative
FB0005921,TK0012838,R013666,1,2026-03-17 23:49:49.207306176,negative
FB0005922,TK0012839,R020300,2,2026-06-08 04:22:11.710716282,negative
FB0005923,TK0012841,R005160,3,2026-01-29 17:49:36.601964599,neutral
FB0005924,TK0012842,R006757,2,2026-06-13 09:29:31.542352629,negative
FB0005925,TK0012850,R003117,1,2026-03-28 06:43:21.956628873,negative
FB0005926,TK0012851,R010993,1,2026-01-23 13:08:12.212741058,negative
FB0005927,TK0012852,R017886,2,2026-02-28 15:46:20.886897693,negative
FB0005928,TK0012853,R008178,1,2026-02-05 08:45:52.666342622,negative
FB0005929,TK0012855,R001524,2,2026-04-10 13:25:06.508724402,negative
FB0005930,TK0012857,R005989,1,2026-02-25 23:21:48.209926109,negative
FB0005931,TK0012861,R010395,2,2026-02-23 00:20:03.956641922,negative
FB0005932,TK0012862,R013894,2,2026-01-28 23:37:42.562538141,negative
FB0005933,TK0012863,R004309,2,2026-05-17 20:21:48.573323301,negative
FB0005934,TK0012865,R017410,1,2026-04-14 10:10:23.666640947,negative
FB0005935,TK0012866,R022205,2,2026-05-25 18:14:30.638488339,negative
FB0005936,TK0012869,R018493,2,2026-01-19 11:52:43.268412504,negative
FB0005937,TK0012870,R023250,2,2026-07-03 08:30:30.745646124,negative
FB0005938,TK0012871,R017439,2,2026-07-03 06:02:34.340870232,negative
FB0005939,TK0012873,R008332,2,2026-03-10 23:21:36.914083699,negative
FB0005940,TK0012877,R010410,2,2026-01-30 10:56:13.875177598,negative
FB0005941,TK0012881,R004546,2,2026-01-24 03:38:04.231950816,negative
FB0005942,TK0012882,R013198,2,2026-05-26 22:44:45.433360105,negative
FB0005943,TK0012883,R024670,2,2026-03-03 13:21:14.005090284,negative
FB0005944,TK0012884,R018134,3,2026-01-12 12:08:01.186617044,neutral
FB0005945,TK0012888,R024126,2,2026-05-05 20:31:14.710305624,negative
FB0005946,TK0012889,R000231,2,2026-07-04 08:58:45.897980846,negative
FB0005947,TK0012890,R000211,1,2026-04-03 16:13:40.115188024,negative
FB0005948,TK0012895,R013035,3,2026-01-13 10:26:48.395505560,neutral
FB0005949,TK0012899,R006711,2,2026-06-23 10:04:24.230102377,negative
FB0005950,TK0012902,R020024,2,2026-04-23 06:49:10.542899714,negative
FB0005951,TK0012904,R015291,2,2026-04-08 05:32:34.597441712,negative
FB0005952,TK0012906,R017366,1,2026-04-20 06:15:44.421811561,negative
FB0005953,TK0012908,R017078,2,2026-06-10 07:52:38.886900371,negative
FB0005954,TK0012910,R010891,3,2026-06-02 00:26:15.968896115,neutral
FB0005955,TK0012911,R001427,1,2026-05-30 21:12:46.528563500,negative
FB0005956,TK0012912,R004419,2,2026-04-18 07:45:18.605031364,negative
FB0005957,TK0012915,R001843,3,2026-03-25 02:08:55.420652932,neutral
FB0005958,TK0012916,R006184,2,2026-04-18 14:55:57.100214029,negative
FB0005959,TK0012917,R003893,1,2026-05-17 08:31:12.725182004,negative
FB0005960,TK0012918,R006289,2,2026-05-16 16:09:11.873663819,negative
FB0005961,TK0012919,R025000,2,2026-04-28 20:54:25.967902833,negative
FB0005962,TK0012920,R013251,2,2026-01-15 00:37:00.616319575,negative
FB0005963,TK0012923,R023262,1,2026-06-24 20:32:49.508387209,negative
FB0005964,TK0012926,R016790,2,2026-01-08 14:08:39.398487608,negative
FB0005965,TK0012927,R016395,2,2026-03-08 08:38:30.416288960,negative
FB0005966,TK0012928,R008809,3,2026-03-12 19:33:16.415603860,neutral
FB0005967,TK0012930,R022030,2,2026-06-26 05:54:47.251081684,negative
FB0005968,TK0012935,R002098,1,2026-01-18 09:18:30.277223058,negative
FB0005969,TK0012943,R014111,3,2026-04-26 05:25:09.004301759,neutral
FB0005970,TK0012945,R019483,3,2026-01-06 14:36:43.905315174,neutral
FB0005971,TK0012948,R012669,1,2026-04-01 05:17:45.551024526,negative
FB0005972,TK0012950,R011351,4,2026-05-19 21:07:31.377997510,positive
FB0005973,TK0012952,R007961,2,2026-02-13 20:58:37.555370218,negative
FB0005974,TK0012953,R018709,3,2026-01-22 20:00:37.645274664,neutral
FB0005975,TK0012958,R020673,3,2026-04-09 18:28:25.006731919,neutral
FB0005976,TK0012961,R005676,2,2026-06-05 00:59:28.556757291,negative
FB0005977,TK0012962,R019618,1,2026-02-03 11:24:10.223616942,negative
FB0005978,TK0012965,R023678,1,2026-01-06 17:13:20.854238363,negative
FB0005979,TK0012968,R022357,1,2026-05-01 09:33:06.029064494,negative
FB0005980,TK0012969,R005488,2,2026-05-10 17:25:07.041289479,negative
FB0005981,TK0012971,R020112,2,2026-05-18 12:47:48.850378775,negative
FB0005982,TK0012973,R019927,2,2026-04-01 22:11:20.578435543,negative
FB0005983,TK0012976,R001150,1,2026-05-03 21:53:48.054017399,negative
FB0005984,TK0012977,R013272,2,2026-02-19 18:25:18.631391755,negative
FB0005985,TK0012980,R004138,2,2026-02-08 00:33:26.008125600,negative
FB0005986,TK0012982,R020392,2,2026-02-12 07:32:06.540480306,negative
FB0005987,TK0012986,R010603,3,2026-04-27 20:37:17.781097393,neutral
FB0005988,TK0012988,R003671,3,2026-06-23 09:35:20.363097192,neutral
FB0005989,TK0012989,R001454,4,2026-01-19 19:00:18.981295846,positive
FB0005990,TK0012991,R012379,2,2026-01-25 17:47:40.215064640,negative
FB0005991,TK0012992,R004241,1,2026-05-11 03:38:56.159729743,negative
FB0005992,TK0012993,R013796,3,2026-04-08 09:02:09.993878530,neutral
FB0005993,TK0012995,R004883,1,2026-06-17 16:21:00.240739691,negative
FB0005994,TK0012997,R020996,2,2026-05-12 03:10:22.511797146,negative
FB0005995,TK0012999,R005251,2,2026-06-08 21:08:45.426139813,negative
FB0005996,TK0013000,R010367,2,2026-05-27 04:58:11.806877804,negative
FB0005997,TK0013001,R022395,3,2026-07-03 15:20:57.393730274,neutral
FB0005998,TK0013002,R019274,1,2026-01-30 04:09:18.350509875,negative
FB0005999,TK0013003,R004815,2,2026-03-09 09:55:25.282549620,negative
FB0006000,TK0013004,R001146,2,2026-05-23 09:59:50.583884973,negative
FB0006001,TK0013005,R022645,2,2026-05-13 21:32:34.763499762,negative
FB0006002,TK0013015,R002443,3,2026-02-15 14:41:12.816772900,neutral
FB0006003,TK0013017,R006642,3,2026-03-11 16:47:11.192278793,neutral
FB0006004,TK0013019,R024943,2,2026-01-19 07:58:03.488015845,negative
FB0006005,TK0013023,R006737,3,2026-02-21 21:04:10.172449016,neutral
FB0006006,TK0013024,R001579,1,2026-03-13 17:13:31.586241130,negative
FB0006007,TK0013026,R001000,3,2026-04-23 07:40:46.783244815,neutral
FB0006008,TK0013029,R022053,1,2026-01-09 22:44:37.507087973,negative
FB0006009,TK0013030,R008791,1,2026-01-30 16:00:43.085093225,negative
FB0006010,TK0013034,R013698,2,2026-06-07 09:48:15.835757088,negative
FB0006011,TK0013035,R021427,1,2026-04-17 18:37:54.515234469,negative
FB0006012,TK0013036,R012153,3,2026-01-20 17:06:14.187504270,neutral
FB0006013,TK0013038,R006026,2,2026-01-15 16:10:52.226974004,negative
FB0006014,TK0013039,R022462,3,2026-02-17 17:39:17.967202242,neutral
FB0006015,TK0013041,R009454,2,2026-05-22 20:42:14.363432988,negative
FB0006016,TK0013042,R001551,3,2026-02-02 00:03:25.986944726,neutral
FB0006017,TK0013045,R014788,2,2026-04-18 02:30:54.687479494,negative
FB0006018,TK0013048,R017554,3,2026-05-27 22:06:58.800800069,neutral
FB0006019,TK0013049,R012597,2,2026-06-19 03:27:30.033806668,negative
FB0006020,TK0013051,R000053,1,2026-01-18 07:23:07.306070803,negative
FB0006021,TK0013057,R013781,1,2026-06-20 16:19:46.917612059,negative
FB0006022,TK0013061,R001304,1,2026-01-20 17:24:19.256208969,negative
FB0006023,TK0013064,R013940,1,2026-04-01 18:09:17.554574973,negative
FB0006024,TK0013065,R007501,2,2026-05-23 18:21:40.985217225,negative
FB0006025,TK0013067,R013271,1,2026-04-12 00:05:31.879329441,negative
FB0006026,TK0013068,R018654,3,2026-03-10 04:57:27.933906309,neutral
FB0006027,TK0013069,R002419,1,2026-01-26 00:13:24.319063419,negative
FB0006028,TK0013070,R017113,3,2026-06-02 05:26:44.232741296,neutral
FB0006029,TK0013074,R011122,2,2026-01-18 18:58:40.348178654,negative
FB0006030,TK0013080,R010477,2,2026-03-23 23:03:44.765496665,negative
FB0006031,TK0013085,R007648,2,2026-04-20 18:21:09.592291406,negative
FB0006032,TK0013086,R000598,2,2026-05-16 00:02:04.496076927,negative
FB0006033,TK0013087,R016610,2,2026-05-08 06:38:46.688242752,negative
FB0006034,TK0013090,R011766,1,2026-03-05 05:19:45.103937993,negative
FB0006035,TK0013097,R012374,2,2026-05-18 21:48:52.595940073,negative
FB0006036,TK0013101,R005386,2,2026-02-02 13:43:49.910081888,negative
FB0006037,TK0013104,R001162,1,2026-02-05 16:47:36.681124092,negative
FB0006038,TK0013106,R016897,3,2026-03-16 03:00:59.513667880,neutral
FB0006039,TK0013110,R003962,2,2026-02-14 08:03:57.206797398,negative
FB0006040,TK0013111,R010262,1,2026-03-21 08:01:52.495052138,negative
FB0006041,TK0013115,R020980,1,2026-06-28 00:32:22.078927885,negative
FB0006042,TK0013118,R007215,2,2026-05-11 20:33:25.042387571,negative
FB0006043,TK0013119,R009424,2,2026-06-02 08:50:04.520034617,negative
FB0006044,TK0013120,R013013,3,2026-07-05 11:38:32.403393411,neutral
FB0006045,TK0013122,R005099,1,2026-03-20 05:17:45.617172317,negative
FB0006046,TK0013124,R010496,2,2026-01-21 18:35:09.907319465,negative
FB0006047,TK0013125,R003083,2,2026-02-10 22:28:52.149649774,negative
FB0006048,TK0013130,R015396,2,2026-05-11 17:31:32.579556555,negative
FB0006049,TK0013137,R020718,1,2026-04-20 12:53:33.737976940,negative
FB0006050,TK0013139,R012880,2,2026-06-13 07:44:16.281555910,negative
FB0006051,TK0013141,R016613,2,2026-01-12 15:58:31.045451143,negative
FB0006052,TK0013143,R011159,2,2026-06-27 19:52:28.372455132,negative
FB0006053,TK0013145,R006375,2,2026-04-24 18:03:47.681854317,negative
FB0006054,TK0013147,R005818,1,2026-04-20 06:33:56.358516602,negative
FB0006055,TK0013148,R007818,3,2026-03-22 12:54:56.740705326,neutral
FB0006056,TK0013149,R010868,3,2026-01-23 10:22:26.506867595,neutral
FB0006057,TK0013150,R005785,3,2026-07-01 16:01:07.831638882,neutral
FB0006058,TK0013151,R003405,2,2026-06-04 23:29:23.235917156,negative
FB0006059,TK0013152,R011039,1,2026-01-31 23:14:14.306716951,negative
FB0006060,TK0013154,R004558,1,2026-06-04 12:30:27.153978712,negative
FB0006061,TK0013155,R001374,1,2026-03-08 15:27:13.716027185,negative
FB0006062,TK0013157,R018030,3,2026-04-19 06:14:26.112671061,neutral
FB0006063,TK0013158,R001640,2,2026-02-05 14:00:32.285216716,negative
FB0006064,TK0013159,R008693,2,2026-01-28 09:41:04.798863304,negative
FB0006065,TK0013160,R016251,2,2026-04-19 20:09:22.997170154,negative
FB0006066,TK0013161,R013325,1,2026-01-24 16:29:36.113901116,negative
FB0006067,TK0013162,R016079,3,2026-06-06 06:04:16.516218971,neutral
FB0006068,TK0013166,R019129,1,2026-06-10 20:30:49.650751484,negative
FB0006069,TK0013167,R024945,1,2026-01-22 12:25:23.724898634,negative
FB0006070,TK0013170,R010897,3,2026-06-01 04:06:44.989189392,neutral
FB0006071,TK0013172,R007872,1,2026-04-15 01:48:31.195308182,negative
FB0006072,TK0013173,R009441,2,2026-02-02 01:35:24.533438629,negative
FB0006073,TK0013174,R007896,3,2026-06-24 01:13:04.181283661,neutral
FB0006074,TK0013176,R006914,2,2026-04-03 11:45:52.230106288,negative
FB0006075,TK0013178,R008329,2,2026-03-18 08:44:24.174702871,negative
FB0006076,TK0013179,R009634,2,2026-05-23 12:52:07.461766832,negative
FB0006077,TK0013182,R020629,2,2026-06-25 02:42:07.522092702,negative
FB0006078,TK0013183,R024246,2,2026-05-19 16:23:37.795068507,negative
FB0006079,TK0013184,R015894,2,2026-05-19 14:09:11.383922663,negative
FB0006080,TK0013186,R001169,2,2026-06-17 11:59:13.009191824,negative
FB0006081,TK0013191,R007066,2,2026-01-24 06:35:35.391328987,negative
FB0006082,TK0013197,R005231,2,2026-05-15 11:56:19.196010157,negative
FB0006083,TK0013198,R004721,1,2026-06-04 06:58:44.881609949,negative
FB0006084,TK0013201,R002034,2,2026-04-25 19:37:10.848108776,negative
FB0006085,TK0013204,R011185,2,2026-07-04 00:33:32.388323413,negative
FB0006086,TK0013206,R022949,2,2026-01-07 05:17:20.881516355,negative
FB0006087,TK0013207,R013208,2,2026-05-31 06:46:15.903941193,negative
FB0006088,TK0013208,R022288,3,2026-02-12 13:27:46.531144326,neutral
FB0006089,TK0013210,R003573,2,2026-01-16 04:53:36.618686837,negative
FB0006090,TK0013212,R019138,2,2026-04-07 21:54:44.203358998,negative
FB0006091,TK0013214,R004271,3,2026-05-13 17:46:45.280184358,neutral
FB0006092,TK0013216,R003239,1,2026-04-27 09:52:28.539503204,negative
FB0006093,TK0013222,R018013,3,2026-06-10 07:33:49.799738465,neutral
FB0006094,TK0013224,R014821,1,2026-04-06 07:12:56.938141174,negative
FB0006095,TK0013225,R019521,2,2026-04-08 08:30:08.766152657,negative
FB0006096,TK0013231,R001458,3,2026-04-29 03:32:52.456452656,neutral
FB0006097,TK0013232,R015664,1,2026-04-11 11:38:23.571551908,negative
FB0006098,TK0013235,R016534,1,2026-02-18 04:08:10.094338436,negative
FB0006099,TK0013237,R015392,2,2026-01-11 23:56:02.977316310,negative
FB0006100,TK0013240,R008434,4,2026-01-13 19:54:59.291234250,positive
FB0006101,TK0013243,R003169,1,2026-01-08 14:45:06.441855093,negative
FB0006102,TK0013244,R017850,3,2026-06-25 15:19:15.051909334,neutral
FB0006103,TK0013246,R001929,4,2026-04-29 19:19:22.051709025,positive
FB0006104,TK0013254,R002289,2,2026-01-25 22:26:20.647503192,negative
FB0006105,TK0013256,R023473,1,2026-06-12 02:05:14.449693263,negative
FB0006106,TK0013258,R013457,3,2026-04-29 12:43:28.844688354,neutral
FB0006107,TK0013259,R000251,4,2026-05-23 13:10:25.535715323,positive
FB0006108,TK0013260,R006994,1,2026-06-11 10:26:01.497555594,negative
FB0006109,TK0013261,R001120,3,2026-06-16 18:55:49.134505887,neutral
FB0006110,TK0013264,R012722,2,2026-02-04 21:37:51.194268326,negative
FB0006111,TK0013265,R010123,3,2026-06-29 20:06:28.959159338,neutral
FB0006112,TK0013269,R004842,3,2026-01-23 23:38:10.268311268,neutral
FB0006113,TK0013270,R005958,1,2026-01-26 12:49:22.848875513,negative
FB0006114,TK0013272,R012151,3,2026-06-21 01:59:09.924965145,neutral
FB0006115,TK0013274,R020086,2,2026-01-18 04:39:58.461275022,negative
FB0006116,TK0013277,R005892,3,2026-07-01 00:52:25.781589019,neutral
FB0006117,TK0013279,R006006,2,2026-02-16 02:48:07.120731520,negative
FB0006118,TK0013282,R016066,2,2026-05-14 10:13:11.727025769,negative
FB0006119,TK0013291,R019333,2,2026-02-28 08:04:42.708394416,negative
FB0006120,TK0013292,R002338,3,2026-03-17 07:57:35.129321657,neutral
FB0006121,TK0013293,R002813,2,2026-02-25 01:40:31.474459812,negative
FB0006122,TK0013294,R011282,3,2026-02-17 20:19:03.547933965,neutral
FB0006123,TK0013295,R023486,4,2026-04-27 14:23:14.526427809,positive
FB0006124,TK0013297,R024012,4,2026-03-01 16:59:56.261945951,positive
FB0006125,TK0013301,R005279,3,2026-04-14 09:01:36.777727080,neutral
FB0006126,TK0013302,R010370,1,2026-04-16 12:37:21.111772854,negative
FB0006127,TK0013303,R008697,2,2026-06-11 14:59:34.083168466,negative
FB0006128,TK0013306,R007587,2,2026-01-13 22:20:53.064468059,negative
FB0006129,TK0013310,R019144,2,2026-04-04 14:41:43.972716217,negative
FB0006130,TK0013311,R010896,1,2026-03-31 16:36:13.893326955,negative
FB0006131,TK0013312,R007607,2,2026-04-21 18:05:40.234456284,negative
FB0006132,TK0013313,R009770,1,2026-01-20 04:01:55.503705470,negative
FB0006133,TK0013314,R024077,3,2026-07-07 10:27:14.184510292,neutral
FB0006134,TK0013318,R007921,2,2026-06-13 15:19:25.277775161,negative
FB0006135,TK0013319,R000881,3,2026-07-06 05:39:47.049622580,neutral
FB0006136,TK0013320,R012967,1,2026-03-15 09:38:37.496505251,negative
FB0006137,TK0013321,R013981,2,2026-05-05 15:31:22.093400574,negative
FB0006138,TK0013323,R022873,2,2026-01-29 00:24:28.845893404,negative
FB0006139,TK0013328,R012295,1,2026-02-23 10:08:46.255307786,negative
FB0006140,TK0013330,R007687,2,2026-05-05 20:21:15.777498595,negative
FB0006141,TK0013331,R011893,2,2026-02-25 08:56:41.666348452,negative
FB0006142,TK0013332,R011406,1,2026-03-01 00:32:48.417844696,negative
FB0006143,TK0013335,R000867,3,2026-03-01 18:09:16.827139445,neutral
FB0006144,TK0013336,R004580,3,2026-01-24 05:38:27.344938299,neutral
FB0006145,TK0013337,R022821,2,2026-07-06 02:35:23.951725322,negative
FB0006146,TK0013338,R006143,1,2026-04-18 18:38:07.631345893,negative
FB0006147,TK0013339,R023629,3,2026-06-18 08:30:32.892442960,neutral
FB0006148,TK0013340,R024293,2,2026-01-06 06:59:09.061429229,negative
FB0006149,TK0013342,R000105,1,2026-04-02 14:55:02.936223157,negative
FB0006150,TK0013345,R007541,2,2026-02-27 16:09:27.150744547,negative
FB0006151,TK0013351,R018307,3,2026-03-08 15:13:45.876915650,neutral
FB0006152,TK0013353,R010786,1,2026-01-25 21:08:25.459473804,negative
FB0006153,TK0013355,R006445,4,2026-06-11 04:34:41.520840238,positive
FB0006154,TK0013358,R007397,2,2026-03-12 09:42:09.182154023,negative
FB0006155,TK0013360,R023193,1,2026-07-04 17:00:33.674320147,negative
FB0006156,TK0013363,R020080,2,2026-06-02 16:00:56.801992280,negative
FB0006157,TK0013364,R015204,3,2026-03-28 00:04:11.260087826,neutral
FB0006158,TK0013366,R012203,3,2026-04-04 13:18:08.065730404,neutral
FB0006159,TK0013368,R007654,2,2026-03-18 14:42:34.531329387,negative
FB0006160,TK0013370,R020002,3,2026-06-09 07:38:17.870886937,neutral
FB0006161,TK0013371,R001784,2,2026-03-24 17:29:54.278069772,negative
FB0006162,TK0013372,R010337,2,2026-05-11 19:21:18.722712705,negative
FB0006163,TK0013374,R018940,2,2026-01-18 10:50:17.062985440,negative
FB0006164,TK0013381,R018323,2,2026-06-18 02:59:52.882055479,negative
FB0006165,TK0013382,R011092,2,2026-02-19 04:25:29.024449390,negative
FB0006166,TK0013384,R019237,4,2026-04-23 08:31:10.894931655,positive
FB0006167,TK0013386,R004087,2,2026-06-27 05:53:24.322508479,negative
FB0006168,TK0013388,R007407,1,2026-06-02 07:42:32.637810644,negative
FB0006169,TK0013389,R011562,3,2026-06-23 21:54:11.779655493,neutral
FB0006170,TK0013391,R006547,2,2026-02-27 17:31:22.115166587,negative
FB0006171,TK0013392,R012999,2,2026-01-12 11:14:00.815792374,negative
FB0006172,TK0013393,R003678,2,2026-05-25 02:01:28.656212771,negative
FB0006173,TK0013395,R004849,1,2026-06-05 07:34:50.825694912,negative
FB0006174,TK0013396,R013040,2,2026-03-25 15:20:16.180592518,negative
FB0006175,TK0013398,R015347,1,2026-01-25 21:48:18.502395484,negative
FB0006176,TK0013405,R004355,1,2026-02-20 16:46:55.963336412,negative
FB0006177,TK0013406,R023566,2,2026-02-04 03:50:28.007465813,negative
FB0006178,TK0013409,R006476,3,2026-05-09 13:39:17.165429348,neutral
FB0006179,TK0013415,R017839,2,2026-03-01 01:47:15.377225416,negative
FB0006180,TK0013416,R007169,3,2026-01-19 23:30:43.707488552,neutral
FB0006181,TK0013417,R019560,1,2026-06-12 12:06:08.404842646,negative
FB0006182,TK0013418,R020486,3,2026-01-31 01:44:36.320775372,neutral
FB0006183,TK0013419,R014927,2,2026-02-08 03:25:36.247177807,negative
FB0006184,TK0013429,R018238,2,2026-04-22 00:25:21.837219382,negative
FB0006185,TK0013430,R020325,2,2026-04-04 03:44:36.473181611,negative
FB0006186,TK0013432,R019916,3,2026-03-06 12:12:30.813161863,neutral
FB0006187,TK0013436,R002855,4,2026-01-26 08:05:40.126269359,positive
FB0006188,TK0013438,R007362,2,2026-01-13 11:23:51.244450005,negative
FB0006189,TK0013440,R004466,2,2026-03-27 03:07:57.958488641,negative
FB0006190,TK0013444,R004108,2,2026-03-04 16:33:09.518537955,negative
FB0006191,TK0013445,R016728,2,2026-06-05 01:09:33.621402110,negative
FB0006192,TK0013449,R013349,2,2026-06-10 11:04:24.880495288,negative
FB0006193,TK0013450,R009131,1,2026-05-20 03:38:16.302009935,negative
FB0006194,TK0013451,R001531,2,2026-01-08 22:11:26.128832507,negative
FB0006195,TK0013458,R003675,2,2026-02-10 17:26:43.691851808,negative
FB0006196,TK0013459,R023980,2,2026-06-16 06:30:37.147715828,negative
FB0006197,TK0013461,R004551,2,2026-05-12 22:00:14.292042979,negative
FB0006198,TK0013463,R012151,2,2026-06-15 05:15:28.240499516,negative
FB0006199,TK0013464,R011071,2,2026-04-07 03:35:51.291422912,negative
FB0006200,TK0013465,R009521,2,2026-05-19 09:05:41.892920899,negative
FB0006201,TK0013466,R001203,2,2026-06-18 21:48:44.496838700,negative
FB0006202,TK0013467,R020570,1,2026-03-26 04:30:13.800926411,negative
FB0006203,TK0013468,R004287,2,2026-06-21 05:42:09.314561992,negative
FB0006204,TK0013469,R016225,3,2026-01-09 03:17:17.443640081,neutral
FB0006205,TK0013470,R003518,1,2026-02-20 00:10:05.207080556,negative
FB0006206,TK0013471,R009071,2,2026-02-02 03:57:39.869895994,negative
FB0006207,TK0013476,R004431,2,2026-05-18 15:45:49.874282057,negative
FB0006208,TK0013481,R021720,2,2026-06-18 19:46:49.391714189,negative
FB0006209,TK0013483,R017537,3,2026-06-30 18:20:06.465998788,neutral
FB0006210,TK0013484,R000710,3,2026-06-01 16:56:04.654528931,neutral
FB0006211,TK0013485,R020229,2,2026-06-12 10:54:52.369524704,negative
FB0006212,TK0013488,R016189,1,2026-03-27 14:31:43.891286226,negative
FB0006213,TK0013490,R019926,1,2026-06-16 07:50:10.440605821,negative
FB0006214,TK0013491,R000219,3,2026-03-06 17:17:53.558716703,neutral
FB0006215,TK0013494,R009860,2,2026-03-17 22:57:00.747872709,negative
FB0006216,TK0013495,R009791,1,2026-04-01 15:06:21.852781849,negative
FB0006217,TK0013497,R017493,1,2026-03-29 13:55:56.284650296,negative
FB0006218,TK0013498,R021373,2,2026-05-03 08:13:13.172524809,negative
FB0006219,TK0013501,R007214,4,2026-04-29 02:35:10.507007730,positive
FB0006220,TK0013502,R005411,1,2026-06-04 19:54:50.993050156,negative
FB0006221,TK0013504,R005192,1,2026-06-08 01:43:25.877526489,negative
FB0006222,TK0013505,R009488,1,2026-04-11 06:17:52.989366523,negative
FB0006223,TK0013507,R011706,1,2026-06-05 08:36:04.745671782,negative
FB0006224,TK0013510,R017881,1,2026-04-08 11:03:36.801167840,negative
FB0006225,TK0013511,R024660,2,2026-03-27 12:59:23.560108219,negative
FB0006226,TK0013512,R012407,2,2026-05-06 05:01:44.855009416,negative
FB0006227,TK0013513,R019563,2,2026-05-30 23:59:11.699823375,negative
FB0006228,TK0013517,R005541,3,2026-01-16 16:40:34.368965122,neutral
FB0006229,TK0013519,R000747,2,2026-01-29 09:09:17.792461115,negative
FB0006230,TK0013520,R005382,2,2026-03-03 07:00:58.293572379,negative
FB0006231,TK0013526,R015025,3,2026-03-23 05:22:03.516549930,neutral
FB0006232,TK0013527,R013467,2,2026-01-20 14:13:58.744663153,negative
FB0006233,TK0013529,R024090,2,2026-06-08 13:30:10.662444013,negative
FB0006234,TK0013530,R012277,2,2026-05-03 23:27:35.885201628,negative
FB0006235,TK0013534,R008882,1,2026-05-20 01:35:16.217022622,negative
FB0006236,TK0013536,R015489,1,2026-06-22 07:31:57.908015547,negative
FB0006237,TK0013537,R007703,3,2026-02-14 11:46:21.787226781,neutral
FB0006238,TK0013538,R014377,2,2026-04-24 19:08:53.304070112,negative
FB0006239,TK0013544,R022378,1,2026-03-25 00:23:08.243356862,negative
FB0006240,TK0013546,R009982,1,2026-03-02 10:01:48.315381681,negative
FB0006241,TK0013549,R008650,3,2026-03-29 05:44:20.608978045,neutral
FB0006242,TK0013552,R023965,1,2026-02-11 02:24:23.786804317,negative
FB0006243,TK0013556,R020730,4,2026-01-08 20:56:13.347651986,positive
FB0006244,TK0013559,R018627,1,2026-04-19 16:17:51.466497112,negative
FB0006245,TK0013562,R015134,2,2026-06-11 14:21:20.571676215,negative
FB0006246,TK0013565,R010165,2,2026-01-17 09:03:13.995183671,negative
FB0006247,TK0013566,R011184,1,2026-06-14 01:18:35.662500996,negative
FB0006248,TK0013568,R017440,3,2026-01-31 12:00:55.072589783,neutral
FB0006249,TK0013571,R002421,2,2026-04-09 16:34:14.262088769,negative
FB0006250,TK0013572,R012235,2,2026-04-15 18:32:38.748698214,negative
FB0006251,TK0013573,R004408,1,2026-01-07 17:51:18.606121850,negative
FB0006252,TK0013574,R012124,2,2026-04-25 23:44:01.631190468,negative
FB0006253,TK0013575,R013789,1,2026-04-10 21:56:56.755826082,negative
FB0006254,TK0013576,R003240,3,2026-04-26 01:16:24.887292009,neutral
FB0006255,TK0013578,R019979,2,2026-01-08 04:09:53.342890817,negative
FB0006256,TK0013579,R014375,3,2026-04-04 18:45:03.488040850,neutral
FB0006257,TK0013586,R024644,2,2026-03-09 01:50:47.768146148,negative
FB0006258,TK0013587,R017652,1,2026-02-01 22:03:59.286295213,negative
FB0006259,TK0013588,R010154,3,2026-03-02 07:11:12.325863048,neutral
FB0006260,TK0013589,R023646,1,2026-02-02 12:32:56.129568971,negative
FB0006261,TK0013591,R021913,2,2026-07-08 08:16:04.815150272,negative
FB0006262,TK0013595,R007373,2,2026-05-16 05:17:32.757940505,negative
FB0006263,TK0013598,R020496,4,2026-03-05 06:12:22.697261018,positive
FB0006264,TK0013602,R023730,1,2026-07-03 10:21:29.226345900,negative
FB0006265,TK0013603,R014750,2,2026-03-12 05:27:50.060632831,negative
FB0006266,TK0013604,R022858,3,2026-02-13 02:10:05.411975218,neutral
FB0006267,TK0013606,R006194,1,2026-06-07 00:12:13.271578282,negative
FB0006268,TK0013612,R014254,2,2026-06-03 17:43:20.695996576,negative
FB0006269,TK0013614,R014988,4,2026-06-17 08:03:20.213720064,positive
FB0006270,TK0013616,R000357,2,2026-04-25 07:28:19.909071674,negative
FB0006271,TK0013621,R005874,3,2026-03-02 15:45:12.518593071,neutral
FB0006272,TK0013623,R022206,1,2026-05-01 16:15:36.631185305,negative
FB0006273,TK0013624,R005165,2,2026-02-13 00:57:33.609544594,negative
FB0006274,TK0013627,R022011,2,2026-02-04 01:58:03.480481149,negative
FB0006275,TK0013628,R011951,1,2026-03-11 11:57:35.396198402,negative
FB0006276,TK0013629,R000445,1,2026-05-02 08:52:08.169119823,negative
FB0006277,TK0013630,R012959,1,2026-03-31 15:38:40.005709179,negative
FB0006278,TK0013632,R007433,3,2026-04-13 16:59:22.294418068,neutral
FB0006279,TK0013633,R003144,3,2026-05-17 15:09:48.776081126,neutral
FB0006280,TK0013639,R022260,2,2026-06-28 11:19:26.971227671,negative
FB0006281,TK0013644,R007785,2,2026-06-21 05:12:44.948609750,negative
FB0006282,TK0013645,R007682,2,2026-01-27 20:29:23.320182077,negative
FB0006283,TK0013647,R003016,2,2026-01-23 04:41:15.482029131,negative
FB0006284,TK0013649,R010723,2,2026-05-26 15:37:07.853306495,negative
FB0006285,TK0013651,R011228,3,2026-03-11 22:13:54.841152670,neutral
FB0006286,TK0013653,R001789,3,2026-03-09 04:37:59.199399398,neutral
FB0006287,TK0013655,R013695,1,2026-03-29 03:50:56.758905395,negative
FB0006288,TK0013657,R008472,6,2026-04-04 15:35:25.534703143,negative
FB0006289,TK0013662,R019886,2,2026-01-23 17:15:23.444680839,negative
FB0006290,TK0013668,R016434,2,2026-03-01 05:35:55.857580648,negative
FB0006291,TK0013672,R024113,3,2026-06-06 08:15:47.723211086,neutral
FB0006292,TK0013674,R020192,2,2026-05-22 11:08:28.309409594,negative
FB0006293,TK0013677,R006973,2,2026-05-17 23:14:27.669292397,negative
FB0006294,TK0013680,R023706,2,2026-02-23 18:04:12.672659736,negative
FB0006295,TK0013682,R013962,2,2026-06-18 03:26:35.341589693,negative
FB0006296,TK0013684,R019829,3,2026-06-30 20:35:35.113933960,neutral
FB0006297,TK0013685,R016506,2,2026-04-30 23:17:32.286442793,negative
FB0006298,TK0013688,R004542,3,2026-05-17 08:51:15.646384290,neutral
FB0006299,TK0013690,R001775,2,2026-02-19 00:27:30.141258375,negative
FB0006300,TK0013693,R009542,2,2026-03-21 07:42:22.540339891,negative
FB0006301,TK0013694,R005500,2,2026-05-09 04:22:06.282607298,negative
FB0006302,TK0013696,R008571,4,2026-01-27 12:22:56.876572529,positive
FB0006303,TK0013697,R004123,3,2026-01-16 11:15:49.082774272,neutral
FB0006304,TK0013698,R002247,2,2026-04-03 23:46:08.338779920,negative
FB0006305,TK0013700,R023268,1,2026-07-07 07:42:02.251666006,negative
FB0006306,TK0013701,R002226,3,2026-05-08 08:26:01.561821222,neutral
FB0006307,TK0013702,R016164,2,2026-05-04 09:26:36.341687478,negative
FB0006308,TK0013703,R010345,2,2026-02-14 23:18:46.064170463,negative
FB0006309,TK0013705,R006899,3,2026-06-28 03:22:25.076959576,neutral
FB0006310,TK0013706,R011004,2,2026-06-25 00:29:16.560083993,negative
FB0006311,TK0013707,R008893,2,2026-07-02 09:39:48.965637954,negative
FB0006312,TK0013708,R002023,2,2026-01-20 03:00:00.027207931,negative
FB0006313,TK0013710,R016636,3,2026-05-23 10:16:28.490715883,neutral
FB0006314,TK0013711,R002569,2,2026-02-07 20:23:57.338947220,negative
FB0006315,TK0013713,R020807,3,2026-03-18 15:06:44.829616139,neutral
FB0006316,TK0013715,R001350,3,2026-06-30 19:05:46.482537502,neutral
FB0006317,TK0013717,R021036,2,2026-02-18 23:31:28.971739635,negative
FB0006318,TK0013719,R011188,2,2026-06-24 08:15:14.954233524,negative
FB0006319,TK0013722,R003605,3,2026-01-23 22:10:12.802794945,neutral
FB0006320,TK0013723,R023718,1,2026-03-27 06:01:33.012336981,negative
FB0006321,TK0013725,R003526,2,2026-05-31 11:07:44.119388801,negative
FB0006322,TK0013726,R014438,2,2026-05-16 20:46:37.339128827,negative
FB0006323,TK0013729,R013234,3,2026-05-24 17:59:40.662062149,neutral
FB0006324,TK0013730,R007347,2,2026-02-13 18:04:20.221152022,negative
FB0006325,TK0013731,R022789,2,2026-02-23 16:40:47.157748392,negative
FB0006326,TK0013732,R004038,2,2026-06-20 01:15:11.825619328,negative
FB0006327,TK0013735,R021948,2,2026-02-02 18:04:17.188355086,negative
FB0006328,TK0013745,R006850,2,2026-01-28 11:11:31.320936033,negative
FB0006329,TK0013753,R008066,3,2026-01-05 17:26:39.537514221,neutral
FB0006330,TK0013758,R000455,3,2026-05-12 12:11:31.607922928,neutral
FB0006331,TK0013765,R019891,1,2026-06-27 05:55:35.139589309,negative
FB0006332,TK0013766,R019082,4,2026-03-25 22:21:45.569378894,positive
FB0006333,TK0013768,R009096,1,2026-06-30 11:57:17.954023669,negative
FB0006334,TK0013769,R019136,3,2026-05-16 15:02:02.953562516,neutral
FB0006335,TK0013770,R017944,2,2026-06-27 01:18:32.270320098,negative
FB0006336,TK0013774,R022701,1,2026-03-27 21:33:51.482082677,negative
FB0006337,TK0013775,R000733,2,2026-06-29 01:43:21.251006918,negative
FB0006338,TK0013777,R018943,3,2026-06-27 10:01:01.930670424,neutral
FB0006339,TK0013778,R021593,2,2026-05-03 18:02:36.699947379,negative
FB0006340,TK0013779,R010795,2,2026-03-22 02:03:11.928710359,negative
FB0006341,TK0013781,R024069,2,2026-01-06 04:21:17.616357840,negative
FB0006342,TK0013785,R014382,2,2026-01-11 11:01:12.403111243,negative
FB0006343,TK0013787,R018643,4,2026-05-15 20:04:19.759517085,positive
FB0006344,TK0013788,R001204,1,2026-05-01 05:59:11.722659799,negative
FB0006345,TK0013794,R000752,3,2026-03-05 01:40:46.219976770,neutral
FB0006346,TK0013797,R005613,2,2026-05-24 14:19:21.975013337,negative
FB0006347,TK0013799,R013078,3,2026-02-02 14:25:48.212233478,neutral
FB0006348,TK0013800,R003974,3,2026-01-23 13:00:52.483506973,neutral
FB0006349,TK0013803,R022769,3,2026-05-13 20:14:51.081128623,neutral
FB0006350,TK0013805,R001233,2,2026-05-19 21:24:57.385821962,negative
FB0006351,TK0013807,R012326,2,2026-05-18 01:09:11.788509163,negative
FB0006352,TK0013809,R010851,1,2026-03-28 09:24:57.694224630,negative
FB0006353,TK0013810,R010928,2,2026-03-06 17:17:02.993477754,negative
FB0006354,TK0013812,R019792,2,2026-05-25 13:14:51.436926823,negative
FB0006355,TK0013813,R023083,2,2026-06-11 04:38:33.659445022,negative
FB0006356,TK0013814,R002968,3,2026-04-05 16:07:08.156219054,neutral
FB0006357,TK0013816,R002305,1,2026-04-29 12:07:16.218033324,negative
FB0006358,TK0013818,R019828,2,2026-02-26 04:03:25.104464855,negative
FB0006359,TK0013821,R009219,2,2026-05-06 08:23:02.286051878,negative
FB0006360,TK0013822,R016318,3,2026-03-30 10:58:22.543074819,neutral
FB0006361,TK0013823,R003835,1,2026-04-12 01:56:45.002978061,negative
FB0006362,TK0013824,R024129,4,2026-03-10 18:45:49.255187490,positive
FB0006363,TK0013825,R012640,2,2026-07-01 22:12:52.396289777,negative
FB0006364,TK0013829,R012444,1,2026-06-01 19:30:19.637614988,negative
FB0006365,TK0013831,R018168,2,2026-06-23 23:31:21.631491254,negative
FB0006366,TK0013835,R023696,2,2026-02-27 02:43:47.048114014,negative
FB0006367,TK0013836,R021026,2,2026-02-20 09:29:51.431988885,negative
FB0006368,TK0013840,R023945,2,2026-02-28 20:02:05.860294975,negative
FB0006369,TK0013842,R023337,3,2026-06-30 20:40:01.617197061,neutral
FB0006370,TK0013846,R019363,2,2026-03-22 02:11:54.269978015,negative
FB0006371,TK0013847,R004967,1,2026-06-14 04:39:19.160827620,negative
FB0006372,TK0013848,R018455,2,2026-04-09 01:36:56.090694404,negative
FB0006373,TK0013850,R007202,1,2026-06-13 19:19:35.456938393,negative
FB0006374,TK0013852,R018133,2,2026-05-21 07:37:48.620730266,negative
FB0006375,TK0013853,R007419,4,2026-05-08 11:34:37.584141448,positive
FB0006376,TK0013855,R023168,2,2026-02-05 11:08:07.618200668,negative
FB0006377,TK0013856,R017337,2,2026-03-23 02:44:18.707906553,negative
FB0006378,TK0013857,R024047,2,2026-05-02 08:01:19.179127921,negative
FB0006379,TK0013858,R004146,2,2026-05-28 17:12:18.907488351,negative
FB0006380,TK0013859,R021105,3,2026-06-29 01:35:23.912418192,neutral
FB0006381,TK0013862,R017474,2,2026-02-12 11:50:36.408644983,negative
FB0006382,TK0013865,R024866,3,2026-04-18 00:42:26.606337842,neutral
FB0006383,TK0013869,R009797,3,2026-05-18 23:58:53.371200982,neutral
FB0006384,TK0013870,R003112,3,2026-01-19 22:50:58.961816852,neutral
FB0006385,TK0013871,R010115,1,2026-06-25 23:31:00.229816487,negative
FB0006386,TK0013873,R010717,1,2026-01-24 17:15:30.487895477,negative
FB0006387,TK0013875,R007490,1,2026-02-10 06:23:00.734114954,negative
FB0006388,TK0013877,R005244,2,2026-01-20 08:19:48.135576261,negative
FB0006389,TK0013879,R010016,1,2026-06-08 15:42:42.501079132,negative
FB0006390,TK0013880,R002505,2,2026-03-01 18:47:27.440017863,negative
FB0006391,TK0013881,R002629,2,2026-02-09 16:27:42.737019884,negative
FB0006392,TK0013883,R002161,1,2026-06-30 18:07:36.257945177,negative
FB0006393,TK0013884,R004249,1,2026-07-01 14:38:58.638311072,negative
FB0006394,TK0013887,R013328,1,2026-02-25 01:05:22.426898248,negative
FB0006395,TK0013888,R013435,2,2026-02-22 07:44:28.153266121,negative
FB0006396,TK0013889,R016251,2,2026-04-20 03:49:26.501411670,negative
FB0006397,TK0013892,R005467,3,2026-04-19 10:35:57.684469358,neutral
FB0006398,TK0013899,R020914,1,2026-06-20 10:55:20.260921552,negative
FB0006399,TK0013900,R009133,1,2026-01-30 16:57:46.394134112,negative
FB0006400,TK0013903,R011375,2,2026-01-25 22:51:14.499867864,negative
FB0006401,TK0013904,R019953,2,2026-01-24 23:58:44.478532968,negative
FB0006402,TK0013908,R008039,1,2026-05-15 18:52:06.831076122,negative
FB0006403,TK0013909,R001049,3,2026-04-05 17:04:14.429641759,neutral
FB0006404,TK0013910,R021655,2,2026-02-05 18:14:05.867207689,negative
FB0006405,TK0013911,R001266,2,2026-05-20 06:45:35.164654177,negative
FB0006406,TK0013915,R013511,1,2026-05-22 03:49:38.309562118,negative
FB0006407,TK0013916,R019457,3,2026-01-11 19:10:51.190936438,neutral
FB0006408,TK0013917,R018091,1,2026-03-07 03:57:01.504683699,negative
FB0006409,TK0013921,R020444,3,2026-04-13 10:16:00.072355733,neutral
FB0006410,TK0013923,R002512,1,2026-06-05 05:50:55.483766994,negative
FB0006411,TK0013925,R007286,2,2026-03-13 07:57:48.275201719,negative
FB0006412,TK0013928,R006697,3,2026-01-31 12:59:42.526497058,neutral
FB0006413,TK0013929,R001276,1,2026-01-16 22:26:09.421106057,negative
FB0006414,TK0013931,R020832,1,2026-01-27 23:16:05.353999634,negative
FB0006415,TK0013934,R005607,2,2026-05-08 00:24:00.737348882,negative
FB0006416,TK0013935,R003146,1,2026-05-08 02:58:41.713277819,negative
FB0006417,TK0013936,R019383,2,2026-06-11 06:51:17.740612769,negative
FB0006418,TK0013937,R022112,3,2026-04-10 04:53:39.808039494,neutral
FB0006419,TK0013940,R024104,3,2026-02-03 05:58:06.428108713,neutral
FB0006420,TK0013943,R006357,2,2026-06-27 05:56:30.186703896,negative
FB0006421,TK0013944,R022541,4,2026-03-27 05:34:23.564726237,positive
FB0006422,TK0013945,R002749,3,2026-02-13 09:16:25.391089619,neutral
FB0006423,TK0013953,R009048,2,2026-01-31 21:57:15.747551366,negative
FB0006424,TK0013954,R007561,2,2026-03-07 23:41:39.158087788,negative
FB0006425,TK0013956,R020930,3,2026-03-25 16:26:37.406640845,neutral
FB0006426,TK0013957,R020541,1,2026-02-20 11:46:59.321095289,negative
FB0006427,TK0013964,R001257,2,2026-01-17 22:40:06.577678142,negative
FB0006428,TK0013966,R003638,1,2026-03-12 09:58:26.330015740,negative
FB0006429,TK0013967,R001576,3,2026-06-20 15:57:13.988586800,neutral
FB0006430,TK0013970,R001689,3,2026-02-13 20:49:53.357736649,neutral
FB0006431,TK0013971,R003887,1,2026-03-03 10:33:53.731623301,negative
FB0006432,TK0013972,R006619,3,2026-03-03 19:25:53.042065619,neutral
FB0006433,TK0013974,R004939,1,2026-04-09 08:28:13.413059982,negative
FB0006434,TK0013975,R002593,2,2026-04-16 20:20:10.165565506,negative
FB0006435,TK0013978,R006369,1,2026-06-15 03:38:10.165931609,negative
FB0006436,TK0013982,R015033,2,2026-03-01 03:46:17.690788804,negative
FB0006437,TK0013983,R023842,3,2026-04-21 10:09:27.137226833,neutral
FB0006438,TK0013986,R017925,2,2026-01-11 22:11:01.739962267,negative
FB0006439,TK0013988,R004742,2,2026-04-28 03:34:53.302835395,negative
FB0006440,TK0013990,R007421,1,2026-05-20 08:58:11.722415836,negative
FB0006441,TK0013994,R019221,1,2026-04-19 08:05:08.472463874,negative
FB0006442,TK0013997,R003791,2,2026-03-23 10:42:37.382038641,negative
FB0006443,TK0014003,R000982,3,2026-01-26 00:52:50.290676153,neutral
FB0006444,TK0014004,R012517,2,2026-06-06 00:38:06.321025689,negative
FB0006445,TK0014005,R012302,1,2026-04-22 21:24:21.636984316,negative
FB0006446,TK0014006,R020814,2,2026-03-28 23:40:53.626270221,negative
FB0006447,TK0014007,R010722,2,2026-03-05 22:01:05.867219933,negative
FB0006448,TK0014009,R009313,2,2026-06-27 13:31:36.824829107,negative
FB0006449,TK0014012,R014202,3,2026-04-29 18:49:06.759721842,neutral
FB0006450,TK0014013,R018107,2,2026-03-22 10:56:51.334040598,negative
FB0006451,TK0014014,R008481,2,2026-06-17 07:16:06.117918811,negative
FB0006452,TK0014015,R022863,3,2026-02-20 22:00:11.075489204,neutral
FB0006453,TK0014017,R001692,2,2026-06-26 00:43:40.477756320,negative
FB0006454,TK0014018,R000759,2,2026-04-12 01:22:42.580216821,negative
FB0006455,TK0014019,R021946,2,2026-06-14 07:04:16.118818035,negative
FB0006456,TK0014020,R010883,2,2026-06-30 00:05:57.675308199,negative
FB0006457,TK0014021,R013928,2,2026-01-13 22:23:56.074172635,negative
FB0006458,TK0014024,R003111,2,2026-03-12 20:06:09.684418038,negative
FB0006459,TK0014025,R022784,1,2026-06-26 19:23:55.876754719,negative
FB0006460,TK0014028,R013430,3,2026-03-25 23:09:09.378766972,neutral
FB0006461,TK0014029,R005394,1,2026-05-16 17:39:05.803934851,negative
FB0006462,TK0014030,R023725,2,2026-03-01 17:59:46.784453389,negative
FB0006463,TK0014031,R008003,2,2026-05-08 21:16:41.952180605,negative
FB0006464,TK0014032,R001898,2,2026-05-03 08:44:59.594277312,negative
FB0006465,TK0014034,R010230,1,2026-01-14 07:09:47.626681888,negative
FB0006466,TK0014035,R023361,3,2026-05-10 08:03:55.770148847,neutral
FB0006467,TK0014036,R000987,2,2026-02-26 12:04:22.482278665,negative
FB0006468,TK0014037,R003050,1,2026-02-05 12:07:30.933262614,negative
FB0006469,TK0014038,R006510,3,2026-03-10 21:58:09.127293638,neutral
FB0006470,TK0014040,R006584,2,2026-02-08 12:59:31.520526285,negative
FB0006471,TK0014041,R008895,1,2026-02-26 18:02:41.259927368,negative
FB0006472,TK0014043,R015942,1,2026-04-27 08:42:37.803899710,negative
FB0006473,TK0014044,R009762,2,2026-03-03 08:32:29.681299293,negative
FB0006474,TK0014046,R017791,2,2026-05-25 11:58:12.798189268,negative
FB0006475,TK0014049,R003935,2,2026-06-28 18:06:00.217902231,negative
FB0006476,TK0014051,R006439,1,2026-06-04 06:29:11.434067429,negative
FB0006477,TK0014052,R000574,3,2026-02-22 07:17:05.795283893,neutral
FB0006478,TK0014056,R015935,2,2026-01-12 14:17:23.114655723,negative
FB0006479,TK0014057,R007516,2,2026-04-30 09:36:07.633093511,negative
FB0006480,TK0014059,R011322,2,2026-04-09 19:02:29.808928782,negative
FB0006481,TK0014060,R002102,3,2026-06-01 03:00:06.050793780,neutral
FB0006482,TK0014062,R006003,1,2026-02-23 06:08:42.444518369,negative
FB0006483,TK0014066,R017953,2,2026-06-29 19:24:33.220667596,negative
FB0006484,TK0014067,R018487,1,2026-05-12 16:48:46.980849064,negative
FB0006485,TK0014071,R003450,2,2026-06-11 03:37:15.652434301,negative
FB0006486,TK0014072,R021584,3,2026-02-14 03:48:22.131265617,neutral
FB0006487,TK0014074,R015932,2,2026-04-05 23:02:33.578149944,negative
FB0006488,TK0014077,R019347,1,2026-02-08 18:46:51.786351937,negative
FB0006489,TK0014084,R022760,1,2026-05-26 14:48:46.635602511,negative
FB0006490,TK0014087,R023282,2,2026-02-25 01:05:21.877734076,negative
FB0006491,TK0014091,R004945,2,2026-06-21 23:03:14.788270984,negative
FB0006492,TK0014094,R020842,2,2026-06-15 06:50:51.291927691,negative
FB0006493,TK0014096,R008312,2,2026-06-17 10:52:44.573319452,negative
FB0006494,TK0014098,R006233,2,2026-02-17 04:29:22.300770014,negative
FB0006495,TK0014102,R002985,3,2026-01-15 22:52:10.263757372,neutral
FB0006496,TK0014105,R008026,2,2026-05-12 21:53:09.858639428,negative
FB0006497,TK0014107,R019856,3,2026-03-05 06:07:26.113272007,neutral
FB0006498,TK0014111,R008529,1,2026-06-03 15:40:24.793082741,negative
FB0006499,TK0014112,R018254,3,2026-03-09 14:04:44.266064217,neutral
FB0006500,TK0014113,R006007,1,2026-06-14 21:07:48.134474018,negative
FB0006501,TK0014114,R020875,3,2026-02-01 21:03:23.350701805,neutral
FB0006502,TK0014116,R014998,4,2026-01-17 15:54:41.449183828,positive
FB0006503,TK0014117,R018800,2,2026-01-21 01:18:33.652687313,negative
FB0006504,TK0014118,R019068,2,2026-06-10 11:09:43.764083097,negative
FB0006505,TK0014119,R020352,2,2026-04-05 16:41:11.648720876,negative
FB0006506,TK0014121,R003883,2,2026-06-07 06:17:49.940081706,negative
FB0006507,TK0014129,R002012,3,2026-03-27 23:05:51.421675438,neutral
FB0006508,TK0014132,R001903,4,2026-03-09 04:05:04.946068523,positive
FB0006509,TK0014133,R018509,3,2026-04-21 16:40:53.519699619,neutral
FB0006510,TK0014136,R004941,2,2026-04-04 23:18:34.945587529,negative
FB0006511,TK0014137,R021422,2,2026-01-14 19:00:06.214199681,negative
FB0006512,TK0014145,R024556,1,2026-05-22 14:27:43.640379608,negative
FB0006513,TK0014146,R012320,1,2026-01-13 20:39:48.757443243,negative
FB0006514,TK0014148,R007115,1,2026-06-28 00:27:40.483294003,negative
FB0006515,TK0014153,R013703,2,2026-01-09 22:03:26.279702726,negative
FB0006516,TK0014154,R012662,2,2026-06-25 03:54:44.226732281,negative
FB0006517,TK0014157,R003086,3,2026-01-31 13:16:48.031532085,neutral
FB0006518,TK0014158,R004964,1,2026-01-10 16:14:23.467491482,negative
FB0006519,TK0014163,R008992,2,2026-01-26 09:33:58.993374651,negative
FB0006520,TK0014164,R011553,2,2026-01-08 20:28:22.752104468,negative
FB0006521,TK0014165,R004372,1,2026-05-09 18:46:00.976713436,negative
FB0006522,TK0014167,R006258,2,2026-03-15 02:10:34.203902838,negative
FB0006523,TK0014171,R019612,1,2026-03-03 07:13:16.210651698,negative
FB0006524,TK0014172,R019748,3,2026-07-01 16:36:16.472879330,neutral
FB0006525,TK0014173,R010168,2,2026-03-08 03:17:46.197265114,negative
FB0006526,TK0014174,R023365,1,2026-01-23 16:14:08.182923795,negative
FB0006527,TK0014179,R004905,1,2026-01-23 03:00:51.643267308,negative
FB0006528,TK0014180,R023625,2,2026-01-24 18:27:59.277346620,negative
FB0006529,TK0014187,R001791,2,2026-01-08 23:58:32.921177503,negative
FB0006530,TK0014188,R013834,2,2026-06-10 06:30:00.395703117,negative
FB0006531,TK0014189,R012419,2,2026-02-22 15:39:11.593828762,negative
FB0006532,TK0014191,R007723,3,2026-04-27 06:50:08.295031571,neutral
FB0006533,TK0014193,R024837,2,2026-01-25 08:33:57.642004497,negative
FB0006534,TK0014194,R005584,4,2026-05-30 05:15:53.185322472,positive
FB0006535,TK0014195,R012670,4,2026-06-03 00:45:36.307477301,positive
FB0006536,TK0014196,R002614,3,2026-05-23 14:26:50.731178718,neutral
FB0006537,TK0014199,R004537,2,2026-05-19 06:46:27.769033581,negative
FB0006538,TK0014201,R010132,1,2026-03-27 13:23:17.892916360,negative
FB0006539,TK0014202,R002103,2,2026-06-28 23:13:54.822962944,negative
FB0006540,TK0014203,R004222,2,2026-01-19 23:17:42.496907853,negative
FB0006541,TK0014204,R019772,1,2026-04-13 23:20:30.510019556,negative
FB0006542,TK0014206,R000226,2,2026-04-09 11:44:15.668745369,negative
FB0006543,TK0014212,R001554,2,2026-04-02 06:53:18.803018728,negative
FB0006544,TK0014215,R009539,1,2026-03-03 14:26:07.366687639,negative
FB0006545,TK0014216,R014847,3,2026-03-17 13:38:27.238012622,neutral
FB0006546,TK0014217,R008322,3,2026-06-27 13:12:39.791603522,neutral
FB0006547,TK0014219,R012860,1,2026-03-19 20:18:09.707150006,negative
FB0006548,TK0014221,R004021,2,2026-01-27 21:53:20.206353472,negative
FB0006549,TK0014223,R005781,3,2026-03-25 13:25:21.211396159,neutral
FB0006550,TK0014225,R018324,2,2026-05-30 10:54:28.355418838,negative
FB0006551,TK0014229,R019413,1,2026-01-16 01:09:23.897994465,negative
FB0006552,TK0014230,R013162,1,2026-02-21 11:52:57.882167344,negative
FB0006553,TK0014231,R003548,1,2026-01-28 21:00:20.288795532,negative
FB0006554,TK0014232,R005907,2,2026-03-09 05:03:30.270122309,negative
FB0006555,TK0014233,R005778,2,2026-05-02 00:56:00.353838541,negative
FB0006556,TK0014235,R009820,2,2026-03-26 15:52:54.015622082,negative
FB0006557,TK0014236,R017176,2,2026-06-06 10:41:53.729325688,negative
FB0006558,TK0014240,R018125,1,2026-03-16 20:16:11.204976928,negative
FB0006559,TK0014249,R023791,1,2026-05-19 04:46:13.665965446,negative
FB0006560,TK0014252,R009099,3,2026-06-22 10:20:56.342946301,neutral
FB0006561,TK0014254,R012433,2,2026-05-13 03:07:23.372002088,negative
FB0006562,TK0014258,R002447,1,2026-05-19 03:02:23.641871740,negative
FB0006563,TK0014260,R015721,2,2026-04-18 08:55:21.070951932,negative
FB0006564,TK0014264,R015139,1,2026-06-08 15:13:29.727623550,negative
FB0006565,TK0014265,R021916,2,2026-02-03 20:22:11.327179313,negative
FB0006566,TK0014269,R004284,3,2026-03-29 15:12:59.811474672,neutral
FB0006567,TK0014271,R009305,2,2026-03-08 01:03:41.069973200,negative
FB0006568,TK0014274,R023343,1,2026-05-25 20:56:21.014900643,negative
FB0006569,TK0014277,R007828,2,2026-05-17 16:33:55.469120431,negative
FB0006570,TK0014279,R023041,1,2026-01-27 15:15:43.842834578,negative
FB0006571,TK0014280,R022833,1,2026-04-19 18:46:21.705815414,negative
FB0006572,TK0014283,R016923,2,2026-01-06 10:55:41.238387015,negative
FB0006573,TK0014284,R024549,2,2026-03-18 18:19:13.783953964,negative
FB0006574,TK0014285,R019694,3,2026-02-07 20:33:25.445402997,neutral
FB0006575,TK0014289,R011364,2,2026-07-01 12:48:17.218848617,negative
FB0006576,TK0014293,R012518,2,2026-06-01 19:07:38.555077177,negative
FB0006577,TK0014294,R019365,1,2026-03-08 13:00:32.017050637,negative
FB0006578,TK0014300,R009814,2,2026-03-07 16:55:09.899507479,negative
FB0006579,TK0014302,R014389,3,2026-05-13 05:05:19.425747143,neutral
FB0006580,TK0014303,R020757,1,2026-01-30 07:42:02.158161491,negative
FB0006581,TK0014305,R003388,3,2026-03-14 08:36:56.136518359,neutral
FB0006582,TK0014307,R002830,3,2026-02-14 07:48:49.562220622,neutral
FB0006583,TK0014308,R003853,3,2026-06-27 12:23:08.409736942,neutral
FB0006584,TK0014309,R021816,2,2026-05-22 11:41:33.089820072,negative
FB0006585,TK0014313,R004106,2,2026-04-27 07:06:56.915567073,negative
FB0006586,TK0014318,R008114,4,2026-03-10 05:55:52.221216942,positive
FB0006587,TK0014319,R003387,1,2026-02-20 08:03:11.358800700,negative
FB0006588,TK0014320,R022076,3,2026-03-23 17:13:43.776523103,neutral
FB0006589,TK0014324,R009270,2,2026-04-16 17:52:59.202582265,negative
FB0006590,TK0014325,R018596,2,2026-05-01 03:43:36.229113291,negative
FB0006591,TK0014326,R016990,1,2026-03-25 23:55:39.582222848,negative
FB0006592,TK0014329,R020287,1,2026-01-09 00:39:02.994423404,negative
FB0006593,TK0014331,R009898,2,2026-05-16 21:44:52.610092516,negative
FB0006594,TK0014333,R010870,2,2026-02-08 06:47:29.698546448,negative
FB0006595,TK0014334,R011851,2,2026-03-08 14:27:21.378210750,negative
FB0006596,TK0014337,R024564,2,2026-01-18 04:24:10.071249736,negative
FB0006597,TK0014340,R019135,2,2026-01-16 15:00:52.102402258,negative
FB0006598,TK0014344,R006305,3,2026-01-11 06:24:30.446569473,neutral
FB0006599,TK0014346,R007137,2,2026-06-29 21:45:13.694262157,negative
FB0006600,TK0014350,R007102,2,2026-04-04 21:27:45.011468531,negative
FB0006601,TK0014351,R016046,1,2026-01-29 03:18:32.648947842,negative
FB0006602,TK0014352,R021015,3,2026-03-07 12:02:28.265433799,neutral
FB0006603,TK0014353,R003689,2,2026-02-03 18:03:06.535955213,negative
FB0006604,TK0014355,R019483,1,2026-01-12 11:34:19.974527223,negative
FB0006605,TK0014357,R024425,3,2026-05-29 13:07:26.603211614,neutral
FB0006606,TK0014361,R024326,3,2026-01-17 08:24:22.456626054,neutral
FB0006607,TK0014362,R002148,1,2026-02-19 13:04:12.212427723,negative
FB0006608,TK0014370,R018479,1,2026-04-26 14:44:36.693848332,negative
FB0006609,TK0014371,R013418,2,2026-05-15 14:21:45.353984545,negative
FB0006610,TK0014372,R012279,2,2026-03-29 02:05:06.962755970,negative
FB0006611,TK0014373,R024986,1,2026-03-31 03:33:51.707878431,negative
FB0006612,TK0014375,R003527,1,2026-04-30 23:50:31.832062837,negative
FB0006613,TK0014377,R013362,1,2026-01-06 02:52:30.763096119,negative
FB0006614,TK0014378,R010940,2,2026-01-11 03:22:48.642126691,negative
FB0006615,TK0014379,R005112,2,2026-06-16 06:42:35.263054401,negative
FB0006616,TK0014380,R011679,1,2026-01-08 03:09:37.223923525,negative
FB0006617,TK0014382,R020333,3,2026-05-04 07:40:35.176365583,neutral
FB0006618,TK0014384,R007285,1,2026-01-08 01:34:42.170928904,negative
FB0006619,TK0014385,R016219,1,2026-01-08 10:19:17.162639766,negative
FB0006620,TK0014388,R000050,3,2026-03-02 04:35:28.854800417,neutral
FB0006621,TK0014392,R019310,2,2026-03-30 10:36:33.812235853,negative
FB0006622,TK0014393,R008896,1,2026-03-17 08:32:51.608487360,negative
FB0006623,TK0014395,R023408,1,2026-06-09 09:05:48.788269762,negative
FB0006624,TK0014402,R024005,2,2026-01-10 00:18:58.120925978,negative
FB0006625,TK0014403,R021495,1,2026-03-04 02:17:10.470181635,negative
FB0006626,TK0014404,R015658,2,2026-03-20 21:24:09.390382349,negative
FB0006627,TK0014408,R017029,3,2026-02-17 21:28:26.989889178,neutral
FB0006628,TK0014409,R006664,3,2026-02-16 04:18:48.447898578,neutral
FB0006629,TK0014413,R017533,2,2026-03-21 18:18:11.430232855,negative
FB0006630,TK0014414,R017625,1,2026-03-16 05:18:38.310475077,negative
FB0006631,TK0014418,R007245,2,2026-05-01 12:49:43.211906885,negative
FB0006632,TK0014420,R004631,2,2026-05-27 01:44:35.042017450,negative
FB0006633,TK0014425,R011509,2,2026-02-21 09:19:11.460475471,negative
FB0006634,TK0014426,R001661,3,2026-01-06 13:52:03.694410719,neutral
FB0006635,TK0014427,R020347,1,2026-03-22 23:55:07.796881729,negative
FB0006636,TK0014428,R005670,3,2026-04-13 07:51:29.392922664,neutral
FB0006637,TK0014430,R018297,1,2026-01-19 11:23:51.931031615,negative
FB0006638,TK0014431,R018822,2,2026-05-06 16:10:50.037232137,negative
FB0006639,TK0014432,R009753,2,2026-04-01 03:12:15.951451744,negative
FB0006640,TK0014435,R022495,1,2026-01-18 08:48:09.101404956,negative
FB0006641,TK0014437,R023599,1,2026-03-22 10:00:19.450120684,negative
FB0006642,TK0014439,R019123,1,2026-02-04 11:09:14.086059880,negative
FB0006643,TK0014440,R024774,2,2026-04-19 04:48:51.163530474,negative
FB0006644,TK0014443,R020792,2,2026-05-04 22:15:23.866110925,negative
FB0006645,TK0014444,R010588,1,2026-02-15 12:24:55.499152030,negative
FB0006646,TK0014447,R015926,2,2026-05-11 09:40:14.125306622,negative
FB0006647,TK0014449,R019802,3,2026-02-22 23:20:19.147623304,neutral
FB0006648,TK0014451,R007233,2,2026-03-13 06:32:32.601201732,negative
FB0006649,TK0014454,R015084,2,2026-03-30 05:27:45.226194276,negative
FB0006650,TK0014458,R021550,1,2026-05-08 21:37:20.237255617,negative
FB0006651,TK0014459,R006111,1,2026-01-11 04:52:40.675864369,negative
FB0006652,TK0014462,R020575,2,2026-01-21 09:20:53.049418544,negative
FB0006653,TK0014465,R005761,3,2026-05-01 03:26:29.966320711,neutral
FB0006654,TK0014466,R007855,2,2026-05-19 19:04:21.913554348,negative
FB0006655,TK0014467,R009146,2,2026-03-06 06:41:04.252677844,negative
FB0006656,TK0014469,R018817,2,2026-02-14 01:09:03.881775159,negative
FB0006657,TK0014471,R002325,1,2026-02-15 07:52:59.435445441,negative
FB0006658,TK0014472,R010282,1,2026-02-06 14:16:35.417713238,negative
FB0006659,TK0014474,R023488,2,2026-02-17 07:05:47.195993461,negative
FB0006660,TK0014478,R001664,2,2026-01-09 19:46:18.569240683,negative
FB0006661,TK0014479,R016371,3,2026-06-17 03:18:01.673150809,neutral
FB0006662,TK0014480,R011338,2,2026-01-14 18:57:24.785232426,negative
FB0006663,TK0014481,R018977,2,2026-07-02 06:32:41.660857152,negative
FB0006664,TK0014483,R018718,2,2026-05-09 00:58:29.160532912,negative
FB0006665,TK0014486,R018508,2,2026-04-12 08:41:10.567483207,negative
FB0006666,TK0014487,R013474,2,2026-06-04 08:12:55.364517020,negative
FB0006667,TK0014488,R001262,1,2026-05-27 23:39:43.487921021,negative
FB0006668,TK0014493,R012710,2,2026-03-08 02:34:21.863767426,negative
FB0006669,TK0014496,R013767,2,2026-04-20 20:23:39.973187000,negative
FB0006670,TK0014497,R007537,3,2026-05-19 00:46:20.960217008,neutral
FB0006671,TK0014498,R003454,2,2026-01-09 20:40:45.916698937,negative
FB0006672,TK0014500,R024582,1,2026-04-18 19:28:34.277712818,negative
FB0006673,TK0014501,R007326,2,2026-04-19 17:34:36.514565629,negative
FB0006674,TK0014503,R013863,2,2026-05-24 15:20:31.798855505,negative
FB0006675,TK0014504,R005391,2,2026-04-11 15:08:32.716316811,negative
FB0006676,TK0014505,R012152,1,2026-03-25 14:42:07.891856510,negative
FB0006677,TK0014506,R002452,2,2026-04-25 15:27:06.277972960,negative
FB0006678,TK0014512,R016841,1,2026-02-03 16:53:55.672734914,negative
FB0006679,TK0014513,R007453,1,2026-04-28 23:23:37.304746022,negative
FB0006680,TK0014515,R019950,2,2026-02-06 01:22:03.723957144,negative
FB0006681,TK0014517,R008223,1,2026-01-15 02:13:56.181581623,negative
FB0006682,TK0014519,R011078,1,2026-06-17 18:32:47.458875709,negative
FB0006683,TK0014520,R002438,2,2026-05-13 02:11:33.226293680,negative
FB0006684,TK0014521,R006704,2,2026-04-25 20:28:21.995245209,negative
FB0006685,TK0014524,R008066,2,2026-04-12 19:50:10.504819097,negative
FB0006686,TK0014536,R002557,2,2026-02-23 07:26:19.855817951,negative
FB0006687,TK0014537,R002397,3,2026-04-29 17:30:56.129284045,neutral
FB0006688,TK0014539,R000547,3,2026-02-09 12:13:36.498316676,neutral
FB0006689,TK0014540,R003336,2,2026-06-04 10:31:34.198946698,negative
FB0006690,TK0014544,R020280,2,2026-05-29 10:50:57.449632897,negative
FB0006691,TK0014545,R017961,2,2026-05-25 03:37:47.310497400,negative
FB0006692,TK0014549,R019356,2,2026-02-14 14:51:22.597449203,negative
FB0006693,TK0014550,R005958,1,2026-06-10 05:59:42.448197793,negative
FB0006694,TK0014552,R013945,2,2026-07-02 08:47:46.003425489,negative
FB0006695,TK0014553,R005538,2,2026-06-04 04:33:10.522687693,negative
FB0006696,TK0014555,R009415,2,2026-04-28 04:50:41.297092878,negative
FB0006697,TK0014557,R017214,1,2026-01-14 23:12:26.472908455,negative
FB0006698,TK0014560,R005173,3,2026-05-11 07:10:27.308987585,neutral
FB0006699,TK0014562,R021652,1,2026-06-22 07:06:02.332937165,negative
FB0006700,TK0014563,R006364,2,2026-04-08 18:54:28.251002688,negative
FB0006701,TK0014565,R010963,2,2026-01-27 04:20:35.980218564,negative
FB0006702,TK0014567,R009020,2,2026-05-14 01:17:40.613031402,negative
FB0006703,TK0014569,R024912,2,2026-05-05 11:31:18.837993257,negative
FB0006704,TK0014573,R002728,2,2026-04-27 07:29:36.030510685,negative
FB0006705,TK0014575,R000014,2,2026-02-12 13:05:24.004953693,negative
FB0006706,TK0014578,R010123,1,2026-01-04 00:30:43.598361896,negative
FB0006707,TK0014580,R019928,2,2026-02-07 02:20:59.858182431,negative
FB0006708,TK0014581,R017117,2,2026-03-10 22:37:57.110092795,negative
FB0006709,TK0014582,R013065,2,2026-06-11 20:17:19.144363253,negative
FB0006710,TK0014583,R012519,3,2026-04-11 06:05:41.931575724,neutral
FB0006711,TK0014587,R008417,3,2026-03-03 04:37:24.881704408,neutral
FB0006712,TK0014596,R001138,1,2026-02-24 11:39:14.181310510,negative
FB0006713,TK0014597,R014691,1,2026-01-23 01:19:00.518852045,negative
FB0006714,TK0014600,R010176,2,2026-06-01 18:39:30.028923861,negative
FB0006715,TK0014601,R022712,4,2026-06-18 06:57:01.190538625,positive
FB0006716,TK0014602,R021253,2,2026-01-26 13:53:38.029272957,negative
FB0006717,TK0014603,R008310,1,2026-05-18 19:32:44.474161607,negative
FB0006718,TK0014605,R010345,2,2026-03-11 22:36:06.923362345,negative
FB0006719,TK0014606,R021794,6,2026-04-15 10:51:36.410351860,negative
FB0006720,TK0014607,R007278,1,2026-01-11 01:15:07.151026955,negative
FB0006721,TK0014610,R009714,1,2026-03-26 05:21:27.401345357,negative
FB0006722,TK0014612,R009872,2,2026-04-22 02:50:11.117102133,negative
FB0006723,TK0014616,R011482,1,2026-04-25 10:53:27.961207906,negative
FB0006724,TK0014618,R002654,3,2026-06-08 21:49:27.568105318,neutral
FB0006725,TK0014619,R022369,2,2026-05-30 11:39:12.177204149,negative
FB0006726,TK0014620,R016766,2,2026-04-29 02:27:56.800144894,negative
FB0006727,TK0014621,R021568,3,2026-05-17 15:10:16.683006784,neutral
FB0006728,TK0014623,R022097,2,2026-05-31 08:09:46.760741972,negative
FB0006729,TK0014625,R014028,1,2026-04-04 12:51:40.726613538,negative
FB0006730,TK0014630,R006296,3,2026-03-28 17:13:04.178702892,neutral
FB0006731,TK0014633,R021026,1,2026-03-04 16:45:16.909060953,negative
FB0006732,TK0014637,R011778,2,2026-04-16 07:29:27.516734166,negative
FB0006733,TK0014638,R008320,3,2026-06-08 10:51:18.013968408,neutral
FB0006734,TK0014642,R000190,3,2026-06-12 03:09:54.458770662,neutral
FB0006735,TK0014644,R023834,1,2026-05-25 16:38:32.125586439,negative
FB0006736,TK0014645,R001283,1,2026-03-04 22:25:27.081169140,negative
FB0006737,TK0014647,R021892,2,2026-04-04 02:28:12.164942257,negative
FB0006738,TK0014648,R017969,3,2026-02-11 04:42:50.525553442,neutral
FB0006739,TK0014649,R011817,3,2026-04-29 05:27:20.928378697,neutral
FB0006740,TK0014652,R012816,2,2026-07-04 19:57:38.041319029,negative
FB0006741,TK0014654,R004256,2,2026-06-16 13:29:02.109052238,negative
FB0006742,TK0014655,R022864,1,2026-02-08 11:38:47.984128690,negative
FB0006743,TK0014656,R012665,2,2026-01-24 00:21:13.585807677,negative
FB0006744,TK0014657,R002784,2,2026-02-07 04:06:55.714011781,negative
FB0006745,TK0014658,R022014,1,2026-02-11 11:42:17.055852103,negative
FB0006746,TK0014660,R022986,1,2026-05-02 05:40:37.135596556,negative
FB0006747,TK0014668,R024161,1,2026-03-04 06:17:25.067735191,negative
FB0006748,TK0014672,R005618,2,2026-01-20 20:37:55.664824828,negative
FB0006749,TK0014677,R014234,3,2026-03-03 22:59:25.808915883,neutral
FB0006750,TK0014678,R012326,3,2026-01-19 23:12:14.926459520,neutral
FB0006751,TK0014679,R002251,2,2026-02-02 12:12:50.433605588,negative
FB0006752,TK0014680,R011821,2,2026-02-08 12:07:35.572735462,negative
FB0006753,TK0014681,R015666,1,2026-02-12 07:43:47.758503697,negative
FB0006754,TK0014683,R003480,1,2026-03-29 10:29:33.277969272,negative
FB0006755,TK0014685,R024010,2,2026-06-29 17:06:05.779282684,negative
FB0006756,TK0014687,R013699,1,2026-04-09 18:22:50.257224310,negative
FB0006757,TK0014688,R023268,2,2026-04-16 22:47:40.282021093,negative
FB0006758,TK0014689,R015322,3,2026-03-03 23:46:50.818052808,neutral
FB0006759,TK0014690,R016299,1,2026-04-20 09:17:52.071694952,negative
FB0006760,TK0014696,R007212,3,2026-01-09 19:02:58.414204611,neutral
