assignment_id,ticket_id,experiment_name,experiment_group,assigned_at,eligibility_flag
EXP000001,TK0000032,AV_Guided_Support_v1,Control,2026-06-19 13:44:11,True
EXP000002,TK0000041,AV_Guided_Support_v1,Control,2026-05-03 06:57:52,True
EXP000003,TK0000047,AV_Guided_Support_v1,Treatment,2026-06-12 05:11:55,True
EXP000004,TK0000049,AV_Guided_Support_v1,Control,2026-05-17 01:31:05,True
EXP000005,TK0000055,AV_Guided_Support_v1,Control,2026-04-01 20:24:11,True
EXP000006,TK0000057,AV_Guided_Support_v1,Treatment,2026-05-06 17:22:13,True
EXP000007,TK0000066,AV_Guided_Support_v1,Control,2026-05-17 14:48:46,True
EXP000008,TK0000074,AV_Guided_Support_v1,Treatment,2026-05-02 09:45:32,True
EXP000009,TK0000075,AV_Guided_Support_v1,Treatment,2026-06-08 12:11:17,True
EXP000010,TK0000083,AV_Guided_Support_v1,Treatment,2026-06-26 08:10:38,True
EXP000011,TK0000091,AV_Guided_Support_v1,Treatment,2026-06-08 22:14:35,True
EXP000012,TK0000098,AV_Guided_Support_v1,Treatment,2026-05-30 06:55:53,True
EXP000013,TK0000110,AV_Guided_Support_v1,Treatment,2026-05-11 19:22:08,True
EXP000014,TK0000115,AV_Guided_Support_v1,Control,2026-05-07 15:41:49,True
EXP000015,TK0000132,AV_Guided_Support_v1,Control,2026-05-06 02:57:44,True
EXP000016,TK0000134,AV_Guided_Support_v1,Control,2026-04-16 08:24:28,True
EXP000017,TK0000136,AV_Guided_Support_v1,Treatment,2026-05-14 14:58:09,True
EXP000018,TK0000144,AV_Guided_Support_v1,Control,2026-06-01 14:49:12,True
EXP000019,TK0000145,AV_Guided_Support_v1,Control,2026-05-28 02:34:04,True
EXP000020,TK0000146,AV_Guided_Support_v1,Treatment,2026-04-18 00:58:44,True
EXP000021,TK0000151,AV_Guided_Support_v1,Treatment,2026-05-22 04:47:24,True
EXP000022,TK0000152,AV_Guided_Support_v1,Treatment,2026-06-29 02:36:37,True
EXP000023,TK0000170,AV_Guided_Support_v1,Treatment,2026-05-15 11:03:45,True
EXP000024,TK0000174,AV_Guided_Support_v1,Treatment,2026-05-28 02:58:53,True
EXP000025,TK0000175,AV_Guided_Support_v1,Control,2026-06-05 09:21:08,True
EXP000026,TK0000179,AV_Guided_Support_v1,Control,2026-04-20 18:13:44,True
EXP000027,TK0000184,AV_Guided_Support_v1,Control,2026-05-07 07:33:20,True
EXP000028,TK0000194,AV_Guided_Support_v1,Control,2026-06-09 09:46:27,True
EXP000029,TK0000195,AV_Guided_Support_v1,Control,2026-05-30 07:45:06,True
EXP000030,TK0000201,AV_Guided_Support_v1,Control,2026-06-08 20:32:39,True
EXP000031,TK0000202,AV_Guided_Support_v1,Treatment,2026-05-05 12:11:56,True
EXP000032,TK0000206,AV_Guided_Support_v1,Treatment,2026-04-21 08:22:16,True
EXP000033,TK0000211,AV_Guided_Support_v1,Control,2026-06-22 10:36:35,True
EXP000034,TK0000214,AV_Guided_Support_v1,Treatment,2026-05-12 04:14:40,True
EXP000035,TK0000220,AV_Guided_Support_v1,Control,2026-05-25 07:47:59,True
EXP000036,TK0000228,AV_Guided_Support_v1,Control,2026-04-08 21:38:57,True
EXP000037,TK0000242,AV_Guided_Support_v1,Control,2026-04-03 05:44:28,True
EXP000038,TK0000249,AV_Guided_Support_v1,Treatment,2026-05-30 08:03:45,True
EXP000039,TK0000258,AV_Guided_Support_v1,Control,2026-06-18 20:01:51,True
EXP000040,TK0000267,AV_Guided_Support_v1,Treatment,2026-05-25 08:37:05,True
EXP000041,TK0000270,AV_Guided_Support_v1,Control,2026-06-05 09:02:07,True
EXP000042,TK0000275,AV_Guided_Support_v1,Treatment,2026-06-16 01:11:01,True
EXP000043,TK0000279,AV_Guided_Support_v1,Treatment,2026-06-10 13:29:04,True
EXP000044,TK0000284,AV_Guided_Support_v1,Control,2026-05-20 03:15:17,True
EXP000045,TK0000290,AV_Guided_Support_v1,Control,2026-05-29 13:27:53,True
EXP000046,TK0000302,AV_Guided_Support_v1,Treatment,2026-06-04 09:42:33,True
EXP000047,TK0000304,AV_Guided_Support_v1,Treatment,2026-06-26 21:59:39,True
EXP000048,TK0000313,AV_Guided_Support_v1,Control,2026-05-06 23:52:43,True
EXP000049,TK0000321,AV_Guided_Support_v1,Treatment,2026-05-21 08:10:39,True
EXP000050,TK0000331,AV_Guided_Support_v1,Treatment,2026-04-25 19:45:01,True
EXP000051,TK0000336,AV_Guided_Support_v1,Control,2026-06-22 05:17:22,True
EXP000052,TK0000341,AV_Guided_Support_v1,Control,2026-05-06 23:55:20,True
EXP000053,TK0000370,AV_Guided_Support_v1,Treatment,2026-06-04 16:34:56,True
EXP000054,TK0000371,AV_Guided_Support_v1,Treatment,2026-06-09 16:37:36,True
EXP000055,TK0000376,AV_Guided_Support_v1,Control,2026-04-04 16:49:44,True
EXP000056,TK0000399,AV_Guided_Support_v1,Control,2026-04-16 07:33:24,True
EXP000057,TK0000403,AV_Guided_Support_v1,Control,2026-05-22 10:12:40,True
EXP000058,TK0000411,AV_Guided_Support_v1,Treatment,2026-04-28 21:53:01,True
EXP000059,TK0000415,AV_Guided_Support_v1,Control,2026-05-07 10:07:17,True
EXP000060,TK0000416,AV_Guided_Support_v1,Control,2026-04-14 04:05:52,True
EXP000061,TK0000417,AV_Guided_Support_v1,Control,2026-04-18 23:24:26,True
EXP000062,TK0000419,AV_Guided_Support_v1,Treatment,2026-05-31 23:17:07,True
EXP000063,TK0000422,AV_Guided_Support_v1,Control,2026-04-03 07:33:42,True
EXP000064,TK0000426,AV_Guided_Support_v1,Treatment,2026-05-27 09:36:43,True
EXP000065,TK0000428,AV_Guided_Support_v1,Treatment,2026-05-30 03:44:24,True
EXP000066,TK0000429,AV_Guided_Support_v1,Treatment,2026-06-29 20:34:25,True
EXP000067,TK0000433,AV_Guided_Support_v1,Treatment,2026-05-24 07:20:39,True
EXP000068,TK0000440,AV_Guided_Support_v1,Control,2026-06-04 02:56:46,True
EXP000069,TK0000450,AV_Guided_Support_v1,Treatment,2026-04-20 19:34:24,True
EXP000070,TK0000452,AV_Guided_Support_v1,Control,2026-05-29 06:22:39,True
EXP000071,TK0000472,AV_Guided_Support_v1,Control,2026-06-05 10:36:49,True
EXP000072,TK0000476,AV_Guided_Support_v1,Treatment,2026-05-28 17:58:18,True
EXP000073,TK0000489,AV_Guided_Support_v1,Treatment,2026-05-30 01:00:18,True
EXP000074,TK0000495,AV_Guided_Support_v1,Treatment,2026-06-23 14:30:50,True
EXP000075,TK0000512,AV_Guided_Support_v1,Control,2026-05-15 18:55:41,True
EXP000076,TK0000520,AV_Guided_Support_v1,Treatment,2026-04-04 22:28:37,True
EXP000077,TK0000521,AV_Guided_Support_v1,Treatment,2026-04-01 18:54:53,True
EXP000078,TK0000526,AV_Guided_Support_v1,Control,2026-05-29 17:22:27,True
EXP000079,TK0000539,AV_Guided_Support_v1,Treatment,2026-04-16 11:00:38,True
EXP000080,TK0000544,AV_Guided_Support_v1,Treatment,2026-06-26 18:12:12,True
EXP000081,TK0000549,AV_Guided_Support_v1,Control,2026-04-18 12:53:20,True
EXP000082,TK0000557,AV_Guided_Support_v1,Treatment,2026-05-26 20:09:29,True
EXP000083,TK0000562,AV_Guided_Support_v1,Control,2026-04-19 03:07:48,True
EXP000084,TK0000563,AV_Guided_Support_v1,Treatment,2026-06-29 23:58:37,True
EXP000085,TK0000564,AV_Guided_Support_v1,Control,2026-04-02 04:31:39,True
EXP000086,TK0000566,AV_Guided_Support_v1,Control,2026-06-01 20:50:09,True
EXP000087,TK0000567,AV_Guided_Support_v1,Control,2026-04-21 13:05:56,True
EXP000088,TK0000569,AV_Guided_Support_v1,Treatment,2026-05-17 18:07:21,True
EXP000089,TK0000572,AV_Guided_Support_v1,Treatment,2026-06-02 10:21:02,True
EXP000090,TK0000577,AV_Guided_Support_v1,Treatment,2026-05-02 09:07:49,True
EXP000091,TK0000583,AV_Guided_Support_v1,Treatment,2026-04-20 13:45:30,True
EXP000092,TK0000584,AV_Guided_Support_v1,Treatment,2026-06-18 22:07:18,True
EXP000093,TK0000587,AV_Guided_Support_v1,Treatment,2026-04-14 07:41:34,True
EXP000094,TK0000591,AV_Guided_Support_v1,Control,2026-05-17 23:58:00,True
EXP000095,TK0000623,AV_Guided_Support_v1,Control,2026-05-07 18:34:30,True
EXP000096,TK0000624,AV_Guided_Support_v1,Control,2026-05-30 13:04:46,True
EXP000097,TK0000625,AV_Guided_Support_v1,Control,2026-05-09 20:14:02,True
EXP000098,TK0000628,AV_Guided_Support_v1,Treatment,2026-06-24 13:02:04,True
EXP000099,TK0000636,AV_Guided_Support_v1,Control,2026-06-09 05:20:58,True
EXP000100,TK0000649,AV_Guided_Support_v1,Control,2026-05-26 14:08:22,True
EXP000101,TK0000656,AV_Guided_Support_v1,Control,2026-04-15 21:40:26,True
EXP000102,TK0000659,AV_Guided_Support_v1,Control,2026-05-22 22:14:39,True
EXP000103,TK0000664,AV_Guided_Support_v1,Treatment,2026-05-12 03:31:12,True
EXP000104,TK0000671,AV_Guided_Support_v1,Control,2026-05-29 18:52:16,True
EXP000105,TK0000672,AV_Guided_Support_v1,Control,2026-04-26 09:30:54,True
EXP000106,TK0000679,AV_Guided_Support_v1,Control,2026-05-22 23:10:18,True
EXP000107,TK0000681,AV_Guided_Support_v1,Control,2026-06-10 01:28:41,True
EXP000108,TK0000684,AV_Guided_Support_v1,Treatment,2026-04-11 19:16:49,True
EXP000109,TK0000690,AV_Guided_Support_v1,Control,2026-05-10 01:14:34,True
EXP000110,TK0000691,AV_Guided_Support_v1,Control,2026-06-27 07:58:25,True
EXP000111,TK0000713,AV_Guided_Support_v1,Control,2026-06-01 00:57:25,True
EXP000112,TK0000722,AV_Guided_Support_v1,Treatment,2026-06-27 12:59:44,True
EXP000113,TK0000731,AV_Guided_Support_v1,Treatment,2026-04-10 22:47:02,True
EXP000114,TK0000735,AV_Guided_Support_v1,Control,2026-04-08 18:21:50,True
EXP000115,TK0000739,AV_Guided_Support_v1,Treatment,2026-06-29 22:44:44,True
EXP000116,TK0000753,AV_Guided_Support_v1,Control,2026-06-27 17:51:48,True
EXP000117,TK0000755,AV_Guided_Support_v1,Treatment,2026-04-10 03:49:03,True
EXP000118,TK0000763,AV_Guided_Support_v1,Control,2026-04-14 07:11:36,True
EXP000119,TK0000765,AV_Guided_Support_v1,Control,2026-06-01 02:37:35,True
EXP000120,TK0000777,AV_Guided_Support_v1,Control,2026-04-02 16:11:54,True
EXP000121,TK0000778,AV_Guided_Support_v1,Treatment,2026-05-14 19:51:06,True
EXP000122,TK0000793,AV_Guided_Support_v1,Control,2026-04-22 15:29:26,True
EXP000123,TK0000800,AV_Guided_Support_v1,Control,2026-06-05 10:03:19,True
EXP000124,TK0000807,AV_Guided_Support_v1,Treatment,2026-04-18 09:55:43,True
EXP000125,TK0000808,AV_Guided_Support_v1,Control,2026-05-28 14:52:18,True
EXP000126,TK0000829,AV_Guided_Support_v1,Treatment,2026-05-25 09:05:19,True
EXP000127,TK0000840,AV_Guided_Support_v1,Treatment,2026-04-29 10:46:15,True
EXP000128,TK0000842,AV_Guided_Support_v1,Control,2026-06-07 21:32:40,True
EXP000129,TK0000848,AV_Guided_Support_v1,Treatment,2026-06-07 18:27:46,True
EXP000130,TK0000854,AV_Guided_Support_v1,Treatment,2026-06-21 18:10:12,True
EXP000131,TK0000865,AV_Guided_Support_v1,Control,2026-06-17 04:04:40,True
EXP000132,TK0000870,AV_Guided_Support_v1,Treatment,2026-04-14 21:43:25,True
EXP000133,TK0000872,AV_Guided_Support_v1,Treatment,2026-06-11 04:12:05,True
EXP000134,TK0000882,AV_Guided_Support_v1,Control,2026-06-01 00:12:49,True
EXP000135,TK0000883,AV_Guided_Support_v1,Treatment,2026-04-07 02:41:29,True
EXP000136,TK0000895,AV_Guided_Support_v1,Control,2026-05-07 23:55:09,True
EXP000137,TK0000896,AV_Guided_Support_v1,Control,2026-06-21 06:39:21,True
EXP000138,TK0000904,AV_Guided_Support_v1,Treatment,2026-06-16 23:03:02,True
EXP000139,TK0000906,AV_Guided_Support_v1,Control,2026-06-08 21:28:24,True
EXP000140,TK0000923,AV_Guided_Support_v1,Treatment,2026-04-26 14:47:19,True
EXP000141,TK0000927,AV_Guided_Support_v1,Treatment,2026-04-13 22:43:32,True
EXP000142,TK0000930,AV_Guided_Support_v1,Control,2026-06-02 04:52:16,True
EXP000143,TK0000943,AV_Guided_Support_v1,Control,2026-06-14 04:58:56,True
EXP000144,TK0000949,AV_Guided_Support_v1,Treatment,2026-04-20 22:41:58,True
EXP000145,TK0000951,AV_Guided_Support_v1,Treatment,2026-06-25 18:50:15,True
EXP000146,TK0000956,AV_Guided_Support_v1,Control,2026-05-01 06:03:20,True
EXP000147,TK0000959,AV_Guided_Support_v1,Treatment,2026-06-25 15:32:53,True
EXP000148,TK0000966,AV_Guided_Support_v1,Control,2026-05-30 07:04:55,True
EXP000149,TK0000980,AV_Guided_Support_v1,Control,2026-05-06 01:29:02,True
EXP000150,TK0000996,AV_Guided_Support_v1,Control,2026-06-04 05:15:34,True
EXP000151,TK0001001,AV_Guided_Support_v1,Treatment,2026-04-26 12:01:57,True
EXP000152,TK0001018,AV_Guided_Support_v1,Treatment,2026-05-12 20:45:06,True
EXP000153,TK0001028,AV_Guided_Support_v1,Treatment,2026-05-26 16:54:07,True
EXP000154,TK0001043,AV_Guided_Support_v1,Control,2026-05-26 19:46:41,True
EXP000155,TK0001054,AV_Guided_Support_v1,Treatment,2026-04-22 08:57:58,True
EXP000156,TK0001059,AV_Guided_Support_v1,Control,2026-05-13 12:40:00,True
EXP000157,TK0001061,AV_Guided_Support_v1,Control,2026-06-11 11:56:30,True
EXP000158,TK0001065,AV_Guided_Support_v1,Treatment,2026-06-23 12:24:18,True
EXP000159,TK0001082,AV_Guided_Support_v1,Control,2026-04-27 17:47:09,True
EXP000160,TK0001083,AV_Guided_Support_v1,Treatment,2026-06-25 07:36:09,True
EXP000161,TK0001085,AV_Guided_Support_v1,Treatment,2026-06-03 10:17:14,True
EXP000162,TK0001091,AV_Guided_Support_v1,Treatment,2026-06-25 15:23:01,True
EXP000163,TK0001100,AV_Guided_Support_v1,Control,2026-04-11 10:09:14,True
EXP000164,TK0001102,AV_Guided_Support_v1,Control,2026-05-11 12:10:18,True
EXP000165,TK0001107,AV_Guided_Support_v1,Control,2026-04-30 00:33:31,True
EXP000166,TK0001111,AV_Guided_Support_v1,Treatment,2026-04-14 23:23:39,True
EXP000167,TK0001113,AV_Guided_Support_v1,Control,2026-06-17 11:18:48,True
EXP000168,TK0001116,AV_Guided_Support_v1,Control,2026-06-16 13:59:21,True
EXP000169,TK0001141,AV_Guided_Support_v1,Control,2026-04-13 16:32:15,True
EXP000170,TK0001145,AV_Guided_Support_v1,Control,2026-04-30 03:31:10,True
EXP000171,TK0001150,AV_Guided_Support_v1,Treatment,2026-06-17 19:56:39,True
EXP000172,TK0001190,AV_Guided_Support_v1,Treatment,2026-05-05 03:55:32,True
EXP000173,TK0001191,AV_Guided_Support_v1,Treatment,2026-06-28 18:19:47,True
EXP000174,TK0001198,AV_Guided_Support_v1,Control,2026-04-19 00:48:00,True
EXP000175,TK0001206,AV_Guided_Support_v1,Control,2026-06-12 03:38:41,True
EXP000176,TK0001221,AV_Guided_Support_v1,Control,2026-05-08 18:32:59,True
EXP000177,TK0001226,AV_Guided_Support_v1,Control,2026-05-30 05:51:05,True
EXP000178,TK0001235,AV_Guided_Support_v1,Treatment,2026-04-03 23:40:59,True
EXP000179,TK0001249,AV_Guided_Support_v1,Control,2026-04-04 15:20:40,True
EXP000180,TK0001261,AV_Guided_Support_v1,Treatment,2026-06-21 22:27:39,True
EXP000181,TK0001272,AV_Guided_Support_v1,Treatment,2026-05-15 16:53:41,True
EXP000182,TK0001297,AV_Guided_Support_v1,Treatment,2026-06-02 22:37:41,True
EXP000183,TK0001311,AV_Guided_Support_v1,Treatment,2026-05-08 09:02:35,True
EXP000184,TK0001315,AV_Guided_Support_v1,Control,2026-04-23 01:01:41,True
EXP000185,TK0001319,AV_Guided_Support_v1,Control,2026-06-13 08:11:22,True
EXP000186,TK0001327,AV_Guided_Support_v1,Control,2026-05-24 02:59:41,True
EXP000187,TK0001331,AV_Guided_Support_v1,Treatment,2026-06-27 07:34:18,True
EXP000188,TK0001337,AV_Guided_Support_v1,Control,2026-04-24 13:28:11,True
EXP000189,TK0001342,AV_Guided_Support_v1,Control,2026-06-16 14:35:41,True
EXP000190,TK0001357,AV_Guided_Support_v1,Control,2026-04-26 07:00:28,True
EXP000191,TK0001362,AV_Guided_Support_v1,Treatment,2026-06-14 12:12:06,True
EXP000192,TK0001365,AV_Guided_Support_v1,Treatment,2026-04-11 08:52:47,True
EXP000193,TK0001366,AV_Guided_Support_v1,Treatment,2026-04-08 18:40:50,True
EXP000194,TK0001375,AV_Guided_Support_v1,Treatment,2026-04-26 21:41:20,True
EXP000195,TK0001377,AV_Guided_Support_v1,Treatment,2026-04-16 21:27:46,True
EXP000196,TK0001384,AV_Guided_Support_v1,Treatment,2026-05-08 13:55:09,True
EXP000197,TK0001390,AV_Guided_Support_v1,Control,2026-06-21 06:54:29,True
EXP000198,TK0001397,AV_Guided_Support_v1,Treatment,2026-06-16 06:15:20,True
EXP000199,TK0001409,AV_Guided_Support_v1,Treatment,2026-05-26 02:14:29,True
EXP000200,TK0001416,AV_Guided_Support_v1,Treatment,2026-04-14 17:41:14,True
EXP000201,TK0001421,AV_Guided_Support_v1,Treatment,2026-05-13 14:14:10,True
EXP000202,TK0001426,AV_Guided_Support_v1,Control,2026-06-09 06:42:24,True
EXP000203,TK0001429,AV_Guided_Support_v1,Control,2026-06-25 20:41:55,True
EXP000204,TK0001435,AV_Guided_Support_v1,Control,2026-05-26 15:10:50,True
EXP000205,TK0001446,AV_Guided_Support_v1,Control,2026-04-13 10:40:30,True
EXP000206,TK0001448,AV_Guided_Support_v1,Treatment,2026-05-13 12:34:20,True
EXP000207,TK0001449,AV_Guided_Support_v1,Control,2026-06-18 09:01:11,True
EXP000208,TK0001452,AV_Guided_Support_v1,Control,2026-04-03 22:59:40,True
EXP000209,TK0001457,AV_Guided_Support_v1,Control,2026-05-01 06:47:50,True
EXP000210,TK0001475,AV_Guided_Support_v1,Control,2026-06-08 02:58:40,True
EXP000211,TK0001476,AV_Guided_Support_v1,Control,2026-06-30 18:35:37,True
EXP000212,TK0001479,AV_Guided_Support_v1,Control,2026-05-04 09:11:59,True
EXP000213,TK0001481,AV_Guided_Support_v1,Control,2026-06-17 07:02:46,True
EXP000214,TK0001485,AV_Guided_Support_v1,Control,2026-05-28 10:38:38,True
EXP000215,TK0001502,AV_Guided_Support_v1,Control,2026-04-26 14:12:57,True
EXP000216,TK0001505,AV_Guided_Support_v1,Treatment,2026-04-02 14:02:26,True
EXP000217,TK0001530,AV_Guided_Support_v1,Control,2026-06-21 05:57:51,True
EXP000218,TK0001539,AV_Guided_Support_v1,Control,2026-05-16 19:29:42,True
EXP000219,TK0001541,AV_Guided_Support_v1,Control,2026-06-09 02:52:29,True
EXP000220,TK0001549,AV_Guided_Support_v1,Treatment,2026-06-18 09:37:03,True
EXP000221,TK0001555,AV_Guided_Support_v1,Control,2026-06-11 21:34:38,True
EXP000222,TK0001556,AV_Guided_Support_v1,Treatment,2026-05-15 16:07:02,True
EXP000223,TK0001563,AV_Guided_Support_v1,Treatment,2026-04-20 22:13:16,True
EXP000224,TK0001567,AV_Guided_Support_v1,Treatment,2026-04-01 19:53:17,True
EXP000225,TK0001579,AV_Guided_Support_v1,Treatment,2026-06-04 03:55:39,True
EXP000226,TK0001590,AV_Guided_Support_v1,Treatment,2026-04-02 18:01:14,True
EXP000227,TK0001596,AV_Guided_Support_v1,Treatment,2026-06-14 15:36:49,True
EXP000228,TK0001601,AV_Guided_Support_v1,Control,2026-04-10 19:44:19,True
EXP000229,TK0001613,AV_Guided_Support_v1,Treatment,2026-06-22 19:24:19,True
EXP000230,TK0001619,AV_Guided_Support_v1,Control,2026-06-11 12:28:16,True
EXP000231,TK0001634,AV_Guided_Support_v1,Control,2026-05-09 20:40:30,True
EXP000232,TK0001641,AV_Guided_Support_v1,Control,2026-06-06 05:11:06,True
EXP000233,TK0001642,AV_Guided_Support_v1,Treatment,2026-04-29 23:08:25,True
EXP000234,TK0001645,AV_Guided_Support_v1,Treatment,2026-05-22 03:35:35,True
EXP000235,TK0001647,AV_Guided_Support_v1,Treatment,2026-04-18 06:28:57,True
EXP000236,TK0001657,AV_Guided_Support_v1,Treatment,2026-05-26 22:26:39,True
EXP000237,TK0001686,AV_Guided_Support_v1,Control,2026-05-15 23:27:28,True
EXP000238,TK0001698,AV_Guided_Support_v1,Control,2026-04-21 22:08:48,True
EXP000239,TK0001725,AV_Guided_Support_v1,Control,2026-05-05 21:59:21,True
EXP000240,TK0001726,AV_Guided_Support_v1,Treatment,2026-06-18 16:33:55,True
EXP000241,TK0001729,AV_Guided_Support_v1,Control,2026-04-21 23:06:24,True
EXP000242,TK0001730,AV_Guided_Support_v1,Treatment,2026-04-18 18:16:18,True
EXP000243,TK0001749,AV_Guided_Support_v1,Treatment,2026-04-19 14:41:44,True
EXP000244,TK0001752,AV_Guided_Support_v1,Treatment,2026-04-27 04:20:02,True
EXP000245,TK0001755,AV_Guided_Support_v1,Treatment,2026-06-15 23:22:27,True
EXP000246,TK0001759,AV_Guided_Support_v1,Treatment,2026-04-21 02:19:24,True
EXP000247,TK0001767,AV_Guided_Support_v1,Treatment,2026-04-06 19:29:59,True
EXP000248,TK0001771,AV_Guided_Support_v1,Treatment,2026-06-01 02:33:59,True
EXP000249,TK0001789,AV_Guided_Support_v1,Treatment,2026-06-06 23:58:04,True
EXP000250,TK0001803,AV_Guided_Support_v1,Control,2026-05-03 04:09:52,True
EXP000251,TK0001804,AV_Guided_Support_v1,Treatment,2026-06-02 07:47:51,True
EXP000252,TK0001805,AV_Guided_Support_v1,Treatment,2026-06-21 12:07:29,True
EXP000253,TK0001810,AV_Guided_Support_v1,Treatment,2026-05-08 15:06:16,True
EXP000254,TK0001817,AV_Guided_Support_v1,Control,2026-04-28 20:42:46,True
EXP000255,TK0001824,AV_Guided_Support_v1,Control,2026-04-16 10:35:21,True
EXP000256,TK0001826,AV_Guided_Support_v1,Treatment,2026-04-21 12:50:17,True
EXP000257,TK0001827,AV_Guided_Support_v1,Control,2026-05-22 09:24:36,True
EXP000258,TK0001838,AV_Guided_Support_v1,Treatment,2026-05-03 23:50:52,True
EXP000259,TK0001854,AV_Guided_Support_v1,Treatment,2026-05-02 05:35:50,True
EXP000260,TK0001865,AV_Guided_Support_v1,Treatment,2026-04-10 00:51:13,True
EXP000261,TK0001868,AV_Guided_Support_v1,Treatment,2026-06-12 13:02:42,True
EXP000262,TK0001876,AV_Guided_Support_v1,Treatment,2026-06-20 00:25:05,True
EXP000263,TK0001878,AV_Guided_Support_v1,Control,2026-05-07 02:26:06,True
EXP000264,TK0001879,AV_Guided_Support_v1,Control,2026-05-28 16:40:20,True
EXP000265,TK0001885,AV_Guided_Support_v1,Treatment,2026-06-19 03:54:48,True
EXP000266,TK0001886,AV_Guided_Support_v1,Treatment,2026-05-28 19:45:49,True
EXP000267,TK0001896,AV_Guided_Support_v1,Treatment,2026-06-29 15:29:57,True
EXP000268,TK0001902,AV_Guided_Support_v1,Treatment,2026-06-30 15:05:44,True
EXP000269,TK0001912,AV_Guided_Support_v1,Control,2026-04-12 12:58:33,True
EXP000270,TK0001925,AV_Guided_Support_v1,Control,2026-04-18 18:30:58,True
EXP000271,TK0001928,AV_Guided_Support_v1,Control,2026-06-25 20:43:55,True
EXP000272,TK0001932,AV_Guided_Support_v1,Treatment,2026-06-18 13:59:02,True
EXP000273,TK0001946,AV_Guided_Support_v1,Control,2026-06-16 14:28:28,True
EXP000274,TK0001959,AV_Guided_Support_v1,Treatment,2026-06-13 15:40:11,True
EXP000275,TK0001963,AV_Guided_Support_v1,Treatment,2026-04-27 08:54:20,True
EXP000276,TK0001983,AV_Guided_Support_v1,Treatment,2026-05-20 21:46:43,True
EXP000277,TK0001988,AV_Guided_Support_v1,Control,2026-04-22 18:18:20,True
EXP000278,TK0001993,AV_Guided_Support_v1,Treatment,2026-06-24 05:51:48,True
EXP000279,TK0002000,AV_Guided_Support_v1,Control,2026-06-24 07:04:16,True
EXP000280,TK0002021,AV_Guided_Support_v1,Treatment,2026-04-07 16:16:01,True
EXP000281,TK0002028,AV_Guided_Support_v1,Treatment,2026-06-26 16:11:36,True
EXP000282,TK0002049,AV_Guided_Support_v1,Control,2026-04-22 10:32:08,True
EXP000283,TK0002056,AV_Guided_Support_v1,Control,2026-04-24 08:28:24,True
EXP000284,TK0002074,AV_Guided_Support_v1,Control,2026-06-16 03:58:11,True
EXP000285,TK0002086,AV_Guided_Support_v1,Control,2026-05-18 09:56:20,True
EXP000286,TK0002094,AV_Guided_Support_v1,Treatment,2026-06-29 13:29:11,True
EXP000287,TK0002099,AV_Guided_Support_v1,Treatment,2026-04-28 07:36:46,True
EXP000288,TK0002107,AV_Guided_Support_v1,Control,2026-06-21 15:43:25,True
EXP000289,TK0002117,AV_Guided_Support_v1,Treatment,2026-06-18 12:19:17,True
EXP000290,TK0002124,AV_Guided_Support_v1,Control,2026-05-24 03:29:17,True
EXP000291,TK0002128,AV_Guided_Support_v1,Treatment,2026-04-30 01:25:10,True
EXP000292,TK0002136,AV_Guided_Support_v1,Treatment,2026-05-24 20:35:13,True
EXP000293,TK0002137,AV_Guided_Support_v1,Control,2026-05-10 04:48:00,True
EXP000294,TK0002138,AV_Guided_Support_v1,Treatment,2026-04-22 21:12:11,True
EXP000295,TK0002143,AV_Guided_Support_v1,Control,2026-04-02 02:08:44,True
EXP000296,TK0002147,AV_Guided_Support_v1,Treatment,2026-04-03 14:56:00,True
EXP000297,TK0002148,AV_Guided_Support_v1,Treatment,2026-05-02 00:32:52,True
EXP000298,TK0002149,AV_Guided_Support_v1,Treatment,2026-06-21 05:45:02,True
EXP000299,TK0002152,AV_Guided_Support_v1,Control,2026-05-23 03:10:23,True
EXP000300,TK0002154,AV_Guided_Support_v1,Treatment,2026-04-14 06:26:35,True
EXP000301,TK0002156,AV_Guided_Support_v1,Control,2026-05-19 06:59:59,True
EXP000302,TK0002164,AV_Guided_Support_v1,Control,2026-06-24 23:24:49,True
EXP000303,TK0002175,AV_Guided_Support_v1,Treatment,2026-06-22 04:19:40,True
EXP000304,TK0002180,AV_Guided_Support_v1,Treatment,2026-05-08 07:06:09,True
EXP000305,TK0002181,AV_Guided_Support_v1,Treatment,2026-06-18 03:10:06,True
EXP000306,TK0002184,AV_Guided_Support_v1,Treatment,2026-04-12 15:53:20,True
EXP000307,TK0002185,AV_Guided_Support_v1,Control,2026-04-30 06:06:45,True
EXP000308,TK0002186,AV_Guided_Support_v1,Control,2026-04-20 21:28:59,True
EXP000309,TK0002187,AV_Guided_Support_v1,Control,2026-06-19 01:34:37,True
EXP000310,TK0002189,AV_Guided_Support_v1,Treatment,2026-04-02 11:31:47,True
EXP000311,TK0002190,AV_Guided_Support_v1,Control,2026-05-22 02:19:15,True
EXP000312,TK0002196,AV_Guided_Support_v1,Control,2026-04-12 19:27:15,True
EXP000313,TK0002208,AV_Guided_Support_v1,Control,2026-05-02 15:26:50,True
EXP000314,TK0002221,AV_Guided_Support_v1,Control,2026-06-04 23:38:54,True
EXP000315,TK0002222,AV_Guided_Support_v1,Control,2026-04-27 17:51:22,True
EXP000316,TK0002226,AV_Guided_Support_v1,Treatment,2026-04-03 18:55:44,True
EXP000317,TK0002234,AV_Guided_Support_v1,Treatment,2026-06-22 18:18:50,True
EXP000318,TK0002238,AV_Guided_Support_v1,Treatment,2026-05-27 16:21:02,True
EXP000319,TK0002246,AV_Guided_Support_v1,Treatment,2026-05-01 02:18:41,True
EXP000320,TK0002259,AV_Guided_Support_v1,Treatment,2026-06-20 04:19:18,True
EXP000321,TK0002263,AV_Guided_Support_v1,Control,2026-05-22 16:36:59,True
EXP000322,TK0002270,AV_Guided_Support_v1,Control,2026-04-16 08:18:47,True
EXP000323,TK0002280,AV_Guided_Support_v1,Control,2026-06-11 01:24:44,True
EXP000324,TK0002295,AV_Guided_Support_v1,Treatment,2026-04-07 03:00:12,True
EXP000325,TK0002297,AV_Guided_Support_v1,Control,2026-04-15 15:00:23,True
EXP000326,TK0002302,AV_Guided_Support_v1,Control,2026-06-30 09:00:47,True
EXP000327,TK0002315,AV_Guided_Support_v1,Control,2026-05-07 04:28:10,True
EXP000328,TK0002317,AV_Guided_Support_v1,Control,2026-04-07 13:41:04,True
EXP000329,TK0002341,AV_Guided_Support_v1,Control,2026-05-06 15:56:54,True
EXP000330,TK0002343,AV_Guided_Support_v1,Control,2026-05-24 21:12:52,True
EXP000331,TK0002348,AV_Guided_Support_v1,Control,2026-05-06 00:58:37,True
EXP000332,TK0002351,AV_Guided_Support_v1,Treatment,2026-06-04 22:23:39,True
EXP000333,TK0002356,AV_Guided_Support_v1,Treatment,2026-06-29 08:21:40,True
EXP000334,TK0002386,AV_Guided_Support_v1,Control,2026-05-01 03:35:27,True
EXP000335,TK0002390,AV_Guided_Support_v1,Treatment,2026-05-28 18:06:14,True
EXP000336,TK0002392,AV_Guided_Support_v1,Treatment,2026-04-21 03:36:23,True
EXP000337,TK0002398,AV_Guided_Support_v1,Control,2026-06-15 08:18:14,True
EXP000338,TK0002401,AV_Guided_Support_v1,Treatment,2026-04-09 18:22:50,True
EXP000339,TK0002402,AV_Guided_Support_v1,Treatment,2026-04-28 09:51:57,True
EXP000340,TK0002412,AV_Guided_Support_v1,Treatment,2026-05-17 07:50:05,True
EXP000341,TK0002417,AV_Guided_Support_v1,Control,2026-05-07 23:42:25,True
EXP000342,TK0002418,AV_Guided_Support_v1,Control,2026-06-30 20:00:34,True
EXP000343,TK0002428,AV_Guided_Support_v1,Treatment,2026-04-19 19:07:07,True
EXP000344,TK0002429,AV_Guided_Support_v1,Control,2026-05-03 16:47:00,True
EXP000345,TK0002436,AV_Guided_Support_v1,Treatment,2026-06-04 13:57:24,True
EXP000346,TK0002441,AV_Guided_Support_v1,Control,2026-05-08 15:17:28,True
EXP000347,TK0002443,AV_Guided_Support_v1,Treatment,2026-05-09 19:29:19,True
EXP000348,TK0002455,AV_Guided_Support_v1,Treatment,2026-05-05 14:27:16,True
EXP000349,TK0002458,AV_Guided_Support_v1,Treatment,2026-05-23 13:10:37,True
EXP000350,TK0002463,AV_Guided_Support_v1,Treatment,2026-04-17 19:39:27,True
EXP000351,TK0002467,AV_Guided_Support_v1,Control,2026-04-10 22:57:40,True
EXP000352,TK0002471,AV_Guided_Support_v1,Control,2026-04-14 10:50:44,True
EXP000353,TK0002472,AV_Guided_Support_v1,Control,2026-06-30 21:38:23,True
EXP000354,TK0002478,AV_Guided_Support_v1,Treatment,2026-06-08 19:59:36,True
EXP000355,TK0002483,AV_Guided_Support_v1,Treatment,2026-06-06 02:47:32,True
EXP000356,TK0002498,AV_Guided_Support_v1,Control,2026-05-26 04:56:09,True
EXP000357,TK0002500,AV_Guided_Support_v1,Control,2026-06-21 19:31:07,True
EXP000358,TK0002508,AV_Guided_Support_v1,Control,2026-05-31 14:05:53,True
EXP000359,TK0002519,AV_Guided_Support_v1,Treatment,2026-04-07 05:28:54,True
EXP000360,TK0002522,AV_Guided_Support_v1,Control,2026-05-25 12:56:10,True
EXP000361,TK0002524,AV_Guided_Support_v1,Control,2026-04-28 09:18:40,True
EXP000362,TK0002526,AV_Guided_Support_v1,Control,2026-04-10 05:57:04,True
EXP000363,TK0002535,AV_Guided_Support_v1,Control,2026-06-13 06:53:30,True
EXP000364,TK0002553,AV_Guided_Support_v1,Treatment,2026-04-22 23:01:19,True
EXP000365,TK0002564,AV_Guided_Support_v1,Treatment,2026-05-19 22:44:31,True
EXP000366,TK0002570,AV_Guided_Support_v1,Control,2026-06-29 03:24:03,True
EXP000367,TK0002572,AV_Guided_Support_v1,Treatment,2026-05-18 03:57:19,True
EXP000368,TK0002583,AV_Guided_Support_v1,Treatment,2026-06-18 22:02:39,True
EXP000369,TK0002597,AV_Guided_Support_v1,Treatment,2026-05-15 20:46:21,True
EXP000370,TK0002621,AV_Guided_Support_v1,Control,2026-04-12 09:35:59,True
EXP000371,TK0002646,AV_Guided_Support_v1,Treatment,2026-04-07 18:34:25,True
EXP000372,TK0002653,AV_Guided_Support_v1,Treatment,2026-04-03 16:48:11,True
EXP000373,TK0002654,AV_Guided_Support_v1,Treatment,2026-04-04 03:56:02,True
EXP000374,TK0002665,AV_Guided_Support_v1,Control,2026-04-30 04:39:45,True
EXP000375,TK0002666,AV_Guided_Support_v1,Treatment,2026-05-10 02:46:16,True
EXP000376,TK0002680,AV_Guided_Support_v1,Treatment,2026-05-05 22:56:56,True
EXP000377,TK0002692,AV_Guided_Support_v1,Control,2026-04-01 06:39:10,True
EXP000378,TK0002711,AV_Guided_Support_v1,Treatment,2026-05-19 13:31:16,True
EXP000379,TK0002727,AV_Guided_Support_v1,Treatment,2026-06-04 22:56:09,True
EXP000380,TK0002738,AV_Guided_Support_v1,Treatment,2026-05-10 20:10:01,True
EXP000381,TK0002740,AV_Guided_Support_v1,Treatment,2026-04-11 06:53:58,True
EXP000382,TK0002742,AV_Guided_Support_v1,Treatment,2026-06-15 05:44:21,True
EXP000383,TK0002754,AV_Guided_Support_v1,Treatment,2026-05-06 17:49:21,True
EXP000384,TK0002764,AV_Guided_Support_v1,Control,2026-05-05 10:53:07,True
EXP000385,TK0002776,AV_Guided_Support_v1,Control,2026-06-19 15:54:23,True
EXP000386,TK0002778,AV_Guided_Support_v1,Control,2026-06-02 07:37:04,True
EXP000387,TK0002782,AV_Guided_Support_v1,Treatment,2026-05-21 22:04:50,True
EXP000388,TK0002784,AV_Guided_Support_v1,Control,2026-06-12 04:51:26,True
EXP000389,TK0002787,AV_Guided_Support_v1,Treatment,2026-04-01 22:18:40,True
EXP000390,TK0002794,AV_Guided_Support_v1,Control,2026-06-18 05:40:09,True
EXP000391,TK0002796,AV_Guided_Support_v1,Control,2026-04-28 21:46:07,True
EXP000392,TK0002800,AV_Guided_Support_v1,Treatment,2026-05-05 12:54:53,True
EXP000393,TK0002814,AV_Guided_Support_v1,Control,2026-04-28 04:24:28,True
EXP000394,TK0002815,AV_Guided_Support_v1,Treatment,2026-06-18 10:01:45,True
EXP000395,TK0002816,AV_Guided_Support_v1,Control,2026-04-10 11:38:27,True
EXP000396,TK0002824,AV_Guided_Support_v1,Control,2026-04-14 09:27:56,True
EXP000397,TK0002840,AV_Guided_Support_v1,Treatment,2026-05-03 21:19:18,True
EXP000398,TK0002846,AV_Guided_Support_v1,Treatment,2026-06-07 21:46:07,True
EXP000399,TK0002849,AV_Guided_Support_v1,Treatment,2026-05-06 15:27:22,True
EXP000400,TK0002853,AV_Guided_Support_v1,Treatment,2026-05-04 20:46:05,True
EXP000401,TK0002864,AV_Guided_Support_v1,Control,2026-05-16 08:22:03,True
EXP000402,TK0002878,AV_Guided_Support_v1,Control,2026-06-01 10:19:14,True
EXP000403,TK0002881,AV_Guided_Support_v1,Treatment,2026-04-05 05:39:18,True
EXP000404,TK0002891,AV_Guided_Support_v1,Control,2026-05-07 23:40:20,True
EXP000405,TK0002901,AV_Guided_Support_v1,Control,2026-05-25 15:21:41,True
EXP000406,TK0002912,AV_Guided_Support_v1,Treatment,2026-04-12 20:49:35,True
EXP000407,TK0002918,AV_Guided_Support_v1,Treatment,2026-05-09 06:34:04,True
EXP000408,TK0002924,AV_Guided_Support_v1,Treatment,2026-05-31 08:19:12,True
EXP000409,TK0002925,AV_Guided_Support_v1,Control,2026-06-17 08:15:57,True
EXP000410,TK0002943,AV_Guided_Support_v1,Control,2026-05-26 13:14:36,True
EXP000411,TK0002953,AV_Guided_Support_v1,Control,2026-04-21 03:34:57,True
EXP000412,TK0002965,AV_Guided_Support_v1,Treatment,2026-04-15 19:06:03,True
EXP000413,TK0002967,AV_Guided_Support_v1,Control,2026-06-19 17:05:07,True
EXP000414,TK0002978,AV_Guided_Support_v1,Control,2026-04-20 16:34:58,True
EXP000415,TK0002984,AV_Guided_Support_v1,Treatment,2026-06-13 06:15:44,True
EXP000416,TK0002992,AV_Guided_Support_v1,Control,2026-05-26 19:18:06,True
EXP000417,TK0002998,AV_Guided_Support_v1,Control,2026-04-13 07:06:50,True
EXP000418,TK0002999,AV_Guided_Support_v1,Treatment,2026-04-15 23:09:40,True
EXP000419,TK0003028,AV_Guided_Support_v1,Control,2026-06-30 00:26:13,True
EXP000420,TK0003035,AV_Guided_Support_v1,Control,2026-06-15 08:57:01,True
EXP000421,TK0003046,AV_Guided_Support_v1,Control,2026-05-24 11:04:32,True
EXP000422,TK0003056,AV_Guided_Support_v1,Treatment,2026-06-16 13:01:36,True
EXP000423,TK0003061,AV_Guided_Support_v1,Control,2026-05-27 22:56:55,True
EXP000424,TK0003062,AV_Guided_Support_v1,Control,2026-05-30 22:37:47,True
EXP000425,TK0003067,AV_Guided_Support_v1,Treatment,2026-04-30 05:33:41,True
EXP000426,TK0003078,AV_Guided_Support_v1,Treatment,2026-04-10 11:23:43,True
EXP000427,TK0003089,AV_Guided_Support_v1,Treatment,2026-06-07 08:52:08,True
EXP000428,TK0003092,AV_Guided_Support_v1,Treatment,2026-04-02 18:15:39,True
EXP000429,TK0003102,AV_Guided_Support_v1,Control,2026-04-15 04:10:21,True
EXP000430,TK0003111,AV_Guided_Support_v1,Control,2026-06-07 01:31:30,True
EXP000431,TK0003117,AV_Guided_Support_v1,Control,2026-05-16 08:07:13,True
EXP000432,TK0003119,AV_Guided_Support_v1,Treatment,2026-04-20 22:44:53,True
EXP000433,TK0003129,AV_Guided_Support_v1,Control,2026-06-15 08:07:19,True
EXP000434,TK0003133,AV_Guided_Support_v1,Treatment,2026-06-04 11:16:49,True
EXP000435,TK0003134,AV_Guided_Support_v1,Control,2026-05-19 21:48:01,True
EXP000436,TK0003135,AV_Guided_Support_v1,Treatment,2026-06-04 04:39:17,True
EXP000437,TK0003144,AV_Guided_Support_v1,Control,2026-04-24 23:27:10,True
EXP000438,TK0003153,AV_Guided_Support_v1,Treatment,2026-05-10 09:02:29,True
EXP000439,TK0003156,AV_Guided_Support_v1,Treatment,2026-06-23 12:42:44,True
EXP000440,TK0003165,AV_Guided_Support_v1,Control,2026-05-08 20:06:13,True
EXP000441,TK0003169,AV_Guided_Support_v1,Control,2026-05-05 21:34:42,True
EXP000442,TK0003184,AV_Guided_Support_v1,Treatment,2026-05-11 19:31:57,True
EXP000443,TK0003194,AV_Guided_Support_v1,Control,2026-05-05 10:04:42,True
EXP000444,TK0003199,AV_Guided_Support_v1,Control,2026-05-18 00:31:33,True
EXP000445,TK0003208,AV_Guided_Support_v1,Treatment,2026-06-11 00:08:24,True
EXP000446,TK0003219,AV_Guided_Support_v1,Treatment,2026-04-16 05:14:49,True
EXP000447,TK0003223,AV_Guided_Support_v1,Treatment,2026-06-06 19:14:11,True
EXP000448,TK0003226,AV_Guided_Support_v1,Treatment,2026-06-28 22:42:22,True
EXP000449,TK0003247,AV_Guided_Support_v1,Control,2026-05-03 00:52:12,True
EXP000450,TK0003252,AV_Guided_Support_v1,Treatment,2026-04-05 14:03:31,True
EXP000451,TK0003257,AV_Guided_Support_v1,Control,2026-05-27 13:44:16,True
EXP000452,TK0003260,AV_Guided_Support_v1,Treatment,2026-06-03 19:21:11,True
EXP000453,TK0003270,AV_Guided_Support_v1,Control,2026-06-18 12:29:46,True
EXP000454,TK0003275,AV_Guided_Support_v1,Control,2026-04-02 15:43:56,True
EXP000455,TK0003291,AV_Guided_Support_v1,Control,2026-04-01 12:04:58,True
EXP000456,TK0003292,AV_Guided_Support_v1,Control,2026-06-21 12:28:19,True
EXP000457,TK0003295,AV_Guided_Support_v1,Treatment,2026-05-16 13:04:51,True
EXP000458,TK0003297,AV_Guided_Support_v1,Control,2026-04-03 11:17:18,True
EXP000459,TK0003308,AV_Guided_Support_v1,Control,2026-04-01 09:43:40,True
EXP000460,TK0003336,AV_Guided_Support_v1,Control,2026-05-18 19:10:34,True
EXP000461,TK0003340,AV_Guided_Support_v1,Treatment,2026-05-30 20:24:06,True
EXP000462,TK0003344,AV_Guided_Support_v1,Treatment,2026-05-31 00:07:31,True
EXP000463,TK0003346,AV_Guided_Support_v1,Control,2026-06-05 13:08:47,True
EXP000464,TK0003360,AV_Guided_Support_v1,Treatment,2026-06-12 07:52:04,True
EXP000465,TK0003365,AV_Guided_Support_v1,Control,2026-06-22 03:49:57,True
EXP000466,TK0003371,AV_Guided_Support_v1,Control,2026-06-03 16:41:47,True
EXP000467,TK0003392,AV_Guided_Support_v1,Control,2026-06-18 01:45:04,True
EXP000468,TK0003395,AV_Guided_Support_v1,Control,2026-05-03 07:55:44,True
EXP000469,TK0003397,AV_Guided_Support_v1,Treatment,2026-06-22 04:37:46,True
EXP000470,TK0003398,AV_Guided_Support_v1,Treatment,2026-04-29 09:17:29,True
EXP000471,TK0003404,AV_Guided_Support_v1,Treatment,2026-06-01 01:51:41,True
EXP000472,TK0003408,AV_Guided_Support_v1,Treatment,2026-05-31 10:11:11,True
EXP000473,TK0003425,AV_Guided_Support_v1,Control,2026-06-15 04:45:26,True
EXP000474,TK0003453,AV_Guided_Support_v1,Control,2026-04-04 21:34:22,True
EXP000475,TK0003456,AV_Guided_Support_v1,Treatment,2026-06-12 00:37:54,True
EXP000476,TK0003468,AV_Guided_Support_v1,Control,2026-06-22 06:02:31,True
EXP000477,TK0003475,AV_Guided_Support_v1,Treatment,2026-04-02 02:25:33,True
EXP000478,TK0003481,AV_Guided_Support_v1,Treatment,2026-06-18 06:00:49,True
EXP000479,TK0003492,AV_Guided_Support_v1,Treatment,2026-04-29 17:55:16,True
EXP000480,TK0003499,AV_Guided_Support_v1,Control,2026-06-16 14:22:47,True
EXP000481,TK0003502,AV_Guided_Support_v1,Control,2026-05-04 09:32:52,True
EXP000482,TK0003503,AV_Guided_Support_v1,Control,2026-04-06 20:25:37,True
EXP000483,TK0003505,AV_Guided_Support_v1,Control,2026-04-28 18:45:41,True
EXP000484,TK0003509,AV_Guided_Support_v1,Treatment,2026-06-19 02:36:09,True
EXP000485,TK0003512,AV_Guided_Support_v1,Control,2026-06-22 13:46:14,True
EXP000486,TK0003519,AV_Guided_Support_v1,Control,2026-05-13 20:31:39,True
EXP000487,TK0003520,AV_Guided_Support_v1,Treatment,2026-04-01 13:49:28,True
EXP000488,TK0003523,AV_Guided_Support_v1,Control,2026-05-05 06:45:56,True
EXP000489,TK0003525,AV_Guided_Support_v1,Control,2026-04-29 23:40:25,True
EXP000490,TK0003526,AV_Guided_Support_v1,Control,2026-06-09 16:58:50,True
EXP000491,TK0003527,AV_Guided_Support_v1,Control,2026-06-03 05:26:14,True
EXP000492,TK0003530,AV_Guided_Support_v1,Treatment,2026-05-24 12:38:13,True
EXP000493,TK0003536,AV_Guided_Support_v1,Control,2026-04-25 11:57:25,True
EXP000494,TK0003542,AV_Guided_Support_v1,Control,2026-05-19 21:20:12,True
EXP000495,TK0003546,AV_Guided_Support_v1,Treatment,2026-06-24 21:12:56,True
EXP000496,TK0003549,AV_Guided_Support_v1,Treatment,2026-06-27 18:14:22,True
EXP000497,TK0003553,AV_Guided_Support_v1,Treatment,2026-06-11 08:34:22,True
EXP000498,TK0003564,AV_Guided_Support_v1,Control,2026-06-14 23:34:16,True
EXP000499,TK0003567,AV_Guided_Support_v1,Treatment,2026-06-28 18:02:17,True
EXP000500,TK0003575,AV_Guided_Support_v1,Treatment,2026-06-07 22:53:46,True
EXP000501,TK0003582,AV_Guided_Support_v1,Control,2026-04-14 01:16:24,True
EXP000502,TK0003584,AV_Guided_Support_v1,Treatment,2026-05-12 08:06:09,True
EXP000503,TK0003597,AV_Guided_Support_v1,Control,2026-06-15 04:09:54,True
EXP000504,TK0003599,AV_Guided_Support_v1,Control,2026-04-13 20:12:12,True
EXP000505,TK0003603,AV_Guided_Support_v1,Treatment,2026-06-12 11:28:37,True
EXP000506,TK0003621,AV_Guided_Support_v1,Treatment,2026-06-25 20:26:46,True
EXP000507,TK0003631,AV_Guided_Support_v1,Control,2026-05-16 12:25:12,True
EXP000508,TK0003636,AV_Guided_Support_v1,Treatment,2026-04-24 03:56:39,True
EXP000509,TK0003638,AV_Guided_Support_v1,Treatment,2026-05-26 18:57:01,True
EXP000510,TK0003646,AV_Guided_Support_v1,Control,2026-04-30 19:25:25,True
EXP000511,TK0003660,AV_Guided_Support_v1,Control,2026-05-10 06:15:54,True
EXP000512,TK0003663,AV_Guided_Support_v1,Treatment,2026-06-02 08:19:02,True
EXP000513,TK0003664,AV_Guided_Support_v1,Control,2026-06-09 06:16:19,True
EXP000514,TK0003668,AV_Guided_Support_v1,Treatment,2026-04-20 09:20:25,True
EXP000515,TK0003672,AV_Guided_Support_v1,Treatment,2026-06-04 20:40:40,True
EXP000516,TK0003679,AV_Guided_Support_v1,Treatment,2026-04-10 17:32:27,True
EXP000517,TK0003680,AV_Guided_Support_v1,Treatment,2026-04-19 08:29:17,True
EXP000518,TK0003685,AV_Guided_Support_v1,Control,2026-04-17 14:07:43,True
EXP000519,TK0003690,AV_Guided_Support_v1,Control,2026-06-25 11:26:02,True
EXP000520,TK0003699,AV_Guided_Support_v1,Control,2026-06-04 13:12:34,True
EXP000521,TK0003701,AV_Guided_Support_v1,Control,2026-04-11 23:54:40,True
EXP000522,TK0003704,AV_Guided_Support_v1,Treatment,2026-06-10 04:59:11,True
EXP000523,TK0003709,AV_Guided_Support_v1,Treatment,2026-04-13 06:31:16,True
EXP000524,TK0003713,AV_Guided_Support_v1,Control,2026-05-23 15:09:20,True
EXP000525,TK0003725,AV_Guided_Support_v1,Control,2026-04-01 07:41:43,True
EXP000526,TK0003744,AV_Guided_Support_v1,Treatment,2026-06-03 21:39:59,True
EXP000527,TK0003755,AV_Guided_Support_v1,Treatment,2026-06-21 12:49:11,True
EXP000528,TK0003758,AV_Guided_Support_v1,Control,2026-04-26 20:39:55,True
EXP000529,TK0003759,AV_Guided_Support_v1,Control,2026-04-15 05:45:48,True
EXP000530,TK0003769,AV_Guided_Support_v1,Control,2026-04-12 02:34:29,True
EXP000531,TK0003791,AV_Guided_Support_v1,Control,2026-06-16 11:57:56,True
EXP000532,TK0003792,AV_Guided_Support_v1,Treatment,2026-04-18 09:19:09,True
EXP000533,TK0003797,AV_Guided_Support_v1,Control,2026-05-14 08:40:22,True
EXP000534,TK0003802,AV_Guided_Support_v1,Treatment,2026-04-07 22:03:03,True
EXP000535,TK0003811,AV_Guided_Support_v1,Treatment,2026-04-05 13:00:18,True
EXP000536,TK0003812,AV_Guided_Support_v1,Control,2026-06-04 14:29:56,True
EXP000537,TK0003824,AV_Guided_Support_v1,Treatment,2026-06-09 19:46:32,True
EXP000538,TK0003833,AV_Guided_Support_v1,Treatment,2026-05-09 00:21:09,True
EXP000539,TK0003835,AV_Guided_Support_v1,Treatment,2026-04-29 14:27:44,True
EXP000540,TK0003839,AV_Guided_Support_v1,Control,2026-05-05 17:36:12,True
EXP000541,TK0003841,AV_Guided_Support_v1,Control,2026-06-27 03:12:17,True
EXP000542,TK0003845,AV_Guided_Support_v1,Control,2026-04-21 09:35:29,True
EXP000543,TK0003846,AV_Guided_Support_v1,Control,2026-05-05 15:27:17,True
EXP000544,TK0003851,AV_Guided_Support_v1,Treatment,2026-06-29 21:31:09,True
EXP000545,TK0003855,AV_Guided_Support_v1,Treatment,2026-04-22 00:17:31,True
EXP000546,TK0003861,AV_Guided_Support_v1,Control,2026-06-21 05:52:02,True
EXP000547,TK0003868,AV_Guided_Support_v1,Treatment,2026-05-16 19:23:43,True
EXP000548,TK0003887,AV_Guided_Support_v1,Control,2026-05-05 16:35:45,True
EXP000549,TK0003928,AV_Guided_Support_v1,Control,2026-05-11 14:14:31,True
EXP000550,TK0003929,AV_Guided_Support_v1,Treatment,2026-06-26 12:58:20,True
EXP000551,TK0003932,AV_Guided_Support_v1,Control,2026-05-15 02:12:28,True
EXP000552,TK0003935,AV_Guided_Support_v1,Treatment,2026-06-21 02:29:41,True
EXP000553,TK0003939,AV_Guided_Support_v1,Control,2026-06-12 11:31:14,True
EXP000554,TK0003942,AV_Guided_Support_v1,Control,2026-04-15 16:30:26,True
EXP000555,TK0003963,AV_Guided_Support_v1,Control,2026-06-11 01:40:35,True
EXP000556,TK0003964,AV_Guided_Support_v1,Treatment,2026-05-22 01:59:40,True
EXP000557,TK0003986,AV_Guided_Support_v1,Control,2026-04-13 03:10:13,True
EXP000558,TK0003989,AV_Guided_Support_v1,Control,2026-05-20 13:45:38,True
EXP000559,TK0003991,AV_Guided_Support_v1,Control,2026-04-05 06:33:50,True
EXP000560,TK0003992,AV_Guided_Support_v1,Treatment,2026-04-11 06:56:52,True
EXP000561,TK0003996,AV_Guided_Support_v1,Control,2026-05-11 19:19:48,True
EXP000562,TK0004001,AV_Guided_Support_v1,Treatment,2026-04-29 12:42:07,True
EXP000563,TK0004003,AV_Guided_Support_v1,Treatment,2026-04-26 15:21:29,True
EXP000564,TK0004004,AV_Guided_Support_v1,Treatment,2026-06-14 02:36:26,True
EXP000565,TK0004010,AV_Guided_Support_v1,Treatment,2026-05-25 04:41:52,True
EXP000566,TK0004014,AV_Guided_Support_v1,Treatment,2026-04-10 22:27:15,True
EXP000567,TK0004030,AV_Guided_Support_v1,Control,2026-06-04 08:43:24,True
EXP000568,TK0004032,AV_Guided_Support_v1,Treatment,2026-05-29 03:03:49,True
EXP000569,TK0004033,AV_Guided_Support_v1,Control,2026-05-31 11:17:35,True
EXP000570,TK0004037,AV_Guided_Support_v1,Control,2026-05-30 08:47:42,True
EXP000571,TK0004041,AV_Guided_Support_v1,Treatment,2026-05-11 13:30:04,True
EXP000572,TK0004044,AV_Guided_Support_v1,Treatment,2026-05-16 04:02:52,True
EXP000573,TK0004058,AV_Guided_Support_v1,Control,2026-06-23 03:28:20,True
EXP000574,TK0004078,AV_Guided_Support_v1,Control,2026-06-10 21:21:51,True
EXP000575,TK0004079,AV_Guided_Support_v1,Control,2026-06-26 02:49:50,True
EXP000576,TK0004091,AV_Guided_Support_v1,Treatment,2026-04-02 00:43:22,True
EXP000577,TK0004092,AV_Guided_Support_v1,Control,2026-06-27 18:58:45,True
EXP000578,TK0004097,AV_Guided_Support_v1,Control,2026-04-05 10:09:36,True
EXP000579,TK0004113,AV_Guided_Support_v1,Treatment,2026-06-14 12:51:44,True
EXP000580,TK0004114,AV_Guided_Support_v1,Treatment,2026-06-03 16:54:41,True
EXP000581,TK0004115,AV_Guided_Support_v1,Treatment,2026-05-15 05:58:32,True
EXP000582,TK0004124,AV_Guided_Support_v1,Control,2026-04-06 16:20:58,True
EXP000583,TK0004132,AV_Guided_Support_v1,Control,2026-06-14 08:51:01,True
EXP000584,TK0004140,AV_Guided_Support_v1,Control,2026-05-11 14:04:26,True
EXP000585,TK0004141,AV_Guided_Support_v1,Control,2026-06-07 12:09:52,True
EXP000586,TK0004145,AV_Guided_Support_v1,Treatment,2026-04-15 20:13:32,True
EXP000587,TK0004149,AV_Guided_Support_v1,Control,2026-06-30 00:30:52,True
EXP000588,TK0004155,AV_Guided_Support_v1,Treatment,2026-06-18 00:14:19,True
EXP000589,TK0004156,AV_Guided_Support_v1,Treatment,2026-06-13 13:21:24,True
EXP000590,TK0004157,AV_Guided_Support_v1,Treatment,2026-05-03 12:49:07,True
EXP000591,TK0004158,AV_Guided_Support_v1,Control,2026-06-02 09:58:52,True
EXP000592,TK0004173,AV_Guided_Support_v1,Treatment,2026-04-27 23:11:35,True
EXP000593,TK0004174,AV_Guided_Support_v1,Treatment,2026-04-25 08:20:48,True
EXP000594,TK0004176,AV_Guided_Support_v1,Treatment,2026-04-05 15:13:24,True
EXP000595,TK0004188,AV_Guided_Support_v1,Treatment,2026-04-02 12:05:09,True
EXP000596,TK0004197,AV_Guided_Support_v1,Treatment,2026-04-27 16:11:42,True
EXP000597,TK0004202,AV_Guided_Support_v1,Control,2026-05-16 02:35:47,True
EXP000598,TK0004204,AV_Guided_Support_v1,Treatment,2026-06-23 13:25:01,True
EXP000599,TK0004213,AV_Guided_Support_v1,Treatment,2026-06-02 23:31:59,True
EXP000600,TK0004214,AV_Guided_Support_v1,Treatment,2026-04-13 02:01:14,True
EXP000601,TK0004219,AV_Guided_Support_v1,Control,2026-05-12 19:21:22,True
EXP000602,TK0004229,AV_Guided_Support_v1,Control,2026-05-05 12:14:54,True
EXP000603,TK0004242,AV_Guided_Support_v1,Control,2026-05-05 21:59:06,True
EXP000604,TK0004257,AV_Guided_Support_v1,Control,2026-04-02 00:12:19,True
EXP000605,TK0004277,AV_Guided_Support_v1,Treatment,2026-06-25 04:30:07,True
EXP000606,TK0004280,AV_Guided_Support_v1,Control,2026-06-28 17:17:51,True
EXP000607,TK0004283,AV_Guided_Support_v1,Control,2026-06-16 16:11:09,True
EXP000608,TK0004285,AV_Guided_Support_v1,Treatment,2026-05-20 02:42:49,True
EXP000609,TK0004289,AV_Guided_Support_v1,Treatment,2026-06-21 00:00:14,True
EXP000610,TK0004313,AV_Guided_Support_v1,Treatment,2026-05-28 12:03:03,True
EXP000611,TK0004318,AV_Guided_Support_v1,Control,2026-05-26 13:31:44,True
EXP000612,TK0004322,AV_Guided_Support_v1,Control,2026-06-02 02:00:06,True
EXP000613,TK0004325,AV_Guided_Support_v1,Control,2026-06-08 00:37:37,True
EXP000614,TK0004331,AV_Guided_Support_v1,Control,2026-06-11 01:18:59,True
EXP000615,TK0004336,AV_Guided_Support_v1,Treatment,2026-05-26 07:38:25,True
EXP000616,TK0004339,AV_Guided_Support_v1,Control,2026-05-19 02:12:20,True
EXP000617,TK0004345,AV_Guided_Support_v1,Control,2026-05-24 16:19:07,True
EXP000618,TK0004348,AV_Guided_Support_v1,Control,2026-04-09 05:06:19,True
EXP000619,TK0004349,AV_Guided_Support_v1,Treatment,2026-04-29 09:57:21,True
EXP000620,TK0004356,AV_Guided_Support_v1,Treatment,2026-06-22 17:06:03,True
EXP000621,TK0004371,AV_Guided_Support_v1,Control,2026-04-04 23:12:11,True
EXP000622,TK0004380,AV_Guided_Support_v1,Treatment,2026-04-12 02:02:45,True
EXP000623,TK0004390,AV_Guided_Support_v1,Control,2026-06-05 12:35:55,True
EXP000624,TK0004427,AV_Guided_Support_v1,Control,2026-04-14 13:30:17,True
EXP000625,TK0004441,AV_Guided_Support_v1,Control,2026-06-27 14:18:19,True
EXP000626,TK0004448,AV_Guided_Support_v1,Control,2026-04-01 06:41:14,True
EXP000627,TK0004450,AV_Guided_Support_v1,Treatment,2026-06-15 15:43:23,True
EXP000628,TK0004451,AV_Guided_Support_v1,Control,2026-04-08 00:15:08,True
EXP000629,TK0004460,AV_Guided_Support_v1,Treatment,2026-06-09 22:58:33,True
EXP000630,TK0004462,AV_Guided_Support_v1,Control,2026-04-02 01:33:09,True
EXP000631,TK0004481,AV_Guided_Support_v1,Treatment,2026-06-11 00:06:38,True
EXP000632,TK0004487,AV_Guided_Support_v1,Control,2026-06-26 16:50:37,True
EXP000633,TK0004495,AV_Guided_Support_v1,Control,2026-06-24 05:15:00,True
EXP000634,TK0004497,AV_Guided_Support_v1,Control,2026-04-28 12:49:52,True
EXP000635,TK0004499,AV_Guided_Support_v1,Control,2026-05-10 15:01:19,True
EXP000636,TK0004501,AV_Guided_Support_v1,Treatment,2026-04-25 22:13:53,True
EXP000637,TK0004506,AV_Guided_Support_v1,Control,2026-04-27 02:06:33,True
EXP000638,TK0004519,AV_Guided_Support_v1,Control,2026-05-17 13:10:42,True
EXP000639,TK0004521,AV_Guided_Support_v1,Control,2026-06-10 05:37:37,True
EXP000640,TK0004523,AV_Guided_Support_v1,Treatment,2026-04-20 11:16:57,True
EXP000641,TK0004525,AV_Guided_Support_v1,Treatment,2026-05-13 09:09:25,True
EXP000642,TK0004530,AV_Guided_Support_v1,Treatment,2026-05-19 22:36:35,True
EXP000643,TK0004548,AV_Guided_Support_v1,Control,2026-06-08 07:34:18,True
EXP000644,TK0004550,AV_Guided_Support_v1,Treatment,2026-04-13 20:15:51,True
EXP000645,TK0004551,AV_Guided_Support_v1,Control,2026-04-18 14:14:11,True
EXP000646,TK0004554,AV_Guided_Support_v1,Control,2026-05-21 17:30:52,True
EXP000647,TK0004566,AV_Guided_Support_v1,Treatment,2026-04-27 11:10:41,True
EXP000648,TK0004572,AV_Guided_Support_v1,Control,2026-04-19 06:12:37,True
EXP000649,TK0004592,AV_Guided_Support_v1,Control,2026-05-27 01:24:44,True
EXP000650,TK0004596,AV_Guided_Support_v1,Treatment,2026-05-29 00:28:48,True
EXP000651,TK0004598,AV_Guided_Support_v1,Control,2026-04-16 18:19:43,True
EXP000652,TK0004599,AV_Guided_Support_v1,Treatment,2026-06-09 04:53:49,True
EXP000653,TK0004603,AV_Guided_Support_v1,Control,2026-05-26 09:55:34,True
EXP000654,TK0004607,AV_Guided_Support_v1,Control,2026-05-16 08:10:46,True
EXP000655,TK0004610,AV_Guided_Support_v1,Treatment,2026-04-20 02:09:56,True
EXP000656,TK0004611,AV_Guided_Support_v1,Treatment,2026-06-08 09:50:20,True
EXP000657,TK0004616,AV_Guided_Support_v1,Control,2026-05-19 15:47:29,True
EXP000658,TK0004619,AV_Guided_Support_v1,Treatment,2026-05-19 05:25:39,True
EXP000659,TK0004629,AV_Guided_Support_v1,Treatment,2026-04-04 01:08:48,True
EXP000660,TK0004632,AV_Guided_Support_v1,Control,2026-06-12 02:21:57,True
EXP000661,TK0004635,AV_Guided_Support_v1,Control,2026-04-25 01:13:00,True
EXP000662,TK0004640,AV_Guided_Support_v1,Treatment,2026-06-05 03:38:27,True
EXP000663,TK0004654,AV_Guided_Support_v1,Treatment,2026-04-23 14:45:19,True
EXP000664,TK0004659,AV_Guided_Support_v1,Control,2026-04-18 17:39:49,True
EXP000665,TK0004662,AV_Guided_Support_v1,Treatment,2026-05-03 05:19:23,True
EXP000666,TK0004669,AV_Guided_Support_v1,Treatment,2026-04-07 21:03:36,True
EXP000667,TK0004684,AV_Guided_Support_v1,Treatment,2026-04-17 18:07:29,True
EXP000668,TK0004690,AV_Guided_Support_v1,Treatment,2026-04-18 03:36:26,True
EXP000669,TK0004694,AV_Guided_Support_v1,Treatment,2026-05-27 20:00:46,True
EXP000670,TK0004703,AV_Guided_Support_v1,Treatment,2026-05-28 18:16:38,True
EXP000671,TK0004704,AV_Guided_Support_v1,Treatment,2026-06-24 08:59:53,True
EXP000672,TK0004718,AV_Guided_Support_v1,Control,2026-04-11 14:53:48,True
EXP000673,TK0004719,AV_Guided_Support_v1,Control,2026-04-25 11:34:13,True
EXP000674,TK0004730,AV_Guided_Support_v1,Treatment,2026-05-17 10:43:00,True
EXP000675,TK0004753,AV_Guided_Support_v1,Treatment,2026-05-29 00:29:25,True
EXP000676,TK0004754,AV_Guided_Support_v1,Control,2026-06-23 09:40:30,True
EXP000677,TK0004761,AV_Guided_Support_v1,Treatment,2026-06-16 15:14:17,True
EXP000678,TK0004767,AV_Guided_Support_v1,Treatment,2026-05-30 10:03:48,True
EXP000679,TK0004768,AV_Guided_Support_v1,Treatment,2026-06-25 08:22:55,True
EXP000680,TK0004781,AV_Guided_Support_v1,Control,2026-05-27 17:30:37,True
EXP000681,TK0004790,AV_Guided_Support_v1,Treatment,2026-04-20 02:35:38,True
EXP000682,TK0004791,AV_Guided_Support_v1,Treatment,2026-05-18 17:59:59,True
EXP000683,TK0004796,AV_Guided_Support_v1,Treatment,2026-06-10 22:46:14,True
EXP000684,TK0004803,AV_Guided_Support_v1,Treatment,2026-06-13 15:13:17,True
EXP000685,TK0004808,AV_Guided_Support_v1,Treatment,2026-06-23 12:11:44,True
EXP000686,TK0004820,AV_Guided_Support_v1,Treatment,2026-06-26 17:21:58,True
EXP000687,TK0004822,AV_Guided_Support_v1,Control,2026-04-29 04:21:25,True
EXP000688,TK0004827,AV_Guided_Support_v1,Treatment,2026-06-28 12:09:02,True
EXP000689,TK0004854,AV_Guided_Support_v1,Treatment,2026-04-16 10:36:33,True
EXP000690,TK0004860,AV_Guided_Support_v1,Control,2026-05-08 03:57:28,True
EXP000691,TK0004868,AV_Guided_Support_v1,Treatment,2026-05-04 15:19:01,True
EXP000692,TK0004875,AV_Guided_Support_v1,Treatment,2026-06-01 17:10:53,True
EXP000693,TK0004876,AV_Guided_Support_v1,Control,2026-06-27 11:34:38,True
EXP000694,TK0004886,AV_Guided_Support_v1,Control,2026-05-10 16:54:45,True
EXP000695,TK0004888,AV_Guided_Support_v1,Control,2026-05-06 13:46:07,True
EXP000696,TK0004903,AV_Guided_Support_v1,Control,2026-04-20 10:56:52,True
EXP000697,TK0004910,AV_Guided_Support_v1,Treatment,2026-05-14 03:43:31,True
EXP000698,TK0004914,AV_Guided_Support_v1,Treatment,2026-05-19 02:40:03,True
EXP000699,TK0004928,AV_Guided_Support_v1,Treatment,2026-05-04 03:13:35,True
EXP000700,TK0004935,AV_Guided_Support_v1,Treatment,2026-05-04 22:01:26,True
EXP000701,TK0004945,AV_Guided_Support_v1,Treatment,2026-05-17 13:31:13,True
EXP000702,TK0004951,AV_Guided_Support_v1,Control,2026-05-31 18:21:55,True
EXP000703,TK0004954,AV_Guided_Support_v1,Control,2026-04-13 19:45:38,True
EXP000704,TK0004958,AV_Guided_Support_v1,Control,2026-05-19 23:08:38,True
EXP000705,TK0004959,AV_Guided_Support_v1,Treatment,2026-04-05 09:21:28,True
EXP000706,TK0004960,AV_Guided_Support_v1,Treatment,2026-06-03 18:29:40,True
EXP000707,TK0004965,AV_Guided_Support_v1,Control,2026-06-16 05:39:08,True
EXP000708,TK0004968,AV_Guided_Support_v1,Treatment,2026-04-10 16:08:34,True
EXP000709,TK0004976,AV_Guided_Support_v1,Treatment,2026-06-05 22:09:37,True
EXP000710,TK0004983,AV_Guided_Support_v1,Control,2026-06-27 08:00:10,True
EXP000711,TK0004996,AV_Guided_Support_v1,Control,2026-05-09 03:56:09,True
EXP000712,TK0005004,AV_Guided_Support_v1,Treatment,2026-05-08 04:14:53,True
EXP000713,TK0005014,AV_Guided_Support_v1,Treatment,2026-04-12 07:33:27,True
EXP000714,TK0005021,AV_Guided_Support_v1,Treatment,2026-06-01 15:20:33,True
EXP000715,TK0005035,AV_Guided_Support_v1,Treatment,2026-05-16 23:38:58,True
EXP000716,TK0005041,AV_Guided_Support_v1,Treatment,2026-04-16 19:14:32,True
EXP000717,TK0005044,AV_Guided_Support_v1,Control,2026-04-13 16:55:07,True
EXP000718,TK0005046,AV_Guided_Support_v1,Treatment,2026-06-15 04:30:15,True
EXP000719,TK0005050,AV_Guided_Support_v1,Treatment,2026-05-13 03:25:41,True
EXP000720,TK0005053,AV_Guided_Support_v1,Control,2026-06-10 06:44:24,True
EXP000721,TK0005057,AV_Guided_Support_v1,Control,2026-06-03 00:38:53,True
EXP000722,TK0005060,AV_Guided_Support_v1,Control,2026-05-03 04:12:00,True
EXP000723,TK0005061,AV_Guided_Support_v1,Control,2026-05-28 13:56:25,True
EXP000724,TK0005080,AV_Guided_Support_v1,Control,2026-05-30 04:05:48,True
EXP000725,TK0005081,AV_Guided_Support_v1,Control,2026-05-05 17:12:49,True
EXP000726,TK0005091,AV_Guided_Support_v1,Control,2026-04-06 13:00:00,True
EXP000727,TK0005092,AV_Guided_Support_v1,Control,2026-06-24 11:22:28,True
EXP000728,TK0005098,AV_Guided_Support_v1,Treatment,2026-04-30 13:19:25,True
EXP000729,TK0005107,AV_Guided_Support_v1,Treatment,2026-05-11 15:30:13,True
EXP000730,TK0005108,AV_Guided_Support_v1,Control,2026-04-02 03:18:41,True
EXP000731,TK0005121,AV_Guided_Support_v1,Treatment,2026-05-08 08:46:21,True
EXP000732,TK0005125,AV_Guided_Support_v1,Control,2026-04-15 15:19:53,True
EXP000733,TK0005128,AV_Guided_Support_v1,Treatment,2026-04-22 05:06:29,True
EXP000734,TK0005138,AV_Guided_Support_v1,Control,2026-06-17 21:40:49,True
EXP000735,TK0005147,AV_Guided_Support_v1,Treatment,2026-06-10 18:32:53,True
EXP000736,TK0005152,AV_Guided_Support_v1,Control,2026-05-24 19:26:27,True
EXP000737,TK0005177,AV_Guided_Support_v1,Treatment,2026-05-22 23:50:22,True
EXP000738,TK0005189,AV_Guided_Support_v1,Treatment,2026-04-09 07:32:25,True
EXP000739,TK0005201,AV_Guided_Support_v1,Control,2026-04-15 14:26:59,True
EXP000740,TK0005206,AV_Guided_Support_v1,Control,2026-06-01 04:59:06,True
EXP000741,TK0005210,AV_Guided_Support_v1,Treatment,2026-04-09 22:18:25,True
EXP000742,TK0005220,AV_Guided_Support_v1,Control,2026-05-12 12:45:39,True
EXP000743,TK0005223,AV_Guided_Support_v1,Control,2026-04-27 14:33:13,True
EXP000744,TK0005237,AV_Guided_Support_v1,Treatment,2026-06-07 17:13:26,True
EXP000745,TK0005238,AV_Guided_Support_v1,Treatment,2026-05-13 18:04:40,True
EXP000746,TK0005241,AV_Guided_Support_v1,Treatment,2026-04-10 00:09:55,True
EXP000747,TK0005250,AV_Guided_Support_v1,Treatment,2026-06-21 22:45:57,True
EXP000748,TK0005255,AV_Guided_Support_v1,Treatment,2026-06-23 12:32:32,True
EXP000749,TK0005256,AV_Guided_Support_v1,Control,2026-04-24 20:59:20,True
EXP000750,TK0005269,AV_Guided_Support_v1,Treatment,2026-05-13 12:21:54,True
EXP000751,TK0005270,AV_Guided_Support_v1,Control,2026-04-15 05:12:50,True
EXP000752,TK0005274,AV_Guided_Support_v1,Treatment,2026-05-25 10:51:32,True
EXP000753,TK0005285,AV_Guided_Support_v1,Treatment,2026-06-27 14:16:23,True
EXP000754,TK0005286,AV_Guided_Support_v1,Treatment,2026-05-13 16:44:56,True
EXP000755,TK0005288,AV_Guided_Support_v1,Treatment,2026-05-18 08:30:39,True
EXP000756,TK0005290,AV_Guided_Support_v1,Treatment,2026-06-06 15:30:39,True
EXP000757,TK0005291,AV_Guided_Support_v1,Control,2026-04-08 08:20:30,True
EXP000758,TK0005301,AV_Guided_Support_v1,Control,2026-05-10 07:00:08,True
EXP000759,TK0005309,AV_Guided_Support_v1,Treatment,2026-06-15 21:18:55,True
EXP000760,TK0005312,AV_Guided_Support_v1,Treatment,2026-05-14 18:21:48,True
EXP000761,TK0005318,AV_Guided_Support_v1,Treatment,2026-06-11 21:24:53,True
EXP000762,TK0005324,AV_Guided_Support_v1,Treatment,2026-06-09 00:23:33,True
EXP000763,TK0005341,AV_Guided_Support_v1,Control,2026-04-05 06:58:02,True
EXP000764,TK0005355,AV_Guided_Support_v1,Treatment,2026-04-12 17:37:33,True
EXP000765,TK0005362,AV_Guided_Support_v1,Control,2026-05-31 02:11:34,True
EXP000766,TK0005371,AV_Guided_Support_v1,Treatment,2026-05-17 20:52:52,True
EXP000767,TK0005380,AV_Guided_Support_v1,Control,2026-06-30 16:19:05,True
EXP000768,TK0005399,AV_Guided_Support_v1,Treatment,2026-06-03 16:33:09,True
EXP000769,TK0005404,AV_Guided_Support_v1,Treatment,2026-05-23 22:32:04,True
EXP000770,TK0005405,AV_Guided_Support_v1,Control,2026-05-26 20:28:29,True
EXP000771,TK0005428,AV_Guided_Support_v1,Control,2026-04-06 12:58:36,True
EXP000772,TK0005444,AV_Guided_Support_v1,Treatment,2026-05-03 10:48:06,True
EXP000773,TK0005446,AV_Guided_Support_v1,Control,2026-06-17 01:18:56,True
EXP000774,TK0005447,AV_Guided_Support_v1,Treatment,2026-06-17 02:27:34,True
EXP000775,TK0005454,AV_Guided_Support_v1,Control,2026-05-17 12:33:39,True
EXP000776,TK0005456,AV_Guided_Support_v1,Control,2026-04-28 15:09:44,True
EXP000777,TK0005460,AV_Guided_Support_v1,Control,2026-06-29 09:44:47,True
EXP000778,TK0005464,AV_Guided_Support_v1,Treatment,2026-06-03 18:57:23,True
EXP000779,TK0005465,AV_Guided_Support_v1,Treatment,2026-05-14 10:56:04,True
EXP000780,TK0005468,AV_Guided_Support_v1,Control,2026-04-18 09:26:48,True
EXP000781,TK0005486,AV_Guided_Support_v1,Treatment,2026-04-15 19:16:11,True
EXP000782,TK0005487,AV_Guided_Support_v1,Control,2026-04-07 10:31:34,True
EXP000783,TK0005496,AV_Guided_Support_v1,Control,2026-05-04 19:50:05,True
EXP000784,TK0005513,AV_Guided_Support_v1,Control,2026-06-27 13:45:15,True
EXP000785,TK0005515,AV_Guided_Support_v1,Treatment,2026-05-29 18:56:54,True
EXP000786,TK0005533,AV_Guided_Support_v1,Control,2026-05-15 14:57:14,True
EXP000787,TK0005555,AV_Guided_Support_v1,Treatment,2026-06-03 11:27:23,True
EXP000788,TK0005563,AV_Guided_Support_v1,Control,2026-05-09 10:41:05,True
EXP000789,TK0005568,AV_Guided_Support_v1,Control,2026-04-20 02:51:59,True
EXP000790,TK0005581,AV_Guided_Support_v1,Treatment,2026-05-26 02:56:02,True
EXP000791,TK0005587,AV_Guided_Support_v1,Control,2026-04-05 04:19:39,True
EXP000792,TK0005595,AV_Guided_Support_v1,Control,2026-06-15 20:28:05,True
EXP000793,TK0005599,AV_Guided_Support_v1,Treatment,2026-05-29 19:13:29,True
EXP000794,TK0005600,AV_Guided_Support_v1,Treatment,2026-05-20 08:52:12,True
EXP000795,TK0005608,AV_Guided_Support_v1,Treatment,2026-05-03 02:51:35,True
EXP000796,TK0005610,AV_Guided_Support_v1,Treatment,2026-05-26 01:56:02,True
EXP000797,TK0005612,AV_Guided_Support_v1,Control,2026-05-07 17:42:51,True
EXP000798,TK0005615,AV_Guided_Support_v1,Control,2026-05-28 06:01:19,True
EXP000799,TK0005622,AV_Guided_Support_v1,Control,2026-04-06 20:28:20,True
EXP000800,TK0005627,AV_Guided_Support_v1,Treatment,2026-06-28 13:51:20,True
EXP000801,TK0005632,AV_Guided_Support_v1,Treatment,2026-06-16 11:03:14,True
EXP000802,TK0005633,AV_Guided_Support_v1,Control,2026-04-06 07:17:44,True
EXP000803,TK0005644,AV_Guided_Support_v1,Treatment,2026-04-27 05:58:48,True
EXP000804,TK0005660,AV_Guided_Support_v1,Treatment,2026-06-25 19:06:54,True
EXP000805,TK0005661,AV_Guided_Support_v1,Treatment,2026-05-24 00:09:54,True
EXP000806,TK0005666,AV_Guided_Support_v1,Control,2026-05-19 15:37:57,True
EXP000807,TK0005667,AV_Guided_Support_v1,Control,2026-04-06 07:44:01,True
EXP000808,TK0005670,AV_Guided_Support_v1,Treatment,2026-05-15 03:55:20,True
EXP000809,TK0005671,AV_Guided_Support_v1,Control,2026-06-30 02:23:27,True
EXP000810,TK0005673,AV_Guided_Support_v1,Control,2026-05-08 05:51:58,True
EXP000811,TK0005677,AV_Guided_Support_v1,Control,2026-04-28 04:06:50,True
EXP000812,TK0005678,AV_Guided_Support_v1,Treatment,2026-06-22 07:00:16,True
EXP000813,TK0005690,AV_Guided_Support_v1,Control,2026-06-19 17:42:00,True
EXP000814,TK0005692,AV_Guided_Support_v1,Treatment,2026-05-15 17:26:56,True
EXP000815,TK0005700,AV_Guided_Support_v1,Control,2026-06-02 12:28:55,True
EXP000816,TK0005709,AV_Guided_Support_v1,Treatment,2026-04-04 15:49:37,True
EXP000817,TK0005718,AV_Guided_Support_v1,Treatment,2026-06-19 20:19:14,True
EXP000818,TK0005721,AV_Guided_Support_v1,Control,2026-05-17 16:38:33,True
EXP000819,TK0005731,AV_Guided_Support_v1,Treatment,2026-05-27 02:23:49,True
EXP000820,TK0005735,AV_Guided_Support_v1,Control,2026-04-15 09:35:36,True
EXP000821,TK0005737,AV_Guided_Support_v1,Treatment,2026-05-09 00:09:40,True
EXP000822,TK0005740,AV_Guided_Support_v1,Treatment,2026-06-12 05:17:33,True
EXP000823,TK0005744,AV_Guided_Support_v1,Control,2026-05-18 04:12:32,True
EXP000824,TK0005747,AV_Guided_Support_v1,Treatment,2026-06-19 12:33:51,True
EXP000825,TK0005756,AV_Guided_Support_v1,Treatment,2026-05-17 01:41:48,True
EXP000826,TK0005762,AV_Guided_Support_v1,Control,2026-06-08 21:01:22,True
EXP000827,TK0005764,AV_Guided_Support_v1,Treatment,2026-04-20 12:19:08,True
EXP000828,TK0005781,AV_Guided_Support_v1,Control,2026-04-18 00:36:36,True
EXP000829,TK0005785,AV_Guided_Support_v1,Treatment,2026-05-25 02:53:21,True
EXP000830,TK0005790,AV_Guided_Support_v1,Control,2026-04-19 17:06:19,True
EXP000831,TK0005799,AV_Guided_Support_v1,Treatment,2026-06-24 10:35:25,True
EXP000832,TK0005814,AV_Guided_Support_v1,Control,2026-06-15 16:17:43,True
EXP000833,TK0005824,AV_Guided_Support_v1,Control,2026-06-12 01:14:31,True
EXP000834,TK0005828,AV_Guided_Support_v1,Control,2026-04-25 09:12:43,True
EXP000835,TK0005836,AV_Guided_Support_v1,Treatment,2026-05-18 01:58:51,True
EXP000836,TK0005838,AV_Guided_Support_v1,Treatment,2026-06-25 04:08:44,True
EXP000837,TK0005844,AV_Guided_Support_v1,Treatment,2026-04-01 11:27:33,True
EXP000838,TK0005870,AV_Guided_Support_v1,Treatment,2026-04-28 07:12:54,True
EXP000839,TK0005873,AV_Guided_Support_v1,Treatment,2026-05-27 14:52:38,True
EXP000840,TK0005885,AV_Guided_Support_v1,Control,2026-04-23 03:43:39,True
EXP000841,TK0005887,AV_Guided_Support_v1,Treatment,2026-04-22 08:46:14,True
EXP000842,TK0005889,AV_Guided_Support_v1,Control,2026-04-04 18:59:17,True
EXP000843,TK0005897,AV_Guided_Support_v1,Treatment,2026-06-04 05:01:33,True
EXP000844,TK0005907,AV_Guided_Support_v1,Control,2026-05-01 02:57:44,True
EXP000845,TK0005936,AV_Guided_Support_v1,Control,2026-06-28 07:19:13,True
EXP000846,TK0005944,AV_Guided_Support_v1,Treatment,2026-05-16 15:56:57,True
EXP000847,TK0005947,AV_Guided_Support_v1,Treatment,2026-04-22 13:52:55,True
EXP000848,TK0005954,AV_Guided_Support_v1,Control,2026-04-07 17:28:31,True
EXP000849,TK0005969,AV_Guided_Support_v1,Treatment,2026-06-21 19:12:54,True
EXP000850,TK0005976,AV_Guided_Support_v1,Control,2026-04-26 15:57:48,True
EXP000851,TK0005988,AV_Guided_Support_v1,Treatment,2026-06-30 19:00:20,True
EXP000852,TK0005997,AV_Guided_Support_v1,Treatment,2026-04-04 12:56:33,True
EXP000853,TK0005998,AV_Guided_Support_v1,Control,2026-05-03 12:47:16,True
EXP000854,TK0006005,AV_Guided_Support_v1,Control,2026-05-22 15:33:25,True
EXP000855,TK0006024,AV_Guided_Support_v1,Treatment,2026-04-01 06:38:07,True
EXP000856,TK0006026,AV_Guided_Support_v1,Treatment,2026-06-08 12:24:19,True
EXP000857,TK0006034,AV_Guided_Support_v1,Treatment,2026-06-14 10:51:37,True
EXP000858,TK0006056,AV_Guided_Support_v1,Control,2026-06-14 16:15:41,True
EXP000859,TK0006071,AV_Guided_Support_v1,Treatment,2026-04-20 18:15:28,True
EXP000860,TK0006072,AV_Guided_Support_v1,Control,2026-05-15 22:32:52,True
EXP000861,TK0006074,AV_Guided_Support_v1,Treatment,2026-04-30 12:08:25,True
EXP000862,TK0006075,AV_Guided_Support_v1,Control,2026-06-12 12:15:29,True
EXP000863,TK0006093,AV_Guided_Support_v1,Control,2026-04-30 12:29:50,True
EXP000864,TK0006095,AV_Guided_Support_v1,Control,2026-06-14 06:46:18,True
EXP000865,TK0006103,AV_Guided_Support_v1,Treatment,2026-05-31 23:53:14,True
EXP000866,TK0006110,AV_Guided_Support_v1,Treatment,2026-06-11 13:33:17,True
EXP000867,TK0006111,AV_Guided_Support_v1,Control,2026-04-16 03:59:36,True
EXP000868,TK0006117,AV_Guided_Support_v1,Control,2026-05-12 14:18:25,True
EXP000869,TK0006122,AV_Guided_Support_v1,Treatment,2026-05-17 03:11:07,True
EXP000870,TK0006143,AV_Guided_Support_v1,Control,2026-04-17 05:13:17,True
EXP000871,TK0006152,AV_Guided_Support_v1,Treatment,2026-05-06 05:55:38,True
EXP000872,TK0006165,AV_Guided_Support_v1,Control,2026-05-10 15:59:48,True
EXP000873,TK0006173,AV_Guided_Support_v1,Control,2026-06-16 10:00:13,True
EXP000874,TK0006175,AV_Guided_Support_v1,Control,2026-06-06 00:17:01,True
EXP000875,TK0006177,AV_Guided_Support_v1,Control,2026-05-05 09:52:03,True
EXP000876,TK0006191,AV_Guided_Support_v1,Treatment,2026-04-12 15:13:21,True
EXP000877,TK0006197,AV_Guided_Support_v1,Treatment,2026-05-20 19:38:46,True
EXP000878,TK0006199,AV_Guided_Support_v1,Treatment,2026-05-09 07:04:21,True
EXP000879,TK0006221,AV_Guided_Support_v1,Treatment,2026-05-10 21:25:54,True
EXP000880,TK0006231,AV_Guided_Support_v1,Control,2026-06-16 22:23:13,True
EXP000881,TK0006236,AV_Guided_Support_v1,Treatment,2026-05-14 13:34:13,True
EXP000882,TK0006237,AV_Guided_Support_v1,Treatment,2026-05-16 00:55:18,True
EXP000883,TK0006246,AV_Guided_Support_v1,Control,2026-04-18 17:54:45,True
EXP000884,TK0006250,AV_Guided_Support_v1,Treatment,2026-04-21 11:17:01,True
EXP000885,TK0006267,AV_Guided_Support_v1,Control,2026-04-10 17:06:36,True
EXP000886,TK0006271,AV_Guided_Support_v1,Control,2026-04-07 15:35:27,True
EXP000887,TK0006273,AV_Guided_Support_v1,Treatment,2026-06-21 12:35:09,True
EXP000888,TK0006281,AV_Guided_Support_v1,Control,2026-05-05 16:44:52,True
EXP000889,TK0006292,AV_Guided_Support_v1,Control,2026-06-29 23:57:53,True
EXP000890,TK0006298,AV_Guided_Support_v1,Control,2026-06-28 13:36:46,True
EXP000891,TK0006312,AV_Guided_Support_v1,Treatment,2026-06-03 09:20:51,True
EXP000892,TK0006316,AV_Guided_Support_v1,Treatment,2026-04-30 17:55:02,True
EXP000893,TK0006324,AV_Guided_Support_v1,Treatment,2026-05-27 14:25:40,True
EXP000894,TK0006328,AV_Guided_Support_v1,Control,2026-04-08 21:42:26,True
EXP000895,TK0006338,AV_Guided_Support_v1,Control,2026-04-30 06:51:37,True
EXP000896,TK0006345,AV_Guided_Support_v1,Control,2026-04-18 09:12:52,True
EXP000897,TK0006352,AV_Guided_Support_v1,Control,2026-05-25 09:58:39,True
EXP000898,TK0006360,AV_Guided_Support_v1,Control,2026-04-21 14:19:13,True
EXP000899,TK0006367,AV_Guided_Support_v1,Treatment,2026-06-27 23:10:03,True
EXP000900,TK0006368,AV_Guided_Support_v1,Control,2026-06-13 04:57:25,True
EXP000901,TK0006371,AV_Guided_Support_v1,Treatment,2026-04-06 10:45:30,True
EXP000902,TK0006373,AV_Guided_Support_v1,Control,2026-04-21 13:15:02,True
EXP000903,TK0006374,AV_Guided_Support_v1,Control,2026-05-09 05:55:08,True
EXP000904,TK0006375,AV_Guided_Support_v1,Treatment,2026-06-08 04:17:27,True
EXP000905,TK0006381,AV_Guided_Support_v1,Control,2026-06-01 08:10:42,True
EXP000906,TK0006398,AV_Guided_Support_v1,Treatment,2026-04-25 12:03:48,True
EXP000907,TK0006404,AV_Guided_Support_v1,Treatment,2026-06-16 16:16:48,True
EXP000908,TK0006409,AV_Guided_Support_v1,Treatment,2026-05-18 19:48:58,True
EXP000909,TK0006411,AV_Guided_Support_v1,Control,2026-06-12 18:01:30,True
EXP000910,TK0006415,AV_Guided_Support_v1,Treatment,2026-05-07 04:02:34,True
EXP000911,TK0006416,AV_Guided_Support_v1,Control,2026-05-05 16:54:42,True
EXP000912,TK0006421,AV_Guided_Support_v1,Control,2026-04-08 01:33:22,True
EXP000913,TK0006424,AV_Guided_Support_v1,Treatment,2026-06-09 12:44:32,True
EXP000914,TK0006432,AV_Guided_Support_v1,Treatment,2026-04-11 03:01:35,True
EXP000915,TK0006444,AV_Guided_Support_v1,Treatment,2026-04-08 14:21:37,True
EXP000916,TK0006470,AV_Guided_Support_v1,Control,2026-04-23 19:34:25,True
EXP000917,TK0006473,AV_Guided_Support_v1,Treatment,2026-05-24 10:39:19,True
EXP000918,TK0006476,AV_Guided_Support_v1,Control,2026-04-15 16:57:11,True
EXP000919,TK0006477,AV_Guided_Support_v1,Treatment,2026-05-07 15:08:37,True
EXP000920,TK0006497,AV_Guided_Support_v1,Control,2026-05-15 16:30:20,True
EXP000921,TK0006501,AV_Guided_Support_v1,Control,2026-06-26 04:49:55,True
EXP000922,TK0006511,AV_Guided_Support_v1,Control,2026-05-03 20:24:19,True
EXP000923,TK0006520,AV_Guided_Support_v1,Treatment,2026-05-05 22:36:25,True
EXP000924,TK0006539,AV_Guided_Support_v1,Treatment,2026-04-25 01:46:01,True
EXP000925,TK0006549,AV_Guided_Support_v1,Control,2026-05-12 04:31:43,True
EXP000926,TK0006550,AV_Guided_Support_v1,Control,2026-04-22 09:54:57,True
EXP000927,TK0006551,AV_Guided_Support_v1,Treatment,2026-05-28 08:07:30,True
EXP000928,TK0006553,AV_Guided_Support_v1,Treatment,2026-04-02 10:22:08,True
EXP000929,TK0006554,AV_Guided_Support_v1,Treatment,2026-06-09 09:10:36,True
EXP000930,TK0006558,AV_Guided_Support_v1,Control,2026-05-16 22:33:34,True
EXP000931,TK0006559,AV_Guided_Support_v1,Control,2026-05-12 11:40:48,True
EXP000932,TK0006587,AV_Guided_Support_v1,Control,2026-06-11 12:14:16,True
EXP000933,TK0006589,AV_Guided_Support_v1,Control,2026-04-06 01:45:33,True
EXP000934,TK0006595,AV_Guided_Support_v1,Control,2026-06-25 13:58:00,True
EXP000935,TK0006635,AV_Guided_Support_v1,Control,2026-04-10 02:57:59,True
EXP000936,TK0006637,AV_Guided_Support_v1,Treatment,2026-05-20 19:22:40,True
EXP000937,TK0006639,AV_Guided_Support_v1,Control,2026-05-28 07:21:56,True
EXP000938,TK0006640,AV_Guided_Support_v1,Control,2026-05-08 19:46:37,True
EXP000939,TK0006643,AV_Guided_Support_v1,Treatment,2026-04-21 11:05:34,True
EXP000940,TK0006659,AV_Guided_Support_v1,Treatment,2026-04-17 20:36:13,True
EXP000941,TK0006674,AV_Guided_Support_v1,Control,2026-04-11 02:23:35,True
EXP000942,TK0006679,AV_Guided_Support_v1,Control,2026-06-08 11:57:02,True
EXP000943,TK0006682,AV_Guided_Support_v1,Treatment,2026-06-13 18:41:40,True
EXP000944,TK0006685,AV_Guided_Support_v1,Control,2026-06-15 06:33:54,True
EXP000945,TK0006690,AV_Guided_Support_v1,Treatment,2026-06-28 07:32:15,True
EXP000946,TK0006691,AV_Guided_Support_v1,Control,2026-05-30 08:16:05,True
EXP000947,TK0006694,AV_Guided_Support_v1,Control,2026-05-12 17:53:22,True
EXP000948,TK0006696,AV_Guided_Support_v1,Control,2026-05-09 16:20:12,True
EXP000949,TK0006702,AV_Guided_Support_v1,Treatment,2026-04-04 01:33:48,True
EXP000950,TK0006703,AV_Guided_Support_v1,Control,2026-06-15 01:41:26,True
EXP000951,TK0006705,AV_Guided_Support_v1,Control,2026-06-25 16:46:40,True
EXP000952,TK0006712,AV_Guided_Support_v1,Treatment,2026-06-22 23:53:47,True
EXP000953,TK0006714,AV_Guided_Support_v1,Treatment,2026-04-24 02:36:30,True
EXP000954,TK0006716,AV_Guided_Support_v1,Control,2026-05-21 03:54:41,True
EXP000955,TK0006718,AV_Guided_Support_v1,Treatment,2026-04-06 22:30:25,True
EXP000956,TK0006735,AV_Guided_Support_v1,Control,2026-04-14 21:54:37,True
EXP000957,TK0006737,AV_Guided_Support_v1,Treatment,2026-06-29 23:22:01,True
EXP000958,TK0006738,AV_Guided_Support_v1,Control,2026-06-20 03:10:56,True
EXP000959,TK0006754,AV_Guided_Support_v1,Control,2026-04-01 03:04:21,True
EXP000960,TK0006769,AV_Guided_Support_v1,Treatment,2026-04-27 19:31:51,True
EXP000961,TK0006773,AV_Guided_Support_v1,Control,2026-06-28 15:27:15,True
EXP000962,TK0006785,AV_Guided_Support_v1,Control,2026-06-23 10:32:50,True
EXP000963,TK0006791,AV_Guided_Support_v1,Control,2026-05-15 06:34:04,True
EXP000964,TK0006793,AV_Guided_Support_v1,Treatment,2026-04-13 21:11:43,True
EXP000965,TK0006794,AV_Guided_Support_v1,Treatment,2026-05-03 02:02:03,True
EXP000966,TK0006798,AV_Guided_Support_v1,Treatment,2026-04-21 13:25:12,True
EXP000967,TK0006806,AV_Guided_Support_v1,Control,2026-06-21 08:02:53,True
EXP000968,TK0006808,AV_Guided_Support_v1,Treatment,2026-06-13 10:31:57,True
EXP000969,TK0006809,AV_Guided_Support_v1,Control,2026-04-17 07:28:26,True
EXP000970,TK0006849,AV_Guided_Support_v1,Control,2026-06-10 22:57:30,True
EXP000971,TK0006851,AV_Guided_Support_v1,Treatment,2026-04-04 02:02:12,True
EXP000972,TK0006860,AV_Guided_Support_v1,Control,2026-05-31 21:37:40,True
EXP000973,TK0006862,AV_Guided_Support_v1,Treatment,2026-05-28 19:25:11,True
EXP000974,TK0006863,AV_Guided_Support_v1,Treatment,2026-04-20 23:43:42,True
EXP000975,TK0006867,AV_Guided_Support_v1,Treatment,2026-05-17 18:36:01,True
EXP000976,TK0006871,AV_Guided_Support_v1,Control,2026-05-16 02:44:30,True
EXP000977,TK0006874,AV_Guided_Support_v1,Treatment,2026-05-17 03:45:02,True
EXP000978,TK0006887,AV_Guided_Support_v1,Treatment,2026-04-12 21:14:32,True
EXP000979,TK0006895,AV_Guided_Support_v1,Control,2026-06-14 13:37:27,True
EXP000980,TK0006903,AV_Guided_Support_v1,Treatment,2026-04-03 05:17:50,True
EXP000981,TK0006905,AV_Guided_Support_v1,Treatment,2026-05-02 01:40:01,True
EXP000982,TK0006914,AV_Guided_Support_v1,Treatment,2026-04-03 06:07:06,True
EXP000983,TK0006916,AV_Guided_Support_v1,Control,2026-04-24 20:22:12,True
EXP000984,TK0006917,AV_Guided_Support_v1,Control,2026-05-30 11:40:32,True
EXP000985,TK0006920,AV_Guided_Support_v1,Treatment,2026-05-18 17:43:28,True
EXP000986,TK0006929,AV_Guided_Support_v1,Control,2026-05-19 11:13:27,True
EXP000987,TK0006936,AV_Guided_Support_v1,Control,2026-06-11 16:30:20,True
EXP000988,TK0006941,AV_Guided_Support_v1,Control,2026-06-21 15:17:13,True
EXP000989,TK0006955,AV_Guided_Support_v1,Control,2026-05-24 04:02:30,True
EXP000990,TK0006960,AV_Guided_Support_v1,Control,2026-04-12 05:38:06,True
EXP000991,TK0006961,AV_Guided_Support_v1,Control,2026-04-12 02:14:06,True
EXP000992,TK0006962,AV_Guided_Support_v1,Control,2026-06-25 23:06:53,True
EXP000993,TK0006965,AV_Guided_Support_v1,Control,2026-04-23 05:40:31,True
EXP000994,TK0006988,AV_Guided_Support_v1,Control,2026-06-13 01:11:38,True
EXP000995,TK0007007,AV_Guided_Support_v1,Control,2026-06-04 15:25:51,True
EXP000996,TK0007008,AV_Guided_Support_v1,Treatment,2026-04-30 00:11:39,True
EXP000997,TK0007022,AV_Guided_Support_v1,Treatment,2026-04-07 15:23:18,True
EXP000998,TK0007027,AV_Guided_Support_v1,Control,2026-05-28 19:45:54,True
EXP000999,TK0007028,AV_Guided_Support_v1,Treatment,2026-06-23 08:08:00,True
EXP001000,TK0007048,AV_Guided_Support_v1,Treatment,2026-04-08 16:45:47,True
EXP001001,TK0007050,AV_Guided_Support_v1,Treatment,2026-05-28 13:53:25,True
EXP001002,TK0007057,AV_Guided_Support_v1,Treatment,2026-04-17 17:31:18,True
EXP001003,TK0007058,AV_Guided_Support_v1,Treatment,2026-05-30 22:45:07,True
EXP001004,TK0007065,AV_Guided_Support_v1,Control,2026-05-20 00:32:05,True
EXP001005,TK0007068,AV_Guided_Support_v1,Treatment,2026-04-04 04:19:57,True
EXP001006,TK0007078,AV_Guided_Support_v1,Control,2026-04-16 05:37:53,True
EXP001007,TK0007111,AV_Guided_Support_v1,Treatment,2026-06-20 14:30:00,True
EXP001008,TK0007112,AV_Guided_Support_v1,Control,2026-04-10 09:04:44,True
EXP001009,TK0007120,AV_Guided_Support_v1,Treatment,2026-06-15 00:49:08,True
EXP001010,TK0007134,AV_Guided_Support_v1,Treatment,2026-06-29 23:04:18,True
EXP001011,TK0007136,AV_Guided_Support_v1,Treatment,2026-04-12 20:25:15,True
EXP001012,TK0007149,AV_Guided_Support_v1,Treatment,2026-04-18 05:50:44,True
EXP001013,TK0007171,AV_Guided_Support_v1,Control,2026-06-21 00:58:09,True
EXP001014,TK0007178,AV_Guided_Support_v1,Control,2026-04-28 16:34:37,True
EXP001015,TK0007180,AV_Guided_Support_v1,Treatment,2026-06-24 10:06:58,True
EXP001016,TK0007195,AV_Guided_Support_v1,Control,2026-06-27 20:51:09,True
EXP001017,TK0007196,AV_Guided_Support_v1,Control,2026-04-19 11:50:57,True
EXP001018,TK0007197,AV_Guided_Support_v1,Control,2026-05-25 08:36:01,True
EXP001019,TK0007217,AV_Guided_Support_v1,Treatment,2026-05-15 21:48:49,True
EXP001020,TK0007222,AV_Guided_Support_v1,Treatment,2026-04-17 10:09:59,True
EXP001021,TK0007231,AV_Guided_Support_v1,Control,2026-04-08 18:40:54,True
EXP001022,TK0007235,AV_Guided_Support_v1,Treatment,2026-05-08 18:26:05,True
EXP001023,TK0007252,AV_Guided_Support_v1,Control,2026-06-22 19:52:11,True
EXP001024,TK0007266,AV_Guided_Support_v1,Treatment,2026-04-25 21:37:26,True
EXP001025,TK0007269,AV_Guided_Support_v1,Control,2026-05-15 13:59:33,True
EXP001026,TK0007272,AV_Guided_Support_v1,Control,2026-04-26 09:03:49,True
EXP001027,TK0007273,AV_Guided_Support_v1,Treatment,2026-05-30 04:30:42,True
EXP001028,TK0007282,AV_Guided_Support_v1,Treatment,2026-04-24 18:29:44,True
EXP001029,TK0007284,AV_Guided_Support_v1,Control,2026-05-05 02:10:40,True
EXP001030,TK0007285,AV_Guided_Support_v1,Treatment,2026-04-10 15:40:02,True
EXP001031,TK0007287,AV_Guided_Support_v1,Control,2026-06-12 02:43:00,True
EXP001032,TK0007306,AV_Guided_Support_v1,Control,2026-05-21 15:42:43,True
EXP001033,TK0007310,AV_Guided_Support_v1,Treatment,2026-04-15 15:05:56,True
EXP001034,TK0007317,AV_Guided_Support_v1,Treatment,2026-06-17 06:42:02,True
EXP001035,TK0007321,AV_Guided_Support_v1,Control,2026-04-28 18:25:13,True
EXP001036,TK0007332,AV_Guided_Support_v1,Control,2026-06-13 13:15:23,True
EXP001037,TK0007334,AV_Guided_Support_v1,Control,2026-06-22 20:31:04,True
EXP001038,TK0007348,AV_Guided_Support_v1,Control,2026-04-13 14:57:14,True
EXP001039,TK0007350,AV_Guided_Support_v1,Treatment,2026-06-10 05:16:11,True
EXP001040,TK0007360,AV_Guided_Support_v1,Control,2026-04-25 18:13:58,True
EXP001041,TK0007364,AV_Guided_Support_v1,Treatment,2026-05-21 07:23:16,True
EXP001042,TK0007371,AV_Guided_Support_v1,Treatment,2026-04-02 03:31:19,True
EXP001043,TK0007376,AV_Guided_Support_v1,Control,2026-04-29 18:51:42,True
EXP001044,TK0007382,AV_Guided_Support_v1,Treatment,2026-04-29 13:19:09,True
EXP001045,TK0007386,AV_Guided_Support_v1,Control,2026-05-03 13:10:08,True
EXP001046,TK0007392,AV_Guided_Support_v1,Treatment,2026-06-22 20:28:14,True
EXP001047,TK0007394,AV_Guided_Support_v1,Control,2026-05-29 00:35:05,True
EXP001048,TK0007403,AV_Guided_Support_v1,Control,2026-05-30 02:01:52,True
EXP001049,TK0007413,AV_Guided_Support_v1,Control,2026-04-25 18:45:15,True
EXP001050,TK0007416,AV_Guided_Support_v1,Control,2026-05-21 21:52:55,True
EXP001051,TK0007417,AV_Guided_Support_v1,Treatment,2026-06-12 05:51:57,True
EXP001052,TK0007426,AV_Guided_Support_v1,Control,2026-05-17 14:00:11,True
EXP001053,TK0007444,AV_Guided_Support_v1,Control,2026-05-15 23:38:45,True
EXP001054,TK0007453,AV_Guided_Support_v1,Control,2026-04-25 19:28:43,True
EXP001055,TK0007483,AV_Guided_Support_v1,Treatment,2026-06-14 18:10:56,True
EXP001056,TK0007490,AV_Guided_Support_v1,Treatment,2026-04-25 04:44:50,True
EXP001057,TK0007496,AV_Guided_Support_v1,Treatment,2026-06-18 05:43:40,True
EXP001058,TK0007498,AV_Guided_Support_v1,Treatment,2026-04-28 22:09:20,True
EXP001059,TK0007499,AV_Guided_Support_v1,Treatment,2026-04-23 07:40:59,True
EXP001060,TK0007519,AV_Guided_Support_v1,Treatment,2026-05-25 05:01:34,True
EXP001061,TK0007523,AV_Guided_Support_v1,Control,2026-06-14 19:08:54,True
EXP001062,TK0007545,AV_Guided_Support_v1,Control,2026-06-06 13:25:43,True
EXP001063,TK0007549,AV_Guided_Support_v1,Control,2026-06-14 13:25:26,True
EXP001064,TK0007565,AV_Guided_Support_v1,Control,2026-06-10 10:57:02,True
EXP001065,TK0007568,AV_Guided_Support_v1,Control,2026-04-13 03:24:21,True
EXP001066,TK0007575,AV_Guided_Support_v1,Treatment,2026-06-05 13:31:19,True
EXP001067,TK0007590,AV_Guided_Support_v1,Treatment,2026-05-06 23:35:17,True
EXP001068,TK0007596,AV_Guided_Support_v1,Treatment,2026-04-14 00:29:32,True
EXP001069,TK0007640,AV_Guided_Support_v1,Control,2026-06-25 11:19:43,True
EXP001070,TK0007643,AV_Guided_Support_v1,Treatment,2026-06-12 17:37:17,True
EXP001071,TK0007644,AV_Guided_Support_v1,Control,2026-05-15 01:13:30,True
EXP001072,TK0007652,AV_Guided_Support_v1,Treatment,2026-06-16 20:11:48,True
EXP001073,TK0007653,AV_Guided_Support_v1,Control,2026-05-20 19:41:53,True
EXP001074,TK0007661,AV_Guided_Support_v1,Control,2026-05-29 12:33:48,True
EXP001075,TK0007666,AV_Guided_Support_v1,Treatment,2026-04-29 06:56:31,True
EXP001076,TK0007672,AV_Guided_Support_v1,Control,2026-04-10 23:10:30,True
EXP001077,TK0007680,AV_Guided_Support_v1,Control,2026-05-22 20:48:07,True
EXP001078,TK0007692,AV_Guided_Support_v1,Treatment,2026-06-13 05:20:28,True
EXP001079,TK0007693,AV_Guided_Support_v1,Control,2026-04-09 04:17:51,True
EXP001080,TK0007696,AV_Guided_Support_v1,Control,2026-04-17 10:04:43,True
EXP001081,TK0007698,AV_Guided_Support_v1,Treatment,2026-05-26 00:21:42,True
EXP001082,TK0007709,AV_Guided_Support_v1,Control,2026-04-17 01:15:43,True
EXP001083,TK0007711,AV_Guided_Support_v1,Treatment,2026-05-11 19:56:10,True
EXP001084,TK0007720,AV_Guided_Support_v1,Control,2026-04-01 22:47:06,True
EXP001085,TK0007721,AV_Guided_Support_v1,Control,2026-05-11 16:52:12,True
EXP001086,TK0007722,AV_Guided_Support_v1,Control,2026-04-28 11:15:13,True
EXP001087,TK0007728,AV_Guided_Support_v1,Treatment,2026-06-26 16:11:33,True
EXP001088,TK0007740,AV_Guided_Support_v1,Control,2026-06-13 17:57:35,True
EXP001089,TK0007744,AV_Guided_Support_v1,Control,2026-04-16 07:34:35,True
EXP001090,TK0007745,AV_Guided_Support_v1,Control,2026-05-18 19:01:17,True
EXP001091,TK0007750,AV_Guided_Support_v1,Control,2026-04-26 11:22:16,True
EXP001092,TK0007757,AV_Guided_Support_v1,Control,2026-06-01 22:34:23,True
EXP001093,TK0007780,AV_Guided_Support_v1,Treatment,2026-05-14 14:41:15,True
EXP001094,TK0007787,AV_Guided_Support_v1,Control,2026-06-12 07:35:03,True
EXP001095,TK0007799,AV_Guided_Support_v1,Control,2026-05-11 16:57:38,True
EXP001096,TK0007800,AV_Guided_Support_v1,Treatment,2026-05-17 17:07:06,True
EXP001097,TK0007802,AV_Guided_Support_v1,Treatment,2026-05-12 09:29:57,True
EXP001098,TK0007807,AV_Guided_Support_v1,Control,2026-04-05 23:03:06,True
EXP001099,TK0007817,AV_Guided_Support_v1,Treatment,2026-06-23 20:57:28,True
EXP001100,TK0007818,AV_Guided_Support_v1,Treatment,2026-05-08 21:11:22,True
EXP001101,TK0007819,AV_Guided_Support_v1,Treatment,2026-05-22 03:03:13,True
EXP001102,TK0007821,AV_Guided_Support_v1,Control,2026-05-01 03:25:09,True
EXP001103,TK0007829,AV_Guided_Support_v1,Control,2026-04-27 11:52:13,True
EXP001104,TK0007848,AV_Guided_Support_v1,Control,2026-04-13 21:34:48,True
EXP001105,TK0007856,AV_Guided_Support_v1,Control,2026-06-09 21:34:48,True
EXP001106,TK0007866,AV_Guided_Support_v1,Control,2026-06-12 12:23:42,True
EXP001107,TK0007877,AV_Guided_Support_v1,Treatment,2026-06-09 06:58:31,True
EXP001108,TK0007884,AV_Guided_Support_v1,Control,2026-06-19 13:10:16,True
EXP001109,TK0007892,AV_Guided_Support_v1,Control,2026-05-18 07:36:38,True
EXP001110,TK0007905,AV_Guided_Support_v1,Control,2026-04-09 18:47:53,True
EXP001111,TK0007911,AV_Guided_Support_v1,Control,2026-05-16 05:51:58,True
EXP001112,TK0007912,AV_Guided_Support_v1,Treatment,2026-05-04 05:26:28,True
EXP001113,TK0007915,AV_Guided_Support_v1,Control,2026-04-30 05:38:27,True
EXP001114,TK0007928,AV_Guided_Support_v1,Control,2026-05-20 07:44:18,True
EXP001115,TK0007930,AV_Guided_Support_v1,Treatment,2026-06-12 18:20:58,True
EXP001116,TK0007938,AV_Guided_Support_v1,Control,2026-06-05 00:29:13,True
EXP001117,TK0007939,AV_Guided_Support_v1,Control,2026-05-17 18:02:19,True
EXP001118,TK0007952,AV_Guided_Support_v1,Control,2026-05-26 23:43:37,True
EXP001119,TK0007967,AV_Guided_Support_v1,Treatment,2026-04-01 05:17:09,True
EXP001120,TK0007971,AV_Guided_Support_v1,Control,2026-05-06 18:20:53,True
EXP001121,TK0007974,AV_Guided_Support_v1,Control,2026-06-25 19:19:24,True
EXP001122,TK0007984,AV_Guided_Support_v1,Control,2026-05-20 05:02:31,True
EXP001123,TK0007992,AV_Guided_Support_v1,Treatment,2026-04-11 10:02:35,True
EXP001124,TK0007993,AV_Guided_Support_v1,Control,2026-04-21 23:23:57,True
EXP001125,TK0008002,AV_Guided_Support_v1,Control,2026-05-08 07:41:02,True
EXP001126,TK0008009,AV_Guided_Support_v1,Treatment,2026-05-21 09:10:37,True
EXP001127,TK0008013,AV_Guided_Support_v1,Control,2026-05-05 11:11:24,True
EXP001128,TK0008015,AV_Guided_Support_v1,Treatment,2026-05-16 08:37:15,True
EXP001129,TK0008019,AV_Guided_Support_v1,Control,2026-04-15 23:12:24,True
EXP001130,TK0008042,AV_Guided_Support_v1,Treatment,2026-06-03 08:56:41,True
EXP001131,TK0008048,AV_Guided_Support_v1,Control,2026-05-26 22:55:04,True
EXP001132,TK0008049,AV_Guided_Support_v1,Treatment,2026-06-07 08:06:57,True
EXP001133,TK0008050,AV_Guided_Support_v1,Control,2026-05-11 01:22:40,True
EXP001134,TK0008058,AV_Guided_Support_v1,Treatment,2026-04-01 19:44:05,True
EXP001135,TK0008063,AV_Guided_Support_v1,Control,2026-06-13 05:25:00,True
EXP001136,TK0008066,AV_Guided_Support_v1,Control,2026-05-04 10:29:06,True
EXP001137,TK0008074,AV_Guided_Support_v1,Treatment,2026-04-05 19:08:14,True
EXP001138,TK0008075,AV_Guided_Support_v1,Control,2026-06-29 22:50:52,True
EXP001139,TK0008080,AV_Guided_Support_v1,Treatment,2026-04-07 23:44:45,True
EXP001140,TK0008086,AV_Guided_Support_v1,Control,2026-06-19 14:13:07,True
EXP001141,TK0008095,AV_Guided_Support_v1,Control,2026-06-09 04:41:34,True
EXP001142,TK0008098,AV_Guided_Support_v1,Treatment,2026-04-25 09:57:28,True
EXP001143,TK0008107,AV_Guided_Support_v1,Treatment,2026-04-21 05:20:23,True
EXP001144,TK0008109,AV_Guided_Support_v1,Treatment,2026-06-10 18:58:45,True
EXP001145,TK0008113,AV_Guided_Support_v1,Control,2026-04-06 15:57:53,True
EXP001146,TK0008123,AV_Guided_Support_v1,Treatment,2026-04-13 21:13:17,True
EXP001147,TK0008136,AV_Guided_Support_v1,Treatment,2026-05-15 00:11:59,True
EXP001148,TK0008153,AV_Guided_Support_v1,Control,2026-04-01 04:20:50,True
EXP001149,TK0008154,AV_Guided_Support_v1,Control,2026-06-04 04:55:28,True
EXP001150,TK0008155,AV_Guided_Support_v1,Control,2026-05-06 10:38:04,True
EXP001151,TK0008163,AV_Guided_Support_v1,Treatment,2026-06-13 12:58:22,True
EXP001152,TK0008164,AV_Guided_Support_v1,Control,2026-06-26 20:07:20,True
EXP001153,TK0008176,AV_Guided_Support_v1,Treatment,2026-04-15 21:22:33,True
EXP001154,TK0008183,AV_Guided_Support_v1,Control,2026-05-25 21:42:11,True
EXP001155,TK0008187,AV_Guided_Support_v1,Treatment,2026-06-13 12:11:55,True
EXP001156,TK0008188,AV_Guided_Support_v1,Treatment,2026-05-12 02:05:57,True
EXP001157,TK0008190,AV_Guided_Support_v1,Control,2026-05-18 10:45:44,True
EXP001158,TK0008198,AV_Guided_Support_v1,Control,2026-06-06 01:39:58,True
EXP001159,TK0008227,AV_Guided_Support_v1,Treatment,2026-05-08 03:52:05,True
EXP001160,TK0008230,AV_Guided_Support_v1,Control,2026-04-23 16:39:49,True
EXP001161,TK0008243,AV_Guided_Support_v1,Treatment,2026-04-23 22:06:50,True
EXP001162,TK0008255,AV_Guided_Support_v1,Treatment,2026-04-08 08:52:05,True
EXP001163,TK0008267,AV_Guided_Support_v1,Control,2026-06-17 22:16:56,True
EXP001164,TK0008271,AV_Guided_Support_v1,Treatment,2026-04-21 18:58:49,True
EXP001165,TK0008272,AV_Guided_Support_v1,Treatment,2026-05-28 12:06:11,True
EXP001166,TK0008273,AV_Guided_Support_v1,Control,2026-06-27 17:52:38,True
EXP001167,TK0008293,AV_Guided_Support_v1,Control,2026-05-30 20:57:24,True
EXP001168,TK0008299,AV_Guided_Support_v1,Treatment,2026-05-15 22:17:31,True
EXP001169,TK0008320,AV_Guided_Support_v1,Treatment,2026-06-01 09:45:54,True
EXP001170,TK0008328,AV_Guided_Support_v1,Treatment,2026-06-23 10:48:24,True
EXP001171,TK0008329,AV_Guided_Support_v1,Control,2026-05-14 21:52:06,True
EXP001172,TK0008335,AV_Guided_Support_v1,Treatment,2026-05-20 03:28:44,True
EXP001173,TK0008341,AV_Guided_Support_v1,Treatment,2026-04-26 05:24:02,True
EXP001174,TK0008343,AV_Guided_Support_v1,Control,2026-05-02 01:57:38,True
EXP001175,TK0008345,AV_Guided_Support_v1,Control,2026-06-10 06:49:22,True
EXP001176,TK0008347,AV_Guided_Support_v1,Treatment,2026-06-18 19:37:33,True
EXP001177,TK0008348,AV_Guided_Support_v1,Treatment,2026-04-23 03:49:07,True
EXP001178,TK0008352,AV_Guided_Support_v1,Control,2026-04-24 14:16:56,True
EXP001179,TK0008354,AV_Guided_Support_v1,Control,2026-04-23 15:32:52,True
EXP001180,TK0008360,AV_Guided_Support_v1,Control,2026-05-18 00:09:30,True
EXP001181,TK0008366,AV_Guided_Support_v1,Treatment,2026-06-18 14:35:57,True
EXP001182,TK0008367,AV_Guided_Support_v1,Control,2026-06-24 17:43:40,True
EXP001183,TK0008373,AV_Guided_Support_v1,Treatment,2026-06-28 12:23:29,True
EXP001184,TK0008375,AV_Guided_Support_v1,Control,2026-04-13 08:38:00,True
EXP001185,TK0008376,AV_Guided_Support_v1,Control,2026-05-08 12:49:31,True
EXP001186,TK0008382,AV_Guided_Support_v1,Control,2026-05-13 14:59:58,True
EXP001187,TK0008400,AV_Guided_Support_v1,Treatment,2026-04-13 10:35:54,True
EXP001188,TK0008404,AV_Guided_Support_v1,Control,2026-06-27 13:26:02,True
EXP001189,TK0008405,AV_Guided_Support_v1,Treatment,2026-05-22 11:30:24,True
EXP001190,TK0008411,AV_Guided_Support_v1,Control,2026-06-08 07:22:48,True
EXP001191,TK0008413,AV_Guided_Support_v1,Control,2026-06-02 11:25:54,True
EXP001192,TK0008415,AV_Guided_Support_v1,Control,2026-06-09 13:51:20,True
EXP001193,TK0008423,AV_Guided_Support_v1,Control,2026-04-05 14:31:08,True
EXP001194,TK0008428,AV_Guided_Support_v1,Control,2026-04-18 02:09:06,True
EXP001195,TK0008445,AV_Guided_Support_v1,Treatment,2026-06-03 08:16:15,True
EXP001196,TK0008453,AV_Guided_Support_v1,Treatment,2026-04-17 15:23:03,True
EXP001197,TK0008455,AV_Guided_Support_v1,Control,2026-04-07 23:43:01,True
EXP001198,TK0008459,AV_Guided_Support_v1,Control,2026-06-24 23:41:23,True
EXP001199,TK0008483,AV_Guided_Support_v1,Control,2026-06-02 11:54:35,True
EXP001200,TK0008487,AV_Guided_Support_v1,Treatment,2026-06-13 03:06:53,True
EXP001201,TK0008492,AV_Guided_Support_v1,Control,2026-04-28 05:21:07,True
EXP001202,TK0008511,AV_Guided_Support_v1,Treatment,2026-06-10 01:14:34,True
EXP001203,TK0008517,AV_Guided_Support_v1,Control,2026-05-28 21:50:08,True
EXP001204,TK0008534,AV_Guided_Support_v1,Control,2026-05-05 04:08:29,True
EXP001205,TK0008553,AV_Guided_Support_v1,Treatment,2026-06-24 10:44:31,True
EXP001206,TK0008554,AV_Guided_Support_v1,Control,2026-06-22 02:03:47,True
EXP001207,TK0008572,AV_Guided_Support_v1,Treatment,2026-05-16 22:05:57,True
EXP001208,TK0008577,AV_Guided_Support_v1,Control,2026-05-01 14:15:05,True
EXP001209,TK0008578,AV_Guided_Support_v1,Control,2026-04-14 20:13:06,True
EXP001210,TK0008581,AV_Guided_Support_v1,Control,2026-06-22 04:23:22,True
EXP001211,TK0008609,AV_Guided_Support_v1,Treatment,2026-04-14 04:04:48,True
EXP001212,TK0008611,AV_Guided_Support_v1,Control,2026-06-19 18:13:59,True
EXP001213,TK0008616,AV_Guided_Support_v1,Treatment,2026-05-19 04:29:02,True
EXP001214,TK0008619,AV_Guided_Support_v1,Control,2026-06-19 00:39:19,True
EXP001215,TK0008623,AV_Guided_Support_v1,Control,2026-06-22 19:54:33,True
EXP001216,TK0008628,AV_Guided_Support_v1,Treatment,2026-06-20 11:41:52,True
EXP001217,TK0008634,AV_Guided_Support_v1,Treatment,2026-06-20 07:44:55,True
EXP001218,TK0008643,AV_Guided_Support_v1,Control,2026-06-01 18:04:04,True
EXP001219,TK0008644,AV_Guided_Support_v1,Control,2026-05-10 21:53:38,True
EXP001220,TK0008645,AV_Guided_Support_v1,Control,2026-05-07 07:37:50,True
EXP001221,TK0008649,AV_Guided_Support_v1,Treatment,2026-05-01 02:15:58,True
EXP001222,TK0008658,AV_Guided_Support_v1,Treatment,2026-04-27 20:33:07,True
EXP001223,TK0008669,AV_Guided_Support_v1,Control,2026-06-03 23:58:12,True
EXP001224,TK0008693,AV_Guided_Support_v1,Treatment,2026-05-06 09:26:25,True
EXP001225,TK0008702,AV_Guided_Support_v1,Control,2026-06-06 18:20:13,True
EXP001226,TK0008728,AV_Guided_Support_v1,Treatment,2026-06-25 13:59:02,True
EXP001227,TK0008742,AV_Guided_Support_v1,Control,2026-06-13 04:33:07,True
EXP001228,TK0008747,AV_Guided_Support_v1,Control,2026-06-19 06:54:44,True
EXP001229,TK0008753,AV_Guided_Support_v1,Treatment,2026-05-03 22:42:22,True
EXP001230,TK0008766,AV_Guided_Support_v1,Treatment,2026-05-08 15:09:20,True
EXP001231,TK0008767,AV_Guided_Support_v1,Control,2026-05-08 15:09:10,True
EXP001232,TK0008768,AV_Guided_Support_v1,Treatment,2026-05-26 14:50:48,True
EXP001233,TK0008773,AV_Guided_Support_v1,Treatment,2026-04-09 10:26:05,True
EXP001234,TK0008780,AV_Guided_Support_v1,Treatment,2026-04-15 16:41:03,True
EXP001235,TK0008785,AV_Guided_Support_v1,Treatment,2026-04-18 07:21:36,True
EXP001236,TK0008793,AV_Guided_Support_v1,Treatment,2026-04-01 18:35:10,True
EXP001237,TK0008799,AV_Guided_Support_v1,Treatment,2026-04-22 17:57:12,True
EXP001238,TK0008800,AV_Guided_Support_v1,Control,2026-05-31 19:53:23,True
EXP001239,TK0008820,AV_Guided_Support_v1,Control,2026-04-03 13:45:25,True
EXP001240,TK0008822,AV_Guided_Support_v1,Control,2026-05-16 12:42:46,True
EXP001241,TK0008824,AV_Guided_Support_v1,Control,2026-04-08 23:24:47,True
EXP001242,TK0008825,AV_Guided_Support_v1,Treatment,2026-04-25 09:27:47,True
EXP001243,TK0008832,AV_Guided_Support_v1,Control,2026-05-31 07:48:08,True
EXP001244,TK0008843,AV_Guided_Support_v1,Treatment,2026-05-20 21:55:58,True
EXP001245,TK0008846,AV_Guided_Support_v1,Control,2026-04-11 22:14:38,True
EXP001246,TK0008848,AV_Guided_Support_v1,Treatment,2026-04-02 12:37:12,True
EXP001247,TK0008861,AV_Guided_Support_v1,Treatment,2026-06-05 13:19:31,True
EXP001248,TK0008892,AV_Guided_Support_v1,Control,2026-06-23 06:56:47,True
EXP001249,TK0008896,AV_Guided_Support_v1,Control,2026-06-05 22:14:42,True
EXP001250,TK0008898,AV_Guided_Support_v1,Treatment,2026-05-13 17:45:00,True
EXP001251,TK0008903,AV_Guided_Support_v1,Treatment,2026-06-11 12:07:33,True
EXP001252,TK0008907,AV_Guided_Support_v1,Control,2026-05-20 19:44:07,True
EXP001253,TK0008921,AV_Guided_Support_v1,Treatment,2026-05-31 07:51:16,True
EXP001254,TK0008923,AV_Guided_Support_v1,Treatment,2026-05-29 05:19:45,True
EXP001255,TK0008924,AV_Guided_Support_v1,Control,2026-06-28 10:30:59,True
EXP001256,TK0008928,AV_Guided_Support_v1,Treatment,2026-04-20 13:19:53,True
EXP001257,TK0008951,AV_Guided_Support_v1,Treatment,2026-05-09 10:58:16,True
EXP001258,TK0008960,AV_Guided_Support_v1,Treatment,2026-04-20 01:48:45,True
EXP001259,TK0008965,AV_Guided_Support_v1,Treatment,2026-06-13 19:50:48,True
EXP001260,TK0008978,AV_Guided_Support_v1,Treatment,2026-06-05 15:58:38,True
EXP001261,TK0008982,AV_Guided_Support_v1,Control,2026-05-23 11:59:08,True
EXP001262,TK0008985,AV_Guided_Support_v1,Control,2026-06-19 08:59:09,True
EXP001263,TK0008986,AV_Guided_Support_v1,Treatment,2026-06-10 05:23:18,True
EXP001264,TK0009024,AV_Guided_Support_v1,Treatment,2026-06-19 22:28:20,True
EXP001265,TK0009035,AV_Guided_Support_v1,Treatment,2026-05-24 20:35:50,True
EXP001266,TK0009040,AV_Guided_Support_v1,Control,2026-06-29 21:01:32,True
EXP001267,TK0009045,AV_Guided_Support_v1,Control,2026-06-01 11:55:23,True
EXP001268,TK0009046,AV_Guided_Support_v1,Treatment,2026-05-07 07:11:28,True
EXP001269,TK0009056,AV_Guided_Support_v1,Control,2026-06-12 19:02:59,True
EXP001270,TK0009068,AV_Guided_Support_v1,Control,2026-04-03 13:45:28,True
EXP001271,TK0009069,AV_Guided_Support_v1,Treatment,2026-05-29 00:32:38,True
EXP001272,TK0009076,AV_Guided_Support_v1,Treatment,2026-04-02 16:04:01,True
EXP001273,TK0009077,AV_Guided_Support_v1,Treatment,2026-04-19 14:50:11,True
EXP001274,TK0009085,AV_Guided_Support_v1,Treatment,2026-05-16 03:49:51,True
EXP001275,TK0009086,AV_Guided_Support_v1,Treatment,2026-04-16 23:18:41,True
EXP001276,TK0009087,AV_Guided_Support_v1,Control,2026-06-10 22:22:10,True
EXP001277,TK0009091,AV_Guided_Support_v1,Control,2026-05-13 11:29:32,True
EXP001278,TK0009093,AV_Guided_Support_v1,Control,2026-04-24 22:30:18,True
EXP001279,TK0009109,AV_Guided_Support_v1,Treatment,2026-04-10 23:33:02,True
EXP001280,TK0009110,AV_Guided_Support_v1,Treatment,2026-05-26 19:52:38,True
EXP001281,TK0009112,AV_Guided_Support_v1,Treatment,2026-06-10 10:13:28,True
EXP001282,TK0009146,AV_Guided_Support_v1,Control,2026-04-08 18:09:03,True
EXP001283,TK0009151,AV_Guided_Support_v1,Control,2026-06-12 19:20:55,True
EXP001284,TK0009153,AV_Guided_Support_v1,Treatment,2026-04-13 03:20:25,True
EXP001285,TK0009160,AV_Guided_Support_v1,Treatment,2026-04-28 21:15:14,True
EXP001286,TK0009161,AV_Guided_Support_v1,Control,2026-05-15 22:53:09,True
EXP001287,TK0009162,AV_Guided_Support_v1,Control,2026-05-26 10:32:21,True
EXP001288,TK0009167,AV_Guided_Support_v1,Treatment,2026-06-04 04:54:44,True
EXP001289,TK0009179,AV_Guided_Support_v1,Control,2026-05-30 19:05:38,True
EXP001290,TK0009180,AV_Guided_Support_v1,Control,2026-05-20 04:36:45,True
EXP001291,TK0009181,AV_Guided_Support_v1,Control,2026-05-30 06:35:32,True
EXP001292,TK0009193,AV_Guided_Support_v1,Control,2026-06-25 00:44:01,True
EXP001293,TK0009219,AV_Guided_Support_v1,Control,2026-04-14 07:33:19,True
EXP001294,TK0009245,AV_Guided_Support_v1,Control,2026-05-27 13:19:28,True
EXP001295,TK0009251,AV_Guided_Support_v1,Control,2026-05-11 17:49:39,True
EXP001296,TK0009255,AV_Guided_Support_v1,Control,2026-06-12 12:27:10,True
EXP001297,TK0009258,AV_Guided_Support_v1,Control,2026-05-03 13:06:06,True
EXP001298,TK0009270,AV_Guided_Support_v1,Treatment,2026-06-01 22:30:09,True
EXP001299,TK0009283,AV_Guided_Support_v1,Treatment,2026-04-13 16:47:55,True
EXP001300,TK0009286,AV_Guided_Support_v1,Treatment,2026-05-18 16:30:13,True
EXP001301,TK0009292,AV_Guided_Support_v1,Treatment,2026-05-04 13:50:10,True
EXP001302,TK0009310,AV_Guided_Support_v1,Treatment,2026-04-24 11:05:46,True
EXP001303,TK0009312,AV_Guided_Support_v1,Treatment,2026-06-20 23:18:19,True
EXP001304,TK0009317,AV_Guided_Support_v1,Control,2026-04-11 07:07:46,True
EXP001305,TK0009318,AV_Guided_Support_v1,Treatment,2026-04-16 12:10:00,True
EXP001306,TK0009321,AV_Guided_Support_v1,Treatment,2026-04-29 05:33:47,True
EXP001307,TK0009324,AV_Guided_Support_v1,Control,2026-06-23 23:51:08,True
EXP001308,TK0009325,AV_Guided_Support_v1,Control,2026-04-17 05:24:45,True
EXP001309,TK0009328,AV_Guided_Support_v1,Control,2026-05-19 08:35:03,True
EXP001310,TK0009331,AV_Guided_Support_v1,Control,2026-04-28 06:39:15,True
EXP001311,TK0009351,AV_Guided_Support_v1,Control,2026-06-22 05:57:06,True
EXP001312,TK0009352,AV_Guided_Support_v1,Treatment,2026-04-16 06:24:44,True
EXP001313,TK0009359,AV_Guided_Support_v1,Treatment,2026-04-10 21:32:26,True
EXP001314,TK0009383,AV_Guided_Support_v1,Control,2026-05-19 06:38:29,True
EXP001315,TK0009389,AV_Guided_Support_v1,Control,2026-06-17 21:03:55,True
EXP001316,TK0009391,AV_Guided_Support_v1,Treatment,2026-04-24 01:53:54,True
EXP001317,TK0009393,AV_Guided_Support_v1,Treatment,2026-06-02 23:41:26,True
EXP001318,TK0009397,AV_Guided_Support_v1,Treatment,2026-06-15 14:08:53,True
EXP001319,TK0009405,AV_Guided_Support_v1,Treatment,2026-04-26 09:39:41,True
EXP001320,TK0009407,AV_Guided_Support_v1,Control,2026-06-18 12:51:49,True
EXP001321,TK0009410,AV_Guided_Support_v1,Treatment,2026-06-23 00:33:34,True
EXP001322,TK0009415,AV_Guided_Support_v1,Control,2026-06-26 17:06:06,True
EXP001323,TK0009419,AV_Guided_Support_v1,Treatment,2026-06-28 08:52:34,True
EXP001324,TK0009425,AV_Guided_Support_v1,Control,2026-04-30 01:10:55,True
EXP001325,TK0009426,AV_Guided_Support_v1,Control,2026-05-09 19:46:18,True
EXP001326,TK0009427,AV_Guided_Support_v1,Treatment,2026-06-03 12:06:47,True
EXP001327,TK0009437,AV_Guided_Support_v1,Control,2026-05-28 06:12:38,True
EXP001328,TK0009442,AV_Guided_Support_v1,Treatment,2026-05-02 08:43:18,True
EXP001329,TK0009446,AV_Guided_Support_v1,Control,2026-05-05 07:12:01,True
EXP001330,TK0009453,AV_Guided_Support_v1,Control,2026-05-20 22:37:02,True
EXP001331,TK0009455,AV_Guided_Support_v1,Control,2026-05-25 00:06:20,True
EXP001332,TK0009458,AV_Guided_Support_v1,Treatment,2026-05-28 06:08:47,True
EXP001333,TK0009467,AV_Guided_Support_v1,Control,2026-04-03 01:58:01,True
EXP001334,TK0009470,AV_Guided_Support_v1,Control,2026-04-27 15:12:16,True
EXP001335,TK0009472,AV_Guided_Support_v1,Treatment,2026-04-21 18:42:22,True
EXP001336,TK0009473,AV_Guided_Support_v1,Control,2026-04-16 02:55:54,True
EXP001337,TK0009479,AV_Guided_Support_v1,Control,2026-06-24 16:59:55,True
EXP001338,TK0009482,AV_Guided_Support_v1,Treatment,2026-06-12 15:49:32,True
EXP001339,TK0009492,AV_Guided_Support_v1,Control,2026-06-23 17:06:01,True
EXP001340,TK0009510,AV_Guided_Support_v1,Treatment,2026-04-07 06:57:53,True
EXP001341,TK0009519,AV_Guided_Support_v1,Treatment,2026-05-24 08:48:23,True
EXP001342,TK0009531,AV_Guided_Support_v1,Control,2026-04-06 00:23:44,True
EXP001343,TK0009536,AV_Guided_Support_v1,Control,2026-05-13 18:23:37,True
EXP001344,TK0009548,AV_Guided_Support_v1,Treatment,2026-04-05 15:13:52,True
EXP001345,TK0009557,AV_Guided_Support_v1,Treatment,2026-04-27 07:58:45,True
EXP001346,TK0009576,AV_Guided_Support_v1,Control,2026-05-27 23:05:09,True
EXP001347,TK0009579,AV_Guided_Support_v1,Control,2026-06-03 09:12:42,True
EXP001348,TK0009587,AV_Guided_Support_v1,Control,2026-05-18 00:47:28,True
EXP001349,TK0009598,AV_Guided_Support_v1,Treatment,2026-06-06 02:07:22,True
EXP001350,TK0009612,AV_Guided_Support_v1,Control,2026-06-26 01:07:36,True
EXP001351,TK0009621,AV_Guided_Support_v1,Treatment,2026-06-24 22:16:33,True
EXP001352,TK0009635,AV_Guided_Support_v1,Treatment,2026-06-22 22:19:59,True
EXP001353,TK0009643,AV_Guided_Support_v1,Treatment,2026-06-09 11:41:14,True
EXP001354,TK0009644,AV_Guided_Support_v1,Treatment,2026-04-05 19:42:40,True
EXP001355,TK0009656,AV_Guided_Support_v1,Control,2026-05-17 17:00:17,True
EXP001356,TK0009660,AV_Guided_Support_v1,Treatment,2026-04-21 18:19:20,True
EXP001357,TK0009672,AV_Guided_Support_v1,Control,2026-05-16 12:37:57,True
EXP001358,TK0009675,AV_Guided_Support_v1,Control,2026-05-31 03:41:38,True
EXP001359,TK0009678,AV_Guided_Support_v1,Control,2026-05-26 01:12:51,True
EXP001360,TK0009680,AV_Guided_Support_v1,Treatment,2026-06-07 03:04:46,True
EXP001361,TK0009685,AV_Guided_Support_v1,Treatment,2026-06-04 18:49:16,True
EXP001362,TK0009691,AV_Guided_Support_v1,Treatment,2026-05-07 15:29:53,True
EXP001363,TK0009694,AV_Guided_Support_v1,Treatment,2026-04-28 13:49:55,True
EXP001364,TK0009695,AV_Guided_Support_v1,Treatment,2026-06-23 15:10:32,True
EXP001365,TK0009699,AV_Guided_Support_v1,Treatment,2026-05-13 02:03:39,True
EXP001366,TK0009736,AV_Guided_Support_v1,Control,2026-05-06 12:27:01,True
EXP001367,TK0009764,AV_Guided_Support_v1,Control,2026-06-24 17:03:55,True
EXP001368,TK0009766,AV_Guided_Support_v1,Control,2026-06-18 15:16:04,True
EXP001369,TK0009767,AV_Guided_Support_v1,Control,2026-06-11 09:18:14,True
EXP001370,TK0009768,AV_Guided_Support_v1,Treatment,2026-04-19 08:00:13,True
EXP001371,TK0009775,AV_Guided_Support_v1,Control,2026-06-16 19:18:21,True
EXP001372,TK0009783,AV_Guided_Support_v1,Control,2026-06-15 13:18:38,True
EXP001373,TK0009785,AV_Guided_Support_v1,Control,2026-04-06 14:37:06,True
EXP001374,TK0009787,AV_Guided_Support_v1,Control,2026-04-16 18:07:20,True
EXP001375,TK0009800,AV_Guided_Support_v1,Treatment,2026-06-03 02:06:35,True
EXP001376,TK0009811,AV_Guided_Support_v1,Treatment,2026-04-30 01:31:49,True
EXP001377,TK0009814,AV_Guided_Support_v1,Control,2026-06-21 13:26:39,True
EXP001378,TK0009821,AV_Guided_Support_v1,Control,2026-05-24 19:55:00,True
EXP001379,TK0009829,AV_Guided_Support_v1,Control,2026-06-11 00:10:40,True
EXP001380,TK0009832,AV_Guided_Support_v1,Control,2026-06-13 04:01:14,True
EXP001381,TK0009837,AV_Guided_Support_v1,Treatment,2026-04-20 21:31:01,True
EXP001382,TK0009858,AV_Guided_Support_v1,Treatment,2026-04-26 00:38:32,True
EXP001383,TK0009861,AV_Guided_Support_v1,Control,2026-04-24 01:17:30,True
EXP001384,TK0009863,AV_Guided_Support_v1,Control,2026-05-07 11:59:06,True
EXP001385,TK0009867,AV_Guided_Support_v1,Control,2026-04-27 03:41:11,True
EXP001386,TK0009881,AV_Guided_Support_v1,Control,2026-05-24 02:04:29,True
EXP001387,TK0009901,AV_Guided_Support_v1,Treatment,2026-06-16 02:03:32,True
EXP001388,TK0009914,AV_Guided_Support_v1,Treatment,2026-06-08 18:56:51,True
EXP001389,TK0009925,AV_Guided_Support_v1,Treatment,2026-06-25 03:48:31,True
EXP001390,TK0009935,AV_Guided_Support_v1,Treatment,2026-06-22 06:11:01,True
EXP001391,TK0009937,AV_Guided_Support_v1,Control,2026-06-03 10:47:23,True
EXP001392,TK0009952,AV_Guided_Support_v1,Control,2026-06-02 10:43:25,True
EXP001393,TK0009957,AV_Guided_Support_v1,Treatment,2026-04-30 13:07:58,True
EXP001394,TK0009958,AV_Guided_Support_v1,Control,2026-05-30 15:45:58,True
EXP001395,TK0009970,AV_Guided_Support_v1,Control,2026-06-07 04:51:04,True
EXP001396,TK0009991,AV_Guided_Support_v1,Treatment,2026-06-17 07:40:30,True
EXP001397,TK0009994,AV_Guided_Support_v1,Treatment,2026-05-20 14:39:50,True
EXP001398,TK0009995,AV_Guided_Support_v1,Treatment,2026-06-20 20:30:22,True
EXP001399,TK0010001,AV_Guided_Support_v1,Treatment,2026-06-07 02:21:21,True
EXP001400,TK0010013,AV_Guided_Support_v1,Treatment,2026-05-25 20:29:13,True
EXP001401,TK0010018,AV_Guided_Support_v1,Treatment,2026-05-12 21:54:12,True
EXP001402,TK0010041,AV_Guided_Support_v1,Treatment,2026-04-06 17:42:44,True
EXP001403,TK0010043,AV_Guided_Support_v1,Control,2026-04-06 06:13:26,True
EXP001404,TK0010045,AV_Guided_Support_v1,Treatment,2026-05-26 21:16:29,True
EXP001405,TK0010055,AV_Guided_Support_v1,Treatment,2026-06-05 16:09:16,True
EXP001406,TK0010067,AV_Guided_Support_v1,Control,2026-04-23 17:59:32,True
EXP001407,TK0010084,AV_Guided_Support_v1,Treatment,2026-06-28 12:30:54,True
EXP001408,TK0010086,AV_Guided_Support_v1,Treatment,2026-04-25 14:10:03,True
EXP001409,TK0010093,AV_Guided_Support_v1,Treatment,2026-06-07 04:02:41,True
EXP001410,TK0010098,AV_Guided_Support_v1,Control,2026-06-07 05:55:25,True
EXP001411,TK0010106,AV_Guided_Support_v1,Control,2026-06-14 13:38:45,True
EXP001412,TK0010111,AV_Guided_Support_v1,Control,2026-05-27 05:18:20,True
EXP001413,TK0010113,AV_Guided_Support_v1,Treatment,2026-06-06 22:18:55,True
EXP001414,TK0010116,AV_Guided_Support_v1,Control,2026-06-22 22:40:17,True
EXP001415,TK0010138,AV_Guided_Support_v1,Control,2026-04-21 05:18:28,True
EXP001416,TK0010142,AV_Guided_Support_v1,Control,2026-04-16 15:17:55,True
EXP001417,TK0010146,AV_Guided_Support_v1,Control,2026-04-08 08:19:54,True
EXP001418,TK0010147,AV_Guided_Support_v1,Treatment,2026-04-17 19:08:42,True
EXP001419,TK0010148,AV_Guided_Support_v1,Control,2026-05-26 07:37:48,True
EXP001420,TK0010154,AV_Guided_Support_v1,Control,2026-04-28 16:14:21,True
EXP001421,TK0010156,AV_Guided_Support_v1,Treatment,2026-05-31 00:05:12,True
EXP001422,TK0010158,AV_Guided_Support_v1,Control,2026-04-19 10:08:39,True
EXP001423,TK0010160,AV_Guided_Support_v1,Treatment,2026-04-25 04:30:06,True
EXP001424,TK0010178,AV_Guided_Support_v1,Control,2026-06-04 23:22:18,True
EXP001425,TK0010216,AV_Guided_Support_v1,Treatment,2026-04-12 02:22:10,True
EXP001426,TK0010227,AV_Guided_Support_v1,Treatment,2026-05-23 20:35:41,True
EXP001427,TK0010240,AV_Guided_Support_v1,Treatment,2026-06-14 22:14:53,True
EXP001428,TK0010245,AV_Guided_Support_v1,Treatment,2026-04-03 11:57:33,True
EXP001429,TK0010246,AV_Guided_Support_v1,Treatment,2026-05-09 00:13:56,True
EXP001430,TK0010254,AV_Guided_Support_v1,Control,2026-05-21 03:00:04,True
EXP001431,TK0010272,AV_Guided_Support_v1,Treatment,2026-04-09 20:11:56,True
EXP001432,TK0010289,AV_Guided_Support_v1,Control,2026-06-01 14:56:02,True
EXP001433,TK0010291,AV_Guided_Support_v1,Treatment,2026-05-15 19:07:24,True
EXP001434,TK0010296,AV_Guided_Support_v1,Control,2026-05-13 06:21:29,True
EXP001435,TK0010309,AV_Guided_Support_v1,Control,2026-04-18 15:00:57,True
EXP001436,TK0010320,AV_Guided_Support_v1,Treatment,2026-05-10 10:00:16,True
EXP001437,TK0010322,AV_Guided_Support_v1,Treatment,2026-04-26 20:58:46,True
EXP001438,TK0010332,AV_Guided_Support_v1,Control,2026-06-24 22:29:16,True
EXP001439,TK0010347,AV_Guided_Support_v1,Control,2026-04-12 14:37:17,True
EXP001440,TK0010357,AV_Guided_Support_v1,Treatment,2026-05-14 17:20:54,True
EXP001441,TK0010374,AV_Guided_Support_v1,Control,2026-06-16 02:33:30,True
EXP001442,TK0010389,AV_Guided_Support_v1,Control,2026-05-23 10:09:25,True
EXP001443,TK0010394,AV_Guided_Support_v1,Treatment,2026-06-23 09:00:34,True
EXP001444,TK0010399,AV_Guided_Support_v1,Control,2026-05-11 02:33:03,True
EXP001445,TK0010403,AV_Guided_Support_v1,Treatment,2026-05-22 22:41:00,True
EXP001446,TK0010405,AV_Guided_Support_v1,Control,2026-05-27 23:44:15,True
EXP001447,TK0010406,AV_Guided_Support_v1,Treatment,2026-05-26 19:19:22,True
EXP001448,TK0010408,AV_Guided_Support_v1,Treatment,2026-04-05 02:39:31,True
EXP001449,TK0010421,AV_Guided_Support_v1,Treatment,2026-06-22 02:36:38,True
EXP001450,TK0010423,AV_Guided_Support_v1,Treatment,2026-06-07 10:25:00,True
EXP001451,TK0010432,AV_Guided_Support_v1,Control,2026-04-07 04:20:51,True
EXP001452,TK0010433,AV_Guided_Support_v1,Control,2026-04-02 02:18:06,True
EXP001453,TK0010439,AV_Guided_Support_v1,Control,2026-06-17 05:02:48,True
EXP001454,TK0010455,AV_Guided_Support_v1,Treatment,2026-05-04 15:34:35,True
EXP001455,TK0010456,AV_Guided_Support_v1,Treatment,2026-06-29 23:16:22,True
EXP001456,TK0010473,AV_Guided_Support_v1,Treatment,2026-06-17 01:52:18,True
EXP001457,TK0010481,AV_Guided_Support_v1,Control,2026-06-23 07:58:59,True
EXP001458,TK0010496,AV_Guided_Support_v1,Treatment,2026-06-27 22:56:03,True
EXP001459,TK0010498,AV_Guided_Support_v1,Treatment,2026-05-01 23:37:11,True
EXP001460,TK0010510,AV_Guided_Support_v1,Treatment,2026-04-28 01:50:23,True
EXP001461,TK0010511,AV_Guided_Support_v1,Control,2026-06-13 08:32:26,True
EXP001462,TK0010524,AV_Guided_Support_v1,Treatment,2026-04-17 11:16:46,True
EXP001463,TK0010526,AV_Guided_Support_v1,Control,2026-06-04 06:40:43,True
EXP001464,TK0010527,AV_Guided_Support_v1,Treatment,2026-05-16 10:10:45,True
EXP001465,TK0010531,AV_Guided_Support_v1,Control,2026-05-30 09:06:50,True
EXP001466,TK0010532,AV_Guided_Support_v1,Treatment,2026-04-09 10:11:23,True
EXP001467,TK0010557,AV_Guided_Support_v1,Treatment,2026-06-09 16:13:47,True
EXP001468,TK0010560,AV_Guided_Support_v1,Control,2026-06-12 19:21:31,True
EXP001469,TK0010568,AV_Guided_Support_v1,Control,2026-04-15 10:41:16,True
EXP001470,TK0010571,AV_Guided_Support_v1,Treatment,2026-06-19 15:25:49,True
EXP001471,TK0010583,AV_Guided_Support_v1,Control,2026-05-05 13:34:09,True
EXP001472,TK0010584,AV_Guided_Support_v1,Control,2026-06-13 17:57:27,True
EXP001473,TK0010588,AV_Guided_Support_v1,Treatment,2026-06-09 21:35:18,True
EXP001474,TK0010592,AV_Guided_Support_v1,Control,2026-05-01 19:21:38,True
EXP001475,TK0010593,AV_Guided_Support_v1,Control,2026-05-11 03:15:51,True
EXP001476,TK0010622,AV_Guided_Support_v1,Treatment,2026-06-24 07:20:50,True
EXP001477,TK0010642,AV_Guided_Support_v1,Treatment,2026-06-20 12:16:03,True
EXP001478,TK0010646,AV_Guided_Support_v1,Treatment,2026-05-20 01:59:01,True
EXP001479,TK0010659,AV_Guided_Support_v1,Control,2026-04-23 18:45:10,True
EXP001480,TK0010664,AV_Guided_Support_v1,Treatment,2026-05-15 21:37:02,True
EXP001481,TK0010667,AV_Guided_Support_v1,Treatment,2026-04-01 06:09:35,True
EXP001482,TK0010671,AV_Guided_Support_v1,Control,2026-04-11 09:33:13,True
EXP001483,TK0010678,AV_Guided_Support_v1,Control,2026-04-25 19:40:16,True
EXP001484,TK0010690,AV_Guided_Support_v1,Control,2026-06-06 14:08:52,True
EXP001485,TK0010696,AV_Guided_Support_v1,Control,2026-05-25 06:39:05,True
EXP001486,TK0010717,AV_Guided_Support_v1,Treatment,2026-05-12 11:16:23,True
EXP001487,TK0010718,AV_Guided_Support_v1,Control,2026-04-21 11:43:40,True
EXP001488,TK0010740,AV_Guided_Support_v1,Treatment,2026-06-15 05:20:53,True
EXP001489,TK0010750,AV_Guided_Support_v1,Control,2026-06-16 09:36:43,True
EXP001490,TK0010760,AV_Guided_Support_v1,Treatment,2026-05-16 09:16:19,True
EXP001491,TK0010781,AV_Guided_Support_v1,Control,2026-05-21 09:50:34,True
EXP001492,TK0010784,AV_Guided_Support_v1,Treatment,2026-05-18 20:51:53,True
EXP001493,TK0010785,AV_Guided_Support_v1,Treatment,2026-06-24 03:25:29,True
EXP001494,TK0010787,AV_Guided_Support_v1,Control,2026-05-04 02:27:01,True
EXP001495,TK0010808,AV_Guided_Support_v1,Control,2026-05-30 23:09:31,True
EXP001496,TK0010813,AV_Guided_Support_v1,Treatment,2026-05-05 10:46:40,True
EXP001497,TK0010816,AV_Guided_Support_v1,Treatment,2026-04-13 09:14:39,True
EXP001498,TK0010825,AV_Guided_Support_v1,Treatment,2026-05-15 14:56:17,True
EXP001499,TK0010828,AV_Guided_Support_v1,Treatment,2026-05-14 17:06:22,True
EXP001500,TK0010832,AV_Guided_Support_v1,Control,2026-05-23 03:18:07,True
EXP001501,TK0010840,AV_Guided_Support_v1,Control,2026-05-21 05:21:37,True
EXP001502,TK0010854,AV_Guided_Support_v1,Treatment,2026-06-27 23:12:03,True
EXP001503,TK0010855,AV_Guided_Support_v1,Control,2026-06-17 20:32:56,True
EXP001504,TK0010856,AV_Guided_Support_v1,Treatment,2026-04-10 00:19:35,True
EXP001505,TK0010861,AV_Guided_Support_v1,Control,2026-05-18 10:16:39,True
EXP001506,TK0010862,AV_Guided_Support_v1,Treatment,2026-06-30 18:52:01,True
EXP001507,TK0010873,AV_Guided_Support_v1,Control,2026-05-16 14:24:58,True
EXP001508,TK0010899,AV_Guided_Support_v1,Treatment,2026-05-07 09:19:48,True
EXP001509,TK0010901,AV_Guided_Support_v1,Control,2026-04-03 05:19:53,True
EXP001510,TK0010908,AV_Guided_Support_v1,Treatment,2026-06-27 09:56:51,True
EXP001511,TK0010919,AV_Guided_Support_v1,Control,2026-05-18 20:15:53,True
EXP001512,TK0010925,AV_Guided_Support_v1,Treatment,2026-04-24 22:21:06,True
EXP001513,TK0010926,AV_Guided_Support_v1,Treatment,2026-05-24 09:02:04,True
EXP001514,TK0010929,AV_Guided_Support_v1,Control,2026-05-26 10:11:46,True
EXP001515,TK0010932,AV_Guided_Support_v1,Treatment,2026-04-11 16:23:26,True
EXP001516,TK0010937,AV_Guided_Support_v1,Control,2026-06-27 09:45:19,True
EXP001517,TK0010940,AV_Guided_Support_v1,Treatment,2026-06-03 06:32:24,True
EXP001518,TK0010947,AV_Guided_Support_v1,Control,2026-05-10 11:39:14,True
EXP001519,TK0010952,AV_Guided_Support_v1,Treatment,2026-06-28 08:55:17,True
EXP001520,TK0010959,AV_Guided_Support_v1,Control,2026-06-10 09:36:05,True
EXP001521,TK0010960,AV_Guided_Support_v1,Treatment,2026-06-08 05:18:40,True
EXP001522,TK0010967,AV_Guided_Support_v1,Control,2026-06-13 02:26:04,True
EXP001523,TK0010999,AV_Guided_Support_v1,Treatment,2026-05-07 09:26:15,True
EXP001524,TK0011025,AV_Guided_Support_v1,Control,2026-06-24 18:36:47,True
EXP001525,TK0011046,AV_Guided_Support_v1,Treatment,2026-06-11 13:11:53,True
EXP001526,TK0011050,AV_Guided_Support_v1,Treatment,2026-05-03 16:39:08,True
EXP001527,TK0011060,AV_Guided_Support_v1,Treatment,2026-05-31 22:10:28,True
EXP001528,TK0011082,AV_Guided_Support_v1,Control,2026-06-06 00:33:01,True
EXP001529,TK0011090,AV_Guided_Support_v1,Treatment,2026-06-29 09:18:09,True
EXP001530,TK0011094,AV_Guided_Support_v1,Treatment,2026-06-23 02:57:53,True
EXP001531,TK0011100,AV_Guided_Support_v1,Control,2026-05-03 12:04:26,True
EXP001532,TK0011104,AV_Guided_Support_v1,Treatment,2026-06-28 09:03:28,True
EXP001533,TK0011117,AV_Guided_Support_v1,Treatment,2026-05-19 22:55:39,True
EXP001534,TK0011120,AV_Guided_Support_v1,Control,2026-04-19 02:16:09,True
EXP001535,TK0011123,AV_Guided_Support_v1,Treatment,2026-05-14 21:16:56,True
EXP001536,TK0011124,AV_Guided_Support_v1,Treatment,2026-04-02 21:11:57,True
EXP001537,TK0011131,AV_Guided_Support_v1,Treatment,2026-04-29 06:39:53,True
EXP001538,TK0011138,AV_Guided_Support_v1,Control,2026-04-23 05:07:29,True
EXP001539,TK0011150,AV_Guided_Support_v1,Control,2026-06-02 22:51:19,True
EXP001540,TK0011157,AV_Guided_Support_v1,Treatment,2026-04-12 04:48:09,True
EXP001541,TK0011166,AV_Guided_Support_v1,Control,2026-06-21 08:06:09,True
EXP001542,TK0011167,AV_Guided_Support_v1,Treatment,2026-04-07 04:16:01,True
EXP001543,TK0011175,AV_Guided_Support_v1,Control,2026-04-18 23:21:59,True
EXP001544,TK0011186,AV_Guided_Support_v1,Control,2026-04-22 19:30:26,True
EXP001545,TK0011194,AV_Guided_Support_v1,Control,2026-05-14 23:53:03,True
EXP001546,TK0011195,AV_Guided_Support_v1,Control,2026-04-01 06:43:00,True
EXP001547,TK0011206,AV_Guided_Support_v1,Control,2026-05-14 14:43:53,True
EXP001548,TK0011221,AV_Guided_Support_v1,Control,2026-06-04 15:28:03,True
EXP001549,TK0011225,AV_Guided_Support_v1,Control,2026-04-22 02:46:26,True
EXP001550,TK0011228,AV_Guided_Support_v1,Control,2026-04-05 01:27:20,True
EXP001551,TK0011249,AV_Guided_Support_v1,Treatment,2026-04-13 12:31:16,True
EXP001552,TK0011265,AV_Guided_Support_v1,Treatment,2026-04-15 23:37:46,True
EXP001553,TK0011266,AV_Guided_Support_v1,Treatment,2026-06-03 07:06:37,True
EXP001554,TK0011271,AV_Guided_Support_v1,Treatment,2026-05-24 02:13:18,True
EXP001555,TK0011274,AV_Guided_Support_v1,Control,2026-05-08 01:03:44,True
EXP001556,TK0011277,AV_Guided_Support_v1,Control,2026-04-28 19:02:24,True
EXP001557,TK0011286,AV_Guided_Support_v1,Control,2026-06-24 03:34:04,True
EXP001558,TK0011294,AV_Guided_Support_v1,Treatment,2026-04-30 23:15:40,True
EXP001559,TK0011314,AV_Guided_Support_v1,Treatment,2026-04-18 04:19:28,True
EXP001560,TK0011331,AV_Guided_Support_v1,Treatment,2026-05-19 19:51:16,True
EXP001561,TK0011335,AV_Guided_Support_v1,Control,2026-04-02 20:45:32,True
EXP001562,TK0011337,AV_Guided_Support_v1,Control,2026-05-22 08:21:16,True
EXP001563,TK0011342,AV_Guided_Support_v1,Treatment,2026-04-05 22:59:49,True
EXP001564,TK0011344,AV_Guided_Support_v1,Control,2026-05-08 22:26:07,True
EXP001565,TK0011346,AV_Guided_Support_v1,Control,2026-04-10 07:20:36,True
EXP001566,TK0011347,AV_Guided_Support_v1,Control,2026-06-04 03:30:40,True
EXP001567,TK0011352,AV_Guided_Support_v1,Control,2026-04-27 01:29:48,True
EXP001568,TK0011353,AV_Guided_Support_v1,Treatment,2026-06-17 02:49:08,True
EXP001569,TK0011357,AV_Guided_Support_v1,Control,2026-06-26 21:04:58,True
EXP001570,TK0011368,AV_Guided_Support_v1,Treatment,2026-04-17 07:17:26,True
EXP001571,TK0011369,AV_Guided_Support_v1,Control,2026-06-05 05:12:46,True
EXP001572,TK0011372,AV_Guided_Support_v1,Control,2026-04-15 01:44:32,True
EXP001573,TK0011383,AV_Guided_Support_v1,Treatment,2026-05-02 17:06:27,True
EXP001574,TK0011387,AV_Guided_Support_v1,Treatment,2026-04-23 08:46:23,True
EXP001575,TK0011398,AV_Guided_Support_v1,Control,2026-04-14 07:50:36,True
EXP001576,TK0011401,AV_Guided_Support_v1,Treatment,2026-04-17 16:13:02,True
EXP001577,TK0011402,AV_Guided_Support_v1,Control,2026-06-04 08:34:51,True
EXP001578,TK0011405,AV_Guided_Support_v1,Treatment,2026-06-05 03:55:23,True
EXP001579,TK0011408,AV_Guided_Support_v1,Treatment,2026-06-02 03:59:13,True
EXP001580,TK0011414,AV_Guided_Support_v1,Control,2026-05-01 02:22:12,True
EXP001581,TK0011418,AV_Guided_Support_v1,Treatment,2026-04-05 02:47:24,True
EXP001582,TK0011426,AV_Guided_Support_v1,Treatment,2026-06-21 04:53:15,True
EXP001583,TK0011432,AV_Guided_Support_v1,Control,2026-06-14 21:27:04,True
EXP001584,TK0011441,AV_Guided_Support_v1,Control,2026-04-25 15:57:43,True
EXP001585,TK0011448,AV_Guided_Support_v1,Treatment,2026-04-18 16:26:02,True
EXP001586,TK0011451,AV_Guided_Support_v1,Treatment,2026-04-19 19:48:58,True
EXP001587,TK0011456,AV_Guided_Support_v1,Control,2026-05-15 05:56:12,True
EXP001588,TK0011459,AV_Guided_Support_v1,Treatment,2026-04-07 04:05:29,True
EXP001589,TK0011461,AV_Guided_Support_v1,Control,2026-06-24 09:33:20,True
EXP001590,TK0011471,AV_Guided_Support_v1,Treatment,2026-06-16 09:22:18,True
EXP001591,TK0011479,AV_Guided_Support_v1,Control,2026-04-23 09:26:01,True
EXP001592,TK0011490,AV_Guided_Support_v1,Control,2026-05-22 10:12:24,True
EXP001593,TK0011498,AV_Guided_Support_v1,Treatment,2026-04-15 09:51:31,True
EXP001594,TK0011512,AV_Guided_Support_v1,Control,2026-04-19 23:06:44,True
EXP001595,TK0011513,AV_Guided_Support_v1,Treatment,2026-04-05 10:13:11,True
EXP001596,TK0011514,AV_Guided_Support_v1,Control,2026-05-24 07:43:28,True
EXP001597,TK0011520,AV_Guided_Support_v1,Treatment,2026-06-06 22:22:55,True
EXP001598,TK0011541,AV_Guided_Support_v1,Control,2026-05-27 22:52:52,True
EXP001599,TK0011542,AV_Guided_Support_v1,Treatment,2026-05-08 03:08:51,True
EXP001600,TK0011552,AV_Guided_Support_v1,Treatment,2026-05-02 06:24:06,True
EXP001601,TK0011557,AV_Guided_Support_v1,Control,2026-06-11 14:20:33,True
EXP001602,TK0011562,AV_Guided_Support_v1,Control,2026-06-27 17:21:33,True
EXP001603,TK0011577,AV_Guided_Support_v1,Control,2026-06-12 07:10:00,True
EXP001604,TK0011580,AV_Guided_Support_v1,Control,2026-05-04 12:13:36,True
EXP001605,TK0011590,AV_Guided_Support_v1,Treatment,2026-05-24 02:10:23,True
EXP001606,TK0011592,AV_Guided_Support_v1,Treatment,2026-05-28 04:37:11,True
EXP001607,TK0011595,AV_Guided_Support_v1,Control,2026-04-26 19:08:47,True
EXP001608,TK0011600,AV_Guided_Support_v1,Treatment,2026-04-16 12:35:23,True
EXP001609,TK0011606,AV_Guided_Support_v1,Control,2026-05-29 05:23:48,True
EXP001610,TK0011615,AV_Guided_Support_v1,Treatment,2026-04-14 06:33:16,True
EXP001611,TK0011625,AV_Guided_Support_v1,Control,2026-05-26 22:30:57,True
EXP001612,TK0011634,AV_Guided_Support_v1,Control,2026-05-29 07:16:08,True
EXP001613,TK0011636,AV_Guided_Support_v1,Control,2026-06-22 14:56:00,True
EXP001614,TK0011637,AV_Guided_Support_v1,Control,2026-05-10 15:03:59,True
EXP001615,TK0011641,AV_Guided_Support_v1,Treatment,2026-05-18 22:59:50,True
EXP001616,TK0011642,AV_Guided_Support_v1,Control,2026-05-01 23:30:06,True
EXP001617,TK0011649,AV_Guided_Support_v1,Treatment,2026-04-19 12:59:35,True
EXP001618,TK0011667,AV_Guided_Support_v1,Treatment,2026-05-02 11:25:34,True
EXP001619,TK0011668,AV_Guided_Support_v1,Treatment,2026-06-26 17:08:02,True
EXP001620,TK0011669,AV_Guided_Support_v1,Control,2026-05-21 23:40:09,True
EXP001621,TK0011671,AV_Guided_Support_v1,Control,2026-06-09 05:34:30,True
EXP001622,TK0011672,AV_Guided_Support_v1,Treatment,2026-06-13 17:26:07,True
EXP001623,TK0011678,AV_Guided_Support_v1,Control,2026-05-09 12:36:24,True
EXP001624,TK0011688,AV_Guided_Support_v1,Treatment,2026-05-08 16:53:56,True
EXP001625,TK0011689,AV_Guided_Support_v1,Control,2026-06-01 05:10:18,True
EXP001626,TK0011695,AV_Guided_Support_v1,Control,2026-06-29 06:48:09,True
EXP001627,TK0011706,AV_Guided_Support_v1,Control,2026-05-04 06:53:53,True
EXP001628,TK0011710,AV_Guided_Support_v1,Control,2026-06-10 16:11:39,True
EXP001629,TK0011714,AV_Guided_Support_v1,Control,2026-05-17 20:10:35,True
EXP001630,TK0011717,AV_Guided_Support_v1,Control,2026-06-10 05:55:15,True
EXP001631,TK0011722,AV_Guided_Support_v1,Treatment,2026-06-13 16:07:42,True
EXP001632,TK0011737,AV_Guided_Support_v1,Treatment,2026-04-19 12:34:39,True
EXP001633,TK0011748,AV_Guided_Support_v1,Control,2026-04-19 19:58:06,True
EXP001634,TK0011762,AV_Guided_Support_v1,Treatment,2026-04-05 15:21:46,True
EXP001635,TK0011763,AV_Guided_Support_v1,Treatment,2026-05-16 01:18:25,True
EXP001636,TK0011764,AV_Guided_Support_v1,Control,2026-05-15 09:23:56,True
EXP001637,TK0011765,AV_Guided_Support_v1,Treatment,2026-06-01 23:32:18,True
EXP001638,TK0011774,AV_Guided_Support_v1,Control,2026-05-02 07:04:11,True
EXP001639,TK0011783,AV_Guided_Support_v1,Control,2026-05-24 23:19:27,True
EXP001640,TK0011786,AV_Guided_Support_v1,Treatment,2026-05-07 04:15:49,True
EXP001641,TK0011788,AV_Guided_Support_v1,Control,2026-04-20 07:32:42,True
EXP001642,TK0011796,AV_Guided_Support_v1,Treatment,2026-04-06 19:31:11,True
EXP001643,TK0011803,AV_Guided_Support_v1,Treatment,2026-04-21 07:29:47,True
EXP001644,TK0011805,AV_Guided_Support_v1,Treatment,2026-05-28 16:13:24,True
EXP001645,TK0011810,AV_Guided_Support_v1,Control,2026-04-24 07:15:03,True
EXP001646,TK0011820,AV_Guided_Support_v1,Control,2026-06-21 09:56:52,True
EXP001647,TK0011824,AV_Guided_Support_v1,Control,2026-04-27 08:10:47,True
EXP001648,TK0011825,AV_Guided_Support_v1,Control,2026-06-17 18:31:10,True
EXP001649,TK0011826,AV_Guided_Support_v1,Control,2026-05-03 09:39:47,True
EXP001650,TK0011828,AV_Guided_Support_v1,Control,2026-04-26 09:13:24,True
EXP001651,TK0011830,AV_Guided_Support_v1,Treatment,2026-04-06 10:49:09,True
EXP001652,TK0011835,AV_Guided_Support_v1,Treatment,2026-04-15 04:21:00,True
EXP001653,TK0011837,AV_Guided_Support_v1,Treatment,2026-04-12 11:41:19,True
EXP001654,TK0011844,AV_Guided_Support_v1,Treatment,2026-05-09 19:43:56,True
EXP001655,TK0011849,AV_Guided_Support_v1,Treatment,2026-05-22 18:43:03,True
EXP001656,TK0011856,AV_Guided_Support_v1,Treatment,2026-06-06 07:04:30,True
EXP001657,TK0011857,AV_Guided_Support_v1,Treatment,2026-06-20 15:58:16,True
EXP001658,TK0011877,AV_Guided_Support_v1,Control,2026-04-22 17:01:18,True
EXP001659,TK0011882,AV_Guided_Support_v1,Control,2026-06-12 23:46:10,True
EXP001660,TK0011896,AV_Guided_Support_v1,Control,2026-06-06 18:01:36,True
EXP001661,TK0011897,AV_Guided_Support_v1,Control,2026-04-29 08:25:38,True
EXP001662,TK0011915,AV_Guided_Support_v1,Treatment,2026-04-28 01:34:49,True
EXP001663,TK0011917,AV_Guided_Support_v1,Treatment,2026-05-07 20:20:36,True
EXP001664,TK0011918,AV_Guided_Support_v1,Treatment,2026-04-17 03:36:15,True
EXP001665,TK0011919,AV_Guided_Support_v1,Treatment,2026-04-15 22:09:26,True
EXP001666,TK0011937,AV_Guided_Support_v1,Treatment,2026-05-15 12:08:56,True
EXP001667,TK0011943,AV_Guided_Support_v1,Treatment,2026-04-15 19:46:33,True
EXP001668,TK0011962,AV_Guided_Support_v1,Treatment,2026-06-13 20:36:54,True
EXP001669,TK0011982,AV_Guided_Support_v1,Control,2026-04-24 16:34:38,True
EXP001670,TK0012014,AV_Guided_Support_v1,Treatment,2026-06-11 05:10:53,True
EXP001671,TK0012017,AV_Guided_Support_v1,Treatment,2026-05-17 17:43:22,True
EXP001672,TK0012018,AV_Guided_Support_v1,Control,2026-06-11 12:29:57,True
EXP001673,TK0012019,AV_Guided_Support_v1,Control,2026-06-10 15:23:15,True
EXP001674,TK0012022,AV_Guided_Support_v1,Treatment,2026-06-18 12:17:24,True
EXP001675,TK0012030,AV_Guided_Support_v1,Control,2026-06-13 15:50:04,True
EXP001676,TK0012041,AV_Guided_Support_v1,Treatment,2026-04-01 11:27:06,True
EXP001677,TK0012043,AV_Guided_Support_v1,Treatment,2026-04-29 07:45:00,True
EXP001678,TK0012053,AV_Guided_Support_v1,Treatment,2026-04-09 10:05:37,True
EXP001679,TK0012064,AV_Guided_Support_v1,Treatment,2026-06-22 04:16:00,True
EXP001680,TK0012065,AV_Guided_Support_v1,Treatment,2026-05-15 07:42:37,True
EXP001681,TK0012087,AV_Guided_Support_v1,Treatment,2026-04-13 19:25:49,True
EXP001682,TK0012090,AV_Guided_Support_v1,Control,2026-04-15 16:22:27,True
EXP001683,TK0012106,AV_Guided_Support_v1,Treatment,2026-06-05 19:00:36,True
EXP001684,TK0012108,AV_Guided_Support_v1,Treatment,2026-04-15 22:48:54,True
EXP001685,TK0012124,AV_Guided_Support_v1,Control,2026-05-12 13:16:14,True
EXP001686,TK0012136,AV_Guided_Support_v1,Control,2026-06-13 00:01:48,True
EXP001687,TK0012137,AV_Guided_Support_v1,Treatment,2026-06-03 19:37:04,True
EXP001688,TK0012150,AV_Guided_Support_v1,Treatment,2026-04-25 20:11:08,True
EXP001689,TK0012151,AV_Guided_Support_v1,Treatment,2026-04-27 22:37:58,True
EXP001690,TK0012152,AV_Guided_Support_v1,Treatment,2026-05-16 02:01:39,True
EXP001691,TK0012160,AV_Guided_Support_v1,Control,2026-04-05 12:46:21,True
EXP001692,TK0012171,AV_Guided_Support_v1,Control,2026-04-02 10:23:52,True
EXP001693,TK0012175,AV_Guided_Support_v1,Control,2026-04-15 21:01:08,True
EXP001694,TK0012202,AV_Guided_Support_v1,Control,2026-05-22 00:00:21,True
EXP001695,TK0012214,AV_Guided_Support_v1,Control,2026-05-24 17:14:25,True
EXP001696,TK0012218,AV_Guided_Support_v1,Treatment,2026-05-14 16:45:33,True
EXP001697,TK0012219,AV_Guided_Support_v1,Control,2026-05-16 12:37:15,True
EXP001698,TK0012224,AV_Guided_Support_v1,Treatment,2026-05-28 03:32:28,True
EXP001699,TK0012229,AV_Guided_Support_v1,Treatment,2026-04-27 07:53:54,True
EXP001700,TK0012235,AV_Guided_Support_v1,Control,2026-04-03 20:32:34,True
EXP001701,TK0012236,AV_Guided_Support_v1,Control,2026-06-07 09:08:43,True
EXP001702,TK0012249,AV_Guided_Support_v1,Control,2026-05-04 13:09:40,True
EXP001703,TK0012250,AV_Guided_Support_v1,Treatment,2026-04-26 17:57:39,True
EXP001704,TK0012251,AV_Guided_Support_v1,Control,2026-05-24 00:01:09,True
EXP001705,TK0012252,AV_Guided_Support_v1,Control,2026-06-21 14:42:15,True
EXP001706,TK0012256,AV_Guided_Support_v1,Treatment,2026-04-04 09:58:40,True
EXP001707,TK0012269,AV_Guided_Support_v1,Control,2026-04-04 06:54:27,True
EXP001708,TK0012273,AV_Guided_Support_v1,Treatment,2026-06-17 08:54:38,True
EXP001709,TK0012277,AV_Guided_Support_v1,Treatment,2026-06-17 14:03:56,True
EXP001710,TK0012282,AV_Guided_Support_v1,Treatment,2026-04-29 07:10:17,True
EXP001711,TK0012293,AV_Guided_Support_v1,Control,2026-06-07 07:07:34,True
EXP001712,TK0012303,AV_Guided_Support_v1,Treatment,2026-06-20 11:44:15,True
EXP001713,TK0012320,AV_Guided_Support_v1,Treatment,2026-05-11 16:00:09,True
EXP001714,TK0012328,AV_Guided_Support_v1,Treatment,2026-05-13 05:54:27,True
EXP001715,TK0012329,AV_Guided_Support_v1,Control,2026-04-24 06:25:41,True
EXP001716,TK0012337,AV_Guided_Support_v1,Control,2026-04-25 08:07:45,True
EXP001717,TK0012343,AV_Guided_Support_v1,Control,2026-06-27 22:43:33,True
EXP001718,TK0012344,AV_Guided_Support_v1,Control,2026-06-19 15:32:40,True
EXP001719,TK0012358,AV_Guided_Support_v1,Treatment,2026-06-01 08:19:52,True
EXP001720,TK0012361,AV_Guided_Support_v1,Treatment,2026-06-09 11:23:34,True
EXP001721,TK0012364,AV_Guided_Support_v1,Control,2026-06-30 18:49:58,True
EXP001722,TK0012387,AV_Guided_Support_v1,Treatment,2026-06-14 23:43:27,True
EXP001723,TK0012396,AV_Guided_Support_v1,Treatment,2026-04-07 08:17:58,True
EXP001724,TK0012403,AV_Guided_Support_v1,Control,2026-05-20 08:07:14,True
EXP001725,TK0012404,AV_Guided_Support_v1,Treatment,2026-05-06 16:48:14,True
EXP001726,TK0012408,AV_Guided_Support_v1,Control,2026-06-08 11:22:21,True
EXP001727,TK0012412,AV_Guided_Support_v1,Control,2026-04-16 15:27:06,True
EXP001728,TK0012422,AV_Guided_Support_v1,Treatment,2026-05-05 07:18:49,True
EXP001729,TK0012423,AV_Guided_Support_v1,Treatment,2026-06-26 21:28:56,True
EXP001730,TK0012426,AV_Guided_Support_v1,Treatment,2026-05-26 11:50:18,True
EXP001731,TK0012436,AV_Guided_Support_v1,Treatment,2026-05-13 02:48:32,True
EXP001732,TK0012438,AV_Guided_Support_v1,Control,2026-06-20 04:47:01,True
EXP001733,TK0012453,AV_Guided_Support_v1,Treatment,2026-04-03 14:36:29,True
EXP001734,TK0012459,AV_Guided_Support_v1,Control,2026-04-24 01:38:32,True
EXP001735,TK0012464,AV_Guided_Support_v1,Control,2026-04-21 03:00:48,True
EXP001736,TK0012470,AV_Guided_Support_v1,Treatment,2026-04-29 11:46:01,True
EXP001737,TK0012472,AV_Guided_Support_v1,Treatment,2026-05-24 21:18:31,True
EXP001738,TK0012480,AV_Guided_Support_v1,Treatment,2026-06-14 02:39:41,True
EXP001739,TK0012501,AV_Guided_Support_v1,Treatment,2026-04-28 08:48:45,True
EXP001740,TK0012505,AV_Guided_Support_v1,Treatment,2026-05-27 01:09:01,True
EXP001741,TK0012518,AV_Guided_Support_v1,Treatment,2026-05-11 08:19:28,True
EXP001742,TK0012524,AV_Guided_Support_v1,Treatment,2026-06-13 07:55:19,True
EXP001743,TK0012531,AV_Guided_Support_v1,Treatment,2026-05-14 18:20:45,True
EXP001744,TK0012537,AV_Guided_Support_v1,Treatment,2026-06-15 14:51:19,True
EXP001745,TK0012541,AV_Guided_Support_v1,Treatment,2026-04-10 21:22:07,True
EXP001746,TK0012549,AV_Guided_Support_v1,Control,2026-05-25 04:04:43,True
EXP001747,TK0012553,AV_Guided_Support_v1,Treatment,2026-05-04 09:21:39,True
EXP001748,TK0012557,AV_Guided_Support_v1,Treatment,2026-06-11 19:28:31,True
