adjustment_id,ticket_id,trip_id,adjustment_type,amount,reason,created_at,currency
ADJ0000001,TK0000002,T0000016,appeasement_credit,19.29,service_recovery,2026-03-21 14:36:20.000000000,USD
ADJ0000002,TK0000004,T0000032,refund,25.66,trip_status_issue,2026-01-20 12:36:33.000000000,USD
ADJ0000003,TK0000005,T0000042,refund,1.86,vehicle_access_issue,2026-03-01 10:24:02.000000000,USD
ADJ0000004,TK0000005,T0000042,appeasement_credit,3.41,service_recovery,2026-03-01 11:16:02.000000000,USD
ADJ0000005,TK0000006,T0000051,refund,7.56,payment_issue,2026-04-29 06:16:04.000000000,USD
ADJ0000006,TK0000008,T0000055,refund,34.14,payment_issue,2026-05-28 19:57:58.000000000,USD
ADJ0000007,TK0000013,T0000083,refund,6.65,trip_status_issue,2026-03-07 10:46:34.000000000,USD
ADJ0000008,TK0000013,T0000083,appeasement_credit,16.91,service_recovery,2026-03-07 11:02:34.000000000,USD
ADJ0000009,TK0000018,T0000125,appeasement_credit,12.21,service_recovery,2026-05-07 17:38:42.000000000,USD
ADJ0000010,TK0000019,T0000136,appeasement_credit,6.27,service_recovery,2026-04-19 15:04:45.000000000,USD
ADJ0000011,TK0000025,T0000187,refund,5.68,route_issue,2026-05-03 16:26:15.000000000,USD
ADJ0000012,TK0000025,T0000187,appeasement_credit,17.09,service_recovery,2026-05-03 16:35:15.000000000,USD
ADJ0000013,TK0000031,T0000215,refund,12.96,vehicle_access_issue,2026-03-06 01:51:42.000000000,USD
ADJ0000014,TK0000035,T0000236,refund,3.06,payment_issue,2026-03-02 01:29:15.000000000,USD
ADJ0000015,TK0000036,T0000238,appeasement_credit,11.36,service_recovery,2026-06-26 20:06:11.000000000,USD
ADJ0000016,TK0000038,T0000267,appeasement_credit,4.45,service_recovery,2026-02-21 21:17:51.000000000,USD
ADJ0000017,TK0000040,T0000312,refund,11.95,payment_issue,2026-06-23 06:29:03.000000000,USD
ADJ0000018,TK0000047,T0000405,refund,9.0,trip_status_issue,2026-06-12 22:01:55.000000000,USD
ADJ0000019,TK0000048,T0000407,refund,2.9,route_issue,2026-06-02 08:07:13.000000000,USD
ADJ0000020,TK0000049,T0000416,refund,2.55,cancellation_issue,2026-05-17 13:24:05.000000000,USD
ADJ0000021,TK0000052,T0000443,refund,7.62,payment_issue,2026-01-01 06:11:06.000000000,USD
ADJ0000022,TK0000054,T0000457,refund,5.71,pickup_issue,2026-03-23 20:19:51.000000000,USD
ADJ0000023,TK0000056,T0000470,refund,5.14,cancellation_issue,2026-02-14 11:44:14.000000000,USD
ADJ0000024,TK0000057,T0000482,refund,2.31,cancellation_issue,2026-05-06 22:29:13.000000000,USD
ADJ0000025,TK0000059,T0000525,refund,6.33,payment_issue,2026-05-01 23:48:56.000000000,USD
ADJ0000026,TK0000060,T0000529,refund,1.66,vehicle_access_issue,2026-02-18 12:22:39.000000000,USD
ADJ0000027,TK0000063,T0000551,refund,18.2,payment_issue,2026-01-24 05:31:33.000000000,USD
ADJ0000028,TK0000064,T0000556,appeasement_credit,14.38,service_recovery,2026-06-23 15:19:49.000000000,USD
ADJ0000029,TK0000067,T0000577,refund,5.14,cancellation_issue,2026-02-07 13:23:04.000000000,USD
ADJ0000030,TK0000070,T0000607,refund,5.87,payment_issue,2026-05-05 04:07:26.000000000,USD
ADJ0000031,TK0000071,T0000609,refund,4.79,cancellation_issue,2026-04-10 21:59:47.000000000,USD
ADJ0000032,TK0000073,T0000626,refund,6.97,payment_issue,2026-06-19 19:18:54.000000000,USD
ADJ0000033,TK0000079,T0000687,refund,13.47,payment_issue,2026-01-07 08:55:03.000000000,USD
ADJ0000034,TK0000090,T0000789,refund,9.25,other,2026-05-10 19:50:47.000000000,USD
ADJ0000035,TK0000092,T0000797,refund,2.38,cancellation_issue,2026-01-20 07:24:08.000000000,USD
ADJ0000036,TK0000093,T0000809,refund,5.74,route_issue,2026-04-17 17:17:49.000000000,USD
ADJ0000037,TK0000094,T0000811,refund,4.26,cancellation_issue,2026-01-09 07:35:42.000000000,USD
ADJ0000038,TK0000099,T0000838,refund,12.26,other,2026-05-01 02:17:29.000000000,USD
ADJ0000039,TK0000100,T0000845,refund,20.56,payment_issue,2026-01-21 20:21:02.000000000,USD
ADJ0000040,TK0000103,T0000878,refund,2.91,trip_status_issue,2026-02-19 01:58:49.000000000,USD
ADJ0000041,TK0000107,T0000887,refund,13.85,cancellation_issue,2026-04-17 05:26:06.000000000,USD
ADJ0000042,TK0000108,T0000898,refund,13.96,payment_issue,2026-01-09 04:20:44.000000000,USD
ADJ0000043,TK0000117,T0000984,refund,5.91,trip_status_issue,2026-01-29 18:22:59.000000000,USD
ADJ0000044,TK0000120,T0001014,refund,3.4,cancellation_issue,2026-02-23 19:50:41.000000000,USD
ADJ0000045,TK0000128,T0001092,appeasement_credit,7.35,service_recovery,2026-06-20 18:53:45.000000000,USD
ADJ0000046,TK0000130,T0001098,refund,9.98,cancellation_issue,2026-02-03 13:29:57.000000000,USD
ADJ0000047,TK0000132,T0001106,refund,1.29,pickup_issue,2026-05-06 05:46:44.000000000,USD
ADJ0000048,TK0000138,T0001148,appeasement_credit,5.98,service_recovery,2026-03-13 05:18:26.000000000,USD
ADJ0000049,TK0000141,T0001182,appeasement_credit,8.28,service_recovery,2026-05-10 20:38:56.000000000,USD
ADJ0000050,TK0000147,T0001270,refund,3.82,cancellation_issue,2026-05-21 10:40:44.000000000,USD
ADJ0000051,TK0000147,T0001270,appeasement_credit,12.28,service_recovery,2026-05-21 11:04:44.000000000,USD
ADJ0000052,TK0000148,T0001273,appeasement_credit,8.53,service_recovery,2026-02-02 03:30:01.000000000,USD
ADJ0000053,TK0000153,T0001301,refund,21.94,dropoff_issue,2026-02-27 19:29:28.000000000,USD
ADJ0000054,TK0000155,T0001316,refund,7.84,payment_issue,2026-03-06 05:21:56.000000000,USD
ADJ0000055,TK0000160,T0001352,refund,17.0,cancellation_issue,2026-01-20 15:45:00.000000000,USD
ADJ0000056,TK0000160,T0001352,appeasement_credit,9.05,service_recovery,2026-01-20 16:17:00.000000000,USD
ADJ0000057,TK0000161,T0001361,refund,9.05,cancellation_issue,2026-01-23 02:51:21.000000000,USD
ADJ0000058,TK0000162,T0001366,refund,5.53,payment_issue,2026-05-19 22:54:39.000000000,USD
ADJ0000059,TK0000163,T0001371,refund,10.56,payment_issue,2026-05-22 03:43:31.000000000,USD
ADJ0000060,TK0000164,T0001381,refund,7.71,trip_status_issue,2026-06-11 17:29:20.000000000,USD
ADJ0000061,TK0000165,T0001382,refund,9.57,trip_status_issue,2026-02-27 20:43:46.000000000,USD
ADJ0000062,TK0000169,T0001409,refund,2.88,cancellation_issue,2026-01-27 10:57:24.000000000,USD
ADJ0000063,TK0000175,T0001467,refund,10.47,pickup_issue,2026-06-05 21:12:08.000000000,USD
ADJ0000064,TK0000176,T0001469,refund,7.6,pickup_issue,2026-04-26 01:37:56.000000000,USD
ADJ0000065,TK0000178,T0001481,refund,1.66,cancellation_issue,2026-02-07 08:42:39.000000000,USD
ADJ0000066,TK0000179,T0001493,appeasement_credit,13.5,service_recovery,2026-04-21 02:19:44.000000000,USD
ADJ0000067,TK0000182,T0001542,refund,7.22,other,2026-02-07 23:55:14.000000000,USD
ADJ0000068,TK0000184,T0001555,appeasement_credit,11.62,service_recovery,2026-05-08 06:54:20.000000000,USD
ADJ0000069,TK0000185,T0001567,refund,2.82,other,2026-04-29 04:38:14.000000000,USD
ADJ0000070,TK0000187,T0001596,refund,3.72,dropoff_issue,2026-05-26 03:59:02.000000000,USD
ADJ0000071,TK0000192,T0001627,refund,8.4,payment_issue,2026-01-15 22:23:12.000000000,USD
ADJ0000072,TK0000197,T0001689,appeasement_credit,6.14,service_recovery,2026-04-09 11:37:01.000000000,USD
ADJ0000073,TK0000199,T0001701,appeasement_credit,3.91,service_recovery,2026-04-15 05:34:44.000000000,USD
ADJ0000074,TK0000208,T0001756,refund,7.8,cancellation_issue,2026-03-24 05:48:19.000000000,USD
ADJ0000075,TK0000210,T0001785,refund,1.8,cancellation_issue,2026-03-29 10:51:09.000000000,USD
ADJ0000076,TK0000211,T0001803,refund,2.1,cancellation_issue,2026-06-22 17:27:35.000000000,USD
ADJ0000077,TK0000213,T0001827,refund,1.19,cancellation_issue,2026-02-09 19:21:35.000000000,USD
ADJ0000078,TK0000214,T0001849,refund,14.57,trip_status_issue,2026-05-13 05:18:40.000000000,USD
ADJ0000079,TK0000220,T0001898,appeasement_credit,19.47,service_recovery,2026-05-25 17:30:59.000000000,USD
ADJ0000080,TK0000223,T0001933,refund,2.48,trip_status_issue,2026-05-04 00:16:29.000000000,USD
ADJ0000081,TK0000225,T0001936,refund,2.08,safety_concern,2026-03-27 07:49:47.000000000,USD
ADJ0000082,TK0000232,T0001981,appeasement_credit,5.91,service_recovery,2026-03-27 07:48:18.000000000,USD
ADJ0000083,TK0000233,T0001982,refund,2.92,cancellation_issue,2026-06-12 20:46:11.000000000,USD
ADJ0000084,TK0000234,T0001986,appeasement_credit,6.41,service_recovery,2026-05-19 00:08:13.000000000,USD
ADJ0000085,TK0000235,T0001988,refund,7.82,cancellation_issue,2026-02-28 11:38:31.000000000,USD
ADJ0000086,TK0000235,T0001988,appeasement_credit,3.97,service_recovery,2026-02-28 11:23:31.000000000,USD
ADJ0000087,TK0000238,T0002008,refund,9.45,payment_issue,2026-03-30 08:55:58.000000000,USD
ADJ0000088,TK0000240,T0002024,appeasement_credit,4.69,service_recovery,2026-04-05 23:29:59.000000000,USD
ADJ0000089,TK0000241,T0002028,refund,4.61,trip_status_issue,2026-02-09 17:16:43.000000000,USD
ADJ0000090,TK0000241,T0002028,appeasement_credit,10.05,service_recovery,2026-02-09 16:56:43.000000000,USD
ADJ0000091,TK0000243,T0002047,refund,10.82,payment_issue,2026-01-15 12:23:08.000000000,USD
ADJ0000092,TK0000244,T0002072,refund,3.23,cancellation_issue,2026-03-04 02:53:27.000000000,USD
ADJ0000093,TK0000249,T0002126,appeasement_credit,3.19,service_recovery,2026-05-30 22:41:45.000000000,USD
ADJ0000094,TK0000252,T0002153,refund,7.72,trip_status_issue,2026-06-30 09:48:39.000000000,USD
ADJ0000095,TK0000254,T0002183,refund,26.72,payment_issue,2026-01-03 01:55:06.000000000,USD
ADJ0000096,TK0000255,T0002191,refund,4.72,vehicle_access_issue,2026-03-27 05:42:25.000000000,USD
ADJ0000097,TK0000255,T0002191,appeasement_credit,13.7,service_recovery,2026-03-27 05:28:25.000000000,USD
ADJ0000098,TK0000257,T0002202,refund,3.23,vehicle_access_issue,2026-02-07 22:59:46.000000000,USD
ADJ0000099,TK0000263,T0002245,refund,4.01,route_issue,2026-02-17 02:01:28.000000000,USD
ADJ0000100,TK0000265,T0002256,refund,5.61,vehicle_access_issue,2026-01-07 02:03:45.000000000,USD
ADJ0000101,TK0000268,T0002280,appeasement_credit,7.58,service_recovery,2026-03-18 05:57:27.000000000,USD
ADJ0000102,TK0000269,T0002308,refund,6.9,pickup_issue,2026-03-09 13:36:10.000000000,USD
ADJ0000103,TK0000269,T0002308,appeasement_credit,17.94,service_recovery,2026-03-09 14:17:10.000000000,USD
ADJ0000104,TK0000270,T0002310,refund,1.78,cancellation_issue,2026-06-06 13:20:07.000000000,USD
ADJ0000105,TK0000271,T0002320,refund,3.09,payment_issue,2026-03-13 03:59:23.000000000,USD
ADJ0000106,TK0000273,T0002346,refund,1.56,vehicle_access_issue,2026-03-27 22:07:36.000000000,USD
ADJ0000107,TK0000280,T0002470,refund,7.51,payment_issue,2026-04-11 08:21:56.000000000,USD
ADJ0000108,TK0000281,T0002473,refund,1.53,cancellation_issue,2026-06-16 21:40:59.000000000,USD
ADJ0000109,TK0000282,T0002497,refund,4.12,payment_issue,2026-06-09 21:09:10.000000000,USD
ADJ0000110,TK0000288,T0002561,appeasement_credit,15.9,service_recovery,2026-01-27 17:44:57.000000000,USD
ADJ0000111,TK0000290,T0002578,refund,10.11,vehicle_access_issue,2026-05-30 10:23:53.000000000,USD
ADJ0000112,TK0000290,T0002578,appeasement_credit,9.13,service_recovery,2026-05-30 11:01:53.000000000,USD
ADJ0000113,TK0000292,T0002596,refund,4.28,cancellation_issue,2026-02-07 02:33:15.000000000,USD
ADJ0000114,TK0000293,T0002602,appeasement_credit,6.68,service_recovery,2026-03-28 12:25:27.000000000,USD
ADJ0000115,TK0000294,T0002613,refund,0.95,cancellation_issue,2026-01-18 03:46:51.000000000,USD
ADJ0000116,TK0000300,T0002690,refund,2.07,payment_issue,2026-05-06 13:34:27.000000000,USD
ADJ0000117,TK0000304,T0002705,refund,3.06,trip_status_issue,2026-06-27 00:07:39.000000000,USD
ADJ0000118,TK0000308,T0002732,refund,6.36,lost_item,2026-02-20 16:52:53.000000000,USD
ADJ0000119,TK0000309,T0002737,refund,8.29,pickup_issue,2026-02-13 06:03:08.000000000,USD
ADJ0000120,TK0000310,T0002751,refund,7.93,payment_issue,2026-06-11 13:30:32.000000000,USD
ADJ0000121,TK0000312,T0002773,refund,4.42,dropoff_issue,2026-04-24 06:30:29.000000000,USD
ADJ0000122,TK0000317,T0002845,refund,1.51,pickup_issue,2026-06-16 08:05:10.000000000,USD
ADJ0000123,TK0000317,T0002845,appeasement_credit,13.42,service_recovery,2026-06-16 09:14:10.000000000,USD
ADJ0000124,TK0000318,T0002859,refund,4.12,dropoff_issue,2026-04-15 22:52:43.000000000,USD
ADJ0000125,TK0000318,T0002859,appeasement_credit,3.3,service_recovery,2026-04-15 23:53:43.000000000,USD
ADJ0000126,TK0000322,T0002899,refund,12.25,safety_concern,2026-06-18 03:26:46.000000000,USD
ADJ0000127,TK0000325,T0002914,refund,2.82,pickup_issue,2026-06-02 06:12:16.000000000,USD
ADJ0000128,TK0000328,T0002932,refund,3.26,pickup_issue,2026-05-03 03:19:01.000000000,USD
ADJ0000129,TK0000330,T0002936,refund,1.26,route_issue,2026-03-29 12:13:34.000000000,USD
ADJ0000130,TK0000333,T0002971,refund,13.67,trip_status_issue,2026-06-17 16:40:02.000000000,USD
ADJ0000131,TK0000333,T0002971,appeasement_credit,17.23,service_recovery,2026-06-17 17:02:02.000000000,USD
ADJ0000132,TK0000341,T0003047,refund,2.4,pickup_issue,2026-05-07 23:24:20.000000000,USD
ADJ0000133,TK0000342,T0003085,refund,1.66,dropoff_issue,2026-02-04 21:37:55.000000000,USD
ADJ0000134,TK0000344,T0003097,refund,5.35,trip_status_issue,2026-05-21 16:03:24.000000000,USD
ADJ0000135,TK0000346,T0003108,appeasement_credit,15.25,service_recovery,2026-06-26 02:10:21.000000000,USD
ADJ0000136,TK0000348,T0003156,refund,5.49,trip_status_issue,2026-03-31 22:05:14.000000000,USD
ADJ0000137,TK0000351,T0003196,appeasement_credit,13.75,service_recovery,2026-02-24 12:08:55.000000000,USD
ADJ0000138,TK0000353,T0003207,refund,2.9,cancellation_issue,2026-01-25 15:17:35.000000000,USD
ADJ0000139,TK0000355,T0003224,refund,4.47,payment_issue,2026-06-27 14:44:35.000000000,USD
ADJ0000140,TK0000358,T0003238,refund,9.65,dropoff_issue,2026-05-30 05:31:38.000000000,USD
ADJ0000141,TK0000363,T0003272,refund,13.37,cancellation_issue,2026-05-31 12:06:12.000000000,USD
ADJ0000142,TK0000366,T0003292,refund,2.09,safety_concern,2026-06-06 08:42:11.000000000,USD
ADJ0000143,TK0000375,T0003377,refund,3.93,payment_issue,2026-03-02 00:26:24.000000000,USD
ADJ0000144,TK0000377,T0003411,refund,7.19,safety_concern,2026-02-16 00:22:51.000000000,USD
ADJ0000145,TK0000378,T0003413,refund,17.46,payment_issue,2026-03-23 07:21:05.000000000,USD
ADJ0000146,TK0000381,T0003447,refund,2.48,vehicle_access_issue,2026-05-03 06:11:27.000000000,USD
ADJ0000147,TK0000388,T0003498,refund,4.0,payment_issue,2026-02-17 02:31:34.000000000,USD
ADJ0000148,TK0000389,T0003508,refund,5.14,trip_status_issue,2026-03-18 21:20:08.000000000,USD
ADJ0000149,TK0000389,T0003508,appeasement_credit,10.81,service_recovery,2026-03-18 21:43:08.000000000,USD
ADJ0000150,TK0000390,T0003514,refund,2.27,pickup_issue,2026-03-01 20:23:39.000000000,USD
ADJ0000151,TK0000393,T0003538,refund,2.71,safety_concern,2026-01-22 00:25:15.000000000,USD
ADJ0000152,TK0000393,T0003538,appeasement_credit,9.87,service_recovery,2026-01-22 01:13:15.000000000,USD
ADJ0000153,TK0000394,T0003545,appeasement_credit,11.69,service_recovery,2026-03-17 04:53:21.000000000,USD
ADJ0000154,TK0000396,T0003559,refund,6.47,trip_status_issue,2026-02-26 13:46:39.000000000,USD
ADJ0000155,TK0000396,T0003559,appeasement_credit,10.71,service_recovery,2026-02-26 14:20:39.000000000,USD
ADJ0000156,TK0000397,T0003567,appeasement_credit,3.39,service_recovery,2026-01-10 03:06:17.000000000,USD
ADJ0000157,TK0000398,T0003568,refund,1.79,route_issue,2026-01-03 09:30:59.000000000,USD
ADJ0000158,TK0000399,T0003576,refund,4.23,trip_status_issue,2026-04-17 05:44:24.000000000,USD
ADJ0000159,TK0000409,T0003660,refund,9.62,payment_issue,2026-02-04 08:55:59.000000000,USD
ADJ0000160,TK0000411,T0003672,refund,0.69,vehicle_access_issue,2026-04-29 05:14:01.000000000,USD
ADJ0000161,TK0000412,T0003685,refund,2.27,trip_status_issue,2026-03-17 11:06:32.000000000,USD
ADJ0000162,TK0000417,T0003716,refund,3.32,pickup_issue,2026-04-19 07:46:26.000000000,USD
ADJ0000163,TK0000417,T0003716,appeasement_credit,17.81,service_recovery,2026-04-19 07:37:26.000000000,USD
ADJ0000164,TK0000419,T0003737,refund,6.85,cancellation_issue,2026-06-01 04:10:07.000000000,USD
ADJ0000165,TK0000423,T0003750,appeasement_credit,13.03,service_recovery,2026-01-25 01:52:05.000000000,USD
ADJ0000166,TK0000425,T0003752,refund,5.91,payment_issue,2026-06-20 04:11:10.000000000,USD
ADJ0000167,TK0000426,T0003761,refund,1.31,trip_status_issue,2026-05-28 06:12:43.000000000,USD
ADJ0000168,TK0000426,T0003761,appeasement_credit,12.32,service_recovery,2026-05-28 07:04:43.000000000,USD
ADJ0000169,TK0000428,T0003774,appeasement_credit,11.93,service_recovery,2026-05-30 09:05:24.000000000,USD
ADJ0000170,TK0000430,T0003787,refund,3.29,trip_status_issue,2026-05-25 05:15:30.000000000,USD
ADJ0000171,TK0000431,T0003805,appeasement_credit,11.15,service_recovery,2026-07-01 15:11:47.000000000,USD
ADJ0000172,TK0000432,T0003813,refund,12.92,payment_issue,2026-02-09 06:07:32.000000000,USD
ADJ0000173,TK0000433,T0003817,refund,6.46,vehicle_access_issue,2026-05-24 16:30:39.000000000,USD
ADJ0000174,TK0000434,T0003821,refund,4.33,payment_issue,2026-04-18 04:59:48.000000000,USD
ADJ0000175,TK0000435,T0003855,refund,1.8,cancellation_issue,2026-05-21 03:56:33.000000000,USD
ADJ0000176,TK0000440,T0003912,appeasement_credit,17.62,service_recovery,2026-06-05 07:07:46.000000000,USD
ADJ0000177,TK0000441,T0003941,refund,6.88,lost_item,2026-03-22 13:42:50.000000000,USD
ADJ0000178,TK0000448,T0004003,refund,2.76,safety_concern,2026-04-19 06:13:30.000000000,USD
ADJ0000179,TK0000451,T0004011,refund,7.15,payment_issue,2026-05-28 11:33:29.000000000,USD
ADJ0000180,TK0000453,T0004015,refund,13.06,other,2026-04-22 05:00:58.000000000,USD
ADJ0000181,TK0000456,T0004030,appeasement_credit,4.12,service_recovery,2026-02-17 23:21:55.000000000,USD
ADJ0000182,TK0000458,T0004045,refund,15.52,dropoff_issue,2026-03-08 07:23:07.000000000,USD
ADJ0000183,TK0000459,T0004065,refund,8.63,trip_status_issue,2026-05-31 05:21:37.000000000,USD
ADJ0000184,TK0000466,T0004150,refund,3.0,route_issue,2026-04-27 20:30:13.000000000,USD
ADJ0000185,TK0000468,T0004165,refund,5.37,trip_status_issue,2026-06-17 22:12:36.000000000,USD
ADJ0000186,TK0000469,T0004171,refund,9.47,pickup_issue,2026-01-22 03:01:02.000000000,USD
ADJ0000187,TK0000474,T0004210,refund,1.23,pickup_issue,2026-01-09 01:00:43.000000000,USD
ADJ0000188,TK0000474,T0004210,appeasement_credit,13.63,service_recovery,2026-01-09 00:57:43.000000000,USD
ADJ0000189,TK0000479,T0004264,refund,4.8,trip_status_issue,2026-02-27 14:59:16.000000000,USD
ADJ0000190,TK0000480,T0004267,appeasement_credit,13.04,service_recovery,2026-06-25 15:08:43.000000000,USD
ADJ0000191,TK0000483,T0004271,refund,3.49,cancellation_issue,2026-03-16 18:26:51.000000000,USD
ADJ0000192,TK0000483,T0004271,appeasement_credit,8.98,service_recovery,2026-03-16 19:37:51.000000000,USD
ADJ0000193,TK0000486,T0004291,refund,1.7,cancellation_issue,2026-03-18 17:32:52.000000000,USD
ADJ0000194,TK0000490,T0004380,refund,3.58,trip_status_issue,2026-01-25 19:12:19.000000000,USD
ADJ0000195,TK0000491,T0004386,refund,11.74,safety_concern,2026-04-02 00:43:06.000000000,USD
ADJ0000196,TK0000500,T0004451,refund,2.48,cancellation_issue,2026-01-28 14:52:24.000000000,USD
ADJ0000197,TK0000500,T0004451,appeasement_credit,9.5,service_recovery,2026-01-28 15:10:24.000000000,USD
ADJ0000198,TK0000502,T0004490,refund,8.73,route_issue,2026-05-25 16:51:57.000000000,USD
ADJ0000199,TK0000504,T0004513,refund,18.38,route_issue,2026-03-26 18:34:03.000000000,USD
ADJ0000200,TK0000506,T0004535,refund,5.35,payment_issue,2026-01-12 21:51:53.000000000,USD
ADJ0000201,TK0000508,T0004540,refund,8.47,payment_issue,2026-06-29 11:44:08.000000000,USD
ADJ0000202,TK0000510,T0004554,refund,8.81,dropoff_issue,2026-02-12 03:11:23.000000000,USD
ADJ0000203,TK0000511,T0004561,refund,11.86,payment_issue,2026-03-16 04:25:54.000000000,USD
ADJ0000204,TK0000516,T0004612,refund,5.26,trip_status_issue,2026-01-18 14:13:50.000000000,USD
ADJ0000205,TK0000518,T0004623,refund,2.3,trip_status_issue,2026-03-22 05:05:30.000000000,USD
ADJ0000206,TK0000518,T0004623,appeasement_credit,4.18,service_recovery,2026-03-22 04:50:30.000000000,USD
ADJ0000207,TK0000520,T0004639,refund,4.55,cancellation_issue,2026-04-05 06:01:37.000000000,USD
ADJ0000208,TK0000530,T0004762,refund,15.07,route_issue,2026-02-13 12:45:06.000000000,USD
ADJ0000209,TK0000531,T0004796,refund,5.61,dropoff_issue,2026-01-13 12:57:01.000000000,USD
ADJ0000210,TK0000533,T0004802,refund,11.29,lost_item,2026-04-18 19:11:12.000000000,USD
ADJ0000211,TK0000536,T0004820,refund,3.47,payment_issue,2026-02-27 07:18:55.000000000,USD
ADJ0000212,TK0000538,T0004837,refund,3.75,cancellation_issue,2026-02-18 01:37:14.000000000,USD
ADJ0000213,TK0000548,T0004926,refund,3.03,dropoff_issue,2026-04-07 11:16:47.000000000,USD
ADJ0000214,TK0000549,T0004979,refund,6.53,vehicle_access_issue,2026-04-19 07:11:20.000000000,USD
ADJ0000215,TK0000551,T0004992,refund,5.04,pickup_issue,2026-02-27 23:33:11.000000000,USD
ADJ0000216,TK0000560,T0005040,refund,1.37,cancellation_issue,2026-02-14 07:59:33.000000000,USD
ADJ0000217,TK0000563,T0005069,refund,1.45,trip_status_issue,2026-06-30 18:44:37.000000000,USD
ADJ0000218,TK0000565,T0005094,refund,0.73,trip_status_issue,2026-06-05 02:48:16.000000000,USD
ADJ0000219,TK0000566,T0005098,refund,5.29,vehicle_access_issue,2026-06-02 05:13:09.000000000,USD
ADJ0000220,TK0000567,T0005103,appeasement_credit,16.49,service_recovery,2026-04-21 23:51:56.000000000,USD
ADJ0000221,TK0000576,T0005246,refund,1.4,vehicle_access_issue,2026-01-21 10:26:37.000000000,USD
ADJ0000222,TK0000578,T0005258,refund,5.39,pickup_issue,2026-04-08 18:55:40.000000000,USD
ADJ0000223,TK0000583,T0005293,refund,1.33,pickup_issue,2026-04-20 17:01:30.000000000,USD
ADJ0000224,TK0000585,T0005326,refund,2.27,trip_status_issue,2026-03-08 15:26:56.000000000,USD
ADJ0000225,TK0000587,T0005337,refund,3.21,cancellation_issue,2026-04-14 08:30:34.000000000,USD
ADJ0000226,TK0000589,T0005356,appeasement_credit,7.11,service_recovery,2026-05-08 16:16:16.000000000,USD
ADJ0000227,TK0000595,T0005396,refund,5.23,payment_issue,2026-01-14 15:02:55.000000000,USD
ADJ0000228,TK0000596,T0005403,refund,3.85,payment_issue,2026-01-07 01:17:18.000000000,USD
ADJ0000229,TK0000600,T0005457,refund,6.86,route_issue,2026-02-02 03:55:20.000000000,USD
ADJ0000230,TK0000602,T0005463,refund,9.38,route_issue,2026-06-07 23:32:33.000000000,USD
ADJ0000231,TK0000604,T0005474,appeasement_credit,16.33,service_recovery,2026-04-22 20:18:51.000000000,USD
ADJ0000232,TK0000608,T0005502,appeasement_credit,18.35,service_recovery,2026-01-04 08:26:02.000000000,USD
ADJ0000233,TK0000609,T0005520,appeasement_credit,9.25,service_recovery,2026-02-25 13:14:02.000000000,USD
ADJ0000234,TK0000612,T0005546,refund,9.82,pickup_issue,2026-01-31 20:03:41.000000000,USD
ADJ0000235,TK0000615,T0005574,appeasement_credit,3.89,service_recovery,2026-06-18 05:10:54.000000000,USD
ADJ0000236,TK0000617,T0005588,appeasement_credit,17.08,service_recovery,2026-04-17 20:19:56.000000000,USD
ADJ0000237,TK0000618,T0005590,refund,8.48,payment_issue,2026-06-20 01:58:43.000000000,USD
ADJ0000238,TK0000619,T0005593,refund,6.33,dropoff_issue,2026-03-17 06:33:59.000000000,USD
ADJ0000239,TK0000619,T0005593,appeasement_credit,8.45,service_recovery,2026-03-17 07:14:59.000000000,USD
ADJ0000240,TK0000621,T0005620,refund,5.9,vehicle_access_issue,2026-02-06 12:19:15.000000000,USD
ADJ0000241,TK0000627,T0005661,refund,5.46,route_issue,2026-05-04 09:40:52.000000000,USD
ADJ0000242,TK0000629,T0005663,refund,1.95,cancellation_issue,2026-02-17 12:34:18.000000000,USD
ADJ0000243,TK0000635,T0005715,refund,4.39,safety_concern,2026-01-10 19:41:18.000000000,USD
ADJ0000244,TK0000636,T0005720,refund,2.04,cancellation_issue,2026-06-09 15:05:58.000000000,USD
ADJ0000245,TK0000637,T0005723,refund,11.0,cancellation_issue,2026-02-18 20:36:43.000000000,USD
ADJ0000246,TK0000640,T0005754,refund,13.32,payment_issue,2026-05-19 15:20:52.000000000,USD
ADJ0000247,TK0000644,T0005809,appeasement_credit,10.67,service_recovery,2026-01-23 13:35:00.000000000,USD
ADJ0000248,TK0000645,T0005813,refund,3.56,cancellation_issue,2026-03-07 19:55:22.000000000,USD
ADJ0000249,TK0000648,T0005855,refund,7.84,cancellation_issue,2026-03-30 15:47:37.000000000,USD
ADJ0000250,TK0000650,T0005873,refund,9.64,dropoff_issue,2026-03-04 12:22:26.000000000,USD
ADJ0000251,TK0000653,T0005912,refund,2.07,trip_status_issue,2026-03-27 21:08:50.000000000,USD
ADJ0000252,TK0000661,T0006026,refund,6.42,pickup_issue,2026-02-05 19:10:14.000000000,USD
ADJ0000253,TK0000661,T0006026,appeasement_credit,6.52,service_recovery,2026-02-05 19:11:14.000000000,USD
ADJ0000254,TK0000664,T0006035,refund,6.79,trip_status_issue,2026-05-12 17:43:12.000000000,USD
ADJ0000255,TK0000670,T0006093,refund,4.85,route_issue,2026-02-11 22:38:32.000000000,USD
ADJ0000256,TK0000672,T0006100,appeasement_credit,8.35,service_recovery,2026-04-26 19:55:54.000000000,USD
ADJ0000257,TK0000673,T0006105,appeasement_credit,6.73,service_recovery,2026-04-11 01:23:51.000000000,USD
ADJ0000258,TK0000676,T0006140,refund,2.14,cancellation_issue,2026-01-28 00:12:23.000000000,USD
ADJ0000259,TK0000677,T0006151,refund,3.84,route_issue,2026-06-09 18:56:33.000000000,USD
ADJ0000260,TK0000678,T0006162,appeasement_credit,16.45,service_recovery,2026-02-20 14:18:20.000000000,USD
ADJ0000261,TK0000679,T0006175,refund,8.24,trip_status_issue,2026-05-23 10:52:18.000000000,USD
ADJ0000262,TK0000685,T0006221,appeasement_credit,19.86,service_recovery,2026-03-25 13:54:12.000000000,USD
ADJ0000263,TK0000686,T0006247,refund,2.57,other,2026-04-06 10:42:52.000000000,USD
ADJ0000264,TK0000688,T0006276,refund,6.5,payment_issue,2026-01-20 15:49:06.000000000,USD
ADJ0000265,TK0000691,T0006307,refund,9.07,pickup_issue,2026-06-27 15:09:25.000000000,USD
ADJ0000266,TK0000693,T0006328,refund,1.76,cancellation_issue,2026-05-29 11:25:09.000000000,USD
ADJ0000267,TK0000693,T0006328,appeasement_credit,11.2,service_recovery,2026-05-29 10:54:09.000000000,USD
ADJ0000268,TK0000694,T0006337,refund,4.88,pickup_issue,2026-01-29 02:47:09.000000000,USD
ADJ0000269,TK0000695,T0006340,refund,2.58,safety_concern,2026-05-31 12:26:22.000000000,USD
ADJ0000270,TK0000697,T0006355,refund,9.68,payment_issue,2026-03-29 04:20:35.000000000,USD
ADJ0000271,TK0000703,T0006404,refund,4.73,route_issue,2026-03-10 23:37:24.000000000,USD
ADJ0000272,TK0000709,T0006461,refund,6.1,dropoff_issue,2026-04-26 19:36:39.000000000,USD
ADJ0000273,TK0000711,T0006469,refund,3.91,payment_issue,2026-01-08 20:16:11.000000000,USD
ADJ0000274,TK0000713,T0006510,refund,8.12,trip_status_issue,2026-06-02 01:23:25.000000000,USD
ADJ0000275,TK0000713,T0006510,appeasement_credit,7.7,service_recovery,2026-06-02 01:04:25.000000000,USD
ADJ0000276,TK0000714,T0006514,refund,8.57,pickup_issue,2026-06-30 18:03:01.000000000,USD
ADJ0000277,TK0000717,T0006535,refund,2.86,trip_status_issue,2026-02-09 01:18:40.000000000,USD
ADJ0000278,TK0000720,T0006549,refund,10.3,payment_issue,2026-06-18 06:29:23.000000000,USD
ADJ0000279,TK0000723,T0006566,refund,1.86,trip_status_issue,2026-06-07 07:22:58.000000000,USD
ADJ0000280,TK0000723,T0006566,appeasement_credit,17.82,service_recovery,2026-06-07 07:33:58.000000000,USD
ADJ0000281,TK0000724,T0006568,refund,2.72,other,2026-02-09 15:57:14.000000000,USD
ADJ0000282,TK0000727,T0006593,refund,11.73,cancellation_issue,2026-02-21 13:00:55.000000000,USD
ADJ0000283,TK0000730,T0006632,refund,8.8,payment_issue,2026-06-03 05:05:59.000000000,USD
ADJ0000284,TK0000737,T0006730,refund,10.49,payment_issue,2026-02-19 16:36:56.000000000,USD
ADJ0000285,TK0000738,T0006732,refund,6.12,payment_issue,2026-05-24 03:52:33.000000000,USD
ADJ0000286,TK0000747,T0006784,appeasement_credit,10.26,service_recovery,2026-03-18 15:49:41.000000000,USD
ADJ0000287,TK0000752,T0006824,refund,19.92,trip_status_issue,2026-03-24 22:35:10.000000000,USD
ADJ0000288,TK0000752,T0006824,appeasement_credit,3.43,service_recovery,2026-03-24 22:59:10.000000000,USD
ADJ0000289,TK0000757,T0006879,refund,11.04,dropoff_issue,2026-06-01 09:54:17.000000000,USD
ADJ0000290,TK0000757,T0006879,appeasement_credit,6.39,service_recovery,2026-06-01 10:34:17.000000000,USD
ADJ0000291,TK0000763,T0006911,refund,3.44,trip_status_issue,2026-04-15 00:01:36.000000000,USD
ADJ0000292,TK0000764,T0006912,appeasement_credit,7.61,service_recovery,2026-04-21 07:44:41.000000000,USD
ADJ0000293,TK0000765,T0006943,refund,5.47,vehicle_access_issue,2026-06-01 07:27:35.000000000,USD
ADJ0000294,TK0000766,T0006948,refund,4.53,route_issue,2026-05-03 18:18:57.000000000,USD
ADJ0000295,TK0000766,T0006948,appeasement_credit,17.23,service_recovery,2026-05-03 19:02:57.000000000,USD
ADJ0000296,TK0000775,T0006991,refund,6.46,pickup_issue,2026-04-16 17:47:45.000000000,USD
ADJ0000297,TK0000779,T0007012,appeasement_credit,11.43,service_recovery,2026-02-11 05:32:34.000000000,USD
ADJ0000298,TK0000783,T0007048,refund,8.25,payment_issue,2026-06-28 20:38:29.000000000,USD
ADJ0000299,TK0000789,T0007123,refund,2.77,pickup_issue,2026-02-14 02:27:28.000000000,USD
ADJ0000300,TK0000791,T0007152,refund,5.38,trip_status_issue,2026-01-11 06:27:09.000000000,USD
ADJ0000301,TK0000794,T0007166,refund,10.87,cancellation_issue,2026-04-07 16:28:06.000000000,USD
ADJ0000302,TK0000795,T0007188,refund,3.33,cancellation_issue,2026-05-20 19:41:01.000000000,USD
ADJ0000303,TK0000798,T0007230,refund,2.13,cancellation_issue,2026-02-06 10:15:27.000000000,USD
ADJ0000304,TK0000799,T0007241,refund,5.79,pickup_issue,2026-03-21 17:46:33.000000000,USD
ADJ0000305,TK0000802,T0007249,refund,26.75,trip_status_issue,2026-01-07 11:19:17.000000000,USD
ADJ0000306,TK0000802,T0007249,appeasement_credit,15.93,service_recovery,2026-01-07 11:16:17.000000000,USD
ADJ0000307,TK0000808,T0007306,refund,16.38,vehicle_access_issue,2026-05-29 18:26:18.000000000,USD
ADJ0000308,TK0000808,T0007306,appeasement_credit,11.26,service_recovery,2026-05-29 18:37:18.000000000,USD
ADJ0000309,TK0000811,T0007352,appeasement_credit,17.97,service_recovery,2026-03-07 03:53:33.000000000,USD
ADJ0000310,TK0000813,T0007429,refund,4.74,cancellation_issue,2026-06-22 19:01:00.000000000,USD
ADJ0000311,TK0000820,T0007507,refund,1.43,trip_status_issue,2026-03-23 17:20:25.000000000,USD
ADJ0000312,TK0000823,T0007541,refund,9.74,trip_status_issue,2026-04-17 09:52:52.000000000,USD
ADJ0000313,TK0000825,T0007554,appeasement_credit,9.54,service_recovery,2026-04-21 16:32:19.000000000,USD
ADJ0000314,TK0000826,T0007560,appeasement_credit,16.18,service_recovery,2026-01-04 12:06:39.000000000,USD
ADJ0000315,TK0000829,T0007579,refund,1.51,cancellation_issue,2026-05-25 17:14:19.000000000,USD
ADJ0000316,TK0000830,T0007582,refund,3.62,route_issue,2026-05-01 14:18:23.000000000,USD
ADJ0000317,TK0000837,T0007640,refund,3.37,payment_issue,2026-03-21 05:51:36.000000000,USD
ADJ0000318,TK0000839,T0007646,refund,12.57,cancellation_issue,2026-05-06 08:15:38.000000000,USD
ADJ0000319,TK0000839,T0007646,appeasement_credit,9.62,service_recovery,2026-05-06 09:16:38.000000000,USD
ADJ0000320,TK0000840,T0007647,refund,17.02,vehicle_access_issue,2026-04-29 17:47:15.000000000,USD
ADJ0000321,TK0000843,T0007666,refund,4.37,payment_issue,2026-02-27 19:34:54.000000000,USD
ADJ0000322,TK0000847,T0007699,refund,11.67,vehicle_access_issue,2026-03-14 12:02:57.000000000,USD
ADJ0000323,TK0000848,T0007713,refund,7.0,vehicle_access_issue,2026-06-08 09:19:46.000000000,USD
ADJ0000324,TK0000848,T0007713,appeasement_credit,19.93,service_recovery,2026-06-08 09:52:46.000000000,USD
ADJ0000325,TK0000849,T0007714,appeasement_credit,9.16,service_recovery,2026-06-20 04:33:51.000000000,USD
ADJ0000326,TK0000850,T0007725,appeasement_credit,17.32,service_recovery,2026-01-06 19:23:04.000000000,USD
ADJ0000327,TK0000851,T0007747,refund,5.43,pickup_issue,2026-02-11 21:20:30.000000000,USD
ADJ0000328,TK0000852,T0007753,appeasement_credit,15.04,service_recovery,2026-02-10 20:30:40.000000000,USD
ADJ0000329,TK0000854,T0007763,refund,9.37,cancellation_issue,2026-06-22 03:21:12.000000000,USD
ADJ0000330,TK0000858,T0007807,appeasement_credit,3.17,service_recovery,2026-01-28 05:50:11.000000000,USD
ADJ0000331,TK0000859,T0007808,appeasement_credit,3.99,service_recovery,2026-05-18 13:22:14.000000000,USD
ADJ0000332,TK0000860,T0007816,refund,13.56,payment_issue,2026-01-19 22:05:38.000000000,USD
ADJ0000333,TK0000861,T0007840,appeasement_credit,9.99,service_recovery,2026-03-15 17:15:26.000000000,USD
ADJ0000334,TK0000862,T0007854,refund,7.05,vehicle_access_issue,2026-01-15 08:24:35.000000000,USD
ADJ0000335,TK0000865,T0007863,refund,4.79,pickup_issue,2026-06-18 00:46:40.000000000,USD
ADJ0000336,TK0000872,T0007883,refund,6.16,vehicle_access_issue,2026-06-11 23:25:05.000000000,USD
ADJ0000337,TK0000872,T0007883,appeasement_credit,15.69,service_recovery,2026-06-12 00:29:05.000000000,USD
ADJ0000338,TK0000874,T0007915,refund,3.78,payment_issue,2026-06-28 05:35:01.000000000,USD
ADJ0000339,TK0000876,T0007939,refund,4.74,payment_issue,2026-04-27 11:01:08.000000000,USD
ADJ0000340,TK0000877,T0007950,refund,7.13,route_issue,2026-06-09 04:31:17.000000000,USD
ADJ0000341,TK0000877,T0007950,appeasement_credit,5.65,service_recovery,2026-06-09 05:10:17.000000000,USD
ADJ0000342,TK0000880,T0007971,refund,12.92,trip_status_issue,2026-02-06 22:04:59.000000000,USD
ADJ0000343,TK0000881,T0007979,appeasement_credit,19.1,service_recovery,2026-03-24 16:30:58.000000000,USD
ADJ0000344,TK0000882,T0007982,refund,1.94,cancellation_issue,2026-06-02 00:21:49.000000000,USD
ADJ0000345,TK0000882,T0007982,appeasement_credit,18.49,service_recovery,2026-06-02 00:20:49.000000000,USD
ADJ0000346,TK0000884,T0007991,refund,5.51,vehicle_access_issue,2026-02-02 02:18:24.000000000,USD
ADJ0000347,TK0000889,T0008030,refund,5.62,payment_issue,2026-04-04 21:25:21.000000000,USD
ADJ0000348,TK0000894,T0008093,refund,3.14,cancellation_issue,2026-05-19 20:25:09.000000000,USD
ADJ0000349,TK0000895,T0008107,refund,13.16,trip_status_issue,2026-05-08 03:23:09.000000000,USD
ADJ0000350,TK0000896,T0008108,refund,13.0,vehicle_access_issue,2026-06-22 05:37:21.000000000,USD
ADJ0000351,TK0000899,T0008121,appeasement_credit,3.58,service_recovery,2026-03-21 17:15:44.000000000,USD
ADJ0000352,TK0000900,T0008134,refund,12.07,vehicle_access_issue,2026-01-06 04:00:39.000000000,USD
ADJ0000353,TK0000901,T0008140,refund,2.09,dropoff_issue,2026-02-12 16:25:48.000000000,USD
ADJ0000354,TK0000902,T0008154,refund,8.89,dropoff_issue,2026-05-29 11:17:18.000000000,USD
ADJ0000355,TK0000908,T0008254,appeasement_credit,6.28,service_recovery,2026-02-07 02:24:10.000000000,USD
ADJ0000356,TK0000909,T0008259,refund,10.5,dropoff_issue,2026-03-27 15:52:10.000000000,USD
ADJ0000357,TK0000909,T0008259,appeasement_credit,9.88,service_recovery,2026-03-27 15:58:10.000000000,USD
ADJ0000358,TK0000913,T0008282,refund,1.89,pickup_issue,2026-03-06 00:14:27.000000000,USD
ADJ0000359,TK0000914,T0008296,refund,10.96,payment_issue,2026-04-25 21:48:36.000000000,USD
ADJ0000360,TK0000924,T0008437,refund,10.39,trip_status_issue,2026-03-16 22:35:03.000000000,USD
ADJ0000361,TK0000926,T0008448,refund,6.89,other,2026-02-05 04:12:04.000000000,USD
ADJ0000362,TK0000927,T0008451,refund,1.68,pickup_issue,2026-04-14 10:39:32.000000000,USD
ADJ0000363,TK0000927,T0008451,appeasement_credit,5.96,service_recovery,2026-04-14 11:19:32.000000000,USD
ADJ0000364,TK0000928,T0008453,refund,1.18,payment_issue,2026-06-27 20:11:40.000000000,USD
ADJ0000365,TK0000929,T0008454,refund,4.73,route_issue,2026-06-08 21:18:10.000000000,USD
ADJ0000366,TK0000937,T0008490,refund,1.99,trip_status_issue,2026-04-14 20:57:15.000000000,USD
ADJ0000367,TK0000940,T0008518,refund,6.49,payment_issue,2026-03-22 12:36:20.000000000,USD
ADJ0000368,TK0000942,T0008531,refund,3.54,pickup_issue,2026-01-29 03:58:01.000000000,USD
ADJ0000369,TK0000945,T0008560,refund,10.67,cancellation_issue,2026-01-19 23:37:46.000000000,USD
ADJ0000370,TK0000948,T0008614,refund,2.57,trip_status_issue,2026-02-13 20:13:22.000000000,USD
ADJ0000371,TK0000948,T0008614,appeasement_credit,10.39,service_recovery,2026-02-13 21:12:22.000000000,USD
ADJ0000372,TK0000952,T0008658,refund,4.72,lost_item,2026-01-18 21:54:50.000000000,USD
ADJ0000373,TK0000956,T0008686,refund,3.06,cancellation_issue,2026-05-02 11:07:20.000000000,USD
ADJ0000374,TK0000957,T0008688,appeasement_credit,5.7,service_recovery,2026-05-09 10:27:51.000000000,USD
ADJ0000375,TK0000960,T0008715,refund,12.17,cancellation_issue,2026-01-26 19:44:59.000000000,USD
ADJ0000376,TK0000962,T0008739,refund,6.44,route_issue,2026-04-29 21:31:09.000000000,USD
ADJ0000377,TK0000962,T0008739,appeasement_credit,3.76,service_recovery,2026-04-29 21:55:09.000000000,USD
ADJ0000378,TK0000963,T0008745,refund,22.22,payment_issue,2026-03-15 12:50:07.000000000,USD
ADJ0000379,TK0000964,T0008765,refund,2.33,trip_status_issue,2026-06-15 18:11:29.000000000,USD
ADJ0000380,TK0000965,T0008766,refund,6.84,vehicle_access_issue,2026-03-05 19:16:19.000000000,USD
ADJ0000381,TK0000966,T0008784,refund,5.9,pickup_issue,2026-05-30 23:19:55.000000000,USD
ADJ0000382,TK0000967,T0008795,refund,6.83,route_issue,2026-04-14 00:52:32.000000000,USD
ADJ0000383,TK0000968,T0008797,refund,1.84,dropoff_issue,2026-02-27 14:46:40.000000000,USD
ADJ0000384,TK0000971,T0008811,refund,1.23,route_issue,2026-02-12 12:46:15.000000000,USD
ADJ0000385,TK0000973,T0008820,refund,4.36,cancellation_issue,2026-02-24 14:01:55.000000000,USD
ADJ0000386,TK0000975,T0008847,refund,13.14,payment_issue,2026-06-28 23:12:26.000000000,USD
ADJ0000387,TK0000976,T0008851,refund,11.22,payment_issue,2026-05-16 17:38:34.000000000,USD
ADJ0000388,TK0000976,T0008851,appeasement_credit,15.46,service_recovery,2026-05-16 18:39:34.000000000,USD
ADJ0000389,TK0000978,T0008866,refund,11.43,payment_issue,2026-01-24 15:32:56.000000000,USD
ADJ0000390,TK0000979,T0008877,refund,4.38,trip_status_issue,2026-04-16 02:10:44.000000000,USD
ADJ0000391,TK0000982,T0008906,refund,12.57,payment_issue,2026-01-03 08:39:34.000000000,USD
ADJ0000392,TK0000983,T0008909,refund,5.67,pickup_issue,2026-05-05 01:51:19.000000000,USD
ADJ0000393,TK0000985,T0008927,refund,1.88,trip_status_issue,2026-06-04 22:43:42.000000000,USD
ADJ0000394,TK0000988,T0008940,refund,2.42,cancellation_issue,2026-02-12 03:38:12.000000000,USD
ADJ0000395,TK0000996,T0009026,refund,5.47,pickup_issue,2026-06-04 13:47:34.000000000,USD
ADJ0000396,TK0000997,T0009056,refund,1.92,safety_concern,2026-01-16 06:02:43.000000000,USD
ADJ0000397,TK0000997,T0009056,appeasement_credit,11.48,service_recovery,2026-01-16 06:33:43.000000000,USD
ADJ0000398,TK0000999,T0009077,appeasement_credit,12.7,service_recovery,2026-02-07 21:45:00.000000000,USD
ADJ0000399,TK0001000,T0009082,refund,1.57,pickup_issue,2026-05-08 08:06:25.000000000,USD
ADJ0000400,TK0001001,T0009088,appeasement_credit,17.51,service_recovery,2026-04-27 04:01:57.000000000,USD
ADJ0000401,TK0001009,T0009155,refund,6.42,safety_concern,2026-02-15 23:56:16.000000000,USD
ADJ0000402,TK0001009,T0009155,appeasement_credit,10.39,service_recovery,2026-02-16 00:41:16.000000000,USD
ADJ0000403,TK0001011,T0009164,appeasement_credit,14.84,service_recovery,2026-01-04 07:20:43.000000000,USD
ADJ0000404,TK0001020,T0009221,refund,1.74,vehicle_access_issue,2026-04-05 19:15:19.000000000,USD
ADJ0000405,TK0001021,T0009234,refund,3.81,cancellation_issue,2026-06-20 00:32:34.000000000,USD
ADJ0000406,TK0001023,T0009242,refund,3.89,payment_issue,2026-02-26 21:51:32.000000000,USD
ADJ0000407,TK0001024,T0009244,refund,23.73,payment_issue,2026-06-02 21:27:15.000000000,USD
ADJ0000408,TK0001028,T0009297,refund,2.26,vehicle_access_issue,2026-05-27 03:36:07.000000000,USD
ADJ0000409,TK0001031,T0009335,refund,6.88,trip_status_issue,2026-05-31 00:23:36.000000000,USD
ADJ0000410,TK0001031,T0009335,appeasement_credit,14.92,service_recovery,2026-05-31 00:32:36.000000000,USD
ADJ0000411,TK0001032,T0009347,refund,6.09,cancellation_issue,2026-01-20 23:41:18.000000000,USD
ADJ0000412,TK0001034,T0009361,refund,8.15,route_issue,2026-06-17 17:12:44.000000000,USD
ADJ0000413,TK0001037,T0009456,refund,4.33,payment_issue,2026-01-30 14:32:52.000000000,USD
ADJ0000414,TK0001040,T0009494,refund,2.9,trip_status_issue,2026-01-24 05:48:41.000000000,USD
ADJ0000415,TK0001050,T0009588,appeasement_credit,18.94,service_recovery,2026-04-14 03:35:58.000000000,USD
ADJ0000416,TK0001051,T0009597,refund,7.99,payment_issue,2026-02-21 17:18:09.000000000,USD
ADJ0000417,TK0001054,T0009621,refund,6.83,pickup_issue,2026-04-22 16:33:58.000000000,USD
ADJ0000418,TK0001056,T0009627,refund,3.01,vehicle_access_issue,2026-02-09 12:51:31.000000000,USD
ADJ0000419,TK0001061,T0009720,refund,1.39,cancellation_issue,2026-06-12 03:04:30.000000000,USD
ADJ0000420,TK0001064,T0009740,refund,15.25,dropoff_issue,2026-03-09 23:36:55.000000000,USD
ADJ0000421,TK0001070,T0009781,refund,13.2,payment_issue,2026-03-10 06:41:10.000000000,USD
ADJ0000422,TK0001076,T0009835,refund,7.72,dropoff_issue,2026-02-19 20:00:24.000000000,USD
ADJ0000423,TK0001078,T0009872,appeasement_credit,18.06,service_recovery,2026-06-05 22:47:40.000000000,USD
ADJ0000424,TK0001085,T0009941,refund,7.76,trip_status_issue,2026-06-04 00:38:14.000000000,USD
ADJ0000425,TK0001087,T0009960,refund,12.47,payment_issue,2026-04-20 20:50:09.000000000,USD
ADJ0000426,TK0001089,T0009970,refund,4.14,route_issue,2026-06-03 01:58:55.000000000,USD
ADJ0000427,TK0001090,T0009973,refund,5.33,payment_issue,2026-05-12 11:14:20.000000000,USD
ADJ0000428,TK0001093,T0009989,refund,2.84,dropoff_issue,2026-04-17 12:51:53.000000000,USD
ADJ0000429,TK0001095,T0009999,refund,4.59,safety_concern,2026-01-11 00:22:17.000000000,USD
ADJ0000430,TK0001104,T0010070,refund,4.71,trip_status_issue,2026-04-27 20:32:19.000000000,USD
ADJ0000431,TK0001107,T0010107,refund,3.66,cancellation_issue,2026-04-30 06:37:31.000000000,USD
ADJ0000432,TK0001109,T0010166,refund,5.24,cancellation_issue,2026-06-01 16:36:09.000000000,USD
ADJ0000433,TK0001109,T0010166,appeasement_credit,3.9,service_recovery,2026-06-01 16:31:09.000000000,USD
ADJ0000434,TK0001110,T0010170,refund,3.57,payment_issue,2026-02-07 05:17:19.000000000,USD
ADJ0000435,TK0001111,T0010177,refund,2.44,trip_status_issue,2026-04-16 02:53:39.000000000,USD
ADJ0000436,TK0001112,T0010184,refund,9.13,payment_issue,2026-03-28 07:00:11.000000000,USD
ADJ0000437,TK0001113,T0010191,refund,5.25,trip_status_issue,2026-06-18 06:26:48.000000000,USD
ADJ0000438,TK0001114,T0010194,refund,7.67,payment_issue,2026-03-07 22:00:54.000000000,USD
ADJ0000439,TK0001116,T0010221,appeasement_credit,11.64,service_recovery,2026-06-17 08:10:21.000000000,USD
ADJ0000440,TK0001121,T0010260,refund,2.46,payment_issue,2026-03-14 13:15:51.000000000,USD
ADJ0000441,TK0001122,T0010261,refund,7.74,payment_issue,2026-03-18 06:26:50.000000000,USD
ADJ0000442,TK0001123,T0010262,refund,8.37,lost_item,2026-04-17 00:08:20.000000000,USD
ADJ0000443,TK0001126,T0010301,refund,1.42,safety_concern,2026-06-22 02:38:34.000000000,USD
ADJ0000444,TK0001127,T0010327,refund,1.26,other,2026-01-16 18:24:44.000000000,USD
ADJ0000445,TK0001129,T0010362,refund,5.26,trip_status_issue,2026-01-02 23:31:41.000000000,USD
ADJ0000446,TK0001132,T0010377,appeasement_credit,5.06,service_recovery,2026-01-21 04:18:04.000000000,USD
ADJ0000447,TK0001133,T0010378,refund,9.49,dropoff_issue,2026-05-14 22:55:16.000000000,USD
ADJ0000448,TK0001135,T0010384,refund,1.77,payment_issue,2026-04-14 22:41:30.000000000,USD
ADJ0000449,TK0001136,T0010395,refund,10.01,pickup_issue,2026-06-19 05:55:45.000000000,USD
ADJ0000450,TK0001140,T0010414,refund,22.64,payment_issue,2026-01-15 04:57:44.000000000,USD
ADJ0000451,TK0001141,T0010416,refund,9.12,pickup_issue,2026-04-14 14:28:15.000000000,USD
ADJ0000452,TK0001145,T0010428,refund,2.6,cancellation_issue,2026-04-30 08:21:10.000000000,USD
ADJ0000453,TK0001148,T0010454,refund,8.36,payment_issue,2026-04-02 07:01:18.000000000,USD
ADJ0000454,TK0001149,T0010471,refund,6.99,payment_issue,2026-02-01 03:28:24.000000000,USD
ADJ0000455,TK0001150,T0010483,refund,15.48,trip_status_issue,2026-06-18 04:54:39.000000000,USD
ADJ0000456,TK0001150,T0010483,appeasement_credit,12.5,service_recovery,2026-06-18 04:09:39.000000000,USD
ADJ0000457,TK0001151,T0010507,refund,0.52,vehicle_access_issue,2026-02-21 08:08:01.000000000,USD
ADJ0000458,TK0001153,T0010527,refund,5.59,pickup_issue,2026-03-23 09:29:25.000000000,USD
ADJ0000459,TK0001161,T0010587,appeasement_credit,14.29,service_recovery,2026-01-19 04:41:57.000000000,USD
ADJ0000460,TK0001165,T0010627,refund,6.84,payment_issue,2026-04-09 20:33:17.000000000,USD
ADJ0000461,TK0001166,T0010633,refund,10.6,payment_issue,2026-03-08 13:13:24.000000000,USD
ADJ0000462,TK0001167,T0010635,refund,4.81,cancellation_issue,2026-02-14 18:49:56.000000000,USD
ADJ0000463,TK0001174,T0010702,refund,2.33,trip_status_issue,2026-03-12 08:17:27.000000000,USD
ADJ0000464,TK0001175,T0010711,refund,4.5,lost_item,2026-03-12 04:04:41.000000000,USD
ADJ0000465,TK0001175,T0010711,appeasement_credit,17.16,service_recovery,2026-03-12 03:50:41.000000000,USD
ADJ0000466,TK0001179,T0010737,refund,2.67,cancellation_issue,2026-03-16 20:16:20.000000000,USD
ADJ0000467,TK0001180,T0010752,refund,10.73,trip_status_issue,2026-03-04 12:59:01.000000000,USD
ADJ0000468,TK0001184,T0010820,refund,2.02,trip_status_issue,2026-01-28 21:36:32.000000000,USD
ADJ0000469,TK0001186,T0010829,refund,12.54,payment_issue,2026-03-08 14:04:31.000000000,USD
ADJ0000470,TK0001189,T0010847,refund,7.85,pickup_issue,2026-01-28 14:01:08.000000000,USD
ADJ0000471,TK0001201,T0010972,refund,4.72,pickup_issue,2026-03-10 04:05:38.000000000,USD
ADJ0000472,TK0001202,T0010975,refund,0.4,vehicle_access_issue,2026-03-19 23:47:55.000000000,USD
ADJ0000473,TK0001203,T0010983,appeasement_credit,10.59,service_recovery,2026-02-07 20:36:07.000000000,USD
ADJ0000474,TK0001218,T0011096,refund,1.27,route_issue,2026-02-12 14:10:05.000000000,USD
ADJ0000475,TK0001219,T0011121,refund,5.42,cancellation_issue,2026-03-21 13:21:16.000000000,USD
ADJ0000476,TK0001221,T0011135,appeasement_credit,6.23,service_recovery,2026-05-10 03:54:59.000000000,USD
ADJ0000477,TK0001223,T0011148,refund,6.87,cancellation_issue,2026-03-10 01:52:44.000000000,USD
ADJ0000478,TK0001227,T0011186,refund,1.68,trip_status_issue,2026-04-01 22:26:41.000000000,USD
ADJ0000479,TK0001227,T0011186,appeasement_credit,11.67,service_recovery,2026-04-01 21:54:41.000000000,USD
ADJ0000480,TK0001228,T0011189,refund,6.31,trip_status_issue,2026-02-17 01:35:16.000000000,USD
ADJ0000481,TK0001241,T0011331,refund,8.02,cancellation_issue,2026-01-14 21:35:58.000000000,USD
ADJ0000482,TK0001244,T0011346,appeasement_credit,16.53,service_recovery,2026-01-05 08:14:33.000000000,USD
ADJ0000483,TK0001246,T0011352,refund,5.5,payment_issue,2026-03-04 10:38:53.000000000,USD
ADJ0000484,TK0001252,T0011454,refund,5.67,payment_issue,2026-03-17 17:03:01.000000000,USD
ADJ0000485,TK0001257,T0011521,refund,16.16,dropoff_issue,2026-04-08 09:02:23.000000000,USD
ADJ0000486,TK0001258,T0011526,refund,10.49,payment_issue,2026-01-23 11:43:06.000000000,USD
ADJ0000487,TK0001259,T0011529,refund,26.59,payment_issue,2026-03-05 02:32:49.000000000,USD
ADJ0000488,TK0001269,T0011641,refund,2.66,cancellation_issue,2026-01-21 05:53:41.000000000,USD
ADJ0000489,TK0001270,T0011654,refund,9.96,dropoff_issue,2026-01-16 06:34:38.000000000,USD
ADJ0000490,TK0001271,T0011665,appeasement_credit,9.27,service_recovery,2026-05-25 18:32:41.000000000,USD
ADJ0000491,TK0001273,T0011669,refund,12.39,payment_issue,2026-03-17 15:18:22.000000000,USD
ADJ0000492,TK0001274,T0011672,refund,4.0,payment_issue,2026-04-22 21:41:44.000000000,USD
ADJ0000493,TK0001276,T0011691,refund,9.58,vehicle_access_issue,2026-02-17 05:18:51.000000000,USD
ADJ0000494,TK0001283,T0011768,appeasement_credit,11.23,service_recovery,2026-03-01 17:37:59.000000000,USD
ADJ0000495,TK0001285,T0011807,refund,13.32,payment_issue,2026-06-20 08:26:59.000000000,USD
ADJ0000496,TK0001286,T0011825,refund,1.51,trip_status_issue,2026-03-06 13:38:43.000000000,USD
ADJ0000497,TK0001289,T0011856,appeasement_credit,16.39,service_recovery,2026-01-22 00:15:24.000000000,USD
ADJ0000498,TK0001290,T0011859,refund,7.92,cancellation_issue,2026-04-24 17:53:16.000000000,USD
ADJ0000499,TK0001290,T0011859,appeasement_credit,14.64,service_recovery,2026-04-24 17:28:16.000000000,USD
ADJ0000500,TK0001292,T0011873,refund,2.91,pickup_issue,2026-01-16 07:21:52.000000000,USD
ADJ0000501,TK0001299,T0011943,refund,20.28,route_issue,2026-03-31 12:23:43.000000000,USD
ADJ0000502,TK0001300,T0011961,appeasement_credit,5.4,service_recovery,2026-02-05 17:29:26.000000000,USD
ADJ0000503,TK0001301,T0011967,refund,6.86,safety_concern,2026-03-21 15:08:15.000000000,USD
ADJ0000504,TK0001302,T0011968,refund,3.56,payment_issue,2026-06-26 02:56:10.000000000,USD
ADJ0000505,TK0001308,T0012006,refund,3.68,cancellation_issue,2026-06-09 03:39:44.000000000,USD
ADJ0000506,TK0001311,T0012050,appeasement_credit,4.45,service_recovery,2026-05-08 18:32:35.000000000,USD
ADJ0000507,TK0001312,T0012060,refund,14.6,vehicle_access_issue,2026-02-16 16:56:04.000000000,USD
ADJ0000508,TK0001314,T0012094,refund,17.45,safety_concern,2026-06-25 07:57:38.000000000,USD
ADJ0000509,TK0001315,T0012095,appeasement_credit,19.18,service_recovery,2026-04-23 23:43:41.000000000,USD
ADJ0000510,TK0001318,T0012106,appeasement_credit,7.36,service_recovery,2026-01-04 14:44:11.000000000,USD
ADJ0000511,TK0001319,T0012122,appeasement_credit,14.76,service_recovery,2026-06-14 06:28:22.000000000,USD
ADJ0000512,TK0001323,T0012133,refund,0.35,trip_status_issue,2026-04-26 20:56:45.000000000,USD
ADJ0000513,TK0001324,T0012154,refund,8.13,cancellation_issue,2026-03-27 22:26:53.000000000,USD
ADJ0000514,TK0001327,T0012164,appeasement_credit,16.98,service_recovery,2026-05-25 06:14:41.000000000,USD
ADJ0000515,TK0001332,T0012216,appeasement_credit,9.1,service_recovery,2026-05-26 16:45:10.000000000,USD
ADJ0000516,TK0001334,T0012227,refund,4.27,pickup_issue,2026-02-12 15:08:32.000000000,USD
ADJ0000517,TK0001335,T0012266,refund,0.9,dropoff_issue,2026-06-09 10:43:20.000000000,USD
ADJ0000518,TK0001339,T0012275,appeasement_credit,12.47,service_recovery,2026-02-24 04:08:36.000000000,USD
ADJ0000519,TK0001340,T0012283,appeasement_credit,14.73,service_recovery,2026-01-03 22:08:23.000000000,USD
ADJ0000520,TK0001343,T0012302,appeasement_credit,10.23,service_recovery,2026-04-11 04:31:11.000000000,USD
ADJ0000521,TK0001345,T0012317,refund,3.32,cancellation_issue,2026-02-16 22:30:24.000000000,USD
ADJ0000522,TK0001347,T0012337,refund,2.18,dropoff_issue,2026-03-01 23:48:47.000000000,USD
ADJ0000523,TK0001349,T0012377,refund,2.49,cancellation_issue,2026-06-29 07:50:17.000000000,USD
ADJ0000524,TK0001350,T0012397,refund,7.63,payment_issue,2026-02-12 15:00:53.000000000,USD
ADJ0000525,TK0001351,T0012400,refund,1.59,trip_status_issue,2026-02-07 10:59:33.000000000,USD
ADJ0000526,TK0001353,T0012423,refund,6.58,route_issue,2026-06-24 13:47:03.000000000,USD
ADJ0000527,TK0001355,T0012449,refund,18.4,payment_issue,2026-06-08 00:15:04.000000000,USD
ADJ0000528,TK0001356,T0012456,refund,0.98,safety_concern,2026-01-20 10:00:15.000000000,USD
ADJ0000529,TK0001357,T0012466,refund,7.51,cancellation_issue,2026-04-26 17:44:28.000000000,USD
ADJ0000530,TK0001361,T0012483,appeasement_credit,17.56,service_recovery,2026-05-18 07:16:53.000000000,USD
ADJ0000531,TK0001362,T0012492,refund,4.78,pickup_issue,2026-06-15 02:29:06.000000000,USD
ADJ0000532,TK0001363,T0012503,appeasement_credit,16.5,service_recovery,2026-04-08 08:01:32.000000000,USD
ADJ0000533,TK0001364,T0012509,refund,1.77,cancellation_issue,2026-01-16 19:06:14.000000000,USD
ADJ0000534,TK0001365,T0012519,refund,4.81,pickup_issue,2026-04-11 09:57:47.000000000,USD
ADJ0000535,TK0001366,T0012526,appeasement_credit,14.31,service_recovery,2026-04-09 09:30:50.000000000,USD
ADJ0000536,TK0001368,T0012536,refund,2.44,lost_item,2026-01-21 21:22:20.000000000,USD
ADJ0000537,TK0001373,T0012566,refund,9.68,cancellation_issue,2026-06-08 11:40:24.000000000,USD
ADJ0000538,TK0001374,T0012568,refund,7.03,cancellation_issue,2026-06-09 17:16:57.000000000,USD
ADJ0000539,TK0001375,T0012575,refund,8.83,pickup_issue,2026-04-27 16:52:20.000000000,USD
ADJ0000540,TK0001377,T0012583,refund,1.82,pickup_issue,2026-04-17 01:02:46.000000000,USD
ADJ0000541,TK0001381,T0012611,refund,19.38,payment_issue,2026-05-02 07:44:08.000000000,USD
ADJ0000542,TK0001382,T0012632,appeasement_credit,15.39,service_recovery,2026-06-21 09:06:51.000000000,USD
ADJ0000543,TK0001386,T0012652,refund,1.18,route_issue,2026-06-14 16:45:09.000000000,USD
ADJ0000544,TK0001390,T0012676,refund,10.06,trip_status_issue,2026-06-22 06:10:29.000000000,USD
ADJ0000545,TK0001395,T0012738,refund,1.44,trip_status_issue,2026-03-05 07:45:13.000000000,USD
ADJ0000546,TK0001396,T0012769,refund,25.95,pickup_issue,2026-04-29 03:01:07.000000000,USD
ADJ0000547,TK0001400,T0012804,refund,10.13,pickup_issue,2026-05-28 10:38:10.000000000,USD
ADJ0000548,TK0001403,T0012825,refund,9.32,trip_status_issue,2026-01-16 10:41:54.000000000,USD
ADJ0000549,TK0001408,T0012856,refund,9.5,route_issue,2026-01-28 04:58:47.000000000,USD
ADJ0000550,TK0001409,T0012875,refund,2.0,cancellation_issue,2026-05-26 04:00:29.000000000,USD
ADJ0000551,TK0001411,T0012888,appeasement_credit,19.85,service_recovery,2026-06-28 21:55:36.000000000,USD
ADJ0000552,TK0001415,T0012920,refund,1.79,other,2026-06-12 18:41:09.000000000,USD
ADJ0000553,TK0001419,T0012977,appeasement_credit,19.88,service_recovery,2026-01-06 09:50:50.000000000,USD
ADJ0000554,TK0001420,T0012979,appeasement_credit,13.88,service_recovery,2026-04-03 13:22:28.000000000,USD
ADJ0000555,TK0001421,T0012987,refund,3.04,trip_status_issue,2026-05-13 20:29:10.000000000,USD
ADJ0000556,TK0001426,T0013040,refund,3.96,vehicle_access_issue,2026-06-10 08:30:24.000000000,USD
ADJ0000557,TK0001428,T0013079,refund,4.84,cancellation_issue,2026-06-20 09:12:20.000000000,USD
ADJ0000558,TK0001431,T0013131,refund,8.8,payment_issue,2026-05-04 00:58:52.000000000,USD
ADJ0000559,TK0001435,T0013155,appeasement_credit,15.26,service_recovery,2026-05-27 08:52:50.000000000,USD
ADJ0000560,TK0001436,T0013159,refund,2.73,cancellation_issue,2026-02-25 19:31:04.000000000,USD
ADJ0000561,TK0001442,T0013214,refund,5.99,payment_issue,2026-05-24 04:20:54.000000000,USD
ADJ0000562,TK0001453,T0013325,appeasement_credit,5.03,service_recovery,2026-01-08 12:53:51.000000000,USD
ADJ0000563,TK0001454,T0013327,refund,5.01,route_issue,2026-06-11 04:47:00.000000000,USD
ADJ0000564,TK0001456,T0013364,refund,2.03,route_issue,2026-03-24 18:57:22.000000000,USD
ADJ0000565,TK0001460,T0013413,refund,11.94,other,2026-04-16 05:55:56.000000000,USD
ADJ0000566,TK0001464,T0013454,refund,14.94,payment_issue,2026-03-26 11:05:29.000000000,USD
ADJ0000567,TK0001465,T0013460,refund,6.15,dropoff_issue,2026-03-17 17:16:24.000000000,USD
ADJ0000568,TK0001465,T0013460,appeasement_credit,15.41,service_recovery,2026-03-17 16:57:24.000000000,USD
ADJ0000569,TK0001472,T0013535,appeasement_credit,18.25,service_recovery,2026-05-12 11:39:33.000000000,USD
ADJ0000570,TK0001476,T0013557,refund,1.78,pickup_issue,2026-07-01 02:39:37.000000000,USD
ADJ0000571,TK0001477,T0013561,refund,11.94,cancellation_issue,2026-04-02 01:38:12.000000000,USD
ADJ0000572,TK0001477,T0013561,appeasement_credit,8.58,service_recovery,2026-04-02 01:30:12.000000000,USD
ADJ0000573,TK0001479,T0013577,refund,2.58,cancellation_issue,2026-05-04 19:47:59.000000000,USD
ADJ0000574,TK0001482,T0013588,appeasement_credit,11.69,service_recovery,2026-01-26 08:56:42.000000000,USD
ADJ0000575,TK0001484,T0013613,appeasement_credit,6.39,service_recovery,2026-03-19 20:47:52.000000000,USD
ADJ0000576,TK0001486,T0013653,refund,6.86,cancellation_issue,2026-01-28 00:04:19.000000000,USD
ADJ0000577,TK0001487,T0013661,refund,3.39,trip_status_issue,2026-01-20 14:26:40.000000000,USD
ADJ0000578,TK0001491,T0013692,refund,2.33,cancellation_issue,2026-06-24 06:03:03.000000000,USD
ADJ0000579,TK0001492,T0013693,appeasement_credit,14.08,service_recovery,2026-05-02 18:09:37.000000000,USD
ADJ0000580,TK0001499,T0013740,refund,7.44,payment_issue,2026-04-19 01:41:04.000000000,USD
ADJ0000581,TK0001500,T0013751,appeasement_credit,14.01,service_recovery,2026-03-22 06:11:26.000000000,USD
ADJ0000582,TK0001501,T0013753,refund,7.97,payment_issue,2026-02-04 06:40:43.000000000,USD
ADJ0000583,TK0001506,T0013780,refund,2.66,vehicle_access_issue,2026-05-20 08:34:24.000000000,USD
ADJ0000584,TK0001506,T0013780,appeasement_credit,6.64,service_recovery,2026-05-20 09:01:24.000000000,USD
ADJ0000585,TK0001508,T0013814,refund,5.83,dropoff_issue,2026-05-06 10:44:52.000000000,USD
ADJ0000586,TK0001512,T0013851,appeasement_credit,7.45,service_recovery,2026-01-07 05:11:39.000000000,USD
ADJ0000587,TK0001514,T0013868,refund,20.73,cancellation_issue,2026-03-27 02:43:51.000000000,USD
ADJ0000588,TK0001518,T0013897,refund,15.17,other,2026-03-20 23:15:44.000000000,USD
ADJ0000589,TK0001519,T0013905,refund,2.29,route_issue,2026-01-05 05:03:54.000000000,USD
ADJ0000590,TK0001520,T0013907,refund,6.6,vehicle_access_issue,2026-03-26 23:02:59.000000000,USD
ADJ0000591,TK0001524,T0013935,refund,5.2,dropoff_issue,2026-06-09 12:47:18.000000000,USD
ADJ0000592,TK0001525,T0013938,refund,4.73,cancellation_issue,2026-04-18 19:03:16.000000000,USD
ADJ0000593,TK0001526,T0013939,refund,18.69,payment_issue,2026-05-07 17:39:12.000000000,USD
ADJ0000594,TK0001531,T0013964,refund,3.96,trip_status_issue,2026-01-09 03:40:22.000000000,USD
ADJ0000595,TK0001538,T0014042,refund,7.13,cancellation_issue,2026-03-28 18:11:32.000000000,USD
ADJ0000596,TK0001542,T0014092,refund,21.59,payment_issue,2026-05-19 19:35:50.000000000,USD
ADJ0000597,TK0001543,T0014118,refund,1.97,vehicle_access_issue,2026-01-30 20:42:40.000000000,USD
ADJ0000598,TK0001545,T0014127,refund,5.36,cancellation_issue,2026-01-21 06:00:10.000000000,USD
ADJ0000599,TK0001549,T0014150,refund,3.06,vehicle_access_issue,2026-06-19 04:17:03.000000000,USD
ADJ0000600,TK0001552,T0014177,refund,4.17,trip_status_issue,2026-05-11 22:57:17.000000000,USD
ADJ0000601,TK0001553,T0014182,appeasement_credit,12.67,service_recovery,2026-02-20 14:40:32.000000000,USD
ADJ0000602,TK0001556,T0014224,appeasement_credit,10.83,service_recovery,2026-05-16 00:30:02.000000000,USD
ADJ0000603,TK0001557,T0014254,refund,2.34,cancellation_issue,2026-01-05 15:58:21.000000000,USD
ADJ0000604,TK0001558,T0014258,appeasement_credit,11.86,service_recovery,2026-01-26 07:36:15.000000000,USD
ADJ0000605,TK0001561,T0014280,refund,3.98,safety_concern,2026-01-31 12:14:10.000000000,USD
ADJ0000606,TK0001562,T0014289,refund,2.49,dropoff_issue,2026-03-16 04:41:31.000000000,USD
ADJ0000607,TK0001565,T0014302,appeasement_credit,7.02,service_recovery,2026-03-05 08:40:42.000000000,USD
ADJ0000608,TK0001569,T0014359,refund,6.72,dropoff_issue,2026-04-12 00:18:41.000000000,USD
ADJ0000609,TK0001570,T0014388,refund,3.86,trip_status_issue,2026-03-23 13:36:15.000000000,USD
ADJ0000610,TK0001571,T0014392,appeasement_credit,17.53,service_recovery,2026-02-16 11:59:05.000000000,USD
ADJ0000611,TK0001572,T0014398,refund,6.98,trip_status_issue,2026-04-02 04:45:53.000000000,USD
ADJ0000612,TK0001572,T0014398,appeasement_credit,6.04,service_recovery,2026-04-02 04:21:53.000000000,USD
ADJ0000613,TK0001574,T0014423,refund,5.33,dropoff_issue,2026-03-04 23:29:29.000000000,USD
ADJ0000614,TK0001575,T0014427,appeasement_credit,19.88,service_recovery,2026-01-03 13:49:16.000000000,USD
ADJ0000615,TK0001577,T0014459,refund,2.21,cancellation_issue,2026-02-06 19:05:31.000000000,USD
ADJ0000616,TK0001577,T0014459,appeasement_credit,17.69,service_recovery,2026-02-06 19:16:31.000000000,USD
ADJ0000617,TK0001578,T0014462,appeasement_credit,7.44,service_recovery,2026-02-04 14:17:15.000000000,USD
ADJ0000618,TK0001580,T0014469,refund,2.57,dropoff_issue,2026-04-16 12:52:37.000000000,USD
ADJ0000619,TK0001588,T0014529,refund,5.83,safety_concern,2026-01-15 22:31:35.000000000,USD
ADJ0000620,TK0001591,T0014571,refund,3.67,payment_issue,2026-01-22 23:27:58.000000000,USD
ADJ0000621,TK0001593,T0014609,refund,2.39,dropoff_issue,2026-01-30 16:34:53.000000000,USD
ADJ0000622,TK0001594,T0014615,refund,4.6,pickup_issue,2026-05-31 19:22:14.000000000,USD
ADJ0000623,TK0001594,T0014615,appeasement_credit,9.22,service_recovery,2026-05-31 19:41:14.000000000,USD
ADJ0000624,TK0001597,T0014686,refund,23.52,payment_issue,2026-01-04 18:07:07.000000000,USD
ADJ0000625,TK0001598,T0014688,refund,3.22,payment_issue,2026-01-11 23:51:41.000000000,USD
ADJ0000626,TK0001605,T0014736,refund,6.83,cancellation_issue,2026-06-25 03:42:13.000000000,USD
ADJ0000627,TK0001607,T0014749,refund,5.49,safety_concern,2026-02-19 04:47:40.000000000,USD
ADJ0000628,TK0001612,T0014829,refund,0.75,pickup_issue,2026-02-28 10:39:54.000000000,USD
ADJ0000629,TK0001615,T0014867,refund,5.03,trip_status_issue,2026-04-14 01:28:59.000000000,USD
ADJ0000630,TK0001615,T0014867,appeasement_credit,3.8,service_recovery,2026-04-14 01:39:59.000000000,USD
ADJ0000631,TK0001618,T0014881,refund,3.74,trip_status_issue,2026-06-01 21:02:05.000000000,USD
ADJ0000632,TK0001621,T0014948,refund,7.81,trip_status_issue,2026-01-18 10:26:25.000000000,USD
ADJ0000633,TK0001622,T0014952,refund,1.63,vehicle_access_issue,2026-01-22 16:47:22.000000000,USD
ADJ0000634,TK0001623,T0014956,refund,2.11,lost_item,2026-04-28 01:34:20.000000000,USD
ADJ0000635,TK0001628,T0015065,refund,4.01,safety_concern,2026-04-21 04:33:23.000000000,USD
ADJ0000636,TK0001630,T0015083,appeasement_credit,9.18,service_recovery,2026-03-04 17:59:19.000000000,USD
ADJ0000637,TK0001631,T0015094,refund,3.34,pickup_issue,2026-03-03 02:53:18.000000000,USD
ADJ0000638,TK0001633,T0015105,appeasement_credit,4.88,service_recovery,2026-01-23 11:30:02.000000000,USD
ADJ0000639,TK0001634,T0015126,refund,8.44,pickup_issue,2026-05-10 16:32:30.000000000,USD
ADJ0000640,TK0001635,T0015131,appeasement_credit,18.88,service_recovery,2026-06-16 04:03:15.000000000,USD
ADJ0000641,TK0001640,T0015167,appeasement_credit,18.77,service_recovery,2026-04-11 07:46:52.000000000,USD
ADJ0000642,TK0001642,T0015188,refund,2.82,cancellation_issue,2026-04-30 03:40:25.000000000,USD
ADJ0000643,TK0001644,T0015223,refund,2.33,dropoff_issue,2026-02-05 07:06:45.000000000,USD
ADJ0000644,TK0001644,T0015223,appeasement_credit,10.65,service_recovery,2026-02-05 06:51:45.000000000,USD
ADJ0000645,TK0001647,T0015252,refund,12.94,vehicle_access_issue,2026-04-19 00:35:57.000000000,USD
ADJ0000646,TK0001648,T0015266,refund,2.74,dropoff_issue,2026-05-11 11:25:17.000000000,USD
ADJ0000647,TK0001652,T0015287,refund,2.99,other,2026-02-27 21:47:39.000000000,USD
ADJ0000648,TK0001652,T0015287,appeasement_credit,7.54,service_recovery,2026-02-27 21:06:39.000000000,USD
ADJ0000649,TK0001653,T0015295,appeasement_credit,15.14,service_recovery,2026-01-14 05:29:33.000000000,USD
ADJ0000650,TK0001654,T0015303,refund,3.51,safety_concern,2026-06-25 15:50:56.000000000,USD
ADJ0000651,TK0001655,T0015307,refund,5.61,dropoff_issue,2026-01-08 12:30:20.000000000,USD
ADJ0000652,TK0001661,T0015356,refund,7.77,payment_issue,2026-06-26 15:35:53.000000000,USD
ADJ0000653,TK0001664,T0015399,refund,1.06,pickup_issue,2026-03-26 02:04:05.000000000,USD
ADJ0000654,TK0001664,T0015399,appeasement_credit,11.74,service_recovery,2026-03-26 02:36:05.000000000,USD
ADJ0000655,TK0001672,T0015442,refund,5.82,lost_item,2026-04-26 15:04:23.000000000,USD
ADJ0000656,TK0001672,T0015442,appeasement_credit,5.65,service_recovery,2026-04-26 15:38:23.000000000,USD
ADJ0000657,TK0001674,T0015451,appeasement_credit,17.43,service_recovery,2026-05-26 17:21:45.000000000,USD
ADJ0000658,TK0001679,T0015482,refund,10.22,safety_concern,2026-06-27 14:05:00.000000000,USD
ADJ0000659,TK0001679,T0015482,appeasement_credit,19.78,service_recovery,2026-06-27 14:40:00.000000000,USD
ADJ0000660,TK0001685,T0015573,refund,2.78,cancellation_issue,2026-02-24 12:08:43.000000000,USD
ADJ0000661,TK0001690,T0015692,appeasement_credit,8.82,service_recovery,2026-04-01 22:31:31.000000000,USD
ADJ0000662,TK0001694,T0015722,refund,4.61,safety_concern,2026-03-29 08:10:07.000000000,USD
ADJ0000663,TK0001694,T0015722,appeasement_credit,7.99,service_recovery,2026-03-29 07:40:07.000000000,USD
ADJ0000664,TK0001695,T0015741,refund,7.81,payment_issue,2026-01-29 21:23:54.000000000,USD
ADJ0000665,TK0001696,T0015742,refund,16.91,pickup_issue,2026-03-31 10:10:49.000000000,USD
ADJ0000666,TK0001699,T0015754,appeasement_credit,10.59,service_recovery,2026-06-03 23:46:40.000000000,USD
ADJ0000667,TK0001709,T0015862,refund,7.64,cancellation_issue,2026-02-06 04:59:32.000000000,USD
ADJ0000668,TK0001710,T0015887,refund,2.06,cancellation_issue,2026-02-27 13:25:34.000000000,USD
ADJ0000669,TK0001712,T0015902,appeasement_credit,13.63,service_recovery,2026-03-18 17:58:03.000000000,USD
ADJ0000670,TK0001717,T0015962,refund,16.43,safety_concern,2026-05-09 08:32:32.000000000,USD
ADJ0000671,TK0001717,T0015962,appeasement_credit,17.81,service_recovery,2026-05-09 09:06:32.000000000,USD
ADJ0000672,TK0001725,T0016036,refund,7.38,cancellation_issue,2026-05-07 01:26:21.000000000,USD
ADJ0000673,TK0001734,T0016083,refund,4.62,payment_issue,2026-03-12 05:40:28.000000000,USD
ADJ0000674,TK0001737,T0016090,refund,5.58,pickup_issue,2026-05-10 21:07:26.000000000,USD
ADJ0000675,TK0001741,T0016142,refund,5.36,payment_issue,2026-03-29 08:04:21.000000000,USD
ADJ0000676,TK0001742,T0016143,refund,2.61,cancellation_issue,2026-01-13 23:06:13.000000000,USD
ADJ0000677,TK0001744,T0016177,refund,11.0,pickup_issue,2026-01-28 14:09:11.000000000,USD
ADJ0000678,TK0001746,T0016195,refund,2.38,route_issue,2026-06-11 16:13:48.000000000,USD
ADJ0000679,TK0001748,T0016205,appeasement_credit,3.99,service_recovery,2026-03-06 11:23:10.000000000,USD
ADJ0000680,TK0001749,T0016228,appeasement_credit,13.95,service_recovery,2026-04-20 10:30:44.000000000,USD
ADJ0000681,TK0001751,T0016243,refund,2.9,cancellation_issue,2026-02-01 10:11:36.000000000,USD
ADJ0000682,TK0001751,T0016243,appeasement_credit,13.5,service_recovery,2026-02-01 10:12:36.000000000,USD
ADJ0000683,TK0001754,T0016273,appeasement_credit,3.13,service_recovery,2026-04-28 03:05:32.000000000,USD
ADJ0000684,TK0001756,T0016278,refund,3.21,route_issue,2026-06-29 02:01:37.000000000,USD
ADJ0000685,TK0001763,T0016326,refund,6.8,vehicle_access_issue,2026-01-03 08:02:22.000000000,USD
ADJ0000686,TK0001764,T0016332,refund,9.83,payment_issue,2026-03-04 12:36:21.000000000,USD
ADJ0000687,TK0001765,T0016337,appeasement_credit,9.99,service_recovery,2026-04-01 14:22:39.000000000,USD
ADJ0000688,TK0001766,T0016348,refund,4.63,trip_status_issue,2026-03-06 11:10:08.000000000,USD
ADJ0000689,TK0001778,T0016495,appeasement_credit,10.07,service_recovery,2026-03-30 22:08:42.000000000,USD
ADJ0000690,TK0001780,T0016517,refund,3.53,route_issue,2026-06-07 04:59:07.000000000,USD
ADJ0000691,TK0001783,T0016537,refund,13.11,cancellation_issue,2026-02-08 19:48:55.000000000,USD
ADJ0000692,TK0001787,T0016601,refund,0.71,route_issue,2026-03-04 12:02:52.000000000,USD
ADJ0000693,TK0001788,T0016610,refund,3.12,route_issue,2026-06-03 16:27:37.000000000,USD
ADJ0000694,TK0001790,T0016629,refund,21.82,safety_concern,2026-02-20 22:16:37.000000000,USD
ADJ0000695,TK0001795,T0016652,refund,19.67,safety_concern,2026-05-13 23:33:15.000000000,USD
ADJ0000696,TK0001795,T0016652,appeasement_credit,7.63,service_recovery,2026-05-13 23:58:15.000000000,USD
ADJ0000697,TK0001796,T0016661,refund,5.96,trip_status_issue,2026-02-07 23:37:11.000000000,USD
ADJ0000698,TK0001797,T0016707,refund,2.0,cancellation_issue,2026-02-24 20:32:21.000000000,USD
ADJ0000699,TK0001799,T0016729,appeasement_credit,11.05,service_recovery,2026-03-28 18:13:46.000000000,USD
ADJ0000700,TK0001806,T0016779,refund,10.34,dropoff_issue,2026-01-05 20:39:44.000000000,USD
ADJ0000701,TK0001809,T0016813,refund,2.39,dropoff_issue,2026-04-22 01:07:53.000000000,USD
ADJ0000702,TK0001813,T0016849,appeasement_credit,13.86,service_recovery,2026-03-27 15:08:16.000000000,USD
ADJ0000703,TK0001816,T0016895,refund,4.93,dropoff_issue,2026-04-21 08:48:43.000000000,USD
ADJ0000704,TK0001819,T0016911,refund,0.72,payment_issue,2026-03-04 11:02:40.000000000,USD
ADJ0000705,TK0001820,T0016912,refund,4.22,lost_item,2026-06-17 09:27:59.000000000,USD
ADJ0000706,TK0001824,T0016984,refund,8.67,pickup_issue,2026-04-17 20:48:21.000000000,USD
ADJ0000707,TK0001824,T0016984,appeasement_credit,8.06,service_recovery,2026-04-17 20:48:21.000000000,USD
ADJ0000708,TK0001826,T0016998,appeasement_credit,15.66,service_recovery,2026-04-22 08:10:17.000000000,USD
ADJ0000709,TK0001828,T0017016,refund,5.53,safety_concern,2026-06-03 22:05:36.000000000,USD
ADJ0000710,TK0001829,T0017019,appeasement_credit,3.53,service_recovery,2026-03-09 23:05:49.000000000,USD
ADJ0000711,TK0001830,T0017021,refund,16.81,payment_issue,2026-01-09 04:19:35.000000000,USD
ADJ0000712,TK0001831,T0017042,appeasement_credit,5.82,service_recovery,2026-06-02 20:16:42.000000000,USD
ADJ0000713,TK0001835,T0017070,refund,7.23,trip_status_issue,2026-03-13 09:29:46.000000000,USD
ADJ0000714,TK0001836,T0017073,refund,25.42,dropoff_issue,2026-02-24 15:23:11.000000000,USD
ADJ0000715,TK0001838,T0017111,refund,13.65,pickup_issue,2026-05-04 02:08:52.000000000,USD
ADJ0000716,TK0001841,T0017138,refund,12.88,payment_issue,2026-02-25 09:14:27.000000000,USD
ADJ0000717,TK0001849,T0017175,refund,5.95,payment_issue,2026-02-05 21:12:23.000000000,USD
ADJ0000718,TK0001849,T0017175,appeasement_credit,19.94,service_recovery,2026-02-05 22:04:23.000000000,USD
ADJ0000719,TK0001855,T0017205,appeasement_credit,4.82,service_recovery,2026-01-29 16:24:15.000000000,USD
ADJ0000720,TK0001858,T0017229,appeasement_credit,19.72,service_recovery,2026-06-02 08:24:45.000000000,USD
ADJ0000721,TK0001860,T0017236,appeasement_credit,9.42,service_recovery,2026-05-02 20:07:04.000000000,USD
ADJ0000722,TK0001869,T0017329,refund,1.88,cancellation_issue,2026-02-08 18:05:13.000000000,USD
ADJ0000723,TK0001872,T0017354,refund,1.9,vehicle_access_issue,2026-02-04 09:37:30.000000000,USD
ADJ0000724,TK0001874,T0017377,refund,2.14,route_issue,2026-02-25 14:37:51.000000000,USD
ADJ0000725,TK0001877,T0017403,refund,6.03,dropoff_issue,2026-01-26 04:53:45.000000000,USD
ADJ0000726,TK0001877,T0017403,appeasement_credit,12.31,service_recovery,2026-01-26 04:26:45.000000000,USD
ADJ0000727,TK0001879,T0017412,appeasement_credit,15.32,service_recovery,2026-05-29 06:27:20.000000000,USD
ADJ0000728,TK0001882,T0017434,refund,9.17,cancellation_issue,2026-05-15 16:31:31.000000000,USD
ADJ0000729,TK0001884,T0017454,refund,3.18,other,2026-06-15 15:23:01.000000000,USD
ADJ0000730,TK0001885,T0017470,refund,11.6,cancellation_issue,2026-06-20 03:19:48.000000000,USD
ADJ0000731,TK0001890,T0017515,refund,2.2,safety_concern,2026-03-24 12:11:52.000000000,USD
ADJ0000732,TK0001892,T0017550,refund,23.28,safety_concern,2026-02-16 08:41:04.000000000,USD
ADJ0000733,TK0001903,T0017636,refund,7.38,payment_issue,2026-02-02 15:14:42.000000000,USD
ADJ0000734,TK0001909,T0017712,appeasement_credit,14.27,service_recovery,2026-03-14 07:38:11.000000000,USD
ADJ0000735,TK0001910,T0017722,appeasement_credit,10.0,service_recovery,2026-02-18 18:56:27.000000000,USD
ADJ0000736,TK0001913,T0017731,refund,8.29,pickup_issue,2026-01-23 05:18:03.000000000,USD
ADJ0000737,TK0001918,T0017785,refund,3.15,cancellation_issue,2026-02-15 07:01:27.000000000,USD
ADJ0000738,TK0001923,T0017846,refund,7.17,other,2026-01-04 10:39:55.000000000,USD
ADJ0000739,TK0001924,T0017861,appeasement_credit,5.3,service_recovery,2026-03-18 06:31:31.000000000,USD
ADJ0000740,TK0001927,T0017883,refund,10.01,trip_status_issue,2026-06-03 16:42:28.000000000,USD
ADJ0000741,TK0001928,T0017884,appeasement_credit,17.95,service_recovery,2026-06-27 07:07:55.000000000,USD
ADJ0000742,TK0001930,T0017904,refund,3.59,cancellation_issue,2026-01-12 03:16:58.000000000,USD
ADJ0000743,TK0001935,T0017927,appeasement_credit,8.29,service_recovery,2026-03-28 16:56:14.000000000,USD
ADJ0000744,TK0001947,T0018107,refund,1.82,trip_status_issue,2026-02-02 20:33:28.000000000,USD
ADJ0000745,TK0001947,T0018107,appeasement_credit,10.2,service_recovery,2026-02-02 21:18:28.000000000,USD
ADJ0000746,TK0001950,T0018123,refund,8.23,safety_concern,2026-03-25 12:47:18.000000000,USD
ADJ0000747,TK0001951,T0018128,refund,11.08,payment_issue,2026-05-06 08:37:34.000000000,USD
ADJ0000748,TK0001955,T0018204,refund,2.7,safety_concern,2026-04-03 06:59:53.000000000,USD
ADJ0000749,TK0001956,T0018209,refund,1.41,payment_issue,2026-04-11 09:23:46.000000000,USD
ADJ0000750,TK0001959,T0018224,refund,1.53,cancellation_issue,2026-06-14 13:06:11.000000000,USD
ADJ0000751,TK0001962,T0018236,refund,7.35,route_issue,2026-01-07 08:27:07.000000000,USD
ADJ0000752,TK0001965,T0018252,refund,3.34,payment_issue,2026-01-04 09:25:56.000000000,USD
ADJ0000753,TK0001975,T0018361,refund,6.65,dropoff_issue,2026-06-23 16:03:16.000000000,USD
ADJ0000754,TK0001976,T0018363,refund,3.3,pickup_issue,2026-02-17 18:30:07.000000000,USD
ADJ0000755,TK0001977,T0018365,appeasement_credit,5.2,service_recovery,2026-06-13 21:41:20.000000000,USD
ADJ0000756,TK0001983,T0018420,refund,1.78,vehicle_access_issue,2026-05-21 03:14:43.000000000,USD
ADJ0000757,TK0001984,T0018439,refund,6.68,safety_concern,2026-01-28 01:21:40.000000000,USD
ADJ0000758,TK0001986,T0018449,refund,6.58,payment_issue,2026-02-04 10:00:59.000000000,USD
ADJ0000759,TK0001988,T0018468,refund,1.69,pickup_issue,2026-04-23 07:11:20.000000000,USD
ADJ0000760,TK0001989,T0018480,refund,10.28,pickup_issue,2026-03-05 20:43:47.000000000,USD
ADJ0000761,TK0001992,T0018524,refund,1.99,cancellation_issue,2026-01-09 08:57:39.000000000,USD
ADJ0000762,TK0001995,T0018550,refund,9.01,dropoff_issue,2026-03-16 13:54:44.000000000,USD
ADJ0000763,TK0001996,T0018551,refund,5.13,cancellation_issue,2026-03-30 20:13:24.000000000,USD
ADJ0000764,TK0001996,T0018551,appeasement_credit,11.6,service_recovery,2026-03-30 21:16:24.000000000,USD
ADJ0000765,TK0001997,T0018558,refund,10.83,route_issue,2026-02-07 22:44:08.000000000,USD
ADJ0000766,TK0002004,T0018669,refund,6.66,payment_issue,2026-03-15 21:07:56.000000000,USD
ADJ0000767,TK0002004,T0018669,appeasement_credit,19.97,service_recovery,2026-03-15 21:55:56.000000000,USD
ADJ0000768,TK0002005,T0018685,refund,6.43,dropoff_issue,2026-06-23 04:29:33.000000000,USD
ADJ0000769,TK0002009,T0018729,refund,2.76,cancellation_issue,2026-02-23 03:39:32.000000000,USD
ADJ0000770,TK0002010,T0018735,refund,4.9,safety_concern,2026-02-23 12:08:23.000000000,USD
ADJ0000771,TK0002016,T0018788,refund,6.44,cancellation_issue,2026-03-24 04:18:05.000000000,USD
ADJ0000772,TK0002017,T0018794,refund,11.8,cancellation_issue,2026-02-27 06:26:35.000000000,USD
ADJ0000773,TK0002018,T0018804,refund,8.46,route_issue,2026-02-11 14:44:34.000000000,USD
ADJ0000774,TK0002020,T0018813,refund,4.1,route_issue,2026-01-10 13:15:26.000000000,USD
ADJ0000775,TK0002023,T0018850,refund,3.26,trip_status_issue,2026-02-22 03:57:00.000000000,USD
ADJ0000776,TK0002024,T0018852,appeasement_credit,6.84,service_recovery,2026-02-25 21:54:57.000000000,USD
ADJ0000777,TK0002026,T0018861,refund,2.13,trip_status_issue,2026-05-09 17:17:45.000000000,USD
ADJ0000778,TK0002030,T0018879,refund,0.84,route_issue,2026-06-16 05:39:06.000000000,USD
ADJ0000779,TK0002033,T0018937,refund,17.05,payment_issue,2026-03-24 08:08:50.000000000,USD
ADJ0000780,TK0002034,T0018941,refund,3.71,payment_issue,2026-01-10 13:56:03.000000000,USD
ADJ0000781,TK0002044,T0019030,refund,3.29,cancellation_issue,2026-03-26 06:13:18.000000000,USD
ADJ0000782,TK0002044,T0019030,appeasement_credit,8.15,service_recovery,2026-03-26 06:13:18.000000000,USD
ADJ0000783,TK0002048,T0019062,refund,10.61,trip_status_issue,2026-02-12 14:52:50.000000000,USD
ADJ0000784,TK0002050,T0019090,refund,8.31,vehicle_access_issue,2026-01-13 19:26:55.000000000,USD
ADJ0000785,TK0002051,T0019112,refund,1.91,payment_issue,2026-03-20 01:48:58.000000000,USD
ADJ0000786,TK0002055,T0019136,refund,17.51,cancellation_issue,2026-06-01 10:10:02.000000000,USD
ADJ0000787,TK0002058,T0019219,refund,1.58,payment_issue,2026-03-05 06:59:53.000000000,USD
ADJ0000788,TK0002060,T0019233,refund,8.1,pickup_issue,2026-01-23 14:00:01.000000000,USD
ADJ0000789,TK0002062,T0019241,refund,10.4,payment_issue,2026-06-29 20:09:41.000000000,USD
ADJ0000790,TK0002071,T0019337,refund,15.25,payment_issue,2026-04-14 11:03:33.000000000,USD
ADJ0000791,TK0002073,T0019341,appeasement_credit,11.02,service_recovery,2026-05-16 08:58:22.000000000,USD
ADJ0000792,TK0002078,T0019414,refund,8.53,dropoff_issue,2026-04-07 16:34:57.000000000,USD
ADJ0000793,TK0002082,T0019456,refund,12.64,route_issue,2026-04-26 05:12:44.000000000,USD
ADJ0000794,TK0002086,T0019503,refund,2.12,trip_status_issue,2026-05-19 09:17:20.000000000,USD
ADJ0000795,TK0002093,T0019592,appeasement_credit,14.13,service_recovery,2026-03-26 15:52:16.000000000,USD
ADJ0000796,TK0002094,T0019598,refund,14.45,pickup_issue,2026-06-29 14:31:11.000000000,USD
ADJ0000797,TK0002095,T0019602,refund,2.96,route_issue,2026-05-07 23:16:05.000000000,USD
ADJ0000798,TK0002096,T0019603,refund,3.87,pickup_issue,2026-04-22 03:26:20.000000000,USD
ADJ0000799,TK0002097,T0019605,refund,1.53,payment_issue,2026-01-12 22:59:41.000000000,USD
ADJ0000800,TK0002103,T0019643,appeasement_credit,8.53,service_recovery,2026-07-01 04:36:13.000000000,USD
ADJ0000801,TK0002106,T0019662,refund,2.12,safety_concern,2026-02-17 10:45:04.000000000,USD
ADJ0000802,TK0002106,T0019662,appeasement_credit,16.48,service_recovery,2026-02-17 10:53:04.000000000,USD
ADJ0000803,TK0002112,T0019714,refund,3.56,payment_issue,2026-02-27 17:00:25.000000000,USD
ADJ0000804,TK0002113,T0019723,refund,9.16,lost_item,2026-03-29 18:08:53.000000000,USD
ADJ0000805,TK0002115,T0019743,appeasement_credit,10.72,service_recovery,2026-01-29 07:42:44.000000000,USD
ADJ0000806,TK0002120,T0019770,refund,15.77,payment_issue,2026-03-26 11:08:02.000000000,USD
ADJ0000807,TK0002124,T0019821,refund,2.28,cancellation_issue,2026-05-24 04:38:17.000000000,USD
ADJ0000808,TK0002130,T0019858,refund,9.65,cancellation_issue,2026-06-21 00:19:40.000000000,USD
ADJ0000809,TK0002133,T0019916,refund,5.65,dropoff_issue,2026-02-14 13:43:59.000000000,USD
ADJ0000810,TK0002135,T0019938,refund,10.1,pickup_issue,2026-02-09 11:42:14.000000000,USD
ADJ0000811,TK0002137,T0019949,refund,1.18,cancellation_issue,2026-05-10 11:59:00.000000000,USD
ADJ0000812,TK0002139,T0019955,appeasement_credit,16.37,service_recovery,2026-05-18 01:33:31.000000000,USD
ADJ0000813,TK0002140,T0019957,refund,11.5,payment_issue,2026-01-31 03:31:21.000000000,USD
ADJ0000814,TK0002145,T0020024,appeasement_credit,19.17,service_recovery,2026-01-23 02:01:32.000000000,USD
ADJ0000815,TK0002146,T0020031,refund,2.75,pickup_issue,2026-03-15 00:48:26.000000000,USD
ADJ0000816,TK0002153,T0020065,appeasement_credit,13.52,service_recovery,2026-01-02 07:30:29.000000000,USD
ADJ0000817,TK0002163,T0020134,refund,2.26,other,2026-02-05 19:32:20.000000000,USD
ADJ0000818,TK0002165,T0020162,refund,15.32,payment_issue,2026-03-04 17:54:40.000000000,USD
ADJ0000819,TK0002166,T0020167,appeasement_credit,16.79,service_recovery,2026-02-02 19:24:32.000000000,USD
ADJ0000820,TK0002167,T0020182,refund,9.19,cancellation_issue,2026-02-06 16:12:56.000000000,USD
ADJ0000821,TK0002167,T0020182,appeasement_credit,14.48,service_recovery,2026-02-06 16:16:56.000000000,USD
ADJ0000822,TK0002170,T0020201,refund,5.63,trip_status_issue,2026-02-17 12:20:48.000000000,USD
ADJ0000823,TK0002176,T0020251,refund,1.68,dropoff_issue,2026-03-28 20:57:57.000000000,USD
ADJ0000824,TK0002176,T0020251,appeasement_credit,8.9,service_recovery,2026-03-28 21:32:57.000000000,USD
ADJ0000825,TK0002178,T0020269,refund,20.63,payment_issue,2026-01-31 08:34:19.000000000,USD
ADJ0000826,TK0002179,T0020289,refund,6.16,route_issue,2026-05-17 23:19:44.000000000,USD
ADJ0000827,TK0002181,T0020317,refund,3.97,trip_status_issue,2026-06-19 00:02:06.000000000,USD
ADJ0000828,TK0002186,T0020384,refund,2.95,cancellation_issue,2026-04-21 01:08:59.000000000,USD
ADJ0000829,TK0002190,T0020417,refund,5.43,vehicle_access_issue,2026-05-22 22:28:15.000000000,USD
ADJ0000830,TK0002190,T0020417,appeasement_credit,3.88,service_recovery,2026-05-22 22:26:15.000000000,USD
ADJ0000831,TK0002191,T0020421,refund,5.33,cancellation_issue,2026-02-21 23:15:03.000000000,USD
ADJ0000832,TK0002193,T0020441,refund,8.76,payment_issue,2026-01-28 01:00:10.000000000,USD
ADJ0000833,TK0002194,T0020443,appeasement_credit,15.42,service_recovery,2026-01-10 07:42:36.000000000,USD
ADJ0000834,TK0002195,T0020444,refund,9.29,trip_status_issue,2026-02-16 05:41:24.000000000,USD
ADJ0000835,TK0002200,T0020472,appeasement_credit,13.12,service_recovery,2026-06-02 03:56:08.000000000,USD
ADJ0000836,TK0002201,T0020478,refund,10.74,payment_issue,2026-05-19 09:35:36.000000000,USD
ADJ0000837,TK0002206,T0020509,refund,5.14,route_issue,2026-04-28 14:22:21.000000000,USD
ADJ0000838,TK0002206,T0020509,appeasement_credit,17.01,service_recovery,2026-04-28 14:51:21.000000000,USD
ADJ0000839,TK0002207,T0020535,refund,23.34,vehicle_access_issue,2026-06-06 00:00:10.000000000,USD
ADJ0000840,TK0002207,T0020535,appeasement_credit,4.65,service_recovery,2026-06-06 00:01:10.000000000,USD
ADJ0000841,TK0002215,T0020648,appeasement_credit,9.38,service_recovery,2026-01-10 05:22:35.000000000,USD
ADJ0000842,TK0002216,T0020655,appeasement_credit,15.8,service_recovery,2026-05-28 06:11:18.000000000,USD
ADJ0000843,TK0002219,T0020712,appeasement_credit,19.42,service_recovery,2026-05-29 14:14:28.000000000,USD
ADJ0000844,TK0002223,T0020753,refund,9.58,route_issue,2026-06-06 19:26:18.000000000,USD
ADJ0000845,TK0002224,T0020756,appeasement_credit,3.03,service_recovery,2026-04-11 03:25:21.000000000,USD
ADJ0000846,TK0002230,T0020799,appeasement_credit,8.14,service_recovery,2026-07-02 04:00:19.000000000,USD
ADJ0000847,TK0002234,T0020861,refund,9.28,trip_status_issue,2026-06-23 18:26:50.000000000,USD
ADJ0000848,TK0002234,T0020861,appeasement_credit,15.88,service_recovery,2026-06-23 18:24:50.000000000,USD
ADJ0000849,TK0002237,T0020896,refund,3.66,payment_issue,2026-06-02 22:29:59.000000000,USD
ADJ0000850,TK0002240,T0020918,appeasement_credit,15.14,service_recovery,2026-03-19 21:34:40.000000000,USD
ADJ0000851,TK0002242,T0020937,refund,6.73,payment_issue,2026-02-14 01:32:38.000000000,USD
ADJ0000852,TK0002243,T0020945,refund,1.98,trip_status_issue,2026-02-09 07:30:30.000000000,USD
ADJ0000853,TK0002247,T0020996,appeasement_credit,16.54,service_recovery,2026-01-23 02:35:18.000000000,USD
ADJ0000854,TK0002248,T0021013,refund,1.93,cancellation_issue,2026-03-15 07:56:01.000000000,USD
ADJ0000855,TK0002250,T0021044,refund,8.73,vehicle_access_issue,2026-02-16 09:57:58.000000000,USD
ADJ0000856,TK0002255,T0021072,refund,6.86,vehicle_access_issue,2026-01-08 07:55:30.000000000,USD
ADJ0000857,TK0002259,T0021115,refund,10.94,trip_status_issue,2026-06-20 21:40:18.000000000,USD
ADJ0000858,TK0002269,T0021205,refund,10.21,other,2026-05-22 04:07:08.000000000,USD
ADJ0000859,TK0002270,T0021206,refund,4.09,cancellation_issue,2026-04-17 23:17:47.000000000,USD
ADJ0000860,TK0002271,T0021220,refund,2.42,safety_concern,2026-03-22 11:03:43.000000000,USD
ADJ0000861,TK0002273,T0021229,refund,6.14,pickup_issue,2026-01-17 21:16:11.000000000,USD
ADJ0000862,TK0002274,T0021231,appeasement_credit,5.39,service_recovery,2026-05-11 10:47:33.000000000,USD
ADJ0000863,TK0002276,T0021248,refund,3.73,pickup_issue,2026-03-24 22:35:49.000000000,USD
ADJ0000864,TK0002276,T0021248,appeasement_credit,8.55,service_recovery,2026-03-24 22:05:49.000000000,USD
ADJ0000865,TK0002279,T0021290,refund,3.16,trip_status_issue,2026-05-07 06:01:58.000000000,USD
ADJ0000866,TK0002283,T0021340,refund,13.23,pickup_issue,2026-06-11 06:09:08.000000000,USD
ADJ0000867,TK0002284,T0021349,refund,7.36,lost_item,2026-06-26 08:15:07.000000000,USD
ADJ0000868,TK0002286,T0021363,refund,8.08,safety_concern,2026-05-14 16:14:38.000000000,USD
ADJ0000869,TK0002289,T0021446,refund,7.43,payment_issue,2026-03-28 09:07:05.000000000,USD
ADJ0000870,TK0002293,T0021511,refund,9.24,route_issue,2026-01-18 17:23:41.000000000,USD
ADJ0000871,TK0002293,T0021511,appeasement_credit,11.23,service_recovery,2026-01-18 18:18:41.000000000,USD
ADJ0000872,TK0002294,T0021531,refund,10.74,other,2026-06-25 18:33:30.000000000,USD
ADJ0000873,TK0002305,T0021614,refund,7.18,dropoff_issue,2026-04-07 11:40:19.000000000,USD
ADJ0000874,TK0002314,T0021709,refund,12.03,trip_status_issue,2026-02-17 09:40:00.000000000,USD
ADJ0000875,TK0002314,T0021709,appeasement_credit,3.03,service_recovery,2026-02-17 09:53:00.000000000,USD
ADJ0000876,TK0002317,T0021761,refund,1.2,pickup_issue,2026-04-08 01:43:04.000000000,USD
ADJ0000877,TK0002318,T0021781,refund,10.18,lost_item,2026-05-10 00:46:30.000000000,USD
ADJ0000878,TK0002319,T0021783,refund,3.98,cancellation_issue,2026-06-14 03:21:13.000000000,USD
ADJ0000879,TK0002319,T0021783,appeasement_credit,8.42,service_recovery,2026-06-14 03:45:13.000000000,USD
ADJ0000880,TK0002323,T0021819,refund,16.34,payment_issue,2026-06-24 13:28:58.000000000,USD
ADJ0000881,TK0002330,T0021900,appeasement_credit,14.43,service_recovery,2026-02-18 11:08:56.000000000,USD
ADJ0000882,TK0002331,T0021932,refund,1.83,route_issue,2026-02-15 13:12:41.000000000,USD
ADJ0000883,TK0002334,T0021964,refund,4.54,payment_issue,2026-04-07 01:56:30.000000000,USD
ADJ0000884,TK0002338,T0022004,refund,4.02,cancellation_issue,2026-03-21 03:20:19.000000000,USD
ADJ0000885,TK0002339,T0022020,refund,1.89,trip_status_issue,2026-04-27 01:46:59.000000000,USD
ADJ0000886,TK0002339,T0022020,appeasement_credit,7.66,service_recovery,2026-04-27 02:07:59.000000000,USD
ADJ0000887,TK0002346,T0022078,refund,4.87,trip_status_issue,2026-01-18 04:32:25.000000000,USD
ADJ0000888,TK0002348,T0022092,refund,2.22,vehicle_access_issue,2026-05-06 10:03:37.000000000,USD
ADJ0000889,TK0002350,T0022115,refund,3.32,vehicle_access_issue,2026-05-05 15:29:30.000000000,USD
ADJ0000890,TK0002351,T0022126,refund,1.57,cancellation_issue,2026-06-05 14:28:39.000000000,USD
ADJ0000891,TK0002357,T0022153,refund,5.33,payment_issue,2026-04-13 04:21:47.000000000,USD
ADJ0000892,TK0002359,T0022167,refund,2.69,trip_status_issue,2026-02-19 19:14:21.000000000,USD
ADJ0000893,TK0002360,T0022234,refund,9.76,payment_issue,2026-04-30 16:28:00.000000000,USD
ADJ0000894,TK0002361,T0022238,refund,5.5,trip_status_issue,2026-01-12 06:39:49.000000000,USD
ADJ0000895,TK0002362,T0022241,refund,2.88,route_issue,2026-03-16 22:27:35.000000000,USD
ADJ0000896,TK0002362,T0022241,appeasement_credit,11.16,service_recovery,2026-03-16 22:04:35.000000000,USD
ADJ0000897,TK0002366,T0022288,refund,2.8,payment_issue,2026-02-27 03:48:39.000000000,USD
ADJ0000898,TK0002377,T0022416,refund,3.07,pickup_issue,2026-02-22 08:25:26.000000000,USD
ADJ0000899,TK0002378,T0022421,refund,8.45,route_issue,2026-01-07 02:33:28.000000000,USD
ADJ0000900,TK0002381,T0022483,refund,12.74,payment_issue,2026-02-08 18:57:56.000000000,USD
ADJ0000901,TK0002382,T0022486,appeasement_credit,18.14,service_recovery,2026-04-15 10:00:21.000000000,USD
ADJ0000902,TK0002388,T0022524,appeasement_credit,11.81,service_recovery,2026-02-28 19:10:51.000000000,USD
ADJ0000903,TK0002397,T0022595,refund,3.02,vehicle_access_issue,2026-02-04 06:24:54.000000000,USD
ADJ0000904,TK0002400,T0022626,appeasement_credit,4.48,service_recovery,2026-03-10 09:50:48.000000000,USD
ADJ0000905,TK0002403,T0022642,refund,10.73,payment_issue,2026-05-03 08:05:54.000000000,USD
ADJ0000906,TK0002404,T0022644,refund,15.43,payment_issue,2026-01-13 18:06:24.000000000,USD
ADJ0000907,TK0002409,T0022672,refund,3.24,cancellation_issue,2026-05-12 02:45:14.000000000,USD
ADJ0000908,TK0002413,T0022728,refund,2.32,safety_concern,2026-02-17 06:29:59.000000000,USD
ADJ0000909,TK0002416,T0022739,appeasement_credit,18.45,service_recovery,2026-01-19 08:53:24.000000000,USD
ADJ0000910,TK0002417,T0022740,refund,7.5,trip_status_issue,2026-05-08 20:06:25.000000000,USD
ADJ0000911,TK0002419,T0022749,refund,4.64,payment_issue,2026-02-14 17:10:46.000000000,USD
ADJ0000912,TK0002421,T0022804,refund,4.14,payment_issue,2026-05-16 17:42:48.000000000,USD
ADJ0000913,TK0002422,T0022805,refund,13.47,safety_concern,2026-02-10 02:43:29.000000000,USD
ADJ0000914,TK0002422,T0022805,appeasement_credit,6.6,service_recovery,2026-02-10 02:08:29.000000000,USD
ADJ0000915,TK0002424,T0022817,appeasement_credit,7.62,service_recovery,2026-07-01 10:38:25.000000000,USD
ADJ0000916,TK0002429,T0022870,refund,10.54,pickup_issue,2026-05-03 23:25:00.000000000,USD
ADJ0000917,TK0002430,T0022872,refund,7.49,cancellation_issue,2026-06-12 05:00:41.000000000,USD
ADJ0000918,TK0002433,T0022881,refund,5.72,payment_issue,2026-03-27 06:42:12.000000000,USD
ADJ0000919,TK0002434,T0022886,refund,19.35,payment_issue,2026-03-28 11:04:41.000000000,USD
ADJ0000920,TK0002435,T0022893,refund,3.29,pickup_issue,2026-02-18 19:24:57.000000000,USD
ADJ0000921,TK0002436,T0022911,refund,3.42,pickup_issue,2026-06-04 19:38:24.000000000,USD
ADJ0000922,TK0002437,T0022917,refund,4.33,dropoff_issue,2026-05-19 07:56:12.000000000,USD
ADJ0000923,TK0002438,T0022920,refund,11.07,payment_issue,2026-05-31 12:54:00.000000000,USD
ADJ0000924,TK0002438,T0022920,appeasement_credit,19.34,service_recovery,2026-05-31 13:21:00.000000000,USD
ADJ0000925,TK0002440,T0022932,appeasement_credit,10.4,service_recovery,2026-04-07 02:16:52.000000000,USD
ADJ0000926,TK0002442,T0022947,refund,17.59,payment_issue,2026-04-09 15:27:56.000000000,USD
ADJ0000927,TK0002443,T0022953,appeasement_credit,10.25,service_recovery,2026-05-10 13:10:19.000000000,USD
ADJ0000928,TK0002445,T0022987,appeasement_credit,15.97,service_recovery,2026-04-12 02:57:54.000000000,USD
ADJ0000929,TK0002448,T0023003,appeasement_credit,13.21,service_recovery,2026-05-01 10:51:48.000000000,USD
ADJ0000930,TK0002451,T0023012,appeasement_credit,8.26,service_recovery,2026-01-04 20:11:58.000000000,USD
ADJ0000931,TK0002454,T0023062,refund,6.17,trip_status_issue,2026-01-11 08:03:04.000000000,USD
ADJ0000932,TK0002454,T0023062,appeasement_credit,15.34,service_recovery,2026-01-11 08:18:04.000000000,USD
ADJ0000933,TK0002457,T0023096,appeasement_credit,8.69,service_recovery,2026-04-06 08:13:46.000000000,USD
ADJ0000934,TK0002458,T0023116,refund,1.56,pickup_issue,2026-05-23 17:49:37.000000000,USD
ADJ0000935,TK0002459,T0023122,appeasement_credit,5.01,service_recovery,2026-04-18 13:14:51.000000000,USD
ADJ0000936,TK0002465,T0023151,refund,2.26,cancellation_issue,2026-06-17 04:48:26.000000000,USD
ADJ0000937,TK0002466,T0023154,appeasement_credit,14.68,service_recovery,2026-03-08 01:15:23.000000000,USD
ADJ0000938,TK0002471,T0023173,refund,6.24,cancellation_issue,2026-04-15 01:10:44.000000000,USD
ADJ0000939,TK0002474,T0023206,appeasement_credit,19.31,service_recovery,2026-02-08 21:53:15.000000000,USD
ADJ0000940,TK0002477,T0023255,refund,3.87,dropoff_issue,2026-04-15 00:09:53.000000000,USD
ADJ0000941,TK0002481,T0023280,refund,1.33,route_issue,2026-05-21 00:50:05.000000000,USD
ADJ0000942,TK0002483,T0023285,refund,18.21,trip_status_issue,2026-06-06 16:08:32.000000000,USD
ADJ0000943,TK0002485,T0023294,refund,6.21,cancellation_issue,2026-05-12 09:30:09.000000000,USD
ADJ0000944,TK0002490,T0023392,refund,12.17,payment_issue,2026-05-19 18:45:37.000000000,USD
ADJ0000945,TK0002493,T0023418,refund,1.14,trip_status_issue,2026-06-22 18:41:40.000000000,USD
ADJ0000946,TK0002496,T0023446,refund,5.4,payment_issue,2026-01-01 14:51:31.000000000,USD
ADJ0000947,TK0002498,T0023476,refund,2.74,cancellation_issue,2026-05-26 17:00:09.000000000,USD
ADJ0000948,TK0002504,T0023507,refund,2.88,trip_status_issue,2026-01-23 13:17:57.000000000,USD
ADJ0000949,TK0002506,T0023533,refund,4.13,pickup_issue,2026-06-27 07:11:58.000000000,USD
ADJ0000950,TK0002509,T0023543,refund,4.4,pickup_issue,2026-05-21 05:13:21.000000000,USD
ADJ0000951,TK0002511,T0023558,refund,13.28,payment_issue,2026-05-11 02:35:28.000000000,USD
ADJ0000952,TK0002516,T0023618,refund,3.44,payment_issue,2026-06-17 19:38:00.000000000,USD
ADJ0000953,TK0002519,T0023657,refund,6.83,vehicle_access_issue,2026-04-07 09:00:54.000000000,USD
ADJ0000954,TK0002521,T0023678,refund,3.01,vehicle_access_issue,2026-01-11 06:12:22.000000000,USD
ADJ0000955,TK0002522,T0023684,refund,1.1,cancellation_issue,2026-05-25 16:39:10.000000000,USD
ADJ0000956,TK0002532,T0023774,refund,0.74,dropoff_issue,2026-01-05 13:35:14.000000000,USD
ADJ0000957,TK0002533,T0023777,refund,4.76,cancellation_issue,2026-04-13 06:35:28.000000000,USD
ADJ0000958,TK0002534,T0023792,appeasement_credit,11.25,service_recovery,2026-04-13 08:41:58.000000000,USD
ADJ0000959,TK0002535,T0023806,refund,2.38,pickup_issue,2026-06-13 22:35:30.000000000,USD
ADJ0000960,TK0002537,T0023828,refund,4.41,route_issue,2026-01-15 20:19:06.000000000,USD
ADJ0000961,TK0002538,T0023829,refund,8.47,vehicle_access_issue,2026-05-18 10:18:00.000000000,USD
ADJ0000962,TK0002539,T0023840,refund,7.32,dropoff_issue,2026-04-03 00:36:32.000000000,USD
ADJ0000963,TK0002541,T0023842,appeasement_credit,14.75,service_recovery,2026-01-02 22:30:33.000000000,USD
ADJ0000964,TK0002542,T0023843,refund,2.77,trip_status_issue,2026-02-17 04:52:44.000000000,USD
ADJ0000965,TK0002543,T0023856,refund,2.19,safety_concern,2026-06-10 18:23:54.000000000,USD
ADJ0000966,TK0002547,T0023913,appeasement_credit,12.69,service_recovery,2026-01-21 03:08:52.000000000,USD
ADJ0000967,TK0002550,T0023935,refund,3.71,cancellation_issue,2026-06-26 05:15:48.000000000,USD
ADJ0000968,TK0002556,T0023966,appeasement_credit,16.92,service_recovery,2026-04-05 08:15:34.000000000,USD
ADJ0000969,TK0002566,T0024024,refund,1.32,safety_concern,2026-02-28 16:15:51.000000000,USD
ADJ0000970,TK0002571,T0024068,appeasement_credit,19.45,service_recovery,2026-01-24 04:32:36.000000000,USD
ADJ0000971,TK0002572,T0024075,refund,4.31,vehicle_access_issue,2026-05-18 08:47:19.000000000,USD
ADJ0000972,TK0002572,T0024075,appeasement_credit,10.89,service_recovery,2026-05-18 08:26:19.000000000,USD
ADJ0000973,TK0002574,T0024090,refund,1.47,dropoff_issue,2026-06-04 06:31:02.000000000,USD
ADJ0000974,TK0002576,T0024099,refund,7.64,payment_issue,2026-01-28 20:50:45.000000000,USD
ADJ0000975,TK0002578,T0024102,refund,11.54,trip_status_issue,2026-01-06 20:17:49.000000000,USD
ADJ0000976,TK0002578,T0024102,appeasement_credit,4.64,service_recovery,2026-01-06 21:03:49.000000000,USD
ADJ0000977,TK0002581,T0024143,refund,2.79,other,2026-05-12 21:00:37.000000000,USD
ADJ0000978,TK0002584,T0024167,appeasement_credit,18.33,service_recovery,2026-02-12 15:52:41.000000000,USD
ADJ0000979,TK0002589,T0024230,refund,13.87,dropoff_issue,2026-01-15 00:04:04.000000000,USD
ADJ0000980,TK0002592,T0024247,refund,6.16,safety_concern,2026-03-14 17:19:12.000000000,USD
ADJ0000981,TK0002594,T0024252,refund,13.09,cancellation_issue,2026-03-06 10:44:10.000000000,USD
ADJ0000982,TK0002599,T0024292,refund,1.09,trip_status_issue,2026-03-02 13:38:23.000000000,USD
ADJ0000983,TK0002602,T0024312,refund,4.82,lost_item,2026-05-24 18:04:42.000000000,USD
ADJ0000984,TK0002603,T0024321,refund,13.6,pickup_issue,2026-02-13 11:03:31.000000000,USD
ADJ0000985,TK0002605,T0024366,refund,0.58,payment_issue,2026-04-09 02:00:24.000000000,USD
ADJ0000986,TK0002606,T0024372,refund,6.26,cancellation_issue,2026-02-25 21:39:32.000000000,USD
ADJ0000987,TK0002608,T0024392,appeasement_credit,12.63,service_recovery,2026-05-11 17:54:18.000000000,USD
ADJ0000988,TK0002610,T0024423,appeasement_credit,18.99,service_recovery,2026-03-24 19:36:52.000000000,USD
ADJ0000989,TK0002612,T0024454,refund,0.52,trip_status_issue,2026-02-06 20:47:09.000000000,USD
ADJ0000990,TK0002612,T0024454,appeasement_credit,12.08,service_recovery,2026-02-06 20:32:09.000000000,USD
ADJ0000991,TK0002613,T0024467,refund,26.65,payment_issue,2026-06-03 12:24:06.000000000,USD
ADJ0000992,TK0002614,T0024470,refund,3.4,cancellation_issue,2026-03-24 14:34:29.000000000,USD
ADJ0000993,TK0002615,T0024475,refund,6.44,vehicle_access_issue,2026-03-07 20:26:10.000000000,USD
ADJ0000994,TK0002619,T0024554,refund,7.48,dropoff_issue,2026-06-23 16:57:35.000000000,USD
ADJ0000995,TK0002620,T0024557,refund,4.97,safety_concern,2026-06-18 18:14:09.000000000,USD
ADJ0000996,TK0002622,T0024570,refund,1.95,payment_issue,2026-04-26 23:29:41.000000000,USD
ADJ0000997,TK0002624,T0024590,refund,9.58,payment_issue,2026-01-14 21:25:08.000000000,USD
ADJ0000998,TK0002625,T0024603,refund,5.16,payment_issue,2026-06-07 09:35:32.000000000,USD
ADJ0000999,TK0002626,T0024610,refund,4.47,vehicle_access_issue,2026-02-06 12:45:16.000000000,USD
ADJ0001000,TK0002627,T0024617,refund,7.51,payment_issue,2026-02-17 09:07:31.000000000,USD
ADJ0001001,TK0002630,T0024640,refund,15.75,safety_concern,2026-06-04 14:48:06.000000000,USD
ADJ0001002,TK0002630,T0024640,appeasement_credit,13.33,service_recovery,2026-06-04 15:06:06.000000000,USD
ADJ0001003,TK0002631,T0024650,appeasement_credit,9.44,service_recovery,2026-03-17 15:04:08.000000000,USD
ADJ0001004,TK0002632,T0024663,appeasement_credit,9.01,service_recovery,2026-05-30 14:24:14.000000000,USD
ADJ0001005,TK0002634,T0024676,refund,8.02,vehicle_access_issue,2026-03-17 02:34:38.000000000,USD
ADJ0001006,TK0002635,T0024682,appeasement_credit,5.17,service_recovery,2026-05-06 21:03:27.000000000,USD
ADJ0001007,TK0002637,T0024696,refund,15.49,trip_status_issue,2026-01-19 03:08:35.000000000,USD
ADJ0001008,TK0002645,T0024790,refund,1.06,dropoff_issue,2026-05-08 07:18:31.000000000,USD
ADJ0001009,TK0002646,T0024797,refund,13.05,vehicle_access_issue,2026-04-07 22:02:25.000000000,USD
ADJ0001010,TK0002647,T0024802,refund,6.7,route_issue,2026-01-05 23:26:34.000000000,USD
ADJ0001011,TK0002648,T0024814,refund,9.93,route_issue,2026-01-30 07:45:42.000000000,USD
ADJ0001012,TK0002654,T0024910,refund,5.02,vehicle_access_issue,2026-04-04 18:45:02.000000000,USD
ADJ0001013,TK0002654,T0024910,appeasement_credit,8.28,service_recovery,2026-04-04 18:31:02.000000000,USD
ADJ0001014,TK0002658,T0024968,refund,8.4,cancellation_issue,2026-01-21 22:09:23.000000000,USD
ADJ0001015,TK0002659,T0024983,refund,3.73,pickup_issue,2026-03-19 13:48:45.000000000,USD
ADJ0001016,TK0002659,T0024983,appeasement_credit,7.83,service_recovery,2026-03-19 14:20:45.000000000,USD
ADJ0001017,TK0002660,T0025005,refund,11.05,payment_issue,2026-06-09 09:58:43.000000000,USD
ADJ0001018,TK0002661,T0025006,appeasement_credit,5.55,service_recovery,2026-01-15 14:59:37.000000000,USD
ADJ0001019,TK0002667,T0025061,refund,2.14,pickup_issue,2026-06-18 23:23:55.000000000,USD
ADJ0001020,TK0002670,T0025094,refund,5.12,other,2026-04-26 13:05:52.000000000,USD
ADJ0001021,TK0002672,T0025116,refund,3.75,cancellation_issue,2026-04-02 10:33:10.000000000,USD
ADJ0001022,TK0002675,T0025128,refund,2.71,cancellation_issue,2026-03-28 05:55:36.000000000,USD
ADJ0001023,TK0002679,T0025161,refund,18.48,trip_status_issue,2026-06-01 11:32:03.000000000,USD
ADJ0001024,TK0002683,T0025195,appeasement_credit,6.59,service_recovery,2026-05-02 22:31:01.000000000,USD
ADJ0001025,TK0002684,T0025196,refund,16.35,cancellation_issue,2026-03-24 23:02:20.000000000,USD
ADJ0001026,TK0002687,T0025214,refund,22.28,payment_issue,2026-03-25 07:37:32.000000000,USD
ADJ0001027,TK0002688,T0025220,refund,1.12,pickup_issue,2026-05-19 21:45:56.000000000,USD
ADJ0001028,TK0002692,T0025263,refund,9.04,pickup_issue,2026-04-02 07:16:10.000000000,USD
ADJ0001029,TK0002693,T0025266,refund,3.11,route_issue,2026-06-24 20:04:59.000000000,USD
ADJ0001030,TK0002693,T0025266,appeasement_credit,13.63,service_recovery,2026-06-24 20:24:59.000000000,USD
ADJ0001031,TK0002697,T0025284,refund,5.91,payment_issue,2026-06-06 17:42:19.000000000,USD
ADJ0001032,TK0002700,T0025303,appeasement_credit,17.89,service_recovery,2026-01-06 12:54:51.000000000,USD
ADJ0001033,TK0002701,T0025306,appeasement_credit,7.98,service_recovery,2026-05-11 17:09:38.000000000,USD
ADJ0001034,TK0002702,T0025310,refund,1.19,trip_status_issue,2026-03-11 21:40:28.000000000,USD
ADJ0001035,TK0002703,T0025319,refund,3.14,cancellation_issue,2026-04-12 13:30:24.000000000,USD
ADJ0001036,TK0002703,T0025319,appeasement_credit,10.4,service_recovery,2026-04-12 14:15:24.000000000,USD
ADJ0001037,TK0002711,T0025392,refund,19.68,vehicle_access_issue,2026-05-20 17:12:16.000000000,USD
ADJ0001038,TK0002711,T0025392,appeasement_credit,19.98,service_recovery,2026-05-20 17:00:16.000000000,USD
ADJ0001039,TK0002716,T0025446,refund,11.8,payment_issue,2026-01-27 00:10:36.000000000,USD
ADJ0001040,TK0002726,T0025541,refund,2.69,pickup_issue,2026-01-29 23:32:31.000000000,USD
ADJ0001041,TK0002728,T0025548,appeasement_credit,18.94,service_recovery,2026-03-21 12:06:01.000000000,USD
ADJ0001042,TK0002731,T0025583,refund,10.79,route_issue,2026-06-28 10:51:14.000000000,USD
ADJ0001043,TK0002732,T0025603,refund,3.93,payment_issue,2026-05-20 19:09:59.000000000,USD
ADJ0001044,TK0002733,T0025605,refund,4.04,dropoff_issue,2026-05-15 04:51:43.000000000,USD
ADJ0001045,TK0002735,T0025620,refund,9.31,payment_issue,2026-01-10 20:21:32.000000000,USD
ADJ0001046,TK0002736,T0025647,refund,0.97,cancellation_issue,2026-06-09 07:17:52.000000000,USD
ADJ0001047,TK0002742,T0025726,refund,7.17,pickup_issue,2026-06-15 11:24:21.000000000,USD
ADJ0001048,TK0002744,T0025739,appeasement_credit,16.62,service_recovery,2026-01-08 16:43:10.000000000,USD
ADJ0001049,TK0002745,T0025743,refund,2.17,cancellation_issue,2026-04-13 04:07:37.000000000,USD
ADJ0001050,TK0002746,T0025744,refund,1.41,trip_status_issue,2026-01-12 06:51:30.000000000,USD
ADJ0001051,TK0002746,T0025744,appeasement_credit,16.89,service_recovery,2026-01-12 07:28:30.000000000,USD
ADJ0001052,TK0002749,T0025763,refund,7.82,payment_issue,2026-01-13 04:46:55.000000000,USD
ADJ0001053,TK0002750,T0025779,appeasement_credit,17.25,service_recovery,2026-04-30 20:29:57.000000000,USD
ADJ0001054,TK0002756,T0025831,refund,8.48,dropoff_issue,2026-01-13 20:02:21.000000000,USD
ADJ0001055,TK0002759,T0025835,refund,10.17,payment_issue,2026-02-21 08:45:48.000000000,USD
ADJ0001056,TK0002760,T0025847,appeasement_credit,4.64,service_recovery,2026-04-16 22:29:15.000000000,USD
ADJ0001057,TK0002761,T0025861,refund,3.84,payment_issue,2026-04-02 19:07:05.000000000,USD
ADJ0001058,TK0002762,T0025862,refund,7.64,payment_issue,2026-01-18 12:54:45.000000000,USD
ADJ0001059,TK0002764,T0025890,appeasement_credit,17.42,service_recovery,2026-05-06 02:31:07.000000000,USD
ADJ0001060,TK0002769,T0025939,refund,7.86,vehicle_access_issue,2026-03-13 20:59:12.000000000,USD
ADJ0001061,TK0002773,T0025947,refund,10.09,payment_issue,2026-06-26 01:09:10.000000000,USD
ADJ0001062,TK0002776,T0025964,refund,5.45,pickup_issue,2026-06-20 01:20:23.000000000,USD
ADJ0001063,TK0002778,T0025968,refund,10.9,pickup_issue,2026-06-02 13:52:04.000000000,USD
ADJ0001064,TK0002780,T0025975,refund,2.83,trip_status_issue,2026-02-12 12:18:02.000000000,USD
ADJ0001065,TK0002783,T0025998,refund,1.78,cancellation_issue,2026-01-27 09:00:19.000000000,USD
ADJ0001066,TK0002788,T0026037,refund,2.21,cancellation_issue,2026-03-22 10:59:38.000000000,USD
ADJ0001067,TK0002790,T0026047,refund,3.62,cancellation_issue,2026-04-06 23:33:47.000000000,USD
ADJ0001068,TK0002791,T0026059,appeasement_credit,4.5,service_recovery,2026-03-22 10:25:57.000000000,USD
ADJ0001069,TK0002792,T0026060,refund,6.68,trip_status_issue,2026-05-23 03:03:05.000000000,USD
ADJ0001070,TK0002794,T0026077,appeasement_credit,13.17,service_recovery,2026-06-18 17:42:09.000000000,USD
ADJ0001071,TK0002798,T0026107,appeasement_credit,6.78,service_recovery,2026-01-12 11:34:01.000000000,USD
ADJ0001072,TK0002807,T0026205,appeasement_credit,13.82,service_recovery,2026-06-07 00:42:20.000000000,USD
ADJ0001073,TK0002809,T0026240,refund,7.0,route_issue,2026-06-17 22:36:01.000000000,USD
ADJ0001074,TK0002811,T0026252,refund,3.04,route_issue,2026-04-20 21:08:26.000000000,USD
ADJ0001075,TK0002812,T0026254,appeasement_credit,13.41,service_recovery,2026-05-03 03:45:48.000000000,USD
ADJ0001076,TK0002814,T0026261,refund,3.48,pickup_issue,2026-04-28 11:04:28.000000000,USD
ADJ0001077,TK0002828,T0026406,refund,0.77,vehicle_access_issue,2026-01-25 13:27:42.000000000,USD
ADJ0001078,TK0002830,T0026414,refund,2.78,payment_issue,2026-04-22 19:47:07.000000000,USD
ADJ0001079,TK0002830,T0026414,appeasement_credit,18.83,service_recovery,2026-04-22 19:10:07.000000000,USD
ADJ0001080,TK0002831,T0026424,refund,4.88,cancellation_issue,2026-04-06 23:02:58.000000000,USD
ADJ0001081,TK0002833,T0026438,appeasement_credit,14.64,service_recovery,2026-05-15 03:24:08.000000000,USD
ADJ0001082,TK0002838,T0026488,refund,0.93,trip_status_issue,2026-06-05 03:50:19.000000000,USD
ADJ0001083,TK0002839,T0026493,appeasement_credit,16.0,service_recovery,2026-06-30 15:03:09.000000000,USD
ADJ0001084,TK0002840,T0026496,appeasement_credit,3.69,service_recovery,2026-05-04 08:44:18.000000000,USD
ADJ0001085,TK0002841,T0026501,appeasement_credit,18.47,service_recovery,2026-03-18 22:07:23.000000000,USD
ADJ0001086,TK0002842,T0026502,appeasement_credit,19.68,service_recovery,2026-02-02 12:16:38.000000000,USD
ADJ0001087,TK0002849,T0026554,appeasement_credit,3.18,service_recovery,2026-05-07 08:02:22.000000000,USD
ADJ0001088,TK0002856,T0026604,appeasement_credit,9.73,service_recovery,2026-03-27 15:38:41.000000000,USD
ADJ0001089,TK0002858,T0026631,refund,21.62,safety_concern,2026-03-04 03:42:08.000000000,USD
ADJ0001090,TK0002858,T0026631,appeasement_credit,12.42,service_recovery,2026-03-04 03:20:08.000000000,USD
ADJ0001091,TK0002860,T0026671,refund,3.06,payment_issue,2026-06-25 19:42:39.000000000,USD
ADJ0001092,TK0002863,T0026679,refund,5.4,safety_concern,2026-03-25 07:40:51.000000000,USD
ADJ0001093,TK0002864,T0026683,appeasement_credit,16.13,service_recovery,2026-05-16 17:15:03.000000000,USD
ADJ0001094,TK0002865,T0026687,refund,1.56,cancellation_issue,2026-02-20 03:08:57.000000000,USD
ADJ0001095,TK0002869,T0026701,refund,3.45,cancellation_issue,2026-01-31 18:13:22.000000000,USD
ADJ0001096,TK0002871,T0026729,refund,3.38,cancellation_issue,2026-02-04 10:03:02.000000000,USD
ADJ0001097,TK0002874,T0026759,appeasement_credit,15.4,service_recovery,2026-03-01 13:30:08.000000000,USD
ADJ0001098,TK0002876,T0026792,refund,5.39,dropoff_issue,2026-03-16 05:28:27.000000000,USD
ADJ0001099,TK0002879,T0026836,refund,7.44,cancellation_issue,2026-03-23 20:26:51.000000000,USD
ADJ0001100,TK0002879,T0026836,appeasement_credit,9.66,service_recovery,2026-03-23 20:15:51.000000000,USD
ADJ0001101,TK0002881,T0026841,appeasement_credit,16.44,service_recovery,2026-04-06 02:59:18.000000000,USD
ADJ0001102,TK0002886,T0026889,refund,2.77,cancellation_issue,2026-01-13 08:48:13.000000000,USD
ADJ0001103,TK0002890,T0026928,refund,5.37,trip_status_issue,2026-02-18 23:47:39.000000000,USD
ADJ0001104,TK0002891,T0026936,refund,5.39,trip_status_issue,2026-05-08 20:20:20.000000000,USD
ADJ0001105,TK0002891,T0026936,appeasement_credit,6.19,service_recovery,2026-05-08 20:20:20.000000000,USD
ADJ0001106,TK0002898,T0026998,refund,11.09,payment_issue,2026-04-20 03:15:54.000000000,USD
ADJ0001107,TK0002900,T0027023,refund,3.94,trip_status_issue,2026-02-14 14:55:33.000000000,USD
ADJ0001108,TK0002901,T0027028,refund,6.78,pickup_issue,2026-05-26 19:45:41.000000000,USD
ADJ0001109,TK0002901,T0027028,appeasement_credit,5.35,service_recovery,2026-05-26 18:58:41.000000000,USD
ADJ0001110,TK0002905,T0027055,refund,2.34,other,2026-04-02 18:43:21.000000000,USD
ADJ0001111,TK0002908,T0027062,refund,3.06,payment_issue,2026-04-17 17:11:41.000000000,USD
ADJ0001112,TK0002915,T0027135,refund,7.64,dropoff_issue,2026-01-16 06:14:38.000000000,USD
ADJ0001113,TK0002915,T0027135,appeasement_credit,8.64,service_recovery,2026-01-16 07:14:38.000000000,USD
ADJ0001114,TK0002916,T0027147,refund,3.01,payment_issue,2026-06-27 03:38:59.000000000,USD
ADJ0001115,TK0002917,T0027164,appeasement_credit,10.31,service_recovery,2026-04-17 02:46:46.000000000,USD
ADJ0001116,TK0002921,T0027221,refund,6.58,cancellation_issue,2026-01-04 23:44:45.000000000,USD
ADJ0001117,TK0002923,T0027235,appeasement_credit,19.86,service_recovery,2026-03-17 07:00:40.000000000,USD
ADJ0001118,TK0002929,T0027264,refund,4.2,payment_issue,2026-06-06 23:55:14.000000000,USD
ADJ0001119,TK0002930,T0027271,refund,1.68,dropoff_issue,2026-01-02 15:22:56.000000000,USD
ADJ0001120,TK0002932,T0027273,refund,6.87,pickup_issue,2026-01-30 17:18:59.000000000,USD
ADJ0001121,TK0002934,T0027288,refund,5.52,cancellation_issue,2026-06-20 05:24:26.000000000,USD
ADJ0001122,TK0002940,T0027378,appeasement_credit,5.99,service_recovery,2026-05-30 06:30:50.000000000,USD
ADJ0001123,TK0002943,T0027404,appeasement_credit,17.42,service_recovery,2026-05-28 01:04:36.000000000,USD
ADJ0001124,TK0002948,T0027500,refund,7.53,payment_issue,2026-04-06 10:35:26.000000000,USD
ADJ0001125,TK0002952,T0027543,appeasement_credit,6.75,service_recovery,2026-04-11 17:05:22.000000000,USD
ADJ0001126,TK0002955,T0027559,appeasement_credit,15.38,service_recovery,2026-02-23 18:04:16.000000000,USD
ADJ0001127,TK0002961,T0027609,refund,5.57,trip_status_issue,2026-04-19 10:56:29.000000000,USD
ADJ0001128,TK0002962,T0027611,appeasement_credit,8.18,service_recovery,2026-01-23 05:06:29.000000000,USD
ADJ0001129,TK0002964,T0027618,refund,10.24,pickup_issue,2026-03-03 09:29:40.000000000,USD
ADJ0001130,TK0002965,T0027633,refund,3.51,vehicle_access_issue,2026-04-16 10:57:03.000000000,USD
ADJ0001131,TK0002965,T0027633,appeasement_credit,6.55,service_recovery,2026-04-16 11:08:03.000000000,USD
ADJ0001132,TK0002969,T0027694,refund,0.58,vehicle_access_issue,2026-02-17 13:48:25.000000000,USD
ADJ0001133,TK0002969,T0027694,appeasement_credit,17.68,service_recovery,2026-02-17 14:52:25.000000000,USD
ADJ0001134,TK0002970,T0027701,appeasement_credit,13.01,service_recovery,2026-03-15 07:54:08.000000000,USD
ADJ0001135,TK0002972,T0027730,refund,2.51,lost_item,2026-03-22 02:05:13.000000000,USD
ADJ0001136,TK0002973,T0027731,refund,24.41,lost_item,2026-04-28 02:24:07.000000000,USD
ADJ0001137,TK0002977,T0027749,refund,3.36,safety_concern,2026-06-09 02:18:45.000000000,USD
ADJ0001138,TK0002980,T0027770,refund,18.73,pickup_issue,2026-01-28 08:34:57.000000000,USD
ADJ0001139,TK0002981,T0027772,refund,1.56,cancellation_issue,2026-05-08 02:24:37.000000000,USD
ADJ0001140,TK0002984,T0027783,refund,4.36,pickup_issue,2026-06-13 11:02:44.000000000,USD
ADJ0001141,TK0002986,T0027791,refund,14.13,safety_concern,2026-04-09 03:40:02.000000000,USD
ADJ0001142,TK0002987,T0027804,refund,1.76,route_issue,2026-01-03 20:09:24.000000000,USD
ADJ0001143,TK0002988,T0027815,refund,8.0,payment_issue,2026-05-27 14:15:33.000000000,USD
ADJ0001144,TK0002990,T0027837,refund,3.93,cancellation_issue,2026-06-22 11:44:57.000000000,USD
ADJ0001145,TK0002991,T0027844,refund,2.83,safety_concern,2026-06-13 22:39:12.000000000,USD
ADJ0001146,TK0002996,T0027908,refund,16.02,payment_issue,2026-01-23 11:51:16.000000000,USD
ADJ0001147,TK0002998,T0027914,refund,2.94,cancellation_issue,2026-04-13 18:06:50.000000000,USD
ADJ0001148,TK0003003,T0027937,refund,3.25,trip_status_issue,2026-05-04 14:25:09.000000000,USD
ADJ0001149,TK0003005,T0027962,refund,3.1,cancellation_issue,2026-06-14 15:44:16.000000000,USD
ADJ0001150,TK0003006,T0027970,appeasement_credit,18.46,service_recovery,2026-03-22 17:45:24.000000000,USD
ADJ0001151,TK0003007,T0027975,refund,6.93,trip_status_issue,2026-04-02 09:59:23.000000000,USD
ADJ0001152,TK0003008,T0027984,appeasement_credit,18.12,service_recovery,2026-04-30 12:32:23.000000000,USD
ADJ0001153,TK0003009,T0027993,appeasement_credit,3.04,service_recovery,2026-02-22 23:56:56.000000000,USD
ADJ0001154,TK0003012,T0028030,refund,2.82,payment_issue,2026-02-24 22:43:48.000000000,USD
ADJ0001155,TK0003015,T0028073,refund,3.2,trip_status_issue,2026-06-01 12:25:53.000000000,USD
ADJ0001156,TK0003015,T0028073,appeasement_credit,6.65,service_recovery,2026-06-01 13:04:53.000000000,USD
ADJ0001157,TK0003016,T0028079,refund,1.21,pickup_issue,2026-04-13 17:28:23.000000000,USD
ADJ0001158,TK0003026,T0028141,refund,3.92,route_issue,2026-01-22 03:57:56.000000000,USD
ADJ0001159,TK0003028,T0028160,appeasement_credit,15.02,service_recovery,2026-07-01 00:20:13.000000000,USD
ADJ0001160,TK0003031,T0028175,refund,7.74,payment_issue,2026-02-08 18:41:18.000000000,USD
ADJ0001161,TK0003032,T0028178,refund,7.05,safety_concern,2026-06-30 20:02:32.000000000,USD
ADJ0001162,TK0003033,T0028184,refund,4.4,payment_issue,2026-06-24 02:55:48.000000000,USD
ADJ0001163,TK0003035,T0028209,refund,6.24,vehicle_access_issue,2026-06-16 06:46:01.000000000,USD
ADJ0001164,TK0003037,T0028220,refund,1.91,trip_status_issue,2026-06-02 20:48:46.000000000,USD
ADJ0001165,TK0003042,T0028277,refund,10.06,cancellation_issue,2026-01-14 04:39:12.000000000,USD
ADJ0001166,TK0003046,T0028316,refund,2.14,trip_status_issue,2026-05-24 17:24:32.000000000,USD
ADJ0001167,TK0003056,T0028437,refund,1.7,vehicle_access_issue,2026-06-17 09:45:36.000000000,USD
ADJ0001168,TK0003057,T0028441,appeasement_credit,14.51,service_recovery,2026-04-24 22:01:13.000000000,USD
ADJ0001169,TK0003058,T0028457,appeasement_credit,18.09,service_recovery,2026-02-13 07:20:04.000000000,USD
ADJ0001170,TK0003059,T0028492,refund,2.84,dropoff_issue,2026-03-11 04:46:59.000000000,USD
ADJ0001171,TK0003062,T0028510,refund,0.45,vehicle_access_issue,2026-05-31 02:06:47.000000000,USD
ADJ0001172,TK0003067,T0028528,appeasement_credit,7.94,service_recovery,2026-05-01 07:59:41.000000000,USD
ADJ0001173,TK0003071,T0028570,refund,5.31,cancellation_issue,2026-02-09 00:41:29.000000000,USD
ADJ0001174,TK0003076,T0028599,refund,5.11,payment_issue,2026-03-18 08:52:42.000000000,USD
ADJ0001175,TK0003077,T0028609,refund,7.59,trip_status_issue,2026-03-14 09:20:21.000000000,USD
ADJ0001176,TK0003079,T0028630,appeasement_credit,11.59,service_recovery,2026-03-21 18:44:44.000000000,USD
ADJ0001177,TK0003081,T0028653,refund,1.31,safety_concern,2026-05-19 12:02:54.000000000,USD
ADJ0001178,TK0003082,T0028664,refund,1.76,cancellation_issue,2026-02-20 12:12:54.000000000,USD
ADJ0001179,TK0003088,T0028725,refund,9.25,route_issue,2026-05-05 22:12:30.000000000,USD
ADJ0001180,TK0003090,T0028735,refund,15.15,trip_status_issue,2026-01-09 12:18:03.000000000,USD
ADJ0001181,TK0003094,T0028754,refund,8.21,safety_concern,2026-06-10 20:39:40.000000000,USD
ADJ0001182,TK0003096,T0028782,refund,1.47,trip_status_issue,2026-05-20 03:00:44.000000000,USD
ADJ0001183,TK0003098,T0028804,refund,5.81,pickup_issue,2026-02-16 07:18:50.000000000,USD
ADJ0001184,TK0003100,T0028826,refund,11.7,payment_issue,2026-02-10 16:19:28.000000000,USD
ADJ0001185,TK0003107,T0028878,refund,12.96,payment_issue,2026-03-13 22:37:32.000000000,USD
ADJ0001186,TK0003108,T0028885,refund,7.23,cancellation_issue,2026-01-30 08:23:35.000000000,USD
ADJ0001187,TK0003113,T0028934,refund,1.38,pickup_issue,2026-01-02 17:06:34.000000000,USD
ADJ0001188,TK0003114,T0028942,refund,1.93,safety_concern,2026-01-25 00:26:25.000000000,USD
ADJ0001189,TK0003116,T0028947,refund,19.82,route_issue,2026-05-02 13:00:29.000000000,USD
ADJ0001190,TK0003120,T0028967,appeasement_credit,4.59,service_recovery,2026-03-10 12:12:46.000000000,USD
ADJ0001191,TK0003124,T0029011,refund,2.58,cancellation_issue,2026-02-04 15:37:10.000000000,USD
ADJ0001192,TK0003125,T0029018,appeasement_credit,11.12,service_recovery,2026-06-16 23:49:29.000000000,USD
ADJ0001193,TK0003128,T0029079,appeasement_credit,16.27,service_recovery,2026-06-03 17:23:48.000000000,USD
ADJ0001194,TK0003132,T0029104,refund,8.23,payment_issue,2026-01-07 16:35:55.000000000,USD
ADJ0001195,TK0003133,T0029105,refund,4.46,cancellation_issue,2026-06-04 20:50:49.000000000,USD
ADJ0001196,TK0003135,T0029109,refund,1.22,trip_status_issue,2026-06-05 00:25:17.000000000,USD
ADJ0001197,TK0003136,T0029119,refund,1.11,trip_status_issue,2026-03-18 04:10:24.000000000,USD
ADJ0001198,TK0003138,T0029137,refund,12.78,cancellation_issue,2026-02-09 05:12:14.000000000,USD
ADJ0001199,TK0003139,T0029140,refund,6.73,cancellation_issue,2026-01-14 18:25:29.000000000,USD
ADJ0001200,TK0003143,T0029166,refund,2.53,safety_concern,2026-03-19 22:28:43.000000000,USD
ADJ0001201,TK0003144,T0029169,refund,5.74,pickup_issue,2026-04-25 00:46:10.000000000,USD
ADJ0001202,TK0003145,T0029171,refund,7.34,route_issue,2026-02-11 21:49:59.000000000,USD
ADJ0001203,TK0003146,T0029183,appeasement_credit,13.09,service_recovery,2026-05-16 03:39:16.000000000,USD
ADJ0001204,TK0003148,T0029207,refund,5.96,cancellation_issue,2026-04-27 08:08:07.000000000,USD
ADJ0001205,TK0003149,T0029216,refund,10.05,payment_issue,2026-04-27 00:17:45.000000000,USD
ADJ0001206,TK0003150,T0029225,refund,15.01,payment_issue,2026-04-10 08:11:09.000000000,USD
ADJ0001207,TK0003154,T0029279,appeasement_credit,13.18,service_recovery,2026-03-09 07:56:53.000000000,USD
ADJ0001208,TK0003155,T0029296,refund,6.7,safety_concern,2026-01-23 22:29:36.000000000,USD
ADJ0001209,TK0003155,T0029296,appeasement_credit,13.29,service_recovery,2026-01-23 23:25:36.000000000,USD
ADJ0001210,TK0003161,T0029351,refund,15.22,route_issue,2026-06-15 00:55:24.000000000,USD
ADJ0001211,TK0003161,T0029351,appeasement_credit,7.49,service_recovery,2026-06-15 00:47:24.000000000,USD
ADJ0001212,TK0003162,T0029356,refund,10.62,payment_issue,2026-01-21 07:33:15.000000000,USD
ADJ0001213,TK0003163,T0029361,appeasement_credit,4.29,service_recovery,2026-05-22 09:12:22.000000000,USD
ADJ0001214,TK0003164,T0029366,refund,7.25,trip_status_issue,2026-03-02 05:10:38.000000000,USD
ADJ0001215,TK0003168,T0029409,refund,13.51,payment_issue,2026-06-28 13:34:10.000000000,USD
ADJ0001216,TK0003173,T0029445,refund,3.33,payment_issue,2026-04-02 14:36:59.000000000,USD
ADJ0001217,TK0003177,T0029488,refund,1.48,vehicle_access_issue,2026-03-11 05:33:34.000000000,USD
ADJ0001218,TK0003179,T0029499,refund,3.67,cancellation_issue,2026-04-09 20:50:02.000000000,USD
ADJ0001219,TK0003179,T0029499,appeasement_credit,14.21,service_recovery,2026-04-09 20:51:02.000000000,USD
ADJ0001220,TK0003180,T0029505,refund,26.83,payment_issue,2026-02-10 07:52:07.000000000,USD
ADJ0001221,TK0003181,T0029506,appeasement_credit,14.85,service_recovery,2026-04-03 10:23:22.000000000,USD
ADJ0001222,TK0003184,T0029586,refund,1.65,trip_status_issue,2026-05-11 21:52:57.000000000,USD
ADJ0001223,TK0003185,T0029602,refund,3.84,dropoff_issue,2026-02-13 12:40:56.000000000,USD
ADJ0001224,TK0003185,T0029602,appeasement_credit,19.74,service_recovery,2026-02-13 13:00:56.000000000,USD
ADJ0001225,TK0003187,T0029628,appeasement_credit,19.99,service_recovery,2026-05-29 07:20:39.000000000,USD
ADJ0001226,TK0003191,T0029651,refund,1.85,safety_concern,2026-01-20 20:56:20.000000000,USD
ADJ0001227,TK0003192,T0029653,refund,15.95,pickup_issue,2026-05-09 08:24:20.000000000,USD
ADJ0001228,TK0003193,T0029665,refund,6.63,vehicle_access_issue,2026-03-18 22:06:52.000000000,USD
ADJ0001229,TK0003202,T0029719,appeasement_credit,9.63,service_recovery,2026-04-02 19:58:23.000000000,USD
ADJ0001230,TK0003203,T0029721,appeasement_credit,9.98,service_recovery,2026-04-01 04:48:50.000000000,USD
ADJ0001231,TK0003204,T0029723,refund,6.42,route_issue,2026-05-08 11:49:10.000000000,USD
ADJ0001232,TK0003207,T0029734,refund,7.73,payment_issue,2026-03-20 17:52:59.000000000,USD
ADJ0001233,TK0003210,T0029755,appeasement_credit,19.21,service_recovery,2026-01-04 22:56:56.000000000,USD
ADJ0001234,TK0003211,T0029757,refund,5.42,payment_issue,2026-06-21 10:15:11.000000000,USD
ADJ0001235,TK0003213,T0029783,refund,16.25,dropoff_issue,2026-05-28 13:40:02.000000000,USD
ADJ0001236,TK0003217,T0029812,appeasement_credit,12.57,service_recovery,2026-03-24 00:24:08.000000000,USD
ADJ0001237,TK0003222,T0029878,refund,13.23,payment_issue,2026-01-23 20:34:59.000000000,USD
ADJ0001238,TK0003225,T0029897,appeasement_credit,18.75,service_recovery,2026-05-15 04:54:09.000000000,USD
ADJ0001239,TK0003226,T0029913,refund,7.22,cancellation_issue,2026-06-29 01:23:22.000000000,USD
ADJ0001240,TK0003227,T0029915,refund,4.41,cancellation_issue,2026-02-25 13:57:50.000000000,USD
ADJ0001241,TK0003229,T0029921,refund,4.43,payment_issue,2026-01-31 20:56:55.000000000,USD
ADJ0001242,TK0003240,T0030020,refund,11.35,payment_issue,2026-01-02 11:58:49.000000000,USD
ADJ0001243,TK0003243,T0030040,refund,5.98,dropoff_issue,2026-01-03 10:12:31.000000000,USD
ADJ0001244,TK0003244,T0030044,appeasement_credit,19.58,service_recovery,2026-05-15 15:53:32.000000000,USD
ADJ0001245,TK0003247,T0030073,appeasement_credit,9.13,service_recovery,2026-05-04 02:36:12.000000000,USD
ADJ0001246,TK0003248,T0030074,refund,4.44,trip_status_issue,2026-03-05 17:48:51.000000000,USD
ADJ0001247,TK0003250,T0030083,refund,8.87,payment_issue,2026-02-06 17:52:50.000000000,USD
ADJ0001248,TK0003252,T0030106,refund,1.8,vehicle_access_issue,2026-04-06 02:05:31.000000000,USD
ADJ0001249,TK0003254,T0030138,refund,1.43,pickup_issue,2026-04-02 22:47:50.000000000,USD
ADJ0001250,TK0003256,T0030144,refund,1.66,pickup_issue,2026-06-28 02:51:08.000000000,USD
ADJ0001251,TK0003259,T0030166,appeasement_credit,5.36,service_recovery,2026-06-09 23:30:40.000000000,USD
ADJ0001252,TK0003260,T0030174,appeasement_credit,3.37,service_recovery,2026-06-04 03:19:11.000000000,USD
ADJ0001253,TK0003262,T0030197,refund,4.16,trip_status_issue,2026-03-18 10:37:03.000000000,USD
ADJ0001254,TK0003263,T0030200,refund,12.93,cancellation_issue,2026-02-07 06:39:23.000000000,USD
ADJ0001255,TK0003264,T0030227,refund,4.24,route_issue,2026-04-08 23:15:45.000000000,USD
ADJ0001256,TK0003264,T0030227,appeasement_credit,15.46,service_recovery,2026-04-09 00:19:45.000000000,USD
ADJ0001257,TK0003265,T0030242,appeasement_credit,11.64,service_recovery,2026-02-13 08:40:22.000000000,USD
ADJ0001258,TK0003266,T0030251,refund,2.46,payment_issue,2026-06-01 06:19:10.000000000,USD
ADJ0001259,TK0003268,T0030263,refund,3.29,payment_issue,2026-05-04 19:29:54.000000000,USD
ADJ0001260,TK0003269,T0030267,refund,5.28,route_issue,2026-01-17 02:33:59.000000000,USD
ADJ0001261,TK0003270,T0030268,refund,2.52,cancellation_issue,2026-06-19 09:18:46.000000000,USD
ADJ0001262,TK0003272,T0030286,refund,3.06,trip_status_issue,2026-05-29 02:02:04.000000000,USD
ADJ0001263,TK0003281,T0030343,refund,3.42,trip_status_issue,2026-06-07 10:31:47.000000000,USD
ADJ0001264,TK0003285,T0030366,refund,13.42,cancellation_issue,2026-03-24 17:39:37.000000000,USD
ADJ0001265,TK0003286,T0030381,refund,2.58,pickup_issue,2026-06-18 16:46:35.000000000,USD
ADJ0001266,TK0003288,T0030399,appeasement_credit,16.01,service_recovery,2026-03-27 07:15:47.000000000,USD
ADJ0001267,TK0003294,T0030476,refund,0.94,safety_concern,2026-04-11 00:31:20.000000000,USD
ADJ0001268,TK0003294,T0030476,appeasement_credit,13.69,service_recovery,2026-04-11 01:36:20.000000000,USD
ADJ0001269,TK0003297,T0030489,appeasement_credit,16.66,service_recovery,2026-04-04 04:47:18.000000000,USD
ADJ0001270,TK0003298,T0030495,appeasement_credit,5.46,service_recovery,2026-01-07 00:52:50.000000000,USD
ADJ0001271,TK0003302,T0030519,refund,3.52,payment_issue,2026-02-27 10:52:12.000000000,USD
ADJ0001272,TK0003305,T0030539,appeasement_credit,13.1,service_recovery,2026-02-28 05:53:54.000000000,USD
ADJ0001273,TK0003313,T0030653,refund,5.51,payment_issue,2026-01-26 18:58:10.000000000,USD
ADJ0001274,TK0003324,T0030756,refund,5.29,payment_issue,2026-04-18 10:13:47.000000000,USD
ADJ0001275,TK0003324,T0030756,appeasement_credit,17.74,service_recovery,2026-04-18 10:17:47.000000000,USD
ADJ0001276,TK0003325,T0030758,refund,13.12,payment_issue,2026-05-19 15:51:24.000000000,USD
ADJ0001277,TK0003326,T0030761,refund,11.68,payment_issue,2026-01-08 03:28:44.000000000,USD
ADJ0001278,TK0003327,T0030783,refund,15.0,payment_issue,2026-02-17 13:55:42.000000000,USD
ADJ0001279,TK0003329,T0030789,refund,4.37,payment_issue,2026-02-25 23:15:34.000000000,USD
ADJ0001280,TK0003335,T0030827,refund,2.05,trip_status_issue,2026-01-30 17:20:46.000000000,USD
ADJ0001281,TK0003336,T0030831,refund,8.08,cancellation_issue,2026-05-19 20:55:34.000000000,USD
ADJ0001282,TK0003338,T0030840,appeasement_credit,19.41,service_recovery,2026-03-19 02:55:28.000000000,USD
ADJ0001283,TK0003343,T0030865,refund,5.08,payment_issue,2026-05-13 14:06:49.000000000,USD
ADJ0001284,TK0003344,T0030875,refund,6.46,pickup_issue,2026-05-31 02:12:31.000000000,USD
ADJ0001285,TK0003348,T0030923,refund,9.3,payment_issue,2026-05-18 10:20:22.000000000,USD
ADJ0001286,TK0003349,T0030950,refund,17.69,lost_item,2026-04-20 08:08:01.000000000,USD
ADJ0001287,TK0003353,T0030971,refund,0.89,cancellation_issue,2026-03-12 08:22:21.000000000,USD
ADJ0001288,TK0003357,T0031000,refund,17.23,payment_issue,2026-04-14 11:24:28.000000000,USD
ADJ0001289,TK0003360,T0031040,refund,2.26,pickup_issue,2026-06-12 22:06:04.000000000,USD
ADJ0001290,TK0003363,T0031080,refund,2.94,cancellation_issue,2026-06-27 17:42:47.000000000,USD
ADJ0001291,TK0003364,T0031096,refund,1.99,safety_concern,2026-05-13 16:11:52.000000000,USD
ADJ0001292,TK0003366,T0031117,refund,8.38,payment_issue,2026-05-03 23:49:43.000000000,USD
ADJ0001293,TK0003372,T0031173,appeasement_credit,16.93,service_recovery,2026-02-24 06:06:22.000000000,USD
ADJ0001294,TK0003373,T0031188,refund,5.13,other,2026-05-31 14:50:37.000000000,USD
ADJ0001295,TK0003377,T0031216,refund,9.84,payment_issue,2026-05-06 03:38:00.000000000,USD
ADJ0001296,TK0003378,T0031232,refund,14.0,pickup_issue,2026-01-28 13:16:50.000000000,USD
ADJ0001297,TK0003380,T0031268,refund,3.22,pickup_issue,2026-02-06 07:45:39.000000000,USD
ADJ0001298,TK0003381,T0031289,refund,2.19,cancellation_issue,2026-05-29 22:19:23.000000000,USD
ADJ0001299,TK0003381,T0031289,appeasement_credit,9.75,service_recovery,2026-05-29 23:24:23.000000000,USD
ADJ0001300,TK0003386,T0031350,refund,6.48,trip_status_issue,2026-03-08 12:39:22.000000000,USD
ADJ0001301,TK0003386,T0031350,appeasement_credit,6.73,service_recovery,2026-03-08 13:31:22.000000000,USD
ADJ0001302,TK0003390,T0031379,appeasement_credit,16.21,service_recovery,2026-01-10 23:16:09.000000000,USD
ADJ0001303,TK0003392,T0031414,refund,1.0,pickup_issue,2026-06-19 05:49:04.000000000,USD
ADJ0001304,TK0003394,T0031449,appeasement_credit,11.79,service_recovery,2026-03-24 10:41:58.000000000,USD
ADJ0001305,TK0003396,T0031464,refund,25.2,payment_issue,2026-06-18 20:03:46.000000000,USD
ADJ0001306,TK0003401,T0031492,refund,4.68,pickup_issue,2026-03-07 03:18:28.000000000,USD
ADJ0001307,TK0003401,T0031492,appeasement_credit,8.6,service_recovery,2026-03-07 03:58:28.000000000,USD
ADJ0001308,TK0003403,T0031522,refund,9.1,payment_issue,2026-06-25 06:06:55.000000000,USD
ADJ0001309,TK0003409,T0031586,appeasement_credit,10.14,service_recovery,2026-02-13 20:41:01.000000000,USD
ADJ0001310,TK0003411,T0031601,refund,6.81,vehicle_access_issue,2026-01-29 08:52:38.000000000,USD
ADJ0001311,TK0003413,T0031621,refund,9.38,dropoff_issue,2026-02-25 08:57:54.000000000,USD
ADJ0001312,TK0003416,T0031651,refund,6.77,trip_status_issue,2026-05-02 20:25:47.000000000,USD
ADJ0001313,TK0003418,T0031672,appeasement_credit,11.17,service_recovery,2026-01-30 02:29:51.000000000,USD
ADJ0001314,TK0003422,T0031697,refund,8.02,pickup_issue,2026-04-27 03:26:26.000000000,USD
ADJ0001315,TK0003425,T0031718,appeasement_credit,16.16,service_recovery,2026-06-15 13:48:26.000000000,USD
ADJ0001316,TK0003428,T0031731,refund,2.06,trip_status_issue,2026-04-12 04:40:03.000000000,USD
ADJ0001317,TK0003430,T0031735,appeasement_credit,15.37,service_recovery,2026-01-11 19:38:20.000000000,USD
ADJ0001318,TK0003431,T0031740,refund,5.03,pickup_issue,2026-01-21 00:27:14.000000000,USD
ADJ0001319,TK0003435,T0031781,appeasement_credit,5.73,service_recovery,2026-04-21 02:41:59.000000000,USD
ADJ0001320,TK0003436,T0031785,refund,1.63,vehicle_access_issue,2026-03-04 12:36:49.000000000,USD
ADJ0001321,TK0003439,T0031803,refund,1.55,cancellation_issue,2026-01-27 12:13:49.000000000,USD
ADJ0001322,TK0003447,T0031850,refund,6.11,pickup_issue,2026-02-14 18:35:26.000000000,USD
ADJ0001323,TK0003451,T0031894,appeasement_credit,3.86,service_recovery,2026-01-06 10:29:50.000000000,USD
ADJ0001324,TK0003453,T0031918,refund,2.39,trip_status_issue,2026-04-05 05:40:22.000000000,USD
ADJ0001325,TK0003453,T0031918,appeasement_credit,14.4,service_recovery,2026-04-05 05:38:22.000000000,USD
ADJ0001326,TK0003454,T0031930,refund,2.11,cancellation_issue,2026-05-11 17:20:36.000000000,USD
ADJ0001327,TK0003462,T0032036,appeasement_credit,3.9,service_recovery,2026-05-30 15:39:52.000000000,USD
ADJ0001328,TK0003468,T0032069,refund,7.09,vehicle_access_issue,2026-06-23 10:57:31.000000000,USD
ADJ0001329,TK0003470,T0032083,refund,16.39,payment_issue,2026-03-13 12:07:11.000000000,USD
ADJ0001330,TK0003472,T0032089,refund,2.36,payment_issue,2026-04-16 00:39:09.000000000,USD
ADJ0001331,TK0003475,T0032117,refund,9.27,pickup_issue,2026-04-02 20:45:33.000000000,USD
ADJ0001332,TK0003476,T0032121,refund,8.49,trip_status_issue,2026-05-24 22:58:23.000000000,USD
ADJ0001333,TK0003476,T0032121,appeasement_credit,3.42,service_recovery,2026-05-24 22:34:23.000000000,USD
ADJ0001334,TK0003483,T0032196,appeasement_credit,4.75,service_recovery,2026-04-03 18:58:13.000000000,USD
ADJ0001335,TK0003490,T0032247,refund,7.6,payment_issue,2026-06-02 01:00:27.000000000,USD
ADJ0001336,TK0003491,T0032249,appeasement_credit,4.32,service_recovery,2026-01-14 14:41:02.000000000,USD
ADJ0001337,TK0003495,T0032282,refund,4.98,dropoff_issue,2026-02-11 03:50:23.000000000,USD
ADJ0001338,TK0003497,T0032308,refund,2.5,pickup_issue,2026-02-23 11:47:10.000000000,USD
ADJ0001339,TK0003499,T0032315,refund,7.14,vehicle_access_issue,2026-06-17 18:53:47.000000000,USD
ADJ0001340,TK0003502,T0032332,refund,7.88,trip_status_issue,2026-05-05 13:07:52.000000000,USD
ADJ0001341,TK0003509,T0032420,refund,1.11,cancellation_issue,2026-06-19 06:46:09.000000000,USD
ADJ0001342,TK0003515,T0032476,refund,4.96,payment_issue,2026-04-19 21:07:53.000000000,USD
ADJ0001343,TK0003518,T0032502,appeasement_credit,19.2,service_recovery,2026-06-30 13:41:22.000000000,USD
ADJ0001344,TK0003522,T0032544,refund,1.92,cancellation_issue,2026-04-22 11:59:15.000000000,USD
ADJ0001345,TK0003527,T0032624,refund,2.28,trip_status_issue,2026-06-04 04:14:14.000000000,USD
ADJ0001346,TK0003540,T0032719,refund,1.13,safety_concern,2026-05-16 10:54:00.000000000,USD
ADJ0001347,TK0003540,T0032719,appeasement_credit,17.18,service_recovery,2026-05-16 10:11:00.000000000,USD
ADJ0001348,TK0003542,T0032754,refund,7.1,vehicle_access_issue,2026-05-20 10:36:12.000000000,USD
ADJ0001349,TK0003544,T0032798,appeasement_credit,18.14,service_recovery,2026-03-13 20:37:30.000000000,USD
ADJ0001350,TK0003545,T0032804,refund,4.44,payment_issue,2026-02-06 08:17:27.000000000,USD
ADJ0001351,TK0003546,T0032819,refund,10.32,vehicle_access_issue,2026-06-25 11:48:56.000000000,USD
ADJ0001352,TK0003549,T0032831,appeasement_credit,4.3,service_recovery,2026-06-28 01:00:22.000000000,USD
ADJ0001353,TK0003554,T0032896,appeasement_credit,13.76,service_recovery,2026-03-24 04:11:05.000000000,USD
ADJ0001354,TK0003556,T0032907,refund,10.49,payment_issue,2026-05-15 14:55:25.000000000,USD
ADJ0001355,TK0003560,T0032921,refund,16.02,trip_status_issue,2026-06-02 18:08:37.000000000,USD
ADJ0001356,TK0003564,T0032978,refund,3.32,cancellation_issue,2026-06-15 06:30:16.000000000,USD
ADJ0001357,TK0003566,T0032999,refund,6.22,payment_issue,2026-05-04 03:28:32.000000000,USD
ADJ0001358,TK0003568,T0033014,refund,2.92,payment_issue,2026-02-21 18:16:33.000000000,USD
ADJ0001359,TK0003570,T0033040,refund,3.76,trip_status_issue,2026-03-31 00:21:15.000000000,USD
ADJ0001360,TK0003570,T0033040,appeasement_credit,8.87,service_recovery,2026-03-31 01:34:15.000000000,USD
ADJ0001361,TK0003574,T0033066,appeasement_credit,15.88,service_recovery,2026-05-12 21:43:29.000000000,USD
ADJ0001362,TK0003576,T0033079,appeasement_credit,17.13,service_recovery,2026-05-17 13:47:19.000000000,USD
ADJ0001363,TK0003580,T0033124,refund,1.44,trip_status_issue,2026-01-29 13:14:05.000000000,USD
ADJ0001364,TK0003582,T0033156,refund,20.27,pickup_issue,2026-04-14 08:27:24.000000000,USD
ADJ0001365,TK0003583,T0033168,refund,15.7,payment_issue,2026-02-17 09:10:23.000000000,USD
ADJ0001366,TK0003585,T0033184,refund,3.79,payment_issue,2026-03-01 11:52:13.000000000,USD
ADJ0001367,TK0003586,T0033187,refund,4.23,payment_issue,2026-06-22 01:37:25.000000000,USD
ADJ0001368,TK0003588,T0033196,appeasement_credit,10.45,service_recovery,2026-06-10 14:28:27.000000000,USD
ADJ0001369,TK0003589,T0033202,refund,7.8,cancellation_issue,2026-05-23 04:25:34.000000000,USD
ADJ0001370,TK0003590,T0033205,refund,15.43,payment_issue,2026-02-15 21:54:11.000000000,USD
ADJ0001371,TK0003591,T0033206,appeasement_credit,7.81,service_recovery,2026-06-21 22:21:48.000000000,USD
ADJ0001372,TK0003600,T0033281,refund,7.96,payment_issue,2026-01-09 14:04:07.000000000,USD
ADJ0001373,TK0003602,T0033305,refund,2.81,cancellation_issue,2026-04-15 22:12:26.000000000,USD
ADJ0001374,TK0003604,T0033310,appeasement_credit,14.45,service_recovery,2026-01-10 11:20:08.000000000,USD
ADJ0001375,TK0003608,T0033330,refund,8.75,cancellation_issue,2026-06-19 19:22:02.000000000,USD
ADJ0001376,TK0003612,T0033361,refund,4.49,other,2026-05-22 16:22:52.000000000,USD
ADJ0001377,TK0003615,T0033383,refund,17.85,payment_issue,2026-04-20 01:56:44.000000000,USD
ADJ0001378,TK0003616,T0033387,refund,2.66,cancellation_issue,2026-01-25 14:25:23.000000000,USD
ADJ0001379,TK0003617,T0033389,refund,5.42,payment_issue,2026-02-16 20:55:47.000000000,USD
ADJ0001380,TK0003620,T0033404,refund,5.67,trip_status_issue,2026-03-01 01:48:11.000000000,USD
ADJ0001381,TK0003623,T0033430,refund,1.59,lost_item,2026-02-19 20:02:53.000000000,USD
ADJ0001382,TK0003624,T0033448,refund,10.73,payment_issue,2026-05-16 12:29:54.000000000,USD
ADJ0001383,TK0003625,T0033449,refund,6.52,route_issue,2026-02-10 09:03:50.000000000,USD
ADJ0001384,TK0003627,T0033470,refund,26.22,safety_concern,2026-06-16 17:12:34.000000000,USD
ADJ0001385,TK0003627,T0033470,appeasement_credit,12.46,service_recovery,2026-06-16 17:21:34.000000000,USD
ADJ0001386,TK0003631,T0033498,refund,2.41,pickup_issue,2026-05-17 06:33:12.000000000,USD
ADJ0001387,TK0003631,T0033498,appeasement_credit,14.67,service_recovery,2026-05-17 07:09:12.000000000,USD
ADJ0001388,TK0003632,T0033505,appeasement_credit,7.03,service_recovery,2026-01-15 13:42:11.000000000,USD
ADJ0001389,TK0003633,T0033511,refund,1.97,safety_concern,2026-01-16 04:05:23.000000000,USD
ADJ0001390,TK0003636,T0033542,refund,0.56,cancellation_issue,2026-04-25 08:38:39.000000000,USD
ADJ0001391,TK0003637,T0033552,appeasement_credit,3.82,service_recovery,2026-04-14 16:33:59.000000000,USD
ADJ0001392,TK0003638,T0033561,refund,1.82,vehicle_access_issue,2026-05-27 02:48:01.000000000,USD
ADJ0001393,TK0003641,T0033608,refund,3.9,payment_issue,2026-06-08 09:34:16.000000000,USD
ADJ0001394,TK0003642,T0033612,refund,2.53,safety_concern,2026-04-29 09:53:32.000000000,USD
ADJ0001395,TK0003644,T0033666,appeasement_credit,4.91,service_recovery,2026-04-22 04:57:38.000000000,USD
ADJ0001396,TK0003656,T0033819,refund,2.01,vehicle_access_issue,2026-02-06 21:29:04.000000000,USD
ADJ0001397,TK0003658,T0033824,refund,3.45,trip_status_issue,2026-05-18 15:29:15.000000000,USD
ADJ0001398,TK0003660,T0033846,refund,7.62,pickup_issue,2026-05-10 20:55:54.000000000,USD
ADJ0001399,TK0003665,T0033923,refund,6.51,route_issue,2026-01-01 19:35:52.000000000,USD
ADJ0001400,TK0003668,T0033940,refund,4.1,trip_status_issue,2026-04-20 15:06:25.000000000,USD
ADJ0001401,TK0003669,T0033945,refund,6.67,trip_status_issue,2026-01-23 09:37:30.000000000,USD
ADJ0001402,TK0003670,T0033957,refund,7.51,pickup_issue,2026-03-28 21:32:33.000000000,USD
ADJ0001403,TK0003671,T0033968,refund,4.72,cancellation_issue,2026-03-02 16:51:28.000000000,USD
ADJ0001404,TK0003672,T0033971,refund,7.67,cancellation_issue,2026-06-05 06:46:40.000000000,USD
ADJ0001405,TK0003674,T0033975,refund,6.69,dropoff_issue,2026-06-08 15:01:17.000000000,USD
ADJ0001406,TK0003676,T0034005,refund,7.32,payment_issue,2026-01-03 10:43:43.000000000,USD
ADJ0001407,TK0003678,T0034023,refund,10.95,dropoff_issue,2026-06-11 17:43:11.000000000,USD
ADJ0001408,TK0003678,T0034023,appeasement_credit,6.84,service_recovery,2026-06-11 18:02:11.000000000,USD
ADJ0001409,TK0003680,T0034040,refund,3.4,cancellation_issue,2026-04-19 18:51:17.000000000,USD
ADJ0001410,TK0003680,T0034040,appeasement_credit,16.36,service_recovery,2026-04-19 19:24:17.000000000,USD
ADJ0001411,TK0003683,T0034097,refund,6.04,payment_issue,2026-05-13 17:24:10.000000000,USD
ADJ0001412,TK0003687,T0034148,refund,1.75,cancellation_issue,2026-02-06 13:25:15.000000000,USD
ADJ0001413,TK0003688,T0034185,refund,2.48,other,2026-06-26 06:14:25.000000000,USD
ADJ0001414,TK0003689,T0034197,refund,1.2,cancellation_issue,2026-01-21 12:50:17.000000000,USD
ADJ0001415,TK0003693,T0034209,refund,7.51,dropoff_issue,2026-04-29 08:17:43.000000000,USD
ADJ0001416,TK0003695,T0034215,refund,10.87,lost_item,2026-05-25 18:24:47.000000000,USD
ADJ0001417,TK0003695,T0034215,appeasement_credit,18.91,service_recovery,2026-05-25 18:46:47.000000000,USD
ADJ0001418,TK0003697,T0034226,refund,12.99,payment_issue,2026-04-02 20:30:16.000000000,USD
ADJ0001419,TK0003707,T0034328,refund,6.38,safety_concern,2026-06-30 09:58:05.000000000,USD
ADJ0001420,TK0003711,T0034357,appeasement_credit,6.38,service_recovery,2026-06-05 05:56:47.000000000,USD
ADJ0001421,TK0003720,T0034402,refund,6.27,trip_status_issue,2026-05-23 03:49:19.000000000,USD
ADJ0001422,TK0003720,T0034402,appeasement_credit,5.45,service_recovery,2026-05-23 03:36:19.000000000,USD
ADJ0001423,TK0003721,T0034405,refund,4.27,route_issue,2026-04-02 01:51:16.000000000,USD
ADJ0001424,TK0003721,T0034405,appeasement_credit,14.52,service_recovery,2026-04-02 02:39:16.000000000,USD
ADJ0001425,TK0003726,T0034439,refund,2.95,trip_status_issue,2026-02-04 16:23:42.000000000,USD
ADJ0001426,TK0003726,T0034439,appeasement_credit,11.86,service_recovery,2026-02-04 16:43:42.000000000,USD
ADJ0001427,TK0003729,T0034473,refund,2.35,vehicle_access_issue,2026-01-14 07:59:51.000000000,USD
ADJ0001428,TK0003731,T0034478,refund,4.81,payment_issue,2026-04-24 11:22:02.000000000,USD
ADJ0001429,TK0003732,T0034491,refund,5.86,vehicle_access_issue,2026-03-05 10:16:16.000000000,USD
ADJ0001430,TK0003738,T0034533,refund,8.82,payment_issue,2026-03-23 16:30:05.000000000,USD
ADJ0001431,TK0003741,T0034546,refund,2.55,trip_status_issue,2026-05-02 13:04:53.000000000,USD
ADJ0001432,TK0003755,T0034662,refund,2.59,vehicle_access_issue,2026-06-22 13:52:11.000000000,USD
ADJ0001433,TK0003756,T0034697,refund,9.25,trip_status_issue,2026-04-22 17:40:17.000000000,USD
ADJ0001434,TK0003756,T0034697,appeasement_credit,7.47,service_recovery,2026-04-22 18:07:17.000000000,USD
ADJ0001435,TK0003764,T0034774,refund,2.46,cancellation_issue,2026-02-27 00:51:33.000000000,USD
ADJ0001436,TK0003767,T0034793,refund,4.62,lost_item,2026-03-07 12:24:54.000000000,USD
ADJ0001437,TK0003769,T0034808,refund,5.92,trip_status_issue,2026-04-12 15:23:29.000000000,USD
ADJ0001438,TK0003771,T0034823,refund,5.05,payment_issue,2026-06-11 00:16:29.000000000,USD
ADJ0001439,TK0003771,T0034823,appeasement_credit,9.39,service_recovery,2026-06-11 00:30:29.000000000,USD
ADJ0001440,TK0003776,T0034877,refund,17.26,payment_issue,2026-03-20 06:16:34.000000000,USD
ADJ0001441,TK0003779,T0034897,refund,5.6,route_issue,2026-02-23 11:38:45.000000000,USD
ADJ0001442,TK0003781,T0034909,refund,17.14,safety_concern,2026-04-19 09:02:36.000000000,USD
ADJ0001443,TK0003788,T0034981,appeasement_credit,8.46,service_recovery,2026-01-28 19:38:49.000000000,USD
ADJ0001444,TK0003789,T0034982,refund,1.0,vehicle_access_issue,2026-02-16 02:03:37.000000000,USD
ADJ0001445,TK0003792,T0034995,appeasement_credit,4.36,service_recovery,2026-04-19 16:47:09.000000000,USD
ADJ0001446,TK0003799,T0035039,refund,7.35,trip_status_issue,2026-02-18 09:45:36.000000000,USD
ADJ0001447,TK0003804,T0035080,appeasement_credit,11.48,service_recovery,2026-02-10 17:16:49.000000000,USD
ADJ0001448,TK0003806,T0035097,refund,12.52,cancellation_issue,2026-05-01 09:33:42.000000000,USD
ADJ0001449,TK0003813,T0035179,refund,4.81,payment_issue,2026-04-27 10:35:24.000000000,USD
ADJ0001450,TK0003819,T0035243,appeasement_credit,12.14,service_recovery,2026-02-21 08:06:27.000000000,USD
ADJ0001451,TK0003820,T0035246,refund,17.08,payment_issue,2026-01-23 22:48:25.000000000,USD
ADJ0001452,TK0003823,T0035294,refund,4.92,dropoff_issue,2026-06-02 20:10:31.000000000,USD
ADJ0001453,TK0003824,T0035308,refund,15.07,trip_status_issue,2026-06-10 12:22:32.000000000,USD
ADJ0001454,TK0003824,T0035308,appeasement_credit,9.38,service_recovery,2026-06-10 12:26:32.000000000,USD
ADJ0001455,TK0003826,T0035316,refund,4.08,trip_status_issue,2026-03-06 05:53:25.000000000,USD
ADJ0001456,TK0003827,T0035317,appeasement_credit,18.46,service_recovery,2026-03-20 04:17:58.000000000,USD
ADJ0001457,TK0003831,T0035406,appeasement_credit,12.85,service_recovery,2026-04-03 08:37:46.000000000,USD
ADJ0001458,TK0003832,T0035411,appeasement_credit,15.77,service_recovery,2026-04-14 19:13:28.000000000,USD
ADJ0001459,TK0003836,T0035443,refund,4.17,cancellation_issue,2026-06-26 20:15:36.000000000,USD
ADJ0001460,TK0003837,T0035452,refund,13.11,payment_issue,2026-05-07 02:23:47.000000000,USD
ADJ0001461,TK0003838,T0035455,refund,4.66,route_issue,2026-02-16 00:24:53.000000000,USD
ADJ0001462,TK0003841,T0035473,refund,5.29,pickup_issue,2026-06-27 19:08:17.000000000,USD
ADJ0001463,TK0003842,T0035506,refund,3.7,payment_issue,2026-02-06 23:27:30.000000000,USD
ADJ0001464,TK0003844,T0035518,refund,3.52,cancellation_issue,2026-05-14 09:18:55.000000000,USD
ADJ0001465,TK0003845,T0035520,refund,14.28,vehicle_access_issue,2026-04-22 21:46:29.000000000,USD
ADJ0001466,TK0003855,T0035612,refund,3.19,pickup_issue,2026-04-22 09:13:31.000000000,USD
ADJ0001467,TK0003861,T0035647,appeasement_credit,15.48,service_recovery,2026-06-22 06:26:02.000000000,USD
ADJ0001468,TK0003862,T0035664,refund,4.14,payment_issue,2026-06-25 08:17:52.000000000,USD
ADJ0001469,TK0003864,T0035690,refund,1.58,pickup_issue,2026-02-15 22:01:32.000000000,USD
ADJ0001470,TK0003867,T0035747,appeasement_credit,6.54,service_recovery,2026-05-04 13:56:01.000000000,USD
ADJ0001471,TK0003870,T0035765,refund,9.48,payment_issue,2026-01-03 04:32:01.000000000,USD
ADJ0001472,TK0003874,T0035798,refund,8.07,payment_issue,2026-05-15 13:18:15.000000000,USD
ADJ0001473,TK0003876,T0035813,appeasement_credit,7.63,service_recovery,2026-05-05 01:29:56.000000000,USD
ADJ0001474,TK0003877,T0035814,refund,8.0,trip_status_issue,2026-04-27 08:51:22.000000000,USD
ADJ0001475,TK0003884,T0035904,refund,5.53,trip_status_issue,2026-05-06 03:44:09.000000000,USD
ADJ0001476,TK0003885,T0035921,refund,2.55,cancellation_issue,2026-02-05 22:48:03.000000000,USD
ADJ0001477,TK0003891,T0036030,appeasement_credit,3.9,service_recovery,2026-06-20 15:37:43.000000000,USD
ADJ0001478,TK0003892,T0036036,appeasement_credit,9.39,service_recovery,2026-01-09 06:24:38.000000000,USD
ADJ0001479,TK0003893,T0036043,refund,5.7,route_issue,2026-02-17 02:14:23.000000000,USD
ADJ0001480,TK0003897,T0036055,refund,13.51,payment_issue,2026-03-02 03:15:44.000000000,USD
ADJ0001481,TK0003898,T0036061,appeasement_credit,19.36,service_recovery,2026-05-08 14:29:18.000000000,USD
ADJ0001482,TK0003903,T0036099,refund,18.57,payment_issue,2026-01-23 21:07:38.000000000,USD
ADJ0001483,TK0003904,T0036100,refund,4.93,payment_issue,2026-05-23 23:25:33.000000000,USD
ADJ0001484,TK0003906,T0036107,refund,4.5,trip_status_issue,2026-01-13 18:28:36.000000000,USD
ADJ0001485,TK0003909,T0036149,appeasement_credit,9.96,service_recovery,2026-01-08 13:25:03.000000000,USD
ADJ0001486,TK0003911,T0036175,appeasement_credit,8.48,service_recovery,2026-02-11 05:50:32.000000000,USD
ADJ0001487,TK0003914,T0036193,appeasement_credit,15.18,service_recovery,2026-05-10 01:04:15.000000000,USD
ADJ0001488,TK0003917,T0036220,refund,2.3,cancellation_issue,2026-03-06 08:13:59.000000000,USD
ADJ0001489,TK0003919,T0036246,appeasement_credit,5.15,service_recovery,2026-02-23 07:50:14.000000000,USD
ADJ0001490,TK0003920,T0036251,refund,3.7,dropoff_issue,2026-05-05 08:13:21.000000000,USD
ADJ0001491,TK0003920,T0036251,appeasement_credit,16.4,service_recovery,2026-05-05 08:54:21.000000000,USD
ADJ0001492,TK0003921,T0036253,refund,5.49,trip_status_issue,2026-03-31 03:55:36.000000000,USD
ADJ0001493,TK0003921,T0036253,appeasement_credit,15.6,service_recovery,2026-03-31 04:57:36.000000000,USD
ADJ0001494,TK0003922,T0036263,refund,1.22,cancellation_issue,2026-05-17 13:31:37.000000000,USD
ADJ0001495,TK0003924,T0036289,refund,8.58,payment_issue,2026-01-28 05:05:05.000000000,USD
ADJ0001496,TK0003926,T0036332,appeasement_credit,4.97,service_recovery,2026-01-02 12:03:02.000000000,USD
ADJ0001497,TK0003931,T0036404,refund,3.04,pickup_issue,2026-02-15 17:00:59.000000000,USD
ADJ0001498,TK0003932,T0036405,appeasement_credit,15.84,service_recovery,2026-05-15 11:42:28.000000000,USD
ADJ0001499,TK0003935,T0036419,refund,15.4,vehicle_access_issue,2026-06-21 08:00:41.000000000,USD
ADJ0001500,TK0003936,T0036431,refund,9.44,route_issue,2026-05-16 10:04:31.000000000,USD
ADJ0001501,TK0003942,T0036478,refund,3.25,vehicle_access_issue,2026-04-15 20:14:26.000000000,USD
ADJ0001502,TK0003948,T0036591,refund,4.67,cancellation_issue,2026-01-31 13:49:40.000000000,USD
ADJ0001503,TK0003949,T0036595,refund,3.05,cancellation_issue,2026-05-24 08:49:17.000000000,USD
ADJ0001504,TK0003958,T0036691,refund,3.26,trip_status_issue,2026-01-11 21:43:13.000000000,USD
ADJ0001505,TK0003958,T0036691,appeasement_credit,15.05,service_recovery,2026-01-11 21:33:13.000000000,USD
ADJ0001506,TK0003960,T0036707,refund,14.11,payment_issue,2026-01-29 15:48:53.000000000,USD
ADJ0001507,TK0003961,T0036713,refund,13.37,payment_issue,2026-04-01 17:00:29.000000000,USD
ADJ0001508,TK0003967,T0036789,refund,7.7,cancellation_issue,2026-03-13 01:55:02.000000000,USD
ADJ0001509,TK0003972,T0036845,refund,7.54,payment_issue,2026-04-04 06:28:16.000000000,USD
ADJ0001510,TK0003974,T0036870,refund,2.44,pickup_issue,2026-05-06 17:55:26.000000000,USD
ADJ0001511,TK0003976,T0036879,refund,3.74,lost_item,2026-01-09 02:16:48.000000000,USD
ADJ0001512,TK0003978,T0036892,appeasement_credit,9.17,service_recovery,2026-01-20 21:30:10.000000000,USD
ADJ0001513,TK0003980,T0036897,refund,2.55,trip_status_issue,2026-02-20 15:26:01.000000000,USD
ADJ0001514,TK0003982,T0036918,refund,2.24,payment_issue,2026-01-09 02:53:32.000000000,USD
ADJ0001515,TK0003986,T0036950,refund,3.01,pickup_issue,2026-04-13 06:57:13.000000000,USD
ADJ0001516,TK0003987,T0036951,refund,7.72,trip_status_issue,2026-02-02 23:22:35.000000000,USD
ADJ0001517,TK0003989,T0036971,refund,1.94,cancellation_issue,2026-05-20 14:49:38.000000000,USD
ADJ0001518,TK0003990,T0036977,appeasement_credit,5.36,service_recovery,2026-02-26 12:45:57.000000000,USD
ADJ0001519,TK0003994,T0037008,appeasement_credit,13.07,service_recovery,2026-01-11 02:47:18.000000000,USD
ADJ0001520,TK0003995,T0037011,refund,11.95,payment_issue,2026-01-06 12:35:45.000000000,USD
ADJ0001521,TK0003996,T0037029,refund,11.17,pickup_issue,2026-05-12 13:03:48.000000000,USD
ADJ0001522,TK0003999,T0037068,refund,0.93,vehicle_access_issue,2026-02-13 11:24:39.000000000,USD
ADJ0001523,TK0004005,T0037169,appeasement_credit,16.92,service_recovery,2026-01-03 03:37:46.000000000,USD
ADJ0001524,TK0004006,T0037173,refund,5.26,safety_concern,2026-06-07 05:15:56.000000000,USD
ADJ0001525,TK0004006,T0037173,appeasement_credit,14.74,service_recovery,2026-06-07 06:10:56.000000000,USD
ADJ0001526,TK0004008,T0037191,appeasement_credit,9.07,service_recovery,2026-03-25 04:42:37.000000000,USD
ADJ0001527,TK0004013,T0037231,appeasement_credit,11.71,service_recovery,2026-02-09 12:21:18.000000000,USD
ADJ0001528,TK0004015,T0037250,refund,4.4,trip_status_issue,2026-02-03 15:01:20.000000000,USD
ADJ0001529,TK0004016,T0037256,refund,1.01,vehicle_access_issue,2026-05-20 09:56:47.000000000,USD
ADJ0001530,TK0004019,T0037274,refund,2.41,route_issue,2026-03-27 09:22:16.000000000,USD
ADJ0001531,TK0004020,T0037279,refund,4.79,safety_concern,2026-05-15 20:18:03.000000000,USD
ADJ0001532,TK0004022,T0037309,refund,8.2,payment_issue,2026-06-11 05:22:27.000000000,USD
ADJ0001533,TK0004024,T0037326,refund,1.96,safety_concern,2026-02-23 22:21:51.000000000,USD
ADJ0001534,TK0004026,T0037350,refund,2.49,trip_status_issue,2026-02-05 15:15:51.000000000,USD
ADJ0001535,TK0004027,T0037359,appeasement_credit,18.63,service_recovery,2026-02-21 13:36:52.000000000,USD
ADJ0001536,TK0004028,T0037360,appeasement_credit,14.68,service_recovery,2026-06-19 21:04:51.000000000,USD
ADJ0001537,TK0004029,T0037362,refund,2.73,vehicle_access_issue,2026-01-21 18:43:42.000000000,USD
ADJ0001538,TK0004030,T0037374,appeasement_credit,16.01,service_recovery,2026-06-05 09:49:24.000000000,USD
ADJ0001539,TK0004034,T0037399,refund,7.72,route_issue,2026-05-05 18:55:43.000000000,USD
ADJ0001540,TK0004036,T0037428,refund,5.47,other,2026-01-31 00:54:07.000000000,USD
ADJ0001541,TK0004037,T0037438,refund,4.85,trip_status_issue,2026-05-31 02:35:42.000000000,USD
ADJ0001542,TK0004041,T0037462,refund,7.5,trip_status_issue,2026-05-11 15:09:04.000000000,USD
ADJ0001543,TK0004046,T0037484,refund,7.42,trip_status_issue,2026-04-20 21:44:23.000000000,USD
ADJ0001544,TK0004047,T0037509,refund,11.36,safety_concern,2026-06-22 14:23:20.000000000,USD
ADJ0001545,TK0004051,T0037561,refund,12.83,payment_issue,2026-01-20 08:13:14.000000000,USD
ADJ0001546,TK0004052,T0037562,appeasement_credit,8.48,service_recovery,2026-01-09 16:13:21.000000000,USD
ADJ0001547,TK0004054,T0037581,refund,12.32,payment_issue,2026-01-17 07:03:13.000000000,USD
ADJ0001548,TK0004055,T0037584,refund,1.25,cancellation_issue,2026-04-01 01:03:55.000000000,USD
ADJ0001549,TK0004061,T0037644,appeasement_credit,7.08,service_recovery,2026-06-01 13:23:19.000000000,USD
ADJ0001550,TK0004066,T0037682,refund,5.16,other,2026-05-15 06:48:43.000000000,USD
ADJ0001551,TK0004070,T0037719,refund,8.59,cancellation_issue,2026-03-30 00:54:59.000000000,USD
ADJ0001552,TK0004070,T0037719,appeasement_credit,11.6,service_recovery,2026-03-30 00:23:59.000000000,USD
ADJ0001553,TK0004071,T0037726,refund,3.93,payment_issue,2026-02-14 11:10:16.000000000,USD
ADJ0001554,TK0004077,T0037764,refund,4.1,payment_issue,2026-03-02 13:43:43.000000000,USD
ADJ0001555,TK0004077,T0037764,appeasement_credit,10.26,service_recovery,2026-03-02 12:51:43.000000000,USD
ADJ0001556,TK0004083,T0037828,refund,2.87,route_issue,2026-05-01 14:49:21.000000000,USD
ADJ0001557,TK0004083,T0037828,appeasement_credit,12.71,service_recovery,2026-05-01 14:53:21.000000000,USD
ADJ0001558,TK0004085,T0037837,appeasement_credit,13.62,service_recovery,2026-01-23 14:03:28.000000000,USD
ADJ0001559,TK0004086,T0037848,refund,29.0,payment_issue,2026-05-09 17:14:36.000000000,USD
ADJ0001560,TK0004095,T0037969,refund,6.59,payment_issue,2026-03-17 17:27:25.000000000,USD
ADJ0001561,TK0004099,T0037996,refund,4.34,vehicle_access_issue,2026-01-08 09:59:14.000000000,USD
ADJ0001562,TK0004104,T0038065,appeasement_credit,11.88,service_recovery,2026-04-24 20:21:16.000000000,USD
ADJ0001563,TK0004115,T0038132,refund,1.04,trip_status_issue,2026-05-15 13:28:32.000000000,USD
ADJ0001564,TK0004115,T0038132,appeasement_credit,12.58,service_recovery,2026-05-15 13:51:32.000000000,USD
ADJ0001565,TK0004116,T0038134,appeasement_credit,12.68,service_recovery,2026-01-25 23:12:55.000000000,USD
ADJ0001566,TK0004118,T0038149,refund,8.16,payment_issue,2026-04-29 20:39:17.000000000,USD
ADJ0001567,TK0004120,T0038165,appeasement_credit,19.25,service_recovery,2026-05-09 08:29:17.000000000,USD
ADJ0001568,TK0004121,T0038173,appeasement_credit,8.29,service_recovery,2026-06-22 09:18:13.000000000,USD
ADJ0001569,TK0004123,T0038194,refund,3.78,vehicle_access_issue,2026-01-08 05:44:01.000000000,USD
ADJ0001570,TK0004123,T0038194,appeasement_credit,9.58,service_recovery,2026-01-08 06:48:01.000000000,USD
ADJ0001571,TK0004126,T0038212,refund,1.85,other,2026-06-26 02:23:09.000000000,USD
ADJ0001572,TK0004131,T0038246,refund,2.01,pickup_issue,2026-06-09 14:14:25.000000000,USD
ADJ0001573,TK0004134,T0038293,appeasement_credit,19.38,service_recovery,2026-06-04 19:25:00.000000000,USD
ADJ0001574,TK0004141,T0038351,refund,10.9,trip_status_issue,2026-06-08 07:33:52.000000000,USD
ADJ0001575,TK0004146,T0038407,refund,4.28,cancellation_issue,2026-04-30 03:33:16.000000000,USD
ADJ0001576,TK0004147,T0038409,refund,16.74,payment_issue,2026-05-27 22:46:11.000000000,USD
ADJ0001577,TK0004151,T0038432,refund,19.3,dropoff_issue,2026-01-23 16:31:17.000000000,USD
ADJ0001578,TK0004151,T0038432,appeasement_credit,7.31,service_recovery,2026-01-23 16:23:17.000000000,USD
ADJ0001579,TK0004153,T0038463,refund,2.49,vehicle_access_issue,2026-01-30 08:10:06.000000000,USD
ADJ0001580,TK0004155,T0038482,refund,8.44,trip_status_issue,2026-06-18 14:12:19.000000000,USD
ADJ0001581,TK0004156,T0038488,refund,2.02,cancellation_issue,2026-06-13 16:16:24.000000000,USD
ADJ0001582,TK0004159,T0038505,refund,0.7,cancellation_issue,2026-05-09 07:32:33.000000000,USD
ADJ0001583,TK0004159,T0038505,appeasement_credit,17.49,service_recovery,2026-05-09 07:57:33.000000000,USD
ADJ0001584,TK0004160,T0038524,refund,2.38,vehicle_access_issue,2026-02-20 04:48:07.000000000,USD
ADJ0001585,TK0004165,T0038581,appeasement_credit,13.9,service_recovery,2026-02-16 13:02:21.000000000,USD
ADJ0001586,TK0004166,T0038589,appeasement_credit,9.85,service_recovery,2026-02-14 06:24:21.000000000,USD
ADJ0001587,TK0004168,T0038599,appeasement_credit,13.85,service_recovery,2026-01-11 12:39:13.000000000,USD
ADJ0001588,TK0004170,T0038604,refund,7.25,trip_status_issue,2026-01-02 09:09:36.000000000,USD
ADJ0001589,TK0004171,T0038633,refund,12.06,pickup_issue,2026-01-14 17:58:29.000000000,USD
ADJ0001590,TK0004177,T0038674,refund,0.5,vehicle_access_issue,2026-01-05 20:41:58.000000000,USD
ADJ0001591,TK0004177,T0038674,appeasement_credit,7.82,service_recovery,2026-01-05 20:08:58.000000000,USD
ADJ0001592,TK0004180,T0038700,appeasement_credit,6.54,service_recovery,2026-06-24 00:02:16.000000000,USD
ADJ0001593,TK0004188,T0038803,refund,11.48,vehicle_access_issue,2026-04-02 23:49:09.000000000,USD
ADJ0001594,TK0004196,T0038883,refund,5.5,payment_issue,2026-05-27 23:04:37.000000000,USD
ADJ0001595,TK0004197,T0038899,refund,4.44,cancellation_issue,2026-04-27 22:10:42.000000000,USD
ADJ0001596,TK0004198,T0038917,refund,6.51,payment_issue,2026-04-09 05:04:32.000000000,USD
ADJ0001597,TK0004201,T0038942,refund,2.42,pickup_issue,2026-01-08 14:53:22.000000000,USD
ADJ0001598,TK0004202,T0038948,refund,7.51,pickup_issue,2026-05-16 12:32:47.000000000,USD
ADJ0001599,TK0004206,T0038974,refund,3.75,pickup_issue,2026-02-23 19:23:04.000000000,USD
ADJ0001600,TK0004210,T0039018,refund,5.84,payment_issue,2026-01-10 16:32:38.000000000,USD
ADJ0001601,TK0004211,T0039029,appeasement_credit,5.05,service_recovery,2026-01-11 14:29:15.000000000,USD
ADJ0001602,TK0004214,T0039048,refund,10.12,pickup_issue,2026-04-13 09:05:14.000000000,USD
ADJ0001603,TK0004214,T0039048,appeasement_credit,9.48,service_recovery,2026-04-13 09:34:14.000000000,USD
ADJ0001604,TK0004218,T0039082,refund,6.18,trip_status_issue,2026-01-26 23:15:06.000000000,USD
ADJ0001605,TK0004220,T0039091,refund,9.03,vehicle_access_issue,2026-03-09 19:25:18.000000000,USD
ADJ0001606,TK0004220,T0039091,appeasement_credit,12.56,service_recovery,2026-03-09 19:41:18.000000000,USD
ADJ0001607,TK0004222,T0039115,refund,8.34,payment_issue,2026-01-01 22:16:54.000000000,USD
ADJ0001608,TK0004224,T0039126,appeasement_credit,5.53,service_recovery,2026-05-17 05:11:39.000000000,USD
ADJ0001609,TK0004227,T0039146,refund,4.89,vehicle_access_issue,2026-03-16 11:35:11.000000000,USD
ADJ0001610,TK0004228,T0039153,appeasement_credit,9.88,service_recovery,2026-03-26 12:19:11.000000000,USD
ADJ0001611,TK0004236,T0039232,appeasement_credit,17.5,service_recovery,2026-01-26 05:13:56.000000000,USD
ADJ0001612,TK0004241,T0039283,refund,1.59,trip_status_issue,2026-05-16 20:55:03.000000000,USD
ADJ0001613,TK0004242,T0039293,refund,3.33,pickup_issue,2026-05-06 20:48:06.000000000,USD
ADJ0001614,TK0004243,T0039296,appeasement_credit,6.87,service_recovery,2026-03-07 03:46:34.000000000,USD
ADJ0001615,TK0004248,T0039384,refund,6.04,cancellation_issue,2026-03-05 04:22:30.000000000,USD
ADJ0001616,TK0004250,T0039414,appeasement_credit,5.66,service_recovery,2026-03-08 11:27:53.000000000,USD
ADJ0001617,TK0004251,T0039419,refund,2.38,safety_concern,2026-03-19 15:55:42.000000000,USD
ADJ0001618,TK0004253,T0039436,refund,2.39,dropoff_issue,2026-05-03 02:35:12.000000000,USD
ADJ0001619,TK0004255,T0039441,refund,8.28,lost_item,2026-05-19 08:11:58.000000000,USD
ADJ0001620,TK0004259,T0039481,refund,3.37,trip_status_issue,2026-01-23 21:33:19.000000000,USD
ADJ0001621,TK0004259,T0039481,appeasement_credit,19.9,service_recovery,2026-01-23 22:01:19.000000000,USD
ADJ0001622,TK0004262,T0039526,refund,2.0,cancellation_issue,2026-01-30 03:23:44.000000000,USD
ADJ0001623,TK0004262,T0039526,appeasement_credit,13.51,service_recovery,2026-01-30 04:13:44.000000000,USD
ADJ0001624,TK0004263,T0039540,refund,2.48,cancellation_issue,2026-03-30 02:20:36.000000000,USD
ADJ0001625,TK0004264,T0039544,refund,12.94,vehicle_access_issue,2026-01-02 09:06:57.000000000,USD
ADJ0001626,TK0004266,T0039555,appeasement_credit,19.87,service_recovery,2026-02-26 21:26:15.000000000,USD
ADJ0001627,TK0004267,T0039566,appeasement_credit,14.25,service_recovery,2026-02-21 15:39:20.000000000,USD
ADJ0001628,TK0004278,T0039635,refund,16.23,payment_issue,2026-06-02 21:47:27.000000000,USD
ADJ0001629,TK0004282,T0039661,refund,1.87,other,2026-05-13 10:07:05.000000000,USD
ADJ0001630,TK0004284,T0039692,refund,2.24,cancellation_issue,2026-02-24 18:25:40.000000000,USD
ADJ0001631,TK0004287,T0039729,refund,1.29,trip_status_issue,2026-05-16 09:48:39.000000000,USD
ADJ0001632,TK0004291,T0039749,refund,4.3,cancellation_issue,2026-02-19 16:19:36.000000000,USD
ADJ0001633,TK0004293,T0039757,refund,5.21,cancellation_issue,2026-02-01 04:24:31.000000000,USD
ADJ0001634,TK0004294,T0039758,refund,15.43,safety_concern,2026-02-07 14:33:36.000000000,USD
ADJ0001635,TK0004297,T0039802,refund,1.12,route_issue,2026-02-23 01:47:00.000000000,USD
ADJ0001636,TK0004299,T0039822,refund,9.23,route_issue,2026-06-16 16:43:37.000000000,USD
ADJ0001637,TK0004301,T0039857,refund,14.29,payment_issue,2026-02-14 09:10:01.000000000,USD
ADJ0001638,TK0004302,T0039864,refund,2.94,cancellation_issue,2026-06-29 06:13:44.000000000,USD
ADJ0001639,TK0004303,T0039866,refund,9.73,trip_status_issue,2026-06-12 04:53:31.000000000,USD
ADJ0001640,TK0004304,T0039868,appeasement_credit,6.47,service_recovery,2026-03-27 09:13:55.000000000,USD
ADJ0001641,TK0004307,T0039892,refund,4.09,payment_issue,2026-05-16 20:00:09.000000000,USD
ADJ0001642,TK0004309,T0039900,refund,1.84,payment_issue,2026-04-19 16:33:07.000000000,USD
ADJ0001643,TK0004310,T0039923,appeasement_credit,12.48,service_recovery,2026-03-30 07:32:41.000000000,USD
ADJ0001644,TK0004311,T0039928,appeasement_credit,12.06,service_recovery,2026-05-05 02:43:47.000000000,USD
ADJ0001645,TK0004313,T0039955,refund,2.27,pickup_issue,2026-05-28 19:54:03.000000000,USD
ADJ0001646,TK0004314,T0039963,refund,2.51,cancellation_issue,2026-03-06 19:35:56.000000000,USD
ADJ0001647,TK0004318,T0040015,appeasement_credit,4.52,service_recovery,2026-05-27 09:51:44.000000000,USD
ADJ0001648,TK0004319,T0040024,refund,1.05,payment_issue,2026-05-07 08:48:44.000000000,USD
ADJ0001649,TK0004320,T0040031,refund,1.97,pickup_issue,2026-04-12 11:28:50.000000000,USD
ADJ0001650,TK0004326,T0040101,refund,17.65,safety_concern,2026-05-18 04:09:23.000000000,USD
ADJ0001651,TK0004329,T0040146,refund,5.18,pickup_issue,2026-02-13 17:24:03.000000000,USD
ADJ0001652,TK0004329,T0040146,appeasement_credit,10.09,service_recovery,2026-02-13 17:08:03.000000000,USD
ADJ0001653,TK0004332,T0040185,refund,4.24,cancellation_issue,2026-01-24 20:40:07.000000000,USD
ADJ0001654,TK0004334,T0040210,refund,5.66,cancellation_issue,2026-01-31 01:08:28.000000000,USD
ADJ0001655,TK0004337,T0040229,appeasement_credit,14.35,service_recovery,2026-04-29 09:48:14.000000000,USD
ADJ0001656,TK0004345,T0040275,appeasement_credit,6.96,service_recovery,2026-05-25 19:03:07.000000000,USD
ADJ0001657,TK0004347,T0040326,refund,1.59,cancellation_issue,2026-03-01 22:12:08.000000000,USD
ADJ0001658,TK0004347,T0040326,appeasement_credit,6.69,service_recovery,2026-03-01 21:27:08.000000000,USD
ADJ0001659,TK0004355,T0040426,refund,13.3,payment_issue,2026-04-02 15:33:06.000000000,USD
ADJ0001660,TK0004361,T0040475,refund,2.72,trip_status_issue,2026-03-12 19:41:49.000000000,USD
ADJ0001661,TK0004368,T0040548,refund,1.39,cancellation_issue,2026-05-30 12:53:48.000000000,USD
ADJ0001662,TK0004370,T0040568,refund,5.8,pickup_issue,2026-04-23 08:48:22.000000000,USD
ADJ0001663,TK0004371,T0040569,appeasement_credit,13.77,service_recovery,2026-04-05 07:49:11.000000000,USD
ADJ0001664,TK0004372,T0040574,appeasement_credit,8.19,service_recovery,2026-03-11 20:52:54.000000000,USD
ADJ0001665,TK0004374,T0040576,refund,11.06,vehicle_access_issue,2026-01-14 01:50:00.000000000,USD
ADJ0001666,TK0004375,T0040584,refund,17.49,cancellation_issue,2026-01-12 01:25:59.000000000,USD
ADJ0001667,TK0004378,T0040611,refund,5.88,safety_concern,2026-07-01 14:02:49.000000000,USD
ADJ0001668,TK0004378,T0040611,appeasement_credit,12.59,service_recovery,2026-07-01 14:18:49.000000000,USD
ADJ0001669,TK0004379,T0040626,refund,4.27,other,2026-01-02 11:16:53.000000000,USD
ADJ0001670,TK0004394,T0040817,refund,6.89,dropoff_issue,2026-01-23 19:18:35.000000000,USD
ADJ0001671,TK0004396,T0040838,appeasement_credit,9.88,service_recovery,2026-02-26 08:46:19.000000000,USD
ADJ0001672,TK0004405,T0040897,refund,10.39,pickup_issue,2026-03-19 03:24:25.000000000,USD
ADJ0001673,TK0004405,T0040897,appeasement_credit,4.36,service_recovery,2026-03-19 04:03:25.000000000,USD
ADJ0001674,TK0004406,T0040903,refund,4.62,safety_concern,2026-06-10 15:19:14.000000000,USD
ADJ0001675,TK0004409,T0040925,refund,3.43,other,2026-06-30 22:10:38.000000000,USD
ADJ0001676,TK0004410,T0040947,refund,2.58,trip_status_issue,2026-03-08 03:25:25.000000000,USD
ADJ0001677,TK0004410,T0040947,appeasement_credit,17.97,service_recovery,2026-03-08 03:40:25.000000000,USD
ADJ0001678,TK0004413,T0040968,refund,9.44,payment_issue,2026-01-16 19:28:50.000000000,USD
ADJ0001679,TK0004414,T0040969,refund,5.65,cancellation_issue,2026-03-22 15:23:12.000000000,USD
ADJ0001680,TK0004418,T0040991,refund,6.09,dropoff_issue,2026-01-31 14:35:41.000000000,USD
ADJ0001681,TK0004420,T0041028,refund,0.54,cancellation_issue,2026-04-04 18:20:01.000000000,USD
ADJ0001682,TK0004420,T0041028,appeasement_credit,9.45,service_recovery,2026-04-04 17:47:01.000000000,USD
ADJ0001683,TK0004427,T0041076,appeasement_credit,16.92,service_recovery,2026-04-15 09:14:17.000000000,USD
ADJ0001684,TK0004434,T0041129,appeasement_credit,11.69,service_recovery,2026-03-20 23:40:32.000000000,USD
ADJ0001685,TK0004439,T0041174,refund,8.58,cancellation_issue,2026-04-10 05:35:59.000000000,USD
ADJ0001686,TK0004440,T0041203,refund,7.12,payment_issue,2026-05-05 21:34:34.000000000,USD
ADJ0001687,TK0004442,T0041232,refund,3.73,cancellation_issue,2026-02-24 18:45:16.000000000,USD
ADJ0001688,TK0004444,T0041247,refund,5.47,pickup_issue,2026-06-24 19:48:33.000000000,USD
ADJ0001689,TK0004445,T0041263,refund,10.9,route_issue,2026-02-15 18:28:08.000000000,USD
ADJ0001690,TK0004447,T0041274,refund,6.01,route_issue,2026-03-25 08:07:11.000000000,USD
ADJ0001691,TK0004449,T0041289,refund,4.31,dropoff_issue,2026-02-28 04:09:09.000000000,USD
ADJ0001692,TK0004453,T0041309,refund,11.15,payment_issue,2026-04-01 02:05:14.000000000,USD
ADJ0001693,TK0004455,T0041334,refund,2.34,cancellation_issue,2026-06-16 18:14:00.000000000,USD
ADJ0001694,TK0004455,T0041334,appeasement_credit,4.83,service_recovery,2026-06-16 18:30:00.000000000,USD
ADJ0001695,TK0004456,T0041342,refund,7.37,cancellation_issue,2026-02-22 09:53:21.000000000,USD
ADJ0001696,TK0004457,T0041347,appeasement_credit,5.27,service_recovery,2026-05-01 04:24:48.000000000,USD
ADJ0001697,TK0004458,T0041364,refund,3.66,safety_concern,2026-06-29 21:21:29.000000000,USD
ADJ0001698,TK0004461,T0041392,refund,10.58,route_issue,2026-05-01 01:22:27.000000000,USD
ADJ0001699,TK0004461,T0041392,appeasement_credit,19.44,service_recovery,2026-05-01 01:18:27.000000000,USD
ADJ0001700,TK0004462,T0041396,refund,6.97,vehicle_access_issue,2026-04-02 16:56:09.000000000,USD
ADJ0001701,TK0004462,T0041396,appeasement_credit,12.53,service_recovery,2026-04-02 16:53:09.000000000,USD
ADJ0001702,TK0004464,T0041413,refund,7.95,pickup_issue,2026-02-19 17:27:36.000000000,USD
ADJ0001703,TK0004468,T0041444,appeasement_credit,6.99,service_recovery,2026-01-26 10:53:05.000000000,USD
ADJ0001704,TK0004469,T0041458,refund,1.15,trip_status_issue,2026-06-28 21:17:03.000000000,USD
ADJ0001705,TK0004469,T0041458,appeasement_credit,13.45,service_recovery,2026-06-28 21:39:03.000000000,USD
ADJ0001706,TK0004472,T0041497,refund,4.02,payment_issue,2026-03-26 19:45:29.000000000,USD
ADJ0001707,TK0004480,T0041544,refund,6.09,pickup_issue,2026-06-30 06:44:15.000000000,USD
ADJ0001708,TK0004485,T0041618,refund,2.53,cancellation_issue,2026-05-20 05:40:10.000000000,USD
ADJ0001709,TK0004486,T0041625,appeasement_credit,19.63,service_recovery,2026-02-25 23:55:17.000000000,USD
ADJ0001710,TK0004491,T0041697,appeasement_credit,16.76,service_recovery,2026-02-18 19:57:05.000000000,USD
ADJ0001711,TK0004494,T0041785,refund,2.01,pickup_issue,2026-03-20 04:37:45.000000000,USD
ADJ0001712,TK0004495,T0041832,refund,9.43,pickup_issue,2026-06-24 08:48:00.000000000,USD
ADJ0001713,TK0004501,T0041934,refund,7.61,cancellation_issue,2026-04-26 05:14:53.000000000,USD
ADJ0001714,TK0004503,T0041938,appeasement_credit,4.6,service_recovery,2026-04-28 12:55:37.000000000,USD
ADJ0001715,TK0004504,T0041951,refund,1.27,safety_concern,2026-04-11 06:23:26.000000000,USD
ADJ0001716,TK0004505,T0041956,refund,17.03,payment_issue,2026-06-19 19:33:01.000000000,USD
ADJ0001717,TK0004514,T0042041,refund,9.05,payment_issue,2026-02-08 13:29:10.000000000,USD
ADJ0001718,TK0004517,T0042077,refund,2.94,route_issue,2026-02-01 10:16:36.000000000,USD
ADJ0001719,TK0004518,T0042088,appeasement_credit,6.56,service_recovery,2026-04-22 02:34:48.000000000,USD
ADJ0001720,TK0004520,T0042130,refund,4.04,cancellation_issue,2026-06-17 04:22:12.000000000,USD
ADJ0001721,TK0004521,T0042132,refund,2.85,pickup_issue,2026-06-10 09:16:37.000000000,USD
ADJ0001722,TK0004523,T0042147,appeasement_credit,17.17,service_recovery,2026-04-20 20:54:57.000000000,USD
ADJ0001723,TK0004525,T0042161,refund,7.9,pickup_issue,2026-05-13 17:09:25.000000000,USD
ADJ0001724,TK0004525,T0042161,appeasement_credit,17.38,service_recovery,2026-05-13 17:20:25.000000000,USD
ADJ0001725,TK0004526,T0042169,appeasement_credit,7.03,service_recovery,2026-01-06 09:59:06.000000000,USD
ADJ0001726,TK0004527,T0042174,appeasement_credit,10.82,service_recovery,2026-01-29 11:00:25.000000000,USD
ADJ0001727,TK0004528,T0042178,appeasement_credit,13.79,service_recovery,2026-01-03 11:06:49.000000000,USD
ADJ0001728,TK0004529,T0042203,refund,3.6,route_issue,2026-02-21 01:31:12.000000000,USD
ADJ0001729,TK0004531,T0042238,refund,9.13,trip_status_issue,2026-05-24 18:03:05.000000000,USD
ADJ0001730,TK0004532,T0042254,refund,1.59,cancellation_issue,2026-06-24 14:07:49.000000000,USD
ADJ0001731,TK0004536,T0042277,refund,3.11,trip_status_issue,2026-01-04 23:54:42.000000000,USD
ADJ0001732,TK0004540,T0042304,refund,10.59,trip_status_issue,2026-02-05 02:48:32.000000000,USD
ADJ0001733,TK0004540,T0042304,appeasement_credit,17.39,service_recovery,2026-02-05 03:26:32.000000000,USD
ADJ0001734,TK0004542,T0042319,refund,3.01,cancellation_issue,2026-01-25 22:44:02.000000000,USD
ADJ0001735,TK0004543,T0042321,appeasement_credit,6.56,service_recovery,2026-02-02 17:27:52.000000000,USD
ADJ0001736,TK0004550,T0042426,refund,9.83,vehicle_access_issue,2026-04-14 11:51:51.000000000,USD
ADJ0001737,TK0004554,T0042460,refund,2.4,cancellation_issue,2026-05-22 05:39:52.000000000,USD
ADJ0001738,TK0004557,T0042472,refund,9.32,pickup_issue,2026-02-21 09:33:18.000000000,USD
ADJ0001739,TK0004558,T0042485,refund,15.05,payment_issue,2026-01-23 05:48:21.000000000,USD
ADJ0001740,TK0004559,T0042486,refund,2.82,cancellation_issue,2026-03-06 01:19:45.000000000,USD
ADJ0001741,TK0004560,T0042487,refund,5.03,other,2026-03-01 09:29:18.000000000,USD
ADJ0001742,TK0004561,T0042491,refund,19.48,payment_issue,2026-05-02 15:41:08.000000000,USD
ADJ0001743,TK0004563,T0042500,refund,3.93,cancellation_issue,2026-01-22 07:35:50.000000000,USD
ADJ0001744,TK0004563,T0042500,appeasement_credit,17.25,service_recovery,2026-01-22 07:18:50.000000000,USD
ADJ0001745,TK0004566,T0042553,refund,1.57,vehicle_access_issue,2026-04-27 14:44:41.000000000,USD
ADJ0001746,TK0004567,T0042561,refund,1.0,trip_status_issue,2026-03-20 07:37:42.000000000,USD
ADJ0001747,TK0004567,T0042561,appeasement_credit,11.72,service_recovery,2026-03-20 07:53:42.000000000,USD
ADJ0001748,TK0004570,T0042579,appeasement_credit,14.95,service_recovery,2026-05-04 22:19:58.000000000,USD
ADJ0001749,TK0004573,T0042604,refund,1.67,safety_concern,2026-01-26 04:18:21.000000000,USD
ADJ0001750,TK0004573,T0042604,appeasement_credit,17.68,service_recovery,2026-01-26 04:04:21.000000000,USD
ADJ0001751,TK0004575,T0042622,refund,1.95,pickup_issue,2026-02-18 15:45:13.000000000,USD
ADJ0001752,TK0004579,T0042653,refund,5.4,trip_status_issue,2026-05-16 11:25:17.000000000,USD
ADJ0001753,TK0004582,T0042676,refund,4.88,cancellation_issue,2026-03-19 08:55:01.000000000,USD
ADJ0001754,TK0004585,T0042726,refund,4.54,trip_status_issue,2026-06-17 19:45:09.000000000,USD
ADJ0001755,TK0004587,T0042738,appeasement_credit,6.54,service_recovery,2026-03-02 16:41:10.000000000,USD
ADJ0001756,TK0004588,T0042739,refund,4.56,dropoff_issue,2026-04-12 17:28:04.000000000,USD
ADJ0001757,TK0004591,T0042773,refund,7.72,trip_status_issue,2026-03-01 14:37:48.000000000,USD
ADJ0001758,TK0004601,T0042850,appeasement_credit,19.59,service_recovery,2026-01-25 17:15:15.000000000,USD
ADJ0001759,TK0004603,T0042890,refund,0.69,pickup_issue,2026-05-26 16:16:34.000000000,USD
ADJ0001760,TK0004605,T0042924,refund,15.86,trip_status_issue,2026-03-02 03:20:07.000000000,USD
ADJ0001761,TK0004605,T0042924,appeasement_credit,11.45,service_recovery,2026-03-02 03:58:07.000000000,USD
ADJ0001762,TK0004618,T0043027,refund,11.94,dropoff_issue,2026-03-13 01:18:46.000000000,USD
ADJ0001763,TK0004622,T0043100,refund,11.06,cancellation_issue,2026-01-31 02:40:15.000000000,USD
ADJ0001764,TK0004624,T0043132,refund,13.48,payment_issue,2026-01-12 17:34:17.000000000,USD
ADJ0001765,TK0004625,T0043146,refund,3.97,payment_issue,2026-03-08 16:07:03.000000000,USD
ADJ0001766,TK0004628,T0043162,refund,6.98,payment_issue,2026-05-13 01:25:09.000000000,USD
ADJ0001767,TK0004628,T0043162,appeasement_credit,9.37,service_recovery,2026-05-13 01:38:09.000000000,USD
ADJ0001768,TK0004629,T0043164,refund,2.98,cancellation_issue,2026-04-04 02:39:48.000000000,USD
ADJ0001769,TK0004631,T0043175,refund,2.32,cancellation_issue,2026-01-08 12:43:40.000000000,USD
ADJ0001770,TK0004632,T0043177,refund,10.9,vehicle_access_issue,2026-06-12 21:06:57.000000000,USD
ADJ0001771,TK0004632,T0043177,appeasement_credit,18.2,service_recovery,2026-06-12 20:56:57.000000000,USD
ADJ0001772,TK0004633,T0043179,appeasement_credit,12.63,service_recovery,2026-01-21 11:18:23.000000000,USD
ADJ0001773,TK0004634,T0043188,refund,1.07,cancellation_issue,2026-02-12 02:01:34.000000000,USD
ADJ0001774,TK0004641,T0043261,refund,5.1,payment_issue,2026-05-24 10:30:04.000000000,USD
ADJ0001775,TK0004643,T0043275,refund,8.65,trip_status_issue,2026-01-19 02:32:30.000000000,USD
ADJ0001776,TK0004657,T0043387,appeasement_credit,4.54,service_recovery,2026-05-18 21:29:28.000000000,USD
ADJ0001777,TK0004658,T0043389,refund,0.44,pickup_issue,2026-02-22 04:06:27.000000000,USD
ADJ0001778,TK0004659,T0043390,refund,2.19,vehicle_access_issue,2026-04-19 10:48:49.000000000,USD
ADJ0001779,TK0004660,T0043391,refund,4.46,dropoff_issue,2026-03-13 06:50:40.000000000,USD
ADJ0001780,TK0004661,T0043395,refund,2.69,vehicle_access_issue,2026-02-12 12:49:10.000000000,USD
ADJ0001781,TK0004663,T0043417,appeasement_credit,12.62,service_recovery,2026-03-04 05:54:23.000000000,USD
ADJ0001782,TK0004665,T0043421,refund,5.69,vehicle_access_issue,2026-02-21 01:31:24.000000000,USD
ADJ0001783,TK0004666,T0043427,refund,13.82,payment_issue,2026-01-12 19:01:22.000000000,USD
ADJ0001784,TK0004668,T0043436,refund,6.1,cancellation_issue,2026-05-31 03:12:33.000000000,USD
ADJ0001785,TK0004669,T0043437,appeasement_credit,15.99,service_recovery,2026-04-08 03:41:36.000000000,USD
ADJ0001786,TK0004675,T0043476,refund,1.46,cancellation_issue,2026-01-07 12:37:07.000000000,USD
ADJ0001787,TK0004676,T0043478,refund,3.01,trip_status_issue,2026-03-28 01:42:26.000000000,USD
ADJ0001788,TK0004678,T0043504,refund,12.61,payment_issue,2026-02-19 18:46:48.000000000,USD
ADJ0001789,TK0004680,T0043512,refund,5.4,payment_issue,2026-03-01 02:45:44.000000000,USD
ADJ0001790,TK0004687,T0043582,appeasement_credit,10.58,service_recovery,2026-03-28 21:42:39.000000000,USD
ADJ0001791,TK0004688,T0043584,appeasement_credit,9.15,service_recovery,2026-03-22 15:15:45.000000000,USD
ADJ0001792,TK0004693,T0043641,appeasement_credit,4.31,service_recovery,2026-06-21 21:47:17.000000000,USD
ADJ0001793,TK0004694,T0043649,appeasement_credit,12.59,service_recovery,2026-05-28 14:54:46.000000000,USD
ADJ0001794,TK0004699,T0043669,refund,6.71,trip_status_issue,2026-03-12 22:57:48.000000000,USD
ADJ0001795,TK0004711,T0043783,refund,8.69,payment_issue,2026-03-12 04:12:00.000000000,USD
ADJ0001796,TK0004712,T0043786,refund,4.91,route_issue,2026-04-21 14:00:29.000000000,USD
ADJ0001797,TK0004714,T0043803,appeasement_credit,10.67,service_recovery,2026-04-16 09:02:09.000000000,USD
ADJ0001798,TK0004715,T0043807,refund,4.22,payment_issue,2026-06-14 15:00:35.000000000,USD
ADJ0001799,TK0004721,T0043881,refund,1.99,payment_issue,2026-06-29 13:11:53.000000000,USD
ADJ0001800,TK0004731,T0044005,refund,2.28,pickup_issue,2026-02-03 01:48:09.000000000,USD
ADJ0001801,TK0004731,T0044005,appeasement_credit,19.3,service_recovery,2026-02-03 01:15:09.000000000,USD
ADJ0001802,TK0004732,T0044009,refund,8.62,trip_status_issue,2026-06-12 06:58:16.000000000,USD
ADJ0001803,TK0004740,T0044062,refund,8.66,route_issue,2026-05-18 19:44:46.000000000,USD
ADJ0001804,TK0004749,T0044141,refund,16.92,trip_status_issue,2026-01-06 23:57:01.000000000,USD
ADJ0001805,TK0004749,T0044141,appeasement_credit,5.17,service_recovery,2026-01-07 00:01:01.000000000,USD
ADJ0001806,TK0004751,T0044168,refund,8.44,payment_issue,2026-04-18 19:17:52.000000000,USD
ADJ0001807,TK0004752,T0044180,refund,11.65,payment_issue,2026-01-16 03:54:11.000000000,USD
ADJ0001808,TK0004754,T0044232,refund,0.93,vehicle_access_issue,2026-06-24 02:00:30.000000000,USD
ADJ0001809,TK0004754,T0044232,appeasement_credit,17.92,service_recovery,2026-06-24 01:24:30.000000000,USD
ADJ0001810,TK0004755,T0044233,refund,3.72,pickup_issue,2026-01-19 19:29:31.000000000,USD
ADJ0001811,TK0004758,T0044284,appeasement_credit,6.31,service_recovery,2026-01-11 21:52:26.000000000,USD
ADJ0001812,TK0004759,T0044300,refund,4.75,route_issue,2026-02-10 23:47:49.000000000,USD
ADJ0001813,TK0004760,T0044306,refund,6.56,route_issue,2026-05-02 00:14:37.000000000,USD
ADJ0001814,TK0004764,T0044348,refund,3.73,cancellation_issue,2026-01-05 20:31:31.000000000,USD
ADJ0001815,TK0004765,T0044352,refund,6.72,payment_issue,2026-02-25 01:09:41.000000000,USD
ADJ0001816,TK0004771,T0044443,appeasement_credit,7.07,service_recovery,2026-04-07 12:43:15.000000000,USD
ADJ0001817,TK0004774,T0044466,refund,1.32,trip_status_issue,2026-05-01 18:47:40.000000000,USD
ADJ0001818,TK0004775,T0044483,refund,15.42,payment_issue,2026-06-24 23:56:19.000000000,USD
ADJ0001819,TK0004781,T0044523,refund,12.91,cancellation_issue,2026-05-28 16:03:37.000000000,USD
ADJ0001820,TK0004782,T0044538,appeasement_credit,8.41,service_recovery,2026-06-25 11:28:55.000000000,USD
ADJ0001821,TK0004784,T0044587,refund,0.86,payment_issue,2026-02-06 09:54:12.000000000,USD
ADJ0001822,TK0004785,T0044595,refund,5.09,pickup_issue,2026-03-31 20:20:11.000000000,USD
ADJ0001823,TK0004791,T0044640,refund,7.51,pickup_issue,2026-05-18 19:26:59.000000000,USD
ADJ0001824,TK0004793,T0044670,refund,8.63,route_issue,2026-05-15 12:54:36.000000000,USD
ADJ0001825,TK0004793,T0044670,appeasement_credit,10.11,service_recovery,2026-05-15 12:34:36.000000000,USD
ADJ0001826,TK0004794,T0044675,refund,11.05,cancellation_issue,2026-02-16 09:07:13.000000000,USD
ADJ0001827,TK0004804,T0044751,refund,2.86,cancellation_issue,2026-01-19 05:32:45.000000000,USD
ADJ0001828,TK0004805,T0044758,refund,7.22,payment_issue,2026-05-30 04:44:00.000000000,USD
ADJ0001829,TK0004806,T0044761,refund,12.0,payment_issue,2026-03-31 14:13:21.000000000,USD
ADJ0001830,TK0004807,T0044766,appeasement_credit,6.32,service_recovery,2026-03-18 21:37:23.000000000,USD
ADJ0001831,TK0004813,T0044823,refund,5.51,route_issue,2026-01-03 01:30:01.000000000,USD
ADJ0001832,TK0004814,T0044824,refund,7.03,payment_issue,2026-03-17 15:51:07.000000000,USD
ADJ0001833,TK0004816,T0044869,refund,13.98,dropoff_issue,2026-01-08 06:06:42.000000000,USD
ADJ0001834,TK0004816,T0044869,appeasement_credit,5.06,service_recovery,2026-01-08 06:15:42.000000000,USD
ADJ0001835,TK0004817,T0044874,appeasement_credit,16.26,service_recovery,2026-05-22 02:44:24.000000000,USD
ADJ0001836,TK0004818,T0044875,refund,4.64,cancellation_issue,2026-03-25 23:13:39.000000000,USD
ADJ0001837,TK0004819,T0044887,appeasement_credit,11.91,service_recovery,2026-01-19 02:54:11.000000000,USD
ADJ0001838,TK0004821,T0044902,refund,1.25,cancellation_issue,2026-01-29 12:23:29.000000000,USD
ADJ0001839,TK0004822,T0044907,refund,3.22,cancellation_issue,2026-04-29 14:53:25.000000000,USD
ADJ0001840,TK0004829,T0044946,refund,2.16,cancellation_issue,2026-03-26 16:08:26.000000000,USD
ADJ0001841,TK0004832,T0044972,refund,7.37,payment_issue,2026-05-01 16:33:55.000000000,USD
ADJ0001842,TK0004833,T0044977,refund,2.31,safety_concern,2026-03-29 19:36:22.000000000,USD
ADJ0001843,TK0004834,T0044979,refund,2.02,trip_status_issue,2026-03-08 22:47:00.000000000,USD
ADJ0001844,TK0004834,T0044979,appeasement_credit,3.05,service_recovery,2026-03-08 23:19:00.000000000,USD
ADJ0001845,TK0004835,T0044984,refund,8.99,cancellation_issue,2026-01-19 18:05:34.000000000,USD
ADJ0001846,TK0004839,T0045019,refund,2.54,pickup_issue,2026-05-22 16:41:29.000000000,USD
ADJ0001847,TK0004840,T0045021,appeasement_credit,8.25,service_recovery,2026-01-24 00:11:14.000000000,USD
ADJ0001848,TK0004842,T0045027,refund,6.7,payment_issue,2026-04-05 00:21:48.000000000,USD
ADJ0001849,TK0004843,T0045032,appeasement_credit,14.6,service_recovery,2026-05-25 18:37:32.000000000,USD
ADJ0001850,TK0004844,T0045046,appeasement_credit,12.49,service_recovery,2026-03-09 07:43:09.000000000,USD
ADJ0001851,TK0004847,T0045086,refund,4.58,route_issue,2026-05-06 09:50:30.000000000,USD
ADJ0001852,TK0004848,T0045094,refund,12.6,trip_status_issue,2026-01-20 23:30:17.000000000,USD
ADJ0001853,TK0004848,T0045094,appeasement_credit,5.03,service_recovery,2026-01-20 23:40:17.000000000,USD
ADJ0001854,TK0004851,T0045131,appeasement_credit,14.03,service_recovery,2026-01-16 21:16:06.000000000,USD
ADJ0001855,TK0004855,T0045149,refund,2.78,pickup_issue,2026-03-13 02:50:59.000000000,USD
ADJ0001856,TK0004861,T0045230,appeasement_credit,3.43,service_recovery,2026-06-22 08:52:37.000000000,USD
ADJ0001857,TK0004863,T0045239,refund,12.22,payment_issue,2026-01-22 01:00:45.000000000,USD
ADJ0001858,TK0004866,T0045262,appeasement_credit,4.09,service_recovery,2026-05-29 15:00:46.000000000,USD
ADJ0001859,TK0004869,T0045287,refund,20.75,payment_issue,2026-04-06 10:59:22.000000000,USD
ADJ0001860,TK0004871,T0045302,refund,2.58,cancellation_issue,2026-04-12 05:44:09.000000000,USD
ADJ0001861,TK0004875,T0045328,refund,5.38,vehicle_access_issue,2026-06-02 12:27:53.000000000,USD
ADJ0001862,TK0004877,T0045339,refund,1.64,payment_issue,2026-01-27 22:55:53.000000000,USD
ADJ0001863,TK0004879,T0045389,refund,15.68,payment_issue,2026-04-02 20:36:43.000000000,USD
ADJ0001864,TK0004881,T0045441,refund,15.36,payment_issue,2026-04-06 23:39:31.000000000,USD
ADJ0001865,TK0004885,T0045452,refund,1.42,trip_status_issue,2026-02-25 00:25:08.000000000,USD
ADJ0001866,TK0004887,T0045470,refund,1.47,cancellation_issue,2026-04-06 22:23:05.000000000,USD
ADJ0001867,TK0004889,T0045473,refund,6.63,trip_status_issue,2026-01-10 17:10:07.000000000,USD
ADJ0001868,TK0004889,T0045473,appeasement_credit,16.49,service_recovery,2026-01-10 17:36:07.000000000,USD
ADJ0001869,TK0004892,T0045567,appeasement_credit,9.8,service_recovery,2026-04-28 02:43:02.000000000,USD
ADJ0001870,TK0004902,T0045644,appeasement_credit,8.33,service_recovery,2026-02-10 08:59:37.000000000,USD
ADJ0001871,TK0004904,T0045666,refund,5.43,payment_issue,2026-01-24 05:28:09.000000000,USD
ADJ0001872,TK0004906,T0045701,refund,9.37,payment_issue,2026-06-07 18:00:52.000000000,USD
ADJ0001873,TK0004907,T0045716,refund,6.05,payment_issue,2026-02-12 21:38:58.000000000,USD
ADJ0001874,TK0004918,T0045786,refund,6.86,route_issue,2026-01-09 09:52:49.000000000,USD
ADJ0001875,TK0004919,T0045787,refund,2.6,safety_concern,2026-02-16 10:52:06.000000000,USD
ADJ0001876,TK0004921,T0045800,refund,8.2,trip_status_issue,2026-04-18 11:09:22.000000000,USD
ADJ0001877,TK0004921,T0045800,appeasement_credit,9.4,service_recovery,2026-04-18 12:19:22.000000000,USD
ADJ0001878,TK0004928,T0045878,refund,3.61,pickup_issue,2026-05-04 07:27:35.000000000,USD
ADJ0001879,TK0004933,T0045933,refund,13.2,pickup_issue,2026-03-06 08:20:13.000000000,USD
ADJ0001880,TK0004934,T0045946,appeasement_credit,14.29,service_recovery,2026-05-03 22:03:17.000000000,USD
ADJ0001881,TK0004935,T0045948,refund,6.6,pickup_issue,2026-05-05 16:34:26.000000000,USD
ADJ0001882,TK0004936,T0045963,refund,8.31,payment_issue,2026-01-09 23:28:02.000000000,USD
ADJ0001883,TK0004940,T0045992,refund,13.5,cancellation_issue,2026-06-24 22:51:05.000000000,USD
ADJ0001884,TK0004941,T0046000,appeasement_credit,4.95,service_recovery,2026-02-21 18:06:57.000000000,USD
ADJ0001885,TK0004942,T0046021,appeasement_credit,8.78,service_recovery,2026-01-25 23:41:59.000000000,USD
ADJ0001886,TK0004944,T0046034,refund,1.92,pickup_issue,2026-01-20 00:44:43.000000000,USD
ADJ0001887,TK0004945,T0046039,refund,3.18,trip_status_issue,2026-05-17 23:59:13.000000000,USD
ADJ0001888,TK0004946,T0046045,refund,5.7,dropoff_issue,2026-01-20 13:57:04.000000000,USD
ADJ0001889,TK0004949,T0046068,refund,2.98,vehicle_access_issue,2026-03-17 14:51:00.000000000,USD
ADJ0001890,TK0004950,T0046079,refund,3.96,pickup_issue,2026-03-29 21:31:17.000000000,USD
ADJ0001891,TK0004952,T0046094,refund,1.1,cancellation_issue,2026-04-13 07:21:44.000000000,USD
ADJ0001892,TK0004957,T0046113,refund,2.37,pickup_issue,2026-01-17 05:33:15.000000000,USD
ADJ0001893,TK0004958,T0046116,appeasement_credit,5.79,service_recovery,2026-05-20 13:43:38.000000000,USD
ADJ0001894,TK0004959,T0046123,appeasement_credit,12.74,service_recovery,2026-04-06 12:49:28.000000000,USD
ADJ0001895,TK0004961,T0046141,refund,4.24,cancellation_issue,2026-03-05 13:00:52.000000000,USD
ADJ0001896,TK0004964,T0046175,refund,9.19,route_issue,2026-04-23 03:59:43.000000000,USD
ADJ0001897,TK0004967,T0046220,refund,10.46,trip_status_issue,2026-03-27 06:06:40.000000000,USD
ADJ0001898,TK0004968,T0046228,refund,14.24,vehicle_access_issue,2026-04-10 23:32:34.000000000,USD
ADJ0001899,TK0004971,T0046249,refund,7.17,payment_issue,2026-01-23 11:34:46.000000000,USD
ADJ0001900,TK0004977,T0046329,refund,11.87,dropoff_issue,2026-05-16 16:40:53.000000000,USD
ADJ0001901,TK0004978,T0046340,refund,4.1,pickup_issue,2026-02-21 15:52:10.000000000,USD
ADJ0001902,TK0004983,T0046376,refund,3.65,pickup_issue,2026-06-27 19:28:10.000000000,USD
ADJ0001903,TK0004985,T0046415,appeasement_credit,6.66,service_recovery,2026-01-26 23:51:21.000000000,USD
ADJ0001904,TK0004988,T0046444,refund,9.28,vehicle_access_issue,2026-02-03 08:39:16.000000000,USD
ADJ0001905,TK0004991,T0046499,refund,12.19,dropoff_issue,2026-03-17 07:54:10.000000000,USD
ADJ0001906,TK0004996,T0046532,appeasement_credit,11.61,service_recovery,2026-05-10 03:17:09.000000000,USD
ADJ0001907,TK0005000,T0046588,refund,3.06,pickup_issue,2026-03-23 15:24:52.000000000,USD
ADJ0001908,TK0005002,T0046629,appeasement_credit,5.54,service_recovery,2026-03-03 06:46:58.000000000,USD
ADJ0001909,TK0005004,T0046647,refund,7.26,trip_status_issue,2026-05-08 15:35:53.000000000,USD
ADJ0001910,TK0005004,T0046647,appeasement_credit,9.22,service_recovery,2026-05-08 16:34:53.000000000,USD
ADJ0001911,TK0005007,T0046660,refund,2.35,dropoff_issue,2026-05-16 06:24:49.000000000,USD
ADJ0001912,TK0005008,T0046671,refund,2.6,trip_status_issue,2026-03-20 18:02:56.000000000,USD
ADJ0001913,TK0005009,T0046675,refund,5.31,trip_status_issue,2026-04-23 02:43:38.000000000,USD
ADJ0001914,TK0005009,T0046675,appeasement_credit,3.49,service_recovery,2026-04-23 02:22:38.000000000,USD
ADJ0001915,TK0005012,T0046715,appeasement_credit,14.42,service_recovery,2026-02-17 13:18:30.000000000,USD
ADJ0001916,TK0005013,T0046719,appeasement_credit,16.57,service_recovery,2026-02-26 19:47:03.000000000,USD
ADJ0001917,TK0005016,T0046743,appeasement_credit,13.08,service_recovery,2026-01-05 07:04:23.000000000,USD
ADJ0001918,TK0005018,T0046761,refund,5.18,dropoff_issue,2026-03-18 18:56:18.000000000,USD
ADJ0001919,TK0005021,T0046780,refund,6.53,pickup_issue,2026-06-01 21:02:33.000000000,USD
ADJ0001920,TK0005029,T0046864,refund,2.08,cancellation_issue,2026-05-28 06:43:16.000000000,USD
ADJ0001921,TK0005029,T0046864,appeasement_credit,10.21,service_recovery,2026-05-28 07:47:16.000000000,USD
ADJ0001922,TK0005034,T0046900,refund,2.14,payment_issue,2026-01-16 06:39:42.000000000,USD
ADJ0001923,TK0005037,T0046922,refund,9.67,payment_issue,2026-01-17 19:51:40.000000000,USD
ADJ0001924,TK0005041,T0046988,appeasement_credit,19.26,service_recovery,2026-04-17 01:44:32.000000000,USD
ADJ0001925,TK0005042,T0047003,refund,3.56,safety_concern,2026-04-16 09:17:17.000000000,USD
ADJ0001926,TK0005046,T0047028,refund,3.03,pickup_issue,2026-06-16 00:18:15.000000000,USD
ADJ0001927,TK0005047,T0047056,refund,8.57,payment_issue,2026-06-10 19:20:08.000000000,USD
ADJ0001928,TK0005050,T0047094,refund,2.44,vehicle_access_issue,2026-05-14 06:20:41.000000000,USD
ADJ0001929,TK0005054,T0047115,refund,2.93,route_issue,2026-06-19 23:26:13.000000000,USD
ADJ0001930,TK0005059,T0047174,refund,2.54,cancellation_issue,2026-02-27 21:27:30.000000000,USD
ADJ0001931,TK0005061,T0047226,appeasement_credit,5.82,service_recovery,2026-05-30 01:28:25.000000000,USD
ADJ0001932,TK0005065,T0047271,refund,14.19,route_issue,2026-02-01 04:12:46.000000000,USD
ADJ0001933,TK0005069,T0047343,refund,2.02,route_issue,2026-01-10 08:11:47.000000000,USD
ADJ0001934,TK0005076,T0047387,refund,2.31,route_issue,2026-06-22 04:49:10.000000000,USD
ADJ0001935,TK0005079,T0047423,refund,7.19,trip_status_issue,2026-03-10 12:48:16.000000000,USD
ADJ0001936,TK0005081,T0047434,appeasement_credit,3.32,service_recovery,2026-05-06 13:29:49.000000000,USD
ADJ0001937,TK0005083,T0047438,appeasement_credit,8.23,service_recovery,2026-02-14 17:29:16.000000000,USD
ADJ0001938,TK0005085,T0047471,refund,10.86,dropoff_issue,2026-02-15 03:13:52.000000000,USD
ADJ0001939,TK0005087,T0047478,refund,0.96,safety_concern,2026-05-18 14:06:58.000000000,USD
ADJ0001940,TK0005087,T0047478,appeasement_credit,11.61,service_recovery,2026-05-18 13:32:58.000000000,USD
ADJ0001941,TK0005089,T0047481,refund,8.51,cancellation_issue,2026-03-12 05:13:29.000000000,USD
ADJ0001942,TK0005089,T0047481,appeasement_credit,4.3,service_recovery,2026-03-12 06:10:29.000000000,USD
ADJ0001943,TK0005090,T0047496,refund,6.02,vehicle_access_issue,2026-03-28 20:17:54.000000000,USD
ADJ0001944,TK0005091,T0047497,refund,3.88,vehicle_access_issue,2026-04-07 05:38:00.000000000,USD
ADJ0001945,TK0005092,T0047502,appeasement_credit,15.77,service_recovery,2026-06-25 06:53:28.000000000,USD
ADJ0001946,TK0005093,T0047503,appeasement_credit,10.3,service_recovery,2026-05-08 11:33:23.000000000,USD
ADJ0001947,TK0005095,T0047528,refund,11.2,trip_status_issue,2026-02-07 20:22:19.000000000,USD
ADJ0001948,TK0005099,T0047545,refund,6.04,payment_issue,2026-03-21 17:12:22.000000000,USD
ADJ0001949,TK0005103,T0047568,refund,1.63,payment_issue,2026-05-16 02:32:26.000000000,USD
ADJ0001950,TK0005104,T0047585,refund,2.73,pickup_issue,2026-01-09 21:53:28.000000000,USD
ADJ0001951,TK0005107,T0047614,refund,8.44,trip_status_issue,2026-05-12 06:02:13.000000000,USD
ADJ0001952,TK0005110,T0047687,refund,1.51,vehicle_access_issue,2026-01-18 12:29:17.000000000,USD
ADJ0001953,TK0005110,T0047687,appeasement_credit,5.38,service_recovery,2026-01-18 11:50:17.000000000,USD
ADJ0001954,TK0005118,T0047791,refund,4.52,safety_concern,2026-06-26 11:38:39.000000000,USD
ADJ0001955,TK0005119,T0047796,refund,1.6,pickup_issue,2026-03-12 15:55:55.000000000,USD
ADJ0001956,TK0005120,T0047826,refund,6.86,pickup_issue,2026-06-16 07:35:43.000000000,USD
ADJ0001957,TK0005123,T0047834,refund,2.03,pickup_issue,2026-02-13 16:12:40.000000000,USD
ADJ0001958,TK0005129,T0047922,refund,3.02,payment_issue,2026-03-12 21:11:55.000000000,USD
ADJ0001959,TK0005130,T0047933,refund,11.22,other,2026-01-21 10:19:52.000000000,USD
ADJ0001960,TK0005135,T0047963,refund,18.93,payment_issue,2026-01-30 06:35:43.000000000,USD
ADJ0001961,TK0005142,T0047996,refund,12.82,trip_status_issue,2026-01-21 16:18:15.000000000,USD
ADJ0001962,TK0005144,T0048009,refund,12.72,safety_concern,2026-01-09 07:00:27.000000000,USD
ADJ0001963,TK0005146,T0048024,refund,22.74,route_issue,2026-01-02 01:29:19.000000000,USD
ADJ0001964,TK0005147,T0048026,refund,13.88,pickup_issue,2026-06-10 23:45:53.000000000,USD
ADJ0001965,TK0005148,T0048040,refund,8.41,payment_issue,2026-05-25 17:20:05.000000000,USD
ADJ0001966,TK0005150,T0048078,refund,3.54,safety_concern,2026-03-06 08:58:48.000000000,USD
ADJ0001967,TK0005151,T0048084,appeasement_credit,13.88,service_recovery,2026-05-02 19:21:35.000000000,USD
ADJ0001968,TK0005153,T0048113,refund,11.44,route_issue,2026-04-15 23:33:39.000000000,USD
ADJ0001969,TK0005157,T0048127,refund,2.61,cancellation_issue,2026-04-06 08:33:35.000000000,USD
ADJ0001970,TK0005158,T0048128,refund,3.13,vehicle_access_issue,2026-02-25 03:59:42.000000000,USD
ADJ0001971,TK0005159,T0048129,appeasement_credit,17.69,service_recovery,2026-06-03 16:38:14.000000000,USD
ADJ0001972,TK0005160,T0048131,refund,3.85,pickup_issue,2026-01-08 20:39:53.000000000,USD
ADJ0001973,TK0005160,T0048131,appeasement_credit,16.56,service_recovery,2026-01-08 20:31:53.000000000,USD
ADJ0001974,TK0005163,T0048172,refund,1.93,cancellation_issue,2026-06-24 02:46:00.000000000,USD
ADJ0001975,TK0005164,T0048177,refund,7.48,route_issue,2026-02-27 00:46:41.000000000,USD
ADJ0001976,TK0005165,T0048180,refund,7.36,payment_issue,2026-04-10 18:49:55.000000000,USD
ADJ0001977,TK0005166,T0048197,refund,17.5,payment_issue,2026-04-20 05:55:00.000000000,USD
ADJ0001978,TK0005167,T0048206,refund,15.3,safety_concern,2026-01-20 22:05:01.000000000,USD
ADJ0001979,TK0005168,T0048207,refund,1.75,safety_concern,2026-02-08 06:24:45.000000000,USD
ADJ0001980,TK0005171,T0048231,refund,5.89,safety_concern,2026-05-24 01:57:33.000000000,USD
ADJ0001981,TK0005172,T0048234,refund,3.78,pickup_issue,2026-05-09 23:09:36.000000000,USD
ADJ0001982,TK0005175,T0048272,appeasement_credit,4.92,service_recovery,2026-01-09 07:32:17.000000000,USD
ADJ0001983,TK0005177,T0048288,refund,9.4,trip_status_issue,2026-05-23 07:21:22.000000000,USD
ADJ0001984,TK0005179,T0048304,appeasement_credit,15.56,service_recovery,2026-03-24 23:07:03.000000000,USD
ADJ0001985,TK0005182,T0048342,refund,8.65,payment_issue,2026-02-06 11:04:51.000000000,USD
ADJ0001986,TK0005183,T0048358,refund,1.95,cancellation_issue,2026-01-26 17:34:56.000000000,USD
ADJ0001987,TK0005185,T0048391,appeasement_credit,17.94,service_recovery,2026-03-27 15:36:40.000000000,USD
ADJ0001988,TK0005188,T0048441,refund,2.77,safety_concern,2026-02-02 16:06:43.000000000,USD
ADJ0001989,TK0005190,T0048460,refund,1.72,cancellation_issue,2026-04-21 01:00:57.000000000,USD
ADJ0001990,TK0005191,T0048469,refund,12.08,pickup_issue,2026-01-24 19:57:40.000000000,USD
ADJ0001991,TK0005192,T0048495,refund,9.79,payment_issue,2026-01-05 21:36:58.000000000,USD
ADJ0001992,TK0005200,T0048533,refund,5.66,cancellation_issue,2026-03-14 11:21:29.000000000,USD
ADJ0001993,TK0005205,T0048557,refund,5.74,cancellation_issue,2026-06-28 07:49:23.000000000,USD
ADJ0001994,TK0005205,T0048557,appeasement_credit,19.39,service_recovery,2026-06-28 08:08:23.000000000,USD
ADJ0001995,TK0005206,T0048558,refund,5.98,trip_status_issue,2026-06-02 00:27:06.000000000,USD
ADJ0001996,TK0005206,T0048558,appeasement_credit,15.35,service_recovery,2026-06-02 01:17:06.000000000,USD
ADJ0001997,TK0005208,T0048591,refund,3.49,payment_issue,2026-01-23 16:32:29.000000000,USD
ADJ0001998,TK0005212,T0048658,refund,2.51,lost_item,2026-05-15 13:21:37.000000000,USD
ADJ0001999,TK0005215,T0048674,refund,2.13,pickup_issue,2026-03-22 19:18:33.000000000,USD
ADJ0002000,TK0005215,T0048674,appeasement_credit,6.83,service_recovery,2026-03-22 19:32:33.000000000,USD
ADJ0002001,TK0005217,T0048690,refund,2.56,cancellation_issue,2026-01-16 22:22:46.000000000,USD
ADJ0002002,TK0005220,T0048700,refund,5.41,vehicle_access_issue,2026-05-13 11:19:39.000000000,USD
ADJ0002003,TK0005223,T0048725,refund,1.52,cancellation_issue,2026-04-27 17:52:13.000000000,USD
ADJ0002004,TK0005229,T0048802,refund,5.39,trip_status_issue,2026-02-17 19:22:46.000000000,USD
ADJ0002005,TK0005231,T0048824,refund,5.91,pickup_issue,2026-01-15 05:09:18.000000000,USD
ADJ0002006,TK0005232,T0048828,appeasement_credit,14.2,service_recovery,2026-01-10 19:35:28.000000000,USD
ADJ0002007,TK0005235,T0048851,refund,10.51,pickup_issue,2026-02-03 07:23:56.000000000,USD
ADJ0002008,TK0005246,T0049032,appeasement_credit,9.14,service_recovery,2026-04-30 00:39:39.000000000,USD
ADJ0002009,TK0005247,T0049044,appeasement_credit,16.06,service_recovery,2026-03-07 02:06:56.000000000,USD
ADJ0002010,TK0005251,T0049093,refund,12.87,payment_issue,2026-03-06 13:59:32.000000000,USD
ADJ0002011,TK0005255,T0049166,refund,6.78,pickup_issue,2026-06-23 19:52:32.000000000,USD
ADJ0002012,TK0005260,T0049221,refund,8.56,payment_issue,2026-02-05 02:44:21.000000000,USD
ADJ0002013,TK0005264,T0049269,refund,7.13,pickup_issue,2026-02-19 21:46:09.000000000,USD
ADJ0002014,TK0005265,T0049285,refund,12.46,payment_issue,2026-05-26 03:39:56.000000000,USD
ADJ0002015,TK0005266,T0049296,appeasement_credit,7.13,service_recovery,2026-02-25 01:58:37.000000000,USD
ADJ0002016,TK0005268,T0049331,refund,1.41,safety_concern,2026-06-12 03:28:51.000000000,USD
ADJ0002017,TK0005269,T0049337,refund,1.49,pickup_issue,2026-05-14 06:19:54.000000000,USD
ADJ0002018,TK0005271,T0049351,appeasement_credit,5.02,service_recovery,2026-05-29 16:48:08.000000000,USD
ADJ0002019,TK0005276,T0049395,appeasement_credit,9.33,service_recovery,2026-05-07 15:19:40.000000000,USD
ADJ0002020,TK0005277,T0049430,refund,4.04,safety_concern,2026-06-13 11:21:22.000000000,USD
ADJ0002021,TK0005279,T0049445,refund,10.1,payment_issue,2026-05-13 16:32:42.000000000,USD
ADJ0002022,TK0005281,T0049477,appeasement_credit,19.21,service_recovery,2026-01-03 14:52:19.000000000,USD
ADJ0002023,TK0005282,T0049487,refund,2.62,pickup_issue,2026-05-07 00:29:34.000000000,USD
ADJ0002024,TK0005283,T0049489,refund,8.18,payment_issue,2026-04-17 18:06:04.000000000,USD
ADJ0002025,TK0005287,T0049552,refund,6.2,pickup_issue,2026-06-23 10:05:31.000000000,USD
ADJ0002026,TK0005290,T0049580,refund,1.66,vehicle_access_issue,2026-06-07 08:12:39.000000000,USD
ADJ0002027,TK0005300,T0049703,refund,1.97,cancellation_issue,2026-03-28 04:29:15.000000000,USD
ADJ0002028,TK0005303,T0049734,refund,17.76,trip_status_issue,2026-05-10 18:58:16.000000000,USD
ADJ0002029,TK0005304,T0049735,refund,3.41,dropoff_issue,2026-05-11 11:24:01.000000000,USD
ADJ0002030,TK0005309,T0049766,refund,4.54,pickup_issue,2026-06-15 22:59:55.000000000,USD
ADJ0002031,TK0005310,T0049767,refund,2.67,route_issue,2026-01-06 11:28:13.000000000,USD
ADJ0002032,TK0005318,T0049828,refund,4.05,trip_status_issue,2026-06-12 20:52:53.000000000,USD
ADJ0002033,TK0005318,T0049828,appeasement_credit,5.58,service_recovery,2026-06-12 22:02:53.000000000,USD
ADJ0002034,TK0005319,T0049832,refund,9.29,dropoff_issue,2026-06-09 12:14:44.000000000,USD
ADJ0002035,TK0005319,T0049832,appeasement_credit,17.92,service_recovery,2026-06-09 13:04:44.000000000,USD
ADJ0002036,TK0005324,T0049877,refund,0.87,trip_status_issue,2026-06-09 16:11:33.000000000,USD
ADJ0002037,TK0005326,T0049916,refund,2.51,cancellation_issue,2026-02-05 10:21:33.000000000,USD
ADJ0002038,TK0005326,T0049916,appeasement_credit,7.63,service_recovery,2026-02-05 10:17:33.000000000,USD
ADJ0002039,TK0005328,T0049924,refund,2.5,dropoff_issue,2026-02-08 22:34:35.000000000,USD
ADJ0002040,TK0005334,T0049991,refund,2.44,pickup_issue,2026-04-13 06:50:33.000000000,USD
ADJ0002041,TK0005334,T0049991,appeasement_credit,15.89,service_recovery,2026-04-13 06:37:33.000000000,USD
ADJ0002042,TK0005336,T0050012,refund,2.63,cancellation_issue,2026-03-01 03:30:57.000000000,USD
ADJ0002043,TK0005337,T0050019,refund,15.95,pickup_issue,2026-03-17 00:50:57.000000000,USD
ADJ0002044,TK0005340,T0050035,refund,2.21,payment_issue,2026-03-28 04:20:47.000000000,USD
ADJ0002045,TK0005341,T0050041,appeasement_credit,7.6,service_recovery,2026-04-06 10:25:02.000000000,USD
ADJ0002046,TK0005343,T0050062,refund,3.15,payment_issue,2026-03-18 09:11:18.000000000,USD
ADJ0002047,TK0005343,T0050062,appeasement_credit,11.51,service_recovery,2026-03-18 08:50:18.000000000,USD
ADJ0002048,TK0005344,T0050077,refund,4.45,route_issue,2026-06-27 10:17:02.000000000,USD
ADJ0002049,TK0005346,T0050101,appeasement_credit,7.27,service_recovery,2026-06-30 11:53:15.000000000,USD
ADJ0002050,TK0005347,T0050107,refund,3.92,cancellation_issue,2026-04-15 05:08:58.000000000,USD
ADJ0002051,TK0005347,T0050107,appeasement_credit,16.22,service_recovery,2026-04-15 05:47:58.000000000,USD
ADJ0002052,TK0005348,T0050110,refund,6.99,safety_concern,2026-05-22 04:57:22.000000000,USD
ADJ0002053,TK0005352,T0050131,refund,3.43,safety_concern,2026-02-18 05:32:36.000000000,USD
ADJ0002054,TK0005353,T0050137,refund,3.67,payment_issue,2026-03-03 03:26:02.000000000,USD
ADJ0002055,TK0005354,T0050139,appeasement_credit,14.48,service_recovery,2026-04-21 23:56:30.000000000,USD
ADJ0002056,TK0005356,T0050162,refund,18.77,payment_issue,2026-03-18 06:07:16.000000000,USD
ADJ0002057,TK0005358,T0050166,refund,9.16,safety_concern,2026-03-20 16:11:31.000000000,USD
ADJ0002058,TK0005361,T0050188,refund,15.35,payment_issue,2026-02-20 12:40:29.000000000,USD
ADJ0002059,TK0005364,T0050203,refund,9.71,payment_issue,2026-05-02 01:30:48.000000000,USD
ADJ0002060,TK0005366,T0050247,refund,3.62,dropoff_issue,2026-04-30 05:24:47.000000000,USD
ADJ0002061,TK0005367,T0050254,refund,9.43,payment_issue,2026-04-22 01:56:27.000000000,USD
ADJ0002062,TK0005369,T0050281,refund,7.17,dropoff_issue,2026-04-05 03:47:04.000000000,USD
ADJ0002063,TK0005378,T0050381,refund,17.43,cancellation_issue,2026-02-19 05:53:18.000000000,USD
ADJ0002064,TK0005383,T0050430,refund,10.25,safety_concern,2026-01-21 12:32:09.000000000,USD
ADJ0002065,TK0005383,T0050430,appeasement_credit,16.88,service_recovery,2026-01-21 12:44:09.000000000,USD
ADJ0002066,TK0005384,T0050437,refund,9.2,cancellation_issue,2026-06-11 05:36:42.000000000,USD
ADJ0002067,TK0005387,T0050522,refund,1.87,pickup_issue,2026-03-12 15:45:26.000000000,USD
ADJ0002068,TK0005388,T0050531,refund,7.46,payment_issue,2026-01-15 16:09:12.000000000,USD
ADJ0002069,TK0005389,T0050541,refund,8.28,payment_issue,2026-01-06 06:27:27.000000000,USD
ADJ0002070,TK0005392,T0050568,refund,9.63,dropoff_issue,2026-06-05 09:47:43.000000000,USD
ADJ0002071,TK0005403,T0050654,refund,8.41,cancellation_issue,2026-02-26 06:24:48.000000000,USD
ADJ0002072,TK0005404,T0050662,refund,4.39,trip_status_issue,2026-05-24 08:41:04.000000000,USD
ADJ0002073,TK0005404,T0050662,appeasement_credit,18.68,service_recovery,2026-05-24 08:53:04.000000000,USD
ADJ0002074,TK0005407,T0050679,refund,4.51,pickup_issue,2026-03-01 07:03:08.000000000,USD
ADJ0002075,TK0005416,T0050753,refund,3.19,vehicle_access_issue,2026-03-09 21:50:35.000000000,USD
ADJ0002076,TK0005418,T0050780,appeasement_credit,17.02,service_recovery,2026-01-08 03:11:45.000000000,USD
ADJ0002077,TK0005424,T0050857,refund,11.9,payment_issue,2026-03-06 00:22:54.000000000,USD
ADJ0002078,TK0005425,T0050869,appeasement_credit,4.45,service_recovery,2026-04-30 02:22:04.000000000,USD
ADJ0002079,TK0005432,T0050911,refund,5.7,payment_issue,2026-06-04 03:03:31.000000000,USD
ADJ0002080,TK0005433,T0050926,refund,2.17,safety_concern,2026-03-23 07:11:11.000000000,USD
ADJ0002081,TK0005435,T0050948,appeasement_credit,9.12,service_recovery,2026-02-11 09:29:51.000000000,USD
ADJ0002082,TK0005439,T0050985,appeasement_credit,8.39,service_recovery,2026-02-02 02:29:27.000000000,USD
ADJ0002083,TK0005443,T0051032,appeasement_credit,13.32,service_recovery,2026-02-21 02:19:08.000000000,USD
ADJ0002084,TK0005445,T0051047,refund,2.39,cancellation_issue,2026-03-24 23:12:17.000000000,USD
ADJ0002085,TK0005447,T0051086,refund,1.15,pickup_issue,2026-06-17 08:13:34.000000000,USD
ADJ0002086,TK0005450,T0051106,refund,2.04,lost_item,2026-04-02 08:44:12.000000000,USD
ADJ0002087,TK0005452,T0051125,refund,6.8,payment_issue,2026-01-29 09:45:11.000000000,USD
ADJ0002088,TK0005454,T0051128,appeasement_credit,6.03,service_recovery,2026-05-18 10:06:39.000000000,USD
ADJ0002089,TK0005460,T0051258,refund,5.35,pickup_issue,2026-06-30 01:25:47.000000000,USD
ADJ0002090,TK0005461,T0051282,refund,8.79,dropoff_issue,2026-02-22 11:14:27.000000000,USD
ADJ0002091,TK0005466,T0051329,refund,4.23,trip_status_issue,2026-04-16 14:16:30.000000000,USD
ADJ0002092,TK0005471,T0051365,refund,5.96,payment_issue,2026-03-08 16:24:29.000000000,USD
ADJ0002093,TK0005472,T0051367,refund,6.11,route_issue,2026-01-28 07:41:18.000000000,USD
ADJ0002094,TK0005475,T0051404,refund,0.94,payment_issue,2026-05-29 13:36:55.000000000,USD
ADJ0002095,TK0005477,T0051423,refund,6.19,payment_issue,2026-04-25 16:56:11.000000000,USD
ADJ0002096,TK0005478,T0051426,refund,12.04,vehicle_access_issue,2026-02-28 23:43:45.000000000,USD
ADJ0002097,TK0005478,T0051426,appeasement_credit,18.83,service_recovery,2026-03-01 00:02:45.000000000,USD
ADJ0002098,TK0005480,T0051431,refund,3.53,trip_status_issue,2026-06-28 11:03:54.000000000,USD
ADJ0002099,TK0005483,T0051458,refund,11.62,payment_issue,2026-02-25 06:28:56.000000000,USD
ADJ0002100,TK0005484,T0051481,refund,1.87,pickup_issue,2026-03-29 01:50:49.000000000,USD
ADJ0002101,TK0005484,T0051481,appeasement_credit,16.84,service_recovery,2026-03-29 01:34:49.000000000,USD
ADJ0002102,TK0005495,T0051565,appeasement_credit,12.34,service_recovery,2026-03-15 18:38:24.000000000,USD
ADJ0002103,TK0005498,T0051571,refund,3.49,dropoff_issue,2026-06-06 22:56:57.000000000,USD
ADJ0002104,TK0005500,T0051580,refund,3.55,payment_issue,2026-01-25 04:07:19.000000000,USD
ADJ0002105,TK0005501,T0051610,refund,1.15,route_issue,2026-06-16 18:19:21.000000000,USD
ADJ0002106,TK0005504,T0051624,refund,7.03,cancellation_issue,2026-01-22 10:32:55.000000000,USD
ADJ0002107,TK0005509,T0051687,refund,7.21,cancellation_issue,2026-03-26 01:05:21.000000000,USD
ADJ0002108,TK0005510,T0051693,refund,2.73,dropoff_issue,2026-04-16 02:31:29.000000000,USD
ADJ0002109,TK0005511,T0051712,refund,12.09,payment_issue,2026-02-17 16:56:54.000000000,USD
ADJ0002110,TK0005514,T0051743,refund,9.06,safety_concern,2026-02-08 10:28:13.000000000,USD
ADJ0002111,TK0005516,T0051763,refund,8.19,trip_status_issue,2026-04-24 20:07:08.000000000,USD
ADJ0002112,TK0005519,T0051770,refund,4.14,cancellation_issue,2026-01-16 02:20:45.000000000,USD
ADJ0002113,TK0005524,T0051809,refund,2.26,cancellation_issue,2026-03-10 20:25:44.000000000,USD
ADJ0002114,TK0005528,T0051841,refund,1.86,cancellation_issue,2026-01-15 16:42:04.000000000,USD
ADJ0002115,TK0005534,T0051898,refund,5.03,pickup_issue,2026-04-23 18:17:52.000000000,USD
ADJ0002116,TK0005543,T0051955,refund,10.45,pickup_issue,2026-02-17 08:46:27.000000000,USD
ADJ0002117,TK0005544,T0051956,refund,8.73,vehicle_access_issue,2026-01-22 08:28:38.000000000,USD
ADJ0002118,TK0005547,T0052023,refund,6.0,trip_status_issue,2026-02-25 02:29:50.000000000,USD
ADJ0002119,TK0005551,T0052075,refund,1.55,cancellation_issue,2026-03-17 05:22:29.000000000,USD
ADJ0002120,TK0005554,T0052089,appeasement_credit,16.91,service_recovery,2026-06-05 17:23:55.000000000,USD
ADJ0002121,TK0005555,T0052090,appeasement_credit,5.17,service_recovery,2026-06-04 03:09:23.000000000,USD
ADJ0002122,TK0005556,T0052111,refund,3.06,trip_status_issue,2026-04-09 08:39:56.000000000,USD
ADJ0002123,TK0005565,T0052195,refund,3.53,payment_issue,2026-05-31 22:44:51.000000000,USD
ADJ0002124,TK0005577,T0052333,refund,3.77,cancellation_issue,2026-05-31 08:54:26.000000000,USD
ADJ0002125,TK0005579,T0052351,refund,9.11,cancellation_issue,2026-03-10 23:52:23.000000000,USD
ADJ0002126,TK0005581,T0052373,refund,7.38,cancellation_issue,2026-05-27 01:01:02.000000000,USD
ADJ0002127,TK0005583,T0052393,refund,9.96,vehicle_access_issue,2026-01-06 08:51:16.000000000,USD
ADJ0002128,TK0005584,T0052398,refund,6.99,payment_issue,2026-03-18 12:17:21.000000000,USD
ADJ0002129,TK0005585,T0052418,refund,8.28,safety_concern,2026-06-04 09:13:54.000000000,USD
ADJ0002130,TK0005587,T0052429,refund,6.24,trip_status_issue,2026-04-05 21:38:39.000000000,USD
ADJ0002131,TK0005589,T0052447,refund,11.4,payment_issue,2026-05-31 07:48:37.000000000,USD
ADJ0002132,TK0005592,T0052502,refund,4.17,cancellation_issue,2026-02-18 20:59:22.000000000,USD
ADJ0002133,TK0005594,T0052517,refund,2.79,lost_item,2026-01-09 01:30:18.000000000,USD
ADJ0002134,TK0005595,T0052537,refund,5.16,vehicle_access_issue,2026-06-16 21:31:05.000000000,USD
ADJ0002135,TK0005596,T0052551,refund,6.76,trip_status_issue,2026-05-29 15:00:21.000000000,USD
ADJ0002136,TK0005597,T0052573,refund,4.11,route_issue,2026-03-20 15:04:17.000000000,USD
ADJ0002137,TK0005597,T0052573,appeasement_credit,3.61,service_recovery,2026-03-20 15:38:17.000000000,USD
ADJ0002138,TK0005600,T0052587,refund,2.22,trip_status_issue,2026-05-20 14:35:12.000000000,USD
ADJ0002139,TK0005601,T0052595,refund,12.88,trip_status_issue,2026-05-05 21:39:31.000000000,USD
ADJ0002140,TK0005601,T0052595,appeasement_credit,8.23,service_recovery,2026-05-05 22:32:31.000000000,USD
ADJ0002141,TK0005606,T0052635,refund,10.95,payment_issue,2026-01-04 13:48:42.000000000,USD
ADJ0002142,TK0005610,T0052671,appeasement_credit,15.12,service_recovery,2026-05-26 23:29:02.000000000,USD
ADJ0002143,TK0005612,T0052692,appeasement_credit,5.68,service_recovery,2026-05-09 03:27:51.000000000,USD
ADJ0002144,TK0005615,T0052719,refund,12.8,cancellation_issue,2026-05-29 11:44:19.000000000,USD
ADJ0002145,TK0005615,T0052719,appeasement_credit,4.84,service_recovery,2026-05-29 12:15:19.000000000,USD
ADJ0002146,TK0005617,T0052743,refund,2.96,dropoff_issue,2026-06-14 15:11:38.000000000,USD
ADJ0002147,TK0005618,T0052758,refund,9.7,trip_status_issue,2026-01-22 10:26:32.000000000,USD
ADJ0002148,TK0005619,T0052759,refund,3.01,payment_issue,2026-01-04 03:20:25.000000000,USD
ADJ0002149,TK0005620,T0052765,refund,5.93,trip_status_issue,2026-01-11 02:38:44.000000000,USD
ADJ0002150,TK0005627,T0052807,refund,2.73,cancellation_issue,2026-06-28 16:58:20.000000000,USD
ADJ0002151,TK0005629,T0052828,appeasement_credit,17.2,service_recovery,2026-03-20 16:45:09.000000000,USD
ADJ0002152,TK0005633,T0052889,refund,1.88,cancellation_issue,2026-04-06 12:42:44.000000000,USD
ADJ0002153,TK0005644,T0053030,appeasement_credit,6.35,service_recovery,2026-04-27 15:02:48.000000000,USD
ADJ0002154,TK0005646,T0053042,refund,8.0,trip_status_issue,2026-01-26 06:46:02.000000000,USD
ADJ0002155,TK0005647,T0053060,refund,2.69,trip_status_issue,2026-06-05 04:04:09.000000000,USD
ADJ0002156,TK0005648,T0053061,appeasement_credit,11.71,service_recovery,2026-06-16 21:00:32.000000000,USD
ADJ0002157,TK0005653,T0053091,refund,5.18,payment_issue,2026-01-12 00:14:10.000000000,USD
ADJ0002158,TK0005655,T0053094,appeasement_credit,4.36,service_recovery,2026-03-07 10:54:10.000000000,USD
ADJ0002159,TK0005658,T0053111,appeasement_credit,14.39,service_recovery,2026-02-14 16:42:17.000000000,USD
ADJ0002160,TK0005662,T0053189,refund,5.69,route_issue,2026-04-24 19:14:41.000000000,USD
ADJ0002161,TK0005667,T0053232,appeasement_credit,8.73,service_recovery,2026-04-07 04:03:01.000000000,USD
ADJ0002162,TK0005668,T0053245,appeasement_credit,4.72,service_recovery,2026-01-15 11:44:25.000000000,USD
ADJ0002163,TK0005671,T0053270,refund,4.0,vehicle_access_issue,2026-06-30 14:20:27.000000000,USD
ADJ0002164,TK0005676,T0053343,appeasement_credit,7.16,service_recovery,2026-02-01 10:57:09.000000000,USD
ADJ0002165,TK0005678,T0053359,refund,31.69,cancellation_issue,2026-06-23 03:23:16.000000000,USD
ADJ0002166,TK0005681,T0053387,refund,7.37,other,2026-02-17 21:00:12.000000000,USD
ADJ0002167,TK0005686,T0053421,refund,13.33,route_issue,2026-02-01 15:00:55.000000000,USD
ADJ0002168,TK0005689,T0053444,refund,8.58,vehicle_access_issue,2026-01-15 05:11:16.000000000,USD
ADJ0002169,TK0005691,T0053461,refund,2.0,dropoff_issue,2026-02-11 23:17:46.000000000,USD
ADJ0002170,TK0005693,T0053472,refund,9.17,other,2026-06-17 21:12:18.000000000,USD
ADJ0002171,TK0005694,T0053479,refund,2.07,vehicle_access_issue,2026-02-02 17:28:19.000000000,USD
ADJ0002172,TK0005694,T0053479,appeasement_credit,16.65,service_recovery,2026-02-02 17:53:19.000000000,USD
ADJ0002173,TK0005695,T0053481,refund,13.58,safety_concern,2026-02-08 22:00:47.000000000,USD
ADJ0002174,TK0005697,T0053525,appeasement_credit,14.5,service_recovery,2026-01-13 17:44:15.000000000,USD
ADJ0002175,TK0005701,T0053548,appeasement_credit,19.82,service_recovery,2026-04-30 23:18:28.000000000,USD
ADJ0002176,TK0005703,T0053584,refund,20.96,pickup_issue,2026-02-08 05:43:55.000000000,USD
ADJ0002177,TK0005705,T0053599,refund,6.82,payment_issue,2026-01-23 05:44:28.000000000,USD
ADJ0002178,TK0005708,T0053619,refund,6.27,dropoff_issue,2026-06-16 14:27:34.000000000,USD
ADJ0002179,TK0005710,T0053627,refund,5.34,route_issue,2026-04-30 02:41:10.000000000,USD
ADJ0002180,TK0005712,T0053648,refund,1.69,trip_status_issue,2026-01-24 02:09:32.000000000,USD
ADJ0002181,TK0005713,T0053655,appeasement_credit,5.23,service_recovery,2026-01-04 03:03:40.000000000,USD
ADJ0002182,TK0005715,T0053674,refund,7.02,trip_status_issue,2026-06-24 19:52:20.000000000,USD
ADJ0002183,TK0005716,T0053678,refund,1.97,cancellation_issue,2026-01-30 22:33:11.000000000,USD
ADJ0002184,TK0005719,T0053697,refund,5.14,safety_concern,2026-06-17 00:51:51.000000000,USD
ADJ0002185,TK0005720,T0053706,appeasement_credit,15.8,service_recovery,2026-01-05 01:39:24.000000000,USD
ADJ0002186,TK0005728,T0053825,appeasement_credit,18.24,service_recovery,2026-01-21 05:29:36.000000000,USD
ADJ0002187,TK0005735,T0053868,appeasement_credit,5.69,service_recovery,2026-04-16 02:18:36.000000000,USD
ADJ0002188,TK0005737,T0053886,appeasement_credit,18.02,service_recovery,2026-05-09 13:29:40.000000000,USD
ADJ0002189,TK0005741,T0053935,refund,4.58,payment_issue,2026-02-28 11:30:37.000000000,USD
ADJ0002190,TK0005743,T0053954,refund,10.65,pickup_issue,2026-02-07 05:28:52.000000000,USD
ADJ0002191,TK0005747,T0053975,refund,1.55,cancellation_issue,2026-06-20 05:01:51.000000000,USD
ADJ0002192,TK0005753,T0054028,refund,5.0,route_issue,2026-02-05 23:38:32.000000000,USD
ADJ0002193,TK0005764,T0054166,refund,8.79,vehicle_access_issue,2026-04-21 05:33:08.000000000,USD
ADJ0002194,TK0005764,T0054166,appeasement_credit,13.9,service_recovery,2026-04-21 05:53:08.000000000,USD
ADJ0002195,TK0005765,T0054185,refund,2.57,payment_issue,2026-06-26 20:04:21.000000000,USD
ADJ0002196,TK0005767,T0054198,refund,6.35,safety_concern,2026-02-28 10:19:34.000000000,USD
ADJ0002197,TK0005767,T0054198,appeasement_credit,12.1,service_recovery,2026-02-28 09:56:34.000000000,USD
ADJ0002198,TK0005772,T0054290,appeasement_credit,7.78,service_recovery,2026-03-19 15:26:14.000000000,USD
ADJ0002199,TK0005778,T0054305,appeasement_credit,5.5,service_recovery,2026-06-01 00:31:36.000000000,USD
ADJ0002200,TK0005779,T0054313,refund,7.88,cancellation_issue,2026-02-05 02:44:38.000000000,USD
ADJ0002201,TK0005783,T0054339,refund,1.41,other,2026-02-10 00:02:15.000000000,USD
ADJ0002202,TK0005786,T0054365,refund,10.4,cancellation_issue,2026-01-12 18:53:51.000000000,USD
ADJ0002203,TK0005790,T0054410,refund,2.99,trip_status_issue,2026-04-20 20:05:19.000000000,USD
ADJ0002204,TK0005793,T0054442,refund,4.91,pickup_issue,2026-05-22 14:38:23.000000000,USD
ADJ0002205,TK0005795,T0054450,appeasement_credit,6.88,service_recovery,2026-07-01 03:19:17.000000000,USD
ADJ0002206,TK0005799,T0054495,appeasement_credit,17.22,service_recovery,2026-06-25 09:17:25.000000000,USD
ADJ0002207,TK0005800,T0054498,refund,5.77,trip_status_issue,2026-03-04 10:46:04.000000000,USD
ADJ0002208,TK0005806,T0054546,appeasement_credit,3.91,service_recovery,2026-02-11 22:12:56.000000000,USD
ADJ0002209,TK0005810,T0054580,refund,4.64,payment_issue,2026-03-24 19:17:34.000000000,USD
ADJ0002210,TK0005812,T0054586,refund,2.0,trip_status_issue,2026-05-31 19:01:18.000000000,USD
ADJ0002211,TK0005815,T0054594,refund,7.82,trip_status_issue,2026-03-26 07:25:48.000000000,USD
ADJ0002212,TK0005817,T0054618,refund,8.4,payment_issue,2026-04-24 13:53:10.000000000,USD
ADJ0002213,TK0005832,T0054769,appeasement_credit,12.4,service_recovery,2026-03-16 23:58:22.000000000,USD
ADJ0002214,TK0005834,T0054790,refund,7.72,payment_issue,2026-02-20 10:15:57.000000000,USD
ADJ0002215,TK0005837,T0054812,refund,28.39,payment_issue,2026-05-28 07:43:06.000000000,USD
ADJ0002216,TK0005845,T0054896,refund,2.98,payment_issue,2026-01-26 22:38:46.000000000,USD
ADJ0002217,TK0005846,T0054907,refund,5.02,cancellation_issue,2026-01-10 05:24:41.000000000,USD
ADJ0002218,TK0005851,T0054961,refund,5.79,payment_issue,2026-03-02 20:28:13.000000000,USD
ADJ0002219,TK0005854,T0054994,appeasement_credit,11.28,service_recovery,2026-01-14 00:24:54.000000000,USD
ADJ0002220,TK0005855,T0055009,refund,2.07,trip_status_issue,2026-03-24 03:56:36.000000000,USD
ADJ0002221,TK0005861,T0055047,refund,7.2,payment_issue,2026-01-17 13:17:25.000000000,USD
ADJ0002222,TK0005861,T0055047,appeasement_credit,15.2,service_recovery,2026-01-17 14:07:25.000000000,USD
ADJ0002223,TK0005862,T0055052,appeasement_credit,12.04,service_recovery,2026-01-26 00:47:13.000000000,USD
ADJ0002224,TK0005865,T0055075,appeasement_credit,9.86,service_recovery,2026-02-15 01:48:28.000000000,USD
ADJ0002225,TK0005868,T0055128,refund,3.51,cancellation_issue,2026-01-10 01:12:07.000000000,USD
ADJ0002226,TK0005880,T0055233,refund,11.67,vehicle_access_issue,2026-01-21 05:40:19.000000000,USD
ADJ0002227,TK0005883,T0055268,appeasement_credit,9.04,service_recovery,2026-02-09 07:17:45.000000000,USD
ADJ0002228,TK0005884,T0055273,refund,6.26,dropoff_issue,2026-04-21 08:40:35.000000000,USD
ADJ0002229,TK0005887,T0055307,refund,4.83,pickup_issue,2026-04-22 15:42:14.000000000,USD
ADJ0002230,TK0005888,T0055311,appeasement_credit,9.78,service_recovery,2026-02-18 02:57:08.000000000,USD
ADJ0002231,TK0005895,T0055436,refund,7.18,route_issue,2026-02-24 19:35:12.000000000,USD
ADJ0002232,TK0005896,T0055477,refund,7.44,payment_issue,2026-02-19 18:41:59.000000000,USD
ADJ0002233,TK0005899,T0055531,refund,12.39,payment_issue,2026-02-01 16:13:48.000000000,USD
ADJ0002234,TK0005900,T0055558,refund,0.77,cancellation_issue,2026-02-03 04:26:30.000000000,USD
ADJ0002235,TK0005902,T0055572,refund,5.24,cancellation_issue,2026-04-15 08:55:16.000000000,USD
ADJ0002236,TK0005907,T0055595,refund,2.66,cancellation_issue,2026-05-01 09:58:44.000000000,USD
ADJ0002237,TK0005912,T0055663,refund,11.44,payment_issue,2026-03-21 08:34:11.000000000,USD
ADJ0002238,TK0005914,T0055684,refund,1.16,trip_status_issue,2026-01-07 23:58:47.000000000,USD
ADJ0002239,TK0005915,T0055710,refund,5.52,payment_issue,2026-01-25 02:33:22.000000000,USD
ADJ0002240,TK0005921,T0055752,refund,3.29,safety_concern,2026-06-07 18:10:06.000000000,USD
ADJ0002241,TK0005924,T0055787,appeasement_credit,14.46,service_recovery,2026-04-26 22:29:16.000000000,USD
ADJ0002242,TK0005925,T0055788,refund,4.78,trip_status_issue,2026-02-21 20:21:01.000000000,USD
ADJ0002243,TK0005929,T0055815,refund,2.2,payment_issue,2026-06-22 03:50:35.000000000,USD
ADJ0002244,TK0005932,T0055829,refund,14.23,safety_concern,2026-05-13 07:01:56.000000000,USD
ADJ0002245,TK0005932,T0055829,appeasement_credit,16.01,service_recovery,2026-05-13 07:11:56.000000000,USD
ADJ0002246,TK0005935,T0055851,refund,4.06,trip_status_issue,2026-06-16 00:18:55.000000000,USD
ADJ0002247,TK0005936,T0055863,appeasement_credit,6.38,service_recovery,2026-06-28 14:40:13.000000000,USD
ADJ0002248,TK0005941,T0055883,refund,4.31,dropoff_issue,2026-04-10 10:32:54.000000000,USD
ADJ0002249,TK0005942,T0055890,refund,3.94,safety_concern,2026-02-06 15:01:03.000000000,USD
ADJ0002250,TK0005945,T0055905,refund,1.8,trip_status_issue,2026-04-11 21:23:43.000000000,USD
ADJ0002251,TK0005945,T0055905,appeasement_credit,11.28,service_recovery,2026-04-11 21:37:43.000000000,USD
ADJ0002252,TK0005947,T0055926,refund,9.47,vehicle_access_issue,2026-04-22 18:21:55.000000000,USD
ADJ0002253,TK0005949,T0055964,refund,10.05,trip_status_issue,2026-02-22 02:55:20.000000000,USD
ADJ0002254,TK0005949,T0055964,appeasement_credit,12.92,service_recovery,2026-02-22 03:03:20.000000000,USD
ADJ0002255,TK0005950,T0055966,refund,9.66,route_issue,2026-01-02 08:49:38.000000000,USD
ADJ0002256,TK0005953,T0056009,appeasement_credit,14.13,service_recovery,2026-04-23 13:58:06.000000000,USD
ADJ0002257,TK0005954,T0056013,refund,5.16,pickup_issue,2026-04-07 23:08:31.000000000,USD
ADJ0002258,TK0005955,T0056023,refund,7.78,route_issue,2026-04-21 18:15:20.000000000,USD
ADJ0002259,TK0005956,T0056032,refund,2.15,cancellation_issue,2026-03-12 00:37:26.000000000,USD
ADJ0002260,TK0005964,T0056098,refund,3.63,other,2026-02-01 19:50:37.000000000,USD
ADJ0002261,TK0005965,T0056150,refund,14.48,dropoff_issue,2026-01-20 21:17:07.000000000,USD
ADJ0002262,TK0005965,T0056150,appeasement_credit,19.6,service_recovery,2026-01-20 22:29:07.000000000,USD
ADJ0002263,TK0005966,T0056166,refund,3.47,trip_status_issue,2026-02-21 18:31:58.000000000,USD
ADJ0002264,TK0005968,T0056214,appeasement_credit,18.88,service_recovery,2026-04-25 02:07:14.000000000,USD
ADJ0002265,TK0005969,T0056218,refund,11.49,trip_status_issue,2026-06-22 15:45:54.000000000,USD
ADJ0002266,TK0005971,T0056224,refund,3.99,cancellation_issue,2026-01-31 16:53:54.000000000,USD
ADJ0002267,TK0005974,T0056289,appeasement_credit,3.5,service_recovery,2026-03-29 03:15:31.000000000,USD
ADJ0002268,TK0005977,T0056331,appeasement_credit,19.37,service_recovery,2026-02-05 15:32:39.000000000,USD
ADJ0002269,TK0005979,T0056337,refund,8.61,payment_issue,2026-01-18 05:00:26.000000000,USD
ADJ0002270,TK0005987,T0056439,refund,13.54,payment_issue,2026-03-11 12:45:26.000000000,USD
ADJ0002271,TK0005988,T0056445,refund,1.69,pickup_issue,2026-07-01 04:51:20.000000000,USD
ADJ0002272,TK0005989,T0056459,refund,9.0,payment_issue,2026-03-21 05:52:19.000000000,USD
ADJ0002273,TK0005996,T0056499,refund,15.44,route_issue,2026-03-02 18:42:23.000000000,USD
ADJ0002274,TK0005997,T0056505,refund,4.17,vehicle_access_issue,2026-04-05 03:15:33.000000000,USD
ADJ0002275,TK0005998,T0056519,refund,3.86,vehicle_access_issue,2026-05-04 05:20:16.000000000,USD
ADJ0002276,TK0005999,T0056529,appeasement_credit,17.25,service_recovery,2026-05-04 23:53:36.000000000,USD
ADJ0002277,TK0006005,T0056576,refund,5.35,vehicle_access_issue,2026-05-23 08:33:25.000000000,USD
ADJ0002278,TK0006010,T0056621,appeasement_credit,18.74,service_recovery,2026-01-27 09:47:27.000000000,USD
ADJ0002279,TK0006011,T0056632,refund,2.08,trip_status_issue,2026-02-21 04:10:31.000000000,USD
ADJ0002280,TK0006021,T0056761,refund,0.15,safety_concern,2026-06-27 18:34:45.000000000,USD
ADJ0002281,TK0006022,T0056763,appeasement_credit,18.61,service_recovery,2026-05-14 15:12:06.000000000,USD
ADJ0002282,TK0006025,T0056805,refund,10.13,payment_issue,2026-04-18 00:21:48.000000000,USD
ADJ0002283,TK0006028,T0056844,refund,1.93,route_issue,2026-04-23 20:23:30.000000000,USD
ADJ0002284,TK0006030,T0056855,refund,18.24,payment_issue,2026-03-24 15:08:05.000000000,USD
ADJ0002285,TK0006032,T0056876,refund,8.09,cancellation_issue,2026-03-17 02:44:02.000000000,USD
ADJ0002286,TK0006036,T0056898,refund,7.32,payment_issue,2026-05-27 23:50:05.000000000,USD
ADJ0002287,TK0006038,T0056944,appeasement_credit,18.85,service_recovery,2026-02-04 12:03:51.000000000,USD
ADJ0002288,TK0006039,T0056955,refund,2.98,route_issue,2026-04-15 02:00:08.000000000,USD
ADJ0002289,TK0006042,T0056978,refund,5.64,payment_issue,2026-05-12 18:51:54.000000000,USD
ADJ0002290,TK0006044,T0056992,appeasement_credit,15.79,service_recovery,2026-06-06 04:17:37.000000000,USD
ADJ0002291,TK0006050,T0057036,refund,3.61,payment_issue,2026-04-05 00:41:20.000000000,USD
ADJ0002292,TK0006052,T0057052,refund,3.61,payment_issue,2026-02-11 09:16:21.000000000,USD
ADJ0002293,TK0006053,T0057062,refund,2.14,cancellation_issue,2026-03-15 06:17:13.000000000,USD
ADJ0002294,TK0006054,T0057066,refund,2.08,payment_issue,2026-03-17 19:00:51.000000000,USD
ADJ0002295,TK0006058,T0057093,refund,4.31,pickup_issue,2026-04-03 02:12:50.000000000,USD
ADJ0002296,TK0006059,T0057099,refund,7.61,vehicle_access_issue,2026-02-20 02:35:59.000000000,USD
ADJ0002297,TK0006065,T0057147,appeasement_credit,4.02,service_recovery,2026-01-12 09:43:42.000000000,USD
ADJ0002298,TK0006072,T0057192,refund,4.15,cancellation_issue,2026-05-15 23:26:52.000000000,USD
ADJ0002299,TK0006074,T0057219,appeasement_credit,8.4,service_recovery,2026-05-01 10:52:25.000000000,USD
ADJ0002300,TK0006075,T0057225,refund,5.79,pickup_issue,2026-06-12 21:47:29.000000000,USD
ADJ0002301,TK0006076,T0057228,appeasement_credit,10.97,service_recovery,2026-06-05 02:19:55.000000000,USD
ADJ0002302,TK0006082,T0057273,appeasement_credit,13.05,service_recovery,2026-03-15 03:08:39.000000000,USD
ADJ0002303,TK0006083,T0057274,appeasement_credit,16.71,service_recovery,2026-05-17 09:31:13.000000000,USD
ADJ0002304,TK0006084,T0057278,refund,14.42,payment_issue,2026-03-07 15:44:22.000000000,USD
ADJ0002305,TK0006088,T0057311,appeasement_credit,4.86,service_recovery,2026-03-09 13:29:41.000000000,USD
ADJ0002306,TK0006091,T0057348,refund,2.15,pickup_issue,2026-04-28 21:28:06.000000000,USD
ADJ0002307,TK0006096,T0057393,refund,2.6,payment_issue,2026-06-11 17:34:38.000000000,USD
ADJ0002308,TK0006098,T0057403,refund,2.21,vehicle_access_issue,2026-03-06 17:57:53.000000000,USD
ADJ0002309,TK0006102,T0057437,refund,3.71,cancellation_issue,2026-05-14 01:22:05.000000000,USD
ADJ0002310,TK0006104,T0057447,refund,5.82,other,2026-02-08 03:50:58.000000000,USD
ADJ0002311,TK0006106,T0057483,refund,1.4,route_issue,2026-06-14 23:34:51.000000000,USD
ADJ0002312,TK0006107,T0057487,refund,3.09,cancellation_issue,2026-02-14 03:22:18.000000000,USD
ADJ0002313,TK0006109,T0057506,refund,2.12,vehicle_access_issue,2026-01-09 15:52:52.000000000,USD
ADJ0002314,TK0006110,T0057509,refund,10.08,pickup_issue,2026-06-11 21:47:17.000000000,USD
ADJ0002315,TK0006111,T0057519,appeasement_credit,7.69,service_recovery,2026-04-16 13:30:36.000000000,USD
ADJ0002316,TK0006115,T0057539,appeasement_credit,10.18,service_recovery,2026-05-07 17:40:24.000000000,USD
ADJ0002317,TK0006116,T0057552,appeasement_credit,3.05,service_recovery,2026-03-16 11:07:27.000000000,USD
ADJ0002318,TK0006119,T0057603,refund,6.7,trip_status_issue,2026-06-27 05:56:18.000000000,USD
ADJ0002319,TK0006127,T0057680,refund,3.47,cancellation_issue,2026-05-05 09:28:12.000000000,USD
ADJ0002320,TK0006128,T0057697,appeasement_credit,9.12,service_recovery,2026-04-25 01:33:51.000000000,USD
ADJ0002321,TK0006130,T0057701,refund,7.49,route_issue,2026-02-02 21:08:30.000000000,USD
ADJ0002322,TK0006131,T0057708,refund,2.89,payment_issue,2026-01-25 04:04:40.000000000,USD
ADJ0002323,TK0006136,T0057739,refund,7.74,vehicle_access_issue,2026-03-25 22:43:06.000000000,USD
ADJ0002324,TK0006136,T0057739,appeasement_credit,6.65,service_recovery,2026-03-25 23:00:06.000000000,USD
ADJ0002325,TK0006139,T0057772,refund,9.17,dropoff_issue,2026-05-02 16:55:19.000000000,USD
ADJ0002326,TK0006142,T0057790,appeasement_credit,5.16,service_recovery,2026-05-17 15:02:24.000000000,USD
ADJ0002327,TK0006143,T0057794,refund,8.6,pickup_issue,2026-04-17 16:07:17.000000000,USD
ADJ0002328,TK0006143,T0057794,appeasement_credit,17.93,service_recovery,2026-04-17 16:48:17.000000000,USD
ADJ0002329,TK0006144,T0057804,refund,21.76,payment_issue,2026-02-07 22:49:50.000000000,USD
ADJ0002330,TK0006148,T0057865,refund,7.48,pickup_issue,2026-04-29 23:16:17.000000000,USD
ADJ0002331,TK0006149,T0057868,refund,5.89,dropoff_issue,2026-01-26 06:40:25.000000000,USD
ADJ0002332,TK0006150,T0057869,appeasement_credit,14.62,service_recovery,2026-01-31 12:34:18.000000000,USD
ADJ0002333,TK0006151,T0057873,refund,3.18,trip_status_issue,2026-01-26 13:26:30.000000000,USD
ADJ0002334,TK0006152,T0057886,refund,13.04,pickup_issue,2026-05-06 13:48:38.000000000,USD
ADJ0002335,TK0006159,T0057952,refund,33.9,cancellation_issue,2026-01-13 15:39:58.000000000,USD
ADJ0002336,TK0006161,T0057989,appeasement_credit,5.51,service_recovery,2026-01-26 20:25:31.000000000,USD
ADJ0002337,TK0006162,T0057999,appeasement_credit,19.9,service_recovery,2026-03-29 18:27:35.000000000,USD
ADJ0002338,TK0006170,T0058102,refund,5.47,payment_issue,2026-03-27 10:23:19.000000000,USD
ADJ0002339,TK0006171,T0058111,refund,9.64,cancellation_issue,2026-02-16 23:33:18.000000000,USD
ADJ0002340,TK0006172,T0058114,refund,3.29,dropoff_issue,2026-01-30 16:53:03.000000000,USD
ADJ0002341,TK0006177,T0058187,refund,4.0,cancellation_issue,2026-05-05 14:08:03.000000000,USD
ADJ0002342,TK0006179,T0058198,refund,5.55,payment_issue,2026-02-18 14:44:13.000000000,USD
ADJ0002343,TK0006182,T0058206,refund,3.98,cancellation_issue,2026-03-30 23:05:58.000000000,USD
ADJ0002344,TK0006182,T0058206,appeasement_credit,7.56,service_recovery,2026-03-30 23:07:58.000000000,USD
ADJ0002345,TK0006183,T0058212,appeasement_credit,11.52,service_recovery,2026-03-08 06:47:20.000000000,USD
ADJ0002346,TK0006184,T0058227,appeasement_credit,4.03,service_recovery,2026-04-10 19:54:36.000000000,USD
ADJ0002347,TK0006186,T0058237,refund,4.04,cancellation_issue,2026-04-27 13:13:50.000000000,USD
ADJ0002348,TK0006193,T0058300,refund,1.9,cancellation_issue,2026-02-10 07:42:34.000000000,USD
ADJ0002349,TK0006195,T0058308,appeasement_credit,17.24,service_recovery,2026-03-20 02:43:13.000000000,USD
ADJ0002350,TK0006198,T0058392,refund,2.82,dropoff_issue,2026-02-03 22:07:19.000000000,USD
ADJ0002351,TK0006206,T0058431,refund,5.39,payment_issue,2026-03-19 01:27:17.000000000,USD
ADJ0002352,TK0006208,T0058434,refund,5.4,route_issue,2026-02-01 17:36:04.000000000,USD
ADJ0002353,TK0006208,T0058434,appeasement_credit,17.47,service_recovery,2026-02-01 18:29:04.000000000,USD
ADJ0002354,TK0006210,T0058448,refund,7.51,cancellation_issue,2026-03-05 00:57:47.000000000,USD
ADJ0002355,TK0006211,T0058452,refund,6.91,trip_status_issue,2026-04-28 03:51:33.000000000,USD
ADJ0002356,TK0006215,T0058499,refund,4.35,safety_concern,2026-03-28 15:48:54.000000000,USD
ADJ0002357,TK0006221,T0058554,refund,8.83,vehicle_access_issue,2026-05-11 08:42:54.000000000,USD
ADJ0002358,TK0006223,T0058594,refund,14.9,payment_issue,2026-01-30 18:34:19.000000000,USD
ADJ0002359,TK0006231,T0058645,refund,3.93,trip_status_issue,2026-06-18 03:07:13.000000000,USD
ADJ0002360,TK0006231,T0058645,appeasement_credit,15.6,service_recovery,2026-06-18 03:42:13.000000000,USD
ADJ0002361,TK0006233,T0058651,appeasement_credit,13.63,service_recovery,2026-02-10 20:33:19.000000000,USD
ADJ0002362,TK0006234,T0058655,refund,1.29,vehicle_access_issue,2026-02-16 06:02:55.000000000,USD
ADJ0002363,TK0006235,T0058671,refund,13.75,payment_issue,2026-04-17 16:24:54.000000000,USD
ADJ0002364,TK0006236,T0058735,refund,2.75,vehicle_access_issue,2026-05-14 19:26:13.000000000,USD
ADJ0002365,TK0006247,T0058832,refund,7.53,cancellation_issue,2026-06-23 00:55:51.000000000,USD
ADJ0002366,TK0006260,T0058924,refund,10.26,payment_issue,2026-03-21 10:39:21.000000000,USD
ADJ0002367,TK0006260,T0058924,appeasement_credit,3.18,service_recovery,2026-03-21 10:03:21.000000000,USD
ADJ0002368,TK0006261,T0058941,refund,9.31,route_issue,2026-01-30 12:25:14.000000000,USD
ADJ0002369,TK0006263,T0058964,appeasement_credit,15.09,service_recovery,2026-06-17 12:58:36.000000000,USD
ADJ0002370,TK0006264,T0058992,refund,12.42,payment_issue,2026-01-07 23:24:03.000000000,USD
ADJ0002371,TK0006265,T0058996,refund,5.69,dropoff_issue,2026-06-06 18:40:04.000000000,USD
ADJ0002372,TK0006266,T0059005,appeasement_credit,3.96,service_recovery,2026-04-15 17:01:44.000000000,USD
ADJ0002373,TK0006267,T0059015,refund,3.63,pickup_issue,2026-04-10 18:17:36.000000000,USD
ADJ0002374,TK0006268,T0059028,refund,14.91,cancellation_issue,2026-01-10 20:56:42.000000000,USD
ADJ0002375,TK0006275,T0059092,refund,11.18,route_issue,2026-02-06 15:03:31.000000000,USD
ADJ0002376,TK0006280,T0059145,refund,2.39,lost_item,2026-06-13 18:55:51.000000000,USD
ADJ0002377,TK0006283,T0059184,refund,4.3,vehicle_access_issue,2026-03-08 04:06:37.000000000,USD
ADJ0002378,TK0006283,T0059184,appeasement_credit,19.95,service_recovery,2026-03-08 04:32:37.000000000,USD
ADJ0002379,TK0006284,T0059205,refund,10.5,trip_status_issue,2026-06-22 01:55:40.000000000,USD
ADJ0002380,TK0006285,T0059207,refund,4.62,dropoff_issue,2026-01-03 21:53:27.000000000,USD
ADJ0002381,TK0006289,T0059230,refund,3.18,lost_item,2026-01-16 22:38:29.000000000,USD
ADJ0002382,TK0006292,T0059264,appeasement_credit,11.12,service_recovery,2026-07-01 09:47:53.000000000,USD
ADJ0002383,TK0006293,T0059267,appeasement_credit,5.92,service_recovery,2026-04-22 12:38:57.000000000,USD
ADJ0002384,TK0006295,T0059281,appeasement_credit,5.15,service_recovery,2026-02-26 11:08:31.000000000,USD
ADJ0002385,TK0006296,T0059285,refund,7.6,trip_status_issue,2026-01-20 23:40:07.000000000,USD
ADJ0002386,TK0006296,T0059285,appeasement_credit,5.46,service_recovery,2026-01-21 00:37:07.000000000,USD
ADJ0002387,TK0006300,T0059315,appeasement_credit,4.92,service_recovery,2026-03-05 23:42:34.000000000,USD
ADJ0002388,TK0006301,T0059318,refund,3.99,safety_concern,2026-01-11 03:16:30.000000000,USD
ADJ0002389,TK0006301,T0059318,appeasement_credit,14.01,service_recovery,2026-01-11 04:26:30.000000000,USD
ADJ0002390,TK0006303,T0059333,refund,0.89,vehicle_access_issue,2026-02-14 01:30:53.000000000,USD
ADJ0002391,TK0006304,T0059343,refund,1.8,dropoff_issue,2026-03-02 00:45:59.000000000,USD
ADJ0002392,TK0006305,T0059379,appeasement_credit,11.06,service_recovery,2026-02-03 14:36:26.000000000,USD
ADJ0002393,TK0006307,T0059389,refund,2.29,cancellation_issue,2026-03-23 05:05:44.000000000,USD
ADJ0002394,TK0006307,T0059389,appeasement_credit,10.06,service_recovery,2026-03-23 04:45:44.000000000,USD
ADJ0002395,TK0006309,T0059406,refund,2.18,cancellation_issue,2026-03-10 14:46:29.000000000,USD
ADJ0002396,TK0006310,T0059407,refund,1.5,payment_issue,2026-01-30 18:57:34.000000000,USD
ADJ0002397,TK0006313,T0059424,refund,2.9,cancellation_issue,2026-01-26 02:46:33.000000000,USD
ADJ0002398,TK0006313,T0059424,appeasement_credit,13.87,service_recovery,2026-01-26 02:50:33.000000000,USD
ADJ0002399,TK0006318,T0059461,refund,2.95,dropoff_issue,2026-01-19 17:43:46.000000000,USD
ADJ0002400,TK0006323,T0059478,appeasement_credit,17.26,service_recovery,2026-05-10 14:08:45.000000000,USD
ADJ0002401,TK0006329,T0059535,refund,1.33,cancellation_issue,2026-02-03 02:42:31.000000000,USD
ADJ0002402,TK0006331,T0059569,refund,7.62,route_issue,2026-03-09 17:43:05.000000000,USD
ADJ0002403,TK0006331,T0059569,appeasement_credit,5.36,service_recovery,2026-03-09 17:13:05.000000000,USD
ADJ0002404,TK0006333,T0059601,refund,1.8,safety_concern,2026-05-16 04:30:21.000000000,USD
ADJ0002405,TK0006334,T0059606,appeasement_credit,8.4,service_recovery,2026-05-13 04:09:34.000000000,USD
ADJ0002406,TK0006335,T0059610,refund,2.66,cancellation_issue,2026-02-22 00:37:00.000000000,USD
ADJ0002407,TK0006335,T0059610,appeasement_credit,13.35,service_recovery,2026-02-22 00:14:00.000000000,USD
ADJ0002408,TK0006336,T0059611,refund,6.61,vehicle_access_issue,2026-02-02 17:21:36.000000000,USD
ADJ0002409,TK0006342,T0059654,refund,4.07,payment_issue,2026-06-07 10:55:32.000000000,USD
ADJ0002410,TK0006346,T0059674,refund,4.31,payment_issue,2026-02-06 04:34:01.000000000,USD
ADJ0002411,TK0006349,T0059680,refund,4.74,payment_issue,2026-01-07 13:29:11.000000000,USD
ADJ0002412,TK0006357,T0059737,refund,7.31,cancellation_issue,2026-02-24 17:40:29.000000000,USD
ADJ0002413,TK0006359,T0059757,appeasement_credit,12.82,service_recovery,2026-02-08 23:51:07.000000000,USD
ADJ0002414,TK0006360,T0059766,refund,2.11,trip_status_issue,2026-04-22 00:59:13.000000000,USD
ADJ0002415,TK0006364,T0059789,refund,1.78,trip_status_issue,2026-02-25 21:41:44.000000000,USD
ADJ0002416,TK0006366,T0059792,appeasement_credit,14.19,service_recovery,2026-06-17 03:59:50.000000000,USD
ADJ0002417,TK0006368,T0059811,refund,17.97,trip_status_issue,2026-06-14 08:25:25.000000000,USD
ADJ0002418,TK0006369,T0059820,refund,2.53,pickup_issue,2026-03-09 03:40:27.000000000,USD
ADJ0002419,TK0006370,T0059824,refund,1.63,payment_issue,2026-05-08 11:16:56.000000000,USD
ADJ0002420,TK0006371,T0059832,refund,15.69,trip_status_issue,2026-04-06 20:07:30.000000000,USD
ADJ0002421,TK0006373,T0059858,refund,7.25,trip_status_issue,2026-04-21 21:43:02.000000000,USD
ADJ0002422,TK0006375,T0059882,refund,3.8,pickup_issue,2026-06-08 12:24:27.000000000,USD
ADJ0002423,TK0006376,T0059883,refund,1.93,trip_status_issue,2026-01-14 20:12:50.000000000,USD
ADJ0002424,TK0006376,T0059883,appeasement_credit,15.28,service_recovery,2026-01-14 20:51:50.000000000,USD
ADJ0002425,TK0006381,T0059955,refund,2.92,trip_status_issue,2026-06-02 05:41:42.000000000,USD
ADJ0002426,TK0006382,T0059973,appeasement_credit,7.21,service_recovery,2026-03-04 04:25:02.000000000,USD
ADJ0002427,TK0006386,T0059990,refund,5.41,cancellation_issue,2026-03-26 05:42:22.000000000,USD
ADJ0002428,TK0006388,T0060010,refund,4.02,trip_status_issue,2026-03-05 17:21:04.000000000,USD
ADJ0002429,TK0006389,T0060021,refund,2.38,cancellation_issue,2026-05-03 20:10:24.000000000,USD
ADJ0002430,TK0006391,T0060052,refund,3.68,cancellation_issue,2026-05-16 01:38:18.000000000,USD
ADJ0002431,TK0006392,T0060074,appeasement_credit,5.94,service_recovery,2026-01-13 20:27:51.000000000,USD
ADJ0002432,TK0006393,T0060076,refund,1.74,cancellation_issue,2026-04-09 17:00:14.000000000,USD
ADJ0002433,TK0006395,T0060107,refund,7.83,cancellation_issue,2026-03-24 14:18:53.000000000,USD
ADJ0002434,TK0006396,T0060118,refund,13.88,trip_status_issue,2026-03-08 07:00:34.000000000,USD
ADJ0002435,TK0006402,T0060155,appeasement_credit,12.15,service_recovery,2026-03-26 10:40:26.000000000,USD
ADJ0002436,TK0006405,T0060184,refund,5.21,cancellation_issue,2026-03-17 15:58:52.000000000,USD
ADJ0002437,TK0006409,T0060254,refund,5.5,trip_status_issue,2026-05-19 11:00:58.000000000,USD
ADJ0002438,TK0006411,T0060279,appeasement_credit,5.58,service_recovery,2026-06-13 22:03:30.000000000,USD
ADJ0002439,TK0006412,T0060284,refund,1.82,cancellation_issue,2026-03-19 13:44:01.000000000,USD
ADJ0002440,TK0006413,T0060285,appeasement_credit,11.52,service_recovery,2026-06-09 09:50:25.000000000,USD
ADJ0002441,TK0006418,T0060348,refund,2.57,payment_issue,2026-05-09 16:31:54.000000000,USD
ADJ0002442,TK0006420,T0060371,appeasement_credit,17.36,service_recovery,2026-04-19 08:38:32.000000000,USD
ADJ0002443,TK0006421,T0060386,refund,8.51,cancellation_issue,2026-04-08 09:39:22.000000000,USD
ADJ0002444,TK0006421,T0060386,appeasement_credit,15.86,service_recovery,2026-04-08 08:56:22.000000000,USD
ADJ0002445,TK0006424,T0060414,refund,6.64,trip_status_issue,2026-06-10 05:25:32.000000000,USD
ADJ0002446,TK0006436,T0060518,appeasement_credit,18.03,service_recovery,2026-02-27 21:30:57.000000000,USD
ADJ0002447,TK0006437,T0060520,refund,1.53,vehicle_access_issue,2026-02-04 12:46:55.000000000,USD
ADJ0002448,TK0006439,T0060529,refund,4.35,dropoff_issue,2026-01-18 14:15:54.000000000,USD
ADJ0002449,TK0006439,T0060529,appeasement_credit,19.46,service_recovery,2026-01-18 14:41:54.000000000,USD
ADJ0002450,TK0006440,T0060541,refund,1.07,cancellation_issue,2026-03-24 09:25:30.000000000,USD
ADJ0002451,TK0006441,T0060551,appeasement_credit,5.51,service_recovery,2026-04-09 14:49:14.000000000,USD
ADJ0002452,TK0006442,T0060574,refund,26.32,payment_issue,2026-03-06 07:06:44.000000000,USD
ADJ0002453,TK0006453,T0060652,refund,1.84,dropoff_issue,2026-05-20 13:11:27.000000000,USD
ADJ0002454,TK0006454,T0060658,refund,3.04,route_issue,2026-01-06 08:05:34.000000000,USD
ADJ0002455,TK0006455,T0060665,refund,4.14,route_issue,2026-01-28 00:03:03.000000000,USD
ADJ0002456,TK0006455,T0060665,appeasement_credit,12.42,service_recovery,2026-01-27 23:51:03.000000000,USD
ADJ0002457,TK0006460,T0060701,appeasement_credit,17.76,service_recovery,2026-05-07 16:52:33.000000000,USD
ADJ0002458,TK0006464,T0060723,appeasement_credit,17.53,service_recovery,2026-06-16 19:55:00.000000000,USD
ADJ0002459,TK0006467,T0060733,appeasement_credit,13.39,service_recovery,2026-02-23 07:21:27.000000000,USD
ADJ0002460,TK0006468,T0060757,refund,5.07,route_issue,2026-01-07 20:52:32.000000000,USD
ADJ0002461,TK0006475,T0060810,refund,0.9,dropoff_issue,2026-06-23 10:30:35.000000000,USD
ADJ0002462,TK0006476,T0060815,refund,1.25,pickup_issue,2026-04-16 01:58:11.000000000,USD
ADJ0002463,TK0006482,T0060915,refund,6.42,vehicle_access_issue,2026-02-25 21:02:01.000000000,USD
ADJ0002464,TK0006487,T0060939,refund,5.57,payment_issue,2026-02-01 22:34:01.000000000,USD
ADJ0002465,TK0006500,T0061054,appeasement_credit,6.97,service_recovery,2026-04-24 11:22:36.000000000,USD
ADJ0002466,TK0006501,T0061063,refund,6.44,vehicle_access_issue,2026-06-26 12:00:55.000000000,USD
ADJ0002467,TK0006505,T0061106,refund,9.72,trip_status_issue,2026-03-08 04:05:26.000000000,USD
ADJ0002468,TK0006506,T0061114,appeasement_credit,18.54,service_recovery,2026-04-26 08:58:23.000000000,USD
ADJ0002469,TK0006508,T0061131,refund,5.27,trip_status_issue,2026-02-07 19:49:05.000000000,USD
ADJ0002470,TK0006508,T0061131,appeasement_credit,4.69,service_recovery,2026-02-07 20:37:05.000000000,USD
ADJ0002471,TK0006511,T0061148,appeasement_credit,5.38,service_recovery,2026-05-05 07:10:19.000000000,USD
ADJ0002472,TK0006512,T0061151,refund,16.37,dropoff_issue,2026-05-13 07:46:16.000000000,USD
ADJ0002473,TK0006515,T0061184,appeasement_credit,18.2,service_recovery,2026-03-01 23:45:43.000000000,USD
ADJ0002474,TK0006519,T0061215,refund,6.84,payment_issue,2026-04-02 20:39:29.000000000,USD
ADJ0002475,TK0006520,T0061227,refund,7.28,vehicle_access_issue,2026-05-07 01:28:25.000000000,USD
ADJ0002476,TK0006523,T0061244,appeasement_credit,12.93,service_recovery,2026-02-20 17:54:20.000000000,USD
ADJ0002477,TK0006524,T0061248,refund,6.12,other,2026-03-27 16:54:01.000000000,USD
ADJ0002478,TK0006528,T0061278,refund,6.36,lost_item,2026-04-12 03:38:05.000000000,USD
ADJ0002479,TK0006529,T0061280,refund,8.87,dropoff_issue,2026-02-14 00:50:01.000000000,USD
ADJ0002480,TK0006531,T0061287,appeasement_credit,14.77,service_recovery,2026-04-08 07:13:33.000000000,USD
ADJ0002481,TK0006533,T0061333,refund,8.86,dropoff_issue,2026-06-23 15:13:24.000000000,USD
ADJ0002482,TK0006543,T0061407,refund,6.1,pickup_issue,2026-02-27 15:03:42.000000000,USD
ADJ0002483,TK0006545,T0061410,refund,9.76,lost_item,2026-03-19 13:45:20.000000000,USD
ADJ0002484,TK0006548,T0061447,appeasement_credit,9.91,service_recovery,2026-05-13 15:14:44.000000000,USD
ADJ0002485,TK0006563,T0061650,refund,3.04,safety_concern,2026-02-18 08:57:44.000000000,USD
ADJ0002486,TK0006566,T0061696,refund,2.73,pickup_issue,2026-01-12 00:11:00.000000000,USD
ADJ0002487,TK0006567,T0061726,refund,5.14,dropoff_issue,2026-06-18 09:56:19.000000000,USD
ADJ0002488,TK0006571,T0061791,refund,11.42,pickup_issue,2026-05-28 19:29:52.000000000,USD
ADJ0002489,TK0006576,T0061856,appeasement_credit,13.6,service_recovery,2026-02-14 11:22:28.000000000,USD
ADJ0002490,TK0006583,T0061882,refund,2.86,trip_status_issue,2026-02-14 19:22:01.000000000,USD
ADJ0002491,TK0006583,T0061882,appeasement_credit,19.59,service_recovery,2026-02-14 19:04:01.000000000,USD
ADJ0002492,TK0006587,T0061903,refund,6.7,pickup_issue,2026-06-12 10:54:16.000000000,USD
ADJ0002493,TK0006588,T0061958,refund,2.57,trip_status_issue,2026-03-24 12:19:56.000000000,USD
ADJ0002494,TK0006595,T0062013,refund,0.96,pickup_issue,2026-06-25 17:56:00.000000000,USD
ADJ0002495,TK0006596,T0062017,refund,5.39,trip_status_issue,2026-05-11 19:20:28.000000000,USD
ADJ0002496,TK0006596,T0062017,appeasement_credit,18.44,service_recovery,2026-05-11 19:47:28.000000000,USD
ADJ0002497,TK0006602,T0062076,refund,2.03,cancellation_issue,2026-04-01 07:19:22.000000000,USD
ADJ0002498,TK0006609,T0062131,refund,6.83,cancellation_issue,2026-06-10 11:04:55.000000000,USD
ADJ0002499,TK0006611,T0062140,refund,1.78,payment_issue,2026-01-23 19:24:05.000000000,USD
ADJ0002500,TK0006612,T0062148,refund,4.83,payment_issue,2026-05-07 18:33:41.000000000,USD
ADJ0002501,TK0006612,T0062148,appeasement_credit,11.41,service_recovery,2026-05-07 18:36:41.000000000,USD
ADJ0002502,TK0006614,T0062162,appeasement_credit,8.34,service_recovery,2026-02-01 04:35:26.000000000,USD
ADJ0002503,TK0006619,T0062217,appeasement_credit,15.49,service_recovery,2026-05-19 17:00:08.000000000,USD
ADJ0002504,TK0006620,T0062218,refund,6.45,vehicle_access_issue,2026-03-19 14:38:39.000000000,USD
ADJ0002505,TK0006620,T0062218,appeasement_credit,8.33,service_recovery,2026-03-19 14:48:39.000000000,USD
ADJ0002506,TK0006621,T0062223,refund,0.5,vehicle_access_issue,2026-03-05 08:11:38.000000000,USD
ADJ0002507,TK0006623,T0062244,appeasement_credit,12.79,service_recovery,2026-06-01 02:32:32.000000000,USD
ADJ0002508,TK0006625,T0062248,refund,3.32,cancellation_issue,2026-03-29 13:49:22.000000000,USD
ADJ0002509,TK0006625,T0062248,appeasement_credit,9.86,service_recovery,2026-03-29 14:02:22.000000000,USD
ADJ0002510,TK0006627,T0062255,refund,6.1,cancellation_issue,2026-02-19 23:26:38.000000000,USD
ADJ0002511,TK0006627,T0062255,appeasement_credit,12.64,service_recovery,2026-02-20 00:07:38.000000000,USD
ADJ0002512,TK0006631,T0062323,refund,5.25,other,2026-04-22 23:06:09.000000000,USD
ADJ0002513,TK0006636,T0062348,refund,5.21,pickup_issue,2026-02-28 18:23:51.000000000,USD
ADJ0002514,TK0006638,T0062358,refund,2.25,safety_concern,2026-02-08 07:55:15.000000000,USD
ADJ0002515,TK0006642,T0062366,refund,9.28,route_issue,2026-05-11 01:12:46.000000000,USD
ADJ0002516,TK0006645,T0062381,refund,4.04,route_issue,2026-06-13 00:57:58.000000000,USD
ADJ0002517,TK0006646,T0062383,refund,3.36,vehicle_access_issue,2026-01-28 02:53:41.000000000,USD
ADJ0002518,TK0006648,T0062402,refund,8.28,dropoff_issue,2026-05-10 06:13:16.000000000,USD
ADJ0002519,TK0006649,T0062403,refund,14.94,payment_issue,2026-01-17 07:15:05.000000000,USD
ADJ0002520,TK0006650,T0062405,refund,5.68,route_issue,2026-04-09 02:55:38.000000000,USD
ADJ0002521,TK0006650,T0062405,appeasement_credit,14.73,service_recovery,2026-04-09 03:58:38.000000000,USD
ADJ0002522,TK0006652,T0062421,appeasement_credit,18.42,service_recovery,2026-01-23 17:59:26.000000000,USD
ADJ0002523,TK0006653,T0062431,refund,5.53,trip_status_issue,2026-05-01 02:39:50.000000000,USD
ADJ0002524,TK0006654,T0062442,refund,1.76,vehicle_access_issue,2026-04-30 12:27:11.000000000,USD
ADJ0002525,TK0006656,T0062457,refund,10.04,trip_status_issue,2026-02-19 22:29:02.000000000,USD
ADJ0002526,TK0006657,T0062458,refund,11.49,trip_status_issue,2026-01-22 08:25:28.000000000,USD
ADJ0002527,TK0006657,T0062458,appeasement_credit,4.12,service_recovery,2026-01-22 08:57:28.000000000,USD
ADJ0002528,TK0006659,T0062472,refund,3.49,cancellation_issue,2026-04-18 02:17:13.000000000,USD
ADJ0002529,TK0006661,T0062491,appeasement_credit,3.03,service_recovery,2026-02-09 11:43:42.000000000,USD
ADJ0002530,TK0006663,T0062553,refund,2.3,cancellation_issue,2026-02-09 05:40:26.000000000,USD
ADJ0002531,TK0006663,T0062553,appeasement_credit,12.82,service_recovery,2026-02-09 05:20:26.000000000,USD
ADJ0002532,TK0006665,T0062562,refund,8.2,safety_concern,2026-01-14 02:47:41.000000000,USD
ADJ0002533,TK0006665,T0062562,appeasement_credit,13.08,service_recovery,2026-01-14 03:10:41.000000000,USD
ADJ0002534,TK0006668,T0062581,refund,4.94,cancellation_issue,2026-03-07 08:19:54.000000000,USD
ADJ0002535,TK0006670,T0062589,appeasement_credit,13.68,service_recovery,2026-01-31 05:29:49.000000000,USD
ADJ0002536,TK0006676,T0062663,refund,6.23,cancellation_issue,2026-04-17 06:04:17.000000000,USD
ADJ0002537,TK0006679,T0062686,appeasement_credit,3.54,service_recovery,2026-06-09 16:32:02.000000000,USD
ADJ0002538,TK0006684,T0062724,appeasement_credit,3.54,service_recovery,2026-02-04 08:16:03.000000000,USD
ADJ0002539,TK0006685,T0062727,appeasement_credit,3.86,service_recovery,2026-06-15 21:43:54.000000000,USD
ADJ0002540,TK0006687,T0062745,refund,13.43,pickup_issue,2026-06-23 03:05:27.000000000,USD
ADJ0002541,TK0006688,T0062751,appeasement_credit,14.3,service_recovery,2026-05-05 21:31:12.000000000,USD
ADJ0002542,TK0006689,T0062752,refund,2.36,other,2026-06-27 04:31:41.000000000,USD
ADJ0002543,TK0006690,T0062781,refund,5.76,vehicle_access_issue,2026-06-29 01:32:15.000000000,USD
ADJ0002544,TK0006690,T0062781,appeasement_credit,9.35,service_recovery,2026-06-29 01:27:15.000000000,USD
ADJ0002545,TK0006692,T0062798,refund,2.11,dropoff_issue,2026-04-27 11:58:25.000000000,USD
ADJ0002546,TK0006694,T0062827,refund,7.81,vehicle_access_issue,2026-05-13 04:59:22.000000000,USD
ADJ0002547,TK0006696,T0062864,refund,2.05,vehicle_access_issue,2026-05-10 09:47:12.000000000,USD
ADJ0002548,TK0006698,T0062901,appeasement_credit,13.79,service_recovery,2026-06-29 13:09:21.000000000,USD
ADJ0002549,TK0006700,T0062922,refund,12.58,payment_issue,2026-04-19 23:43:29.000000000,USD
ADJ0002550,TK0006704,T0062942,refund,9.72,cancellation_issue,2026-01-15 18:09:04.000000000,USD
ADJ0002551,TK0006712,T0062991,appeasement_credit,18.78,service_recovery,2026-06-23 03:49:47.000000000,USD
ADJ0002552,TK0006713,T0062999,refund,5.32,other,2026-02-26 17:45:28.000000000,USD
ADJ0002553,TK0006718,T0063042,refund,6.9,trip_status_issue,2026-04-08 02:34:25.000000000,USD
ADJ0002554,TK0006718,T0063042,appeasement_credit,16.7,service_recovery,2026-04-08 01:56:25.000000000,USD
ADJ0002555,TK0006721,T0063129,refund,6.17,safety_concern,2026-02-23 15:25:28.000000000,USD
ADJ0002556,TK0006725,T0063176,appeasement_credit,10.25,service_recovery,2026-03-05 11:16:38.000000000,USD
ADJ0002557,TK0006729,T0063217,appeasement_credit,15.9,service_recovery,2026-03-19 07:38:36.000000000,USD
ADJ0002558,TK0006730,T0063218,refund,8.74,trip_status_issue,2026-05-03 12:48:41.000000000,USD
ADJ0002559,TK0006731,T0063225,refund,4.36,pickup_issue,2026-01-27 09:14:34.000000000,USD
ADJ0002560,TK0006736,T0063273,refund,8.96,payment_issue,2026-04-30 22:39:04.000000000,USD
ADJ0002561,TK0006739,T0063308,refund,1.42,safety_concern,2026-01-07 08:53:54.000000000,USD
ADJ0002562,TK0006741,T0063312,refund,11.43,payment_issue,2026-04-08 21:54:03.000000000,USD
ADJ0002563,TK0006742,T0063316,refund,2.79,payment_issue,2026-02-23 09:53:20.000000000,USD
ADJ0002564,TK0006745,T0063346,refund,2.47,safety_concern,2026-01-17 13:58:13.000000000,USD
ADJ0002565,TK0006746,T0063348,appeasement_credit,3.96,service_recovery,2026-01-15 07:01:35.000000000,USD
ADJ0002566,TK0006747,T0063352,appeasement_credit,13.91,service_recovery,2026-03-08 20:13:15.000000000,USD
ADJ0002567,TK0006748,T0063358,appeasement_credit,17.43,service_recovery,2026-03-01 04:25:51.000000000,USD
ADJ0002568,TK0006752,T0063422,refund,11.22,other,2026-03-19 00:11:55.000000000,USD
ADJ0002569,TK0006753,T0063441,refund,4.98,cancellation_issue,2026-02-16 04:54:51.000000000,USD
ADJ0002570,TK0006753,T0063441,appeasement_credit,14.75,service_recovery,2026-02-16 04:51:51.000000000,USD
ADJ0002571,TK0006756,T0063455,refund,10.43,route_issue,2026-01-11 09:23:48.000000000,USD
ADJ0002572,TK0006756,T0063455,appeasement_credit,5.61,service_recovery,2026-01-11 09:37:48.000000000,USD
ADJ0002573,TK0006758,T0063462,appeasement_credit,9.78,service_recovery,2026-02-06 16:38:12.000000000,USD
ADJ0002574,TK0006759,T0063498,appeasement_credit,5.91,service_recovery,2026-01-26 22:08:09.000000000,USD
ADJ0002575,TK0006765,T0063557,refund,1.46,route_issue,2026-05-05 12:29:21.000000000,USD
ADJ0002576,TK0006765,T0063557,appeasement_credit,19.83,service_recovery,2026-05-05 13:10:21.000000000,USD
ADJ0002577,TK0006768,T0063587,appeasement_credit,11.03,service_recovery,2026-06-16 06:13:03.000000000,USD
ADJ0002578,TK0006769,T0063594,appeasement_credit,17.88,service_recovery,2026-04-28 05:03:51.000000000,USD
ADJ0002579,TK0006770,T0063624,appeasement_credit,3.69,service_recovery,2026-03-19 01:41:47.000000000,USD
ADJ0002580,TK0006771,T0063629,refund,7.11,trip_status_issue,2026-04-05 10:39:32.000000000,USD
ADJ0002581,TK0006774,T0063654,refund,8.05,cancellation_issue,2026-01-19 08:25:43.000000000,USD
ADJ0002582,TK0006775,T0063660,refund,2.31,dropoff_issue,2026-04-13 15:39:55.000000000,USD
ADJ0002583,TK0006777,T0063683,refund,3.08,payment_issue,2026-06-30 13:14:47.000000000,USD
ADJ0002584,TK0006780,T0063709,appeasement_credit,8.66,service_recovery,2026-06-15 13:35:38.000000000,USD
ADJ0002585,TK0006784,T0063741,refund,9.73,payment_issue,2026-01-07 05:25:33.000000000,USD
ADJ0002586,TK0006785,T0063749,refund,3.92,vehicle_access_issue,2026-06-24 02:31:50.000000000,USD
ADJ0002587,TK0006786,T0063806,refund,5.12,trip_status_issue,2026-03-16 07:39:24.000000000,USD
ADJ0002588,TK0006787,T0063809,refund,4.77,payment_issue,2026-05-11 22:38:17.000000000,USD
ADJ0002589,TK0006788,T0063810,appeasement_credit,5.24,service_recovery,2026-01-04 00:06:15.000000000,USD
ADJ0002590,TK0006793,T0063856,refund,2.95,trip_status_issue,2026-04-14 04:40:43.000000000,USD
ADJ0002591,TK0006795,T0063865,appeasement_credit,12.08,service_recovery,2026-03-17 14:22:49.000000000,USD
ADJ0002592,TK0006800,T0063906,refund,7.56,payment_issue,2026-06-29 11:49:07.000000000,USD
ADJ0002593,TK0006801,T0063942,refund,24.0,trip_status_issue,2026-04-03 00:33:58.000000000,USD
ADJ0002594,TK0006802,T0063944,refund,10.18,payment_issue,2026-04-20 13:41:34.000000000,USD
ADJ0002595,TK0006806,T0063984,refund,6.37,vehicle_access_issue,2026-06-22 04:47:53.000000000,USD
ADJ0002596,TK0006808,T0063989,appeasement_credit,9.19,service_recovery,2026-06-14 15:00:57.000000000,USD
ADJ0002597,TK0006811,T0064015,refund,11.82,payment_issue,2026-05-10 07:55:38.000000000,USD
ADJ0002598,TK0006814,T0064038,appeasement_credit,10.62,service_recovery,2026-01-31 08:01:46.000000000,USD
ADJ0002599,TK0006815,T0064045,refund,12.84,dropoff_issue,2026-04-08 10:23:59.000000000,USD
ADJ0002600,TK0006817,T0064072,appeasement_credit,5.03,service_recovery,2026-02-14 14:37:51.000000000,USD
ADJ0002601,TK0006824,T0064189,appeasement_credit,16.89,service_recovery,2026-02-24 08:16:51.000000000,USD
ADJ0002602,TK0006827,T0064198,refund,9.38,payment_issue,2026-05-13 03:25:55.000000000,USD
ADJ0002603,TK0006828,T0064207,appeasement_credit,8.24,service_recovery,2026-02-11 00:46:46.000000000,USD
ADJ0002604,TK0006830,T0064219,refund,5.16,payment_issue,2026-01-17 06:41:51.000000000,USD
ADJ0002605,TK0006831,T0064230,refund,10.15,lost_item,2026-01-06 21:25:16.000000000,USD
ADJ0002606,TK0006832,T0064245,refund,14.95,payment_issue,2026-03-02 08:32:13.000000000,USD
ADJ0002607,TK0006845,T0064325,refund,3.09,dropoff_issue,2026-03-20 15:01:18.000000000,USD
ADJ0002608,TK0006846,T0064326,appeasement_credit,3.92,service_recovery,2026-05-18 11:38:51.000000000,USD
ADJ0002609,TK0006849,T0064338,refund,3.71,vehicle_access_issue,2026-06-11 04:28:30.000000000,USD
ADJ0002610,TK0006851,T0064360,refund,7.9,pickup_issue,2026-04-04 03:24:12.000000000,USD
ADJ0002611,TK0006852,T0064372,refund,5.33,payment_issue,2026-01-06 05:54:49.000000000,USD
ADJ0002612,TK0006853,T0064373,appeasement_credit,3.21,service_recovery,2026-05-01 05:25:06.000000000,USD
ADJ0002613,TK0006858,T0064401,refund,33.86,payment_issue,2026-03-03 15:08:44.000000000,USD
ADJ0002614,TK0006863,T0064410,refund,6.38,pickup_issue,2026-04-21 01:49:42.000000000,USD
ADJ0002615,TK0006869,T0064443,refund,11.43,trip_status_issue,2026-02-18 04:52:54.000000000,USD
ADJ0002616,TK0006870,T0064460,refund,4.34,cancellation_issue,2026-03-11 10:15:20.000000000,USD
ADJ0002617,TK0006871,T0064467,refund,3.38,trip_status_issue,2026-05-17 08:39:30.000000000,USD
ADJ0002618,TK0006872,T0064470,refund,2.99,route_issue,2026-04-10 17:23:46.000000000,USD
ADJ0002619,TK0006873,T0064486,refund,6.4,route_issue,2026-03-09 10:58:35.000000000,USD
ADJ0002620,TK0006878,T0064549,appeasement_credit,17.41,service_recovery,2026-02-07 12:34:22.000000000,USD
ADJ0002621,TK0006882,T0064643,refund,3.66,pickup_issue,2026-06-20 08:13:22.000000000,USD
ADJ0002622,TK0006884,T0064664,refund,3.96,trip_status_issue,2026-03-09 22:44:55.000000000,USD
ADJ0002623,TK0006886,T0064668,appeasement_credit,8.81,service_recovery,2026-02-28 15:45:46.000000000,USD
ADJ0002624,TK0006890,T0064685,refund,6.67,trip_status_issue,2026-02-19 20:51:05.000000000,USD
ADJ0002625,TK0006890,T0064685,appeasement_credit,4.01,service_recovery,2026-02-19 20:49:05.000000000,USD
ADJ0002626,TK0006892,T0064698,appeasement_credit,4.4,service_recovery,2026-03-11 22:37:30.000000000,USD
ADJ0002627,TK0006894,T0064711,refund,3.83,dropoff_issue,2026-02-06 13:29:48.000000000,USD
ADJ0002628,TK0006897,T0064725,refund,2.0,pickup_issue,2026-04-03 03:18:26.000000000,USD
ADJ0002629,TK0006900,T0064745,appeasement_credit,18.21,service_recovery,2026-02-07 11:54:41.000000000,USD
ADJ0002630,TK0006902,T0064755,refund,18.46,pickup_issue,2026-03-10 01:18:06.000000000,USD
ADJ0002631,TK0006904,T0064773,refund,7.68,trip_status_issue,2026-03-13 06:51:39.000000000,USD
ADJ0002632,TK0006907,T0064800,refund,4.48,payment_issue,2026-03-30 05:15:18.000000000,USD
ADJ0002633,TK0006908,T0064805,refund,6.06,route_issue,2026-06-13 00:28:51.000000000,USD
ADJ0002634,TK0006910,T0064836,refund,3.26,pickup_issue,2026-05-25 21:03:38.000000000,USD
ADJ0002635,TK0006913,T0064861,refund,5.41,pickup_issue,2026-01-03 22:56:10.000000000,USD
ADJ0002636,TK0006914,T0064866,refund,3.49,vehicle_access_issue,2026-04-04 03:53:06.000000000,USD
ADJ0002637,TK0006915,T0064869,refund,0.98,pickup_issue,2026-05-21 08:34:11.000000000,USD
ADJ0002638,TK0006915,T0064869,appeasement_credit,17.04,service_recovery,2026-05-21 09:18:11.000000000,USD
ADJ0002639,TK0006916,T0064872,refund,1.91,pickup_issue,2026-04-25 01:55:12.000000000,USD
ADJ0002640,TK0006917,T0064890,refund,4.5,vehicle_access_issue,2026-05-31 04:11:32.000000000,USD
ADJ0002641,TK0006919,T0064905,refund,1.86,route_issue,2026-06-14 09:46:38.000000000,USD
ADJ0002642,TK0006922,T0064924,refund,7.33,payment_issue,2026-02-26 12:08:39.000000000,USD
ADJ0002643,TK0006923,T0064927,refund,1.11,cancellation_issue,2026-03-25 15:05:10.000000000,USD
ADJ0002644,TK0006927,T0065029,appeasement_credit,10.97,service_recovery,2026-04-17 00:11:17.000000000,USD
ADJ0002645,TK0006931,T0065083,appeasement_credit,15.33,service_recovery,2026-01-15 01:13:47.000000000,USD
ADJ0002646,TK0006932,T0065085,refund,6.36,payment_issue,2026-02-28 03:25:38.000000000,USD
ADJ0002647,TK0006933,T0065092,refund,14.16,trip_status_issue,2026-01-10 18:12:34.000000000,USD
ADJ0002648,TK0006933,T0065092,appeasement_credit,7.96,service_recovery,2026-01-10 18:43:34.000000000,USD
ADJ0002649,TK0006934,T0065103,refund,4.2,pickup_issue,2026-06-05 14:26:05.000000000,USD
ADJ0002650,TK0006935,T0065105,refund,2.45,payment_issue,2026-02-13 00:39:34.000000000,USD
ADJ0002651,TK0006936,T0065123,appeasement_credit,5.48,service_recovery,2026-06-12 01:17:20.000000000,USD
ADJ0002652,TK0006937,T0065133,refund,5.0,pickup_issue,2026-03-31 07:25:23.000000000,USD
ADJ0002653,TK0006938,T0065136,appeasement_credit,17.57,service_recovery,2026-03-16 21:35:05.000000000,USD
ADJ0002654,TK0006939,T0065140,appeasement_credit,11.78,service_recovery,2026-04-16 03:56:45.000000000,USD
ADJ0002655,TK0006941,T0065151,refund,1.61,cancellation_issue,2026-06-21 18:10:13.000000000,USD
ADJ0002656,TK0006945,T0065192,refund,10.29,payment_issue,2026-05-03 05:51:26.000000000,USD
ADJ0002657,TK0006947,T0065227,refund,10.19,route_issue,2026-04-24 01:07:35.000000000,USD
ADJ0002658,TK0006947,T0065227,appeasement_credit,14.52,service_recovery,2026-04-24 01:58:35.000000000,USD
ADJ0002659,TK0006948,T0065229,appeasement_credit,14.23,service_recovery,2026-06-18 06:55:03.000000000,USD
ADJ0002660,TK0006956,T0065354,refund,3.38,lost_item,2026-02-13 07:26:17.000000000,USD
ADJ0002661,TK0006962,T0065392,appeasement_credit,7.4,service_recovery,2026-06-26 10:38:53.000000000,USD
ADJ0002662,TK0006964,T0065427,appeasement_credit,19.06,service_recovery,2026-06-24 04:22:31.000000000,USD
ADJ0002663,TK0006965,T0065443,refund,3.49,pickup_issue,2026-04-23 15:03:31.000000000,USD
ADJ0002664,TK0006973,T0065484,appeasement_credit,16.99,service_recovery,2026-02-17 17:08:45.000000000,USD
ADJ0002665,TK0006975,T0065493,refund,11.23,payment_issue,2026-01-03 06:46:02.000000000,USD
ADJ0002666,TK0006978,T0065507,refund,0.88,safety_concern,2026-05-16 21:03:24.000000000,USD
ADJ0002667,TK0006980,T0065537,refund,11.86,payment_issue,2026-01-15 09:15:54.000000000,USD
ADJ0002668,TK0006981,T0065539,refund,24.05,payment_issue,2026-01-07 14:31:17.000000000,USD
ADJ0002669,TK0006982,T0065544,refund,5.04,pickup_issue,2026-05-22 12:47:16.000000000,USD
ADJ0002670,TK0006983,T0065548,appeasement_credit,11.95,service_recovery,2026-06-06 15:16:11.000000000,USD
ADJ0002671,TK0006986,T0065579,refund,17.47,payment_issue,2026-01-28 04:17:12.000000000,USD
ADJ0002672,TK0006989,T0065603,refund,5.47,payment_issue,2026-06-19 21:12:03.000000000,USD
ADJ0002673,TK0006990,T0065607,refund,13.58,safety_concern,2026-02-11 23:49:28.000000000,USD
ADJ0002674,TK0006991,T0065614,refund,2.88,cancellation_issue,2026-06-08 04:05:25.000000000,USD
ADJ0002675,TK0006992,T0065629,refund,17.28,payment_issue,2026-03-21 00:07:27.000000000,USD
ADJ0002676,TK0006993,T0065641,appeasement_credit,9.21,service_recovery,2026-05-19 16:50:39.000000000,USD
ADJ0002677,TK0006998,T0065680,refund,23.96,payment_issue,2026-05-12 01:19:51.000000000,USD
ADJ0002678,TK0006999,T0065681,refund,8.21,trip_status_issue,2026-05-31 22:17:22.000000000,USD
ADJ0002679,TK0007000,T0065691,refund,2.44,cancellation_issue,2026-03-15 00:29:12.000000000,USD
ADJ0002680,TK0007000,T0065691,appeasement_credit,18.9,service_recovery,2026-03-15 01:22:12.000000000,USD
ADJ0002681,TK0007002,T0065711,appeasement_credit,13.96,service_recovery,2026-05-09 04:37:03.000000000,USD
ADJ0002682,TK0007004,T0065737,refund,2.9,cancellation_issue,2026-02-09 14:57:20.000000000,USD
ADJ0002683,TK0007005,T0065752,appeasement_credit,4.77,service_recovery,2026-04-07 22:02:08.000000000,USD
ADJ0002684,TK0007009,T0065816,refund,11.35,payment_issue,2026-04-19 15:18:15.000000000,USD
ADJ0002685,TK0007010,T0065819,refund,21.63,payment_issue,2026-02-10 02:29:38.000000000,USD
ADJ0002686,TK0007016,T0065837,appeasement_credit,8.77,service_recovery,2026-06-02 06:14:42.000000000,USD
ADJ0002687,TK0007017,T0065870,refund,4.56,payment_issue,2026-03-20 17:26:17.000000000,USD
ADJ0002688,TK0007018,T0065872,refund,15.29,cancellation_issue,2026-02-25 02:17:12.000000000,USD
ADJ0002689,TK0007019,T0065887,refund,12.38,payment_issue,2026-04-01 17:59:09.000000000,USD
ADJ0002690,TK0007023,T0065918,refund,2.92,pickup_issue,2026-03-17 22:01:38.000000000,USD
ADJ0002691,TK0007027,T0065974,refund,4.19,pickup_issue,2026-05-29 08:42:54.000000000,USD
ADJ0002692,TK0007029,T0065993,refund,3.49,cancellation_issue,2026-05-25 07:09:36.000000000,USD
ADJ0002693,TK0007034,T0066061,refund,12.59,route_issue,2026-04-25 19:39:02.000000000,USD
ADJ0002694,TK0007034,T0066061,appeasement_credit,11.21,service_recovery,2026-04-25 20:09:02.000000000,USD
ADJ0002695,TK0007039,T0066090,refund,6.75,cancellation_issue,2026-01-22 10:38:51.000000000,USD
ADJ0002696,TK0007040,T0066095,refund,12.07,cancellation_issue,2026-03-15 01:11:14.000000000,USD
ADJ0002697,TK0007045,T0066134,appeasement_credit,3.55,service_recovery,2026-01-11 07:57:57.000000000,USD
ADJ0002698,TK0007046,T0066148,refund,16.77,safety_concern,2026-06-19 12:14:25.000000000,USD
ADJ0002699,TK0007049,T0066169,refund,4.79,safety_concern,2026-02-20 15:21:21.000000000,USD
ADJ0002700,TK0007049,T0066169,appeasement_credit,17.87,service_recovery,2026-02-20 15:47:21.000000000,USD
ADJ0002701,TK0007054,T0066202,refund,12.39,payment_issue,2026-06-19 17:49:53.000000000,USD
ADJ0002702,TK0007055,T0066209,appeasement_credit,13.69,service_recovery,2026-03-11 16:10:52.000000000,USD
ADJ0002703,TK0007057,T0066224,appeasement_credit,9.74,service_recovery,2026-04-18 00:43:18.000000000,USD
ADJ0002704,TK0007059,T0066235,appeasement_credit,5.86,service_recovery,2026-03-31 14:22:36.000000000,USD
ADJ0002705,TK0007062,T0066254,refund,4.11,trip_status_issue,2026-01-15 20:33:21.000000000,USD
ADJ0002706,TK0007063,T0066266,refund,1.03,dropoff_issue,2026-02-03 14:04:11.000000000,USD
ADJ0002707,TK0007065,T0066294,refund,4.67,vehicle_access_issue,2026-05-20 09:05:05.000000000,USD
ADJ0002708,TK0007070,T0066339,refund,10.92,dropoff_issue,2026-01-12 21:49:16.000000000,USD
ADJ0002709,TK0007071,T0066355,refund,10.3,cancellation_issue,2026-02-12 21:39:20.000000000,USD
ADJ0002710,TK0007073,T0066399,refund,4.62,payment_issue,2026-02-19 10:12:20.000000000,USD
ADJ0002711,TK0007074,T0066413,refund,2.24,payment_issue,2026-01-09 16:42:29.000000000,USD
ADJ0002712,TK0007076,T0066422,refund,4.84,route_issue,2026-03-18 08:50:44.000000000,USD
ADJ0002713,TK0007082,T0066469,refund,7.36,safety_concern,2026-01-31 11:22:53.000000000,USD
ADJ0002714,TK0007083,T0066502,refund,5.1,safety_concern,2026-06-23 03:59:22.000000000,USD
ADJ0002715,TK0007084,T0066508,appeasement_credit,17.01,service_recovery,2026-02-27 13:08:11.000000000,USD
ADJ0002716,TK0007099,T0066646,refund,4.72,payment_issue,2026-04-04 23:16:50.000000000,USD
ADJ0002717,TK0007102,T0066652,refund,1.5,payment_issue,2026-03-19 20:26:50.000000000,USD
ADJ0002718,TK0007104,T0066663,appeasement_credit,12.11,service_recovery,2026-02-15 06:47:30.000000000,USD
ADJ0002719,TK0007107,T0066708,refund,9.4,payment_issue,2026-05-24 11:07:38.000000000,USD
ADJ0002720,TK0007109,T0066724,appeasement_credit,17.72,service_recovery,2026-01-31 14:58:14.000000000,USD
ADJ0002721,TK0007111,T0066742,appeasement_credit,18.5,service_recovery,2026-06-21 07:24:00.000000000,USD
ADJ0002722,TK0007112,T0066744,refund,8.16,vehicle_access_issue,2026-04-10 19:31:44.000000000,USD
ADJ0002723,TK0007112,T0066744,appeasement_credit,14.47,service_recovery,2026-04-10 19:43:44.000000000,USD
ADJ0002724,TK0007113,T0066749,refund,10.03,payment_issue,2026-04-14 05:56:21.000000000,USD
ADJ0002725,TK0007114,T0066787,refund,13.5,pickup_issue,2026-04-02 09:43:07.000000000,USD
ADJ0002726,TK0007115,T0066791,refund,7.15,payment_issue,2026-06-20 22:17:55.000000000,USD
ADJ0002727,TK0007118,T0066814,appeasement_credit,15.3,service_recovery,2026-05-28 13:52:33.000000000,USD
ADJ0002728,TK0007119,T0066850,appeasement_credit,15.6,service_recovery,2026-04-18 23:27:43.000000000,USD
ADJ0002729,TK0007121,T0066860,appeasement_credit,18.39,service_recovery,2026-04-08 00:31:25.000000000,USD
ADJ0002730,TK0007122,T0066863,refund,6.91,route_issue,2026-05-18 18:53:53.000000000,USD
ADJ0002731,TK0007122,T0066863,appeasement_credit,18.09,service_recovery,2026-05-18 18:45:53.000000000,USD
ADJ0002732,TK0007129,T0066950,refund,5.59,cancellation_issue,2026-06-15 09:21:02.000000000,USD
ADJ0002733,TK0007135,T0067006,refund,2.32,cancellation_issue,2026-05-18 11:58:49.000000000,USD
ADJ0002734,TK0007136,T0067017,appeasement_credit,10.58,service_recovery,2026-04-13 04:45:15.000000000,USD
ADJ0002735,TK0007137,T0067034,appeasement_credit,19.75,service_recovery,2026-01-13 22:26:13.000000000,USD
ADJ0002736,TK0007139,T0067066,refund,7.32,pickup_issue,2026-05-10 03:25:42.000000000,USD
ADJ0002737,TK0007145,T0067112,refund,2.08,pickup_issue,2026-05-15 22:38:56.000000000,USD
ADJ0002738,TK0007146,T0067139,refund,10.31,payment_issue,2026-05-16 21:12:09.000000000,USD
ADJ0002739,TK0007146,T0067139,appeasement_credit,14.53,service_recovery,2026-05-16 20:45:09.000000000,USD
ADJ0002740,TK0007147,T0067143,refund,20.5,cancellation_issue,2026-05-17 00:23:58.000000000,USD
ADJ0002741,TK0007148,T0067151,appeasement_credit,13.14,service_recovery,2026-01-06 14:09:07.000000000,USD
ADJ0002742,TK0007156,T0067315,refund,1.98,route_issue,2026-06-15 04:10:03.000000000,USD
ADJ0002743,TK0007159,T0067350,appeasement_credit,17.87,service_recovery,2026-02-24 09:35:41.000000000,USD
ADJ0002744,TK0007160,T0067355,appeasement_credit,4.55,service_recovery,2026-05-21 21:00:02.000000000,USD
ADJ0002745,TK0007163,T0067373,refund,1.03,trip_status_issue,2026-02-01 13:22:04.000000000,USD
ADJ0002746,TK0007165,T0067394,appeasement_credit,17.53,service_recovery,2026-06-23 00:23:14.000000000,USD
ADJ0002747,TK0007169,T0067438,refund,2.53,pickup_issue,2026-05-31 01:35:11.000000000,USD
ADJ0002748,TK0007170,T0067441,refund,0.63,other,2026-03-04 22:37:30.000000000,USD
ADJ0002749,TK0007176,T0067502,refund,8.04,trip_status_issue,2026-03-24 05:43:29.000000000,USD
ADJ0002750,TK0007180,T0067514,refund,8.94,pickup_issue,2026-06-24 17:03:58.000000000,USD
ADJ0002751,TK0007183,T0067535,refund,5.67,payment_issue,2026-06-17 18:50:28.000000000,USD
ADJ0002752,TK0007184,T0067540,refund,8.66,payment_issue,2026-03-23 04:43:27.000000000,USD
ADJ0002753,TK0007185,T0067544,refund,5.95,other,2026-02-14 05:44:18.000000000,USD
ADJ0002754,TK0007193,T0067672,refund,2.21,payment_issue,2026-04-20 07:14:56.000000000,USD
ADJ0002755,TK0007196,T0067684,appeasement_credit,19.2,service_recovery,2026-04-20 05:28:57.000000000,USD
ADJ0002756,TK0007199,T0067729,refund,1.9,lost_item,2026-02-16 12:13:52.000000000,USD
ADJ0002757,TK0007199,T0067729,appeasement_credit,19.05,service_recovery,2026-02-16 13:04:52.000000000,USD
ADJ0002758,TK0007200,T0067752,refund,6.75,safety_concern,2026-04-28 07:32:04.000000000,USD
ADJ0002759,TK0007200,T0067752,appeasement_credit,10.93,service_recovery,2026-04-28 07:36:04.000000000,USD
ADJ0002760,TK0007202,T0067760,refund,1.76,cancellation_issue,2026-06-05 11:23:42.000000000,USD
ADJ0002761,TK0007206,T0067810,refund,5.78,vehicle_access_issue,2026-03-05 02:02:43.000000000,USD
ADJ0002762,TK0007209,T0067823,refund,15.26,trip_status_issue,2026-01-24 00:00:18.000000000,USD
ADJ0002763,TK0007214,T0067871,refund,4.03,safety_concern,2026-03-29 21:27:31.000000000,USD
ADJ0002764,TK0007217,T0067899,refund,3.29,trip_status_issue,2026-05-17 01:37:49.000000000,USD
ADJ0002765,TK0007226,T0067968,refund,4.62,payment_issue,2026-03-16 12:53:40.000000000,USD
ADJ0002766,TK0007227,T0067972,refund,8.56,trip_status_issue,2026-03-02 02:17:26.000000000,USD
ADJ0002767,TK0007227,T0067972,appeasement_credit,5.29,service_recovery,2026-03-02 03:18:26.000000000,USD
ADJ0002768,TK0007233,T0068047,refund,3.3,vehicle_access_issue,2026-05-15 23:35:50.000000000,USD
ADJ0002769,TK0007233,T0068047,appeasement_credit,17.92,service_recovery,2026-05-15 23:50:50.000000000,USD
ADJ0002770,TK0007236,T0068074,appeasement_credit,8.85,service_recovery,2026-04-25 02:43:48.000000000,USD
ADJ0002771,TK0007242,T0068119,refund,13.71,payment_issue,2026-02-13 02:35:18.000000000,USD
ADJ0002772,TK0007249,T0068216,refund,9.24,payment_issue,2026-02-08 09:38:39.000000000,USD
ADJ0002773,TK0007253,T0068257,refund,0.94,vehicle_access_issue,2026-03-11 05:58:00.000000000,USD
ADJ0002774,TK0007253,T0068257,appeasement_credit,15.9,service_recovery,2026-03-11 05:51:00.000000000,USD
ADJ0002775,TK0007254,T0068288,refund,8.67,payment_issue,2026-04-08 19:48:24.000000000,USD
ADJ0002776,TK0007255,T0068291,refund,3.38,dropoff_issue,2026-01-06 23:59:08.000000000,USD
ADJ0002777,TK0007256,T0068292,refund,9.12,cancellation_issue,2026-05-12 12:03:18.000000000,USD
ADJ0002778,TK0007257,T0068293,refund,11.31,pickup_issue,2026-05-04 18:08:11.000000000,USD
ADJ0002779,TK0007258,T0068296,appeasement_credit,13.06,service_recovery,2026-04-17 10:52:51.000000000,USD
ADJ0002780,TK0007261,T0068325,refund,6.79,payment_issue,2026-06-04 16:45:02.000000000,USD
ADJ0002781,TK0007262,T0068330,refund,5.95,vehicle_access_issue,2026-01-05 03:20:50.000000000,USD
ADJ0002782,TK0007265,T0068375,refund,2.04,trip_status_issue,2026-03-24 19:51:58.000000000,USD
ADJ0002783,TK0007268,T0068395,appeasement_credit,19.23,service_recovery,2026-03-02 11:45:52.000000000,USD
ADJ0002784,TK0007270,T0068510,refund,6.65,trip_status_issue,2026-03-02 15:20:39.000000000,USD
ADJ0002785,TK0007272,T0068519,refund,3.56,pickup_issue,2026-04-26 10:05:49.000000000,USD
ADJ0002786,TK0007273,T0068532,appeasement_credit,15.7,service_recovery,2026-05-31 00:54:42.000000000,USD
ADJ0002787,TK0007276,T0068560,refund,2.88,payment_issue,2026-02-15 08:20:37.000000000,USD
ADJ0002788,TK0007276,T0068560,appeasement_credit,18.7,service_recovery,2026-02-15 08:32:37.000000000,USD
ADJ0002789,TK0007277,T0068569,refund,4.75,cancellation_issue,2026-02-15 14:09:29.000000000,USD
ADJ0002790,TK0007279,T0068597,refund,12.52,payment_issue,2026-06-06 05:19:02.000000000,USD
ADJ0002791,TK0007281,T0068611,refund,8.06,route_issue,2026-02-26 15:01:50.000000000,USD
ADJ0002792,TK0007293,T0068772,refund,2.78,cancellation_issue,2026-02-21 02:50:59.000000000,USD
ADJ0002793,TK0007294,T0068783,refund,2.28,vehicle_access_issue,2026-01-26 04:48:02.000000000,USD
ADJ0002794,TK0007297,T0068819,refund,5.24,dropoff_issue,2026-02-07 06:49:01.000000000,USD
ADJ0002795,TK0007298,T0068846,appeasement_credit,8.19,service_recovery,2026-02-01 06:21:19.000000000,USD
ADJ0002796,TK0007299,T0068864,refund,1.21,vehicle_access_issue,2026-03-21 10:47:56.000000000,USD
ADJ0002797,TK0007299,T0068864,appeasement_credit,13.59,service_recovery,2026-03-21 10:18:56.000000000,USD
ADJ0002798,TK0007301,T0068881,refund,5.09,dropoff_issue,2026-02-07 07:00:44.000000000,USD
ADJ0002799,TK0007302,T0068888,appeasement_credit,16.62,service_recovery,2026-03-02 12:37:00.000000000,USD
ADJ0002800,TK0007305,T0068919,refund,1.8,cancellation_issue,2026-05-15 16:29:56.000000000,USD
ADJ0002801,TK0007306,T0068928,refund,3.75,trip_status_issue,2026-05-21 19:58:43.000000000,USD
ADJ0002802,TK0007313,T0068979,refund,5.32,safety_concern,2026-01-18 13:12:35.000000000,USD
ADJ0002803,TK0007313,T0068979,appeasement_credit,3.82,service_recovery,2026-01-18 12:52:35.000000000,USD
ADJ0002804,TK0007314,T0068983,refund,8.23,route_issue,2026-03-06 22:50:09.000000000,USD
ADJ0002805,TK0007317,T0069032,refund,14.21,vehicle_access_issue,2026-06-17 21:56:02.000000000,USD
ADJ0002806,TK0007321,T0069046,refund,3.61,vehicle_access_issue,2026-04-29 15:33:13.000000000,USD
ADJ0002807,TK0007322,T0069048,appeasement_credit,13.09,service_recovery,2026-02-17 09:04:05.000000000,USD
ADJ0002808,TK0007327,T0069097,appeasement_credit,5.7,service_recovery,2026-02-01 14:40:52.000000000,USD
ADJ0002809,TK0007329,T0069107,appeasement_credit,4.08,service_recovery,2026-02-28 01:06:08.000000000,USD
ADJ0002810,TK0007333,T0069131,refund,13.14,lost_item,2026-06-28 10:10:41.000000000,USD
ADJ0002811,TK0007335,T0069137,appeasement_credit,6.67,service_recovery,2026-02-11 06:27:08.000000000,USD
ADJ0002812,TK0007336,T0069142,refund,12.6,payment_issue,2026-05-14 21:07:59.000000000,USD
ADJ0002813,TK0007340,T0069182,appeasement_credit,16.16,service_recovery,2026-02-01 17:01:30.000000000,USD
ADJ0002814,TK0007345,T0069231,refund,4.06,pickup_issue,2026-04-28 15:42:20.000000000,USD
ADJ0002815,TK0007345,T0069231,appeasement_credit,7.16,service_recovery,2026-04-28 16:09:20.000000000,USD
ADJ0002816,TK0007346,T0069241,refund,7.75,payment_issue,2026-03-23 01:43:00.000000000,USD
ADJ0002817,TK0007348,T0069247,appeasement_credit,19.67,service_recovery,2026-04-14 05:56:14.000000000,USD
ADJ0002818,TK0007350,T0069259,refund,5.95,pickup_issue,2026-06-10 17:21:11.000000000,USD
ADJ0002819,TK0007352,T0069271,refund,9.08,payment_issue,2026-05-28 22:28:17.000000000,USD
ADJ0002820,TK0007353,T0069281,refund,1.56,route_issue,2026-05-09 12:17:05.000000000,USD
ADJ0002821,TK0007355,T0069289,refund,11.99,pickup_issue,2026-02-28 14:30:43.000000000,USD
ADJ0002822,TK0007356,T0069293,refund,1.57,cancellation_issue,2026-03-06 04:38:58.000000000,USD
ADJ0002823,TK0007357,T0069298,refund,4.22,safety_concern,2026-04-08 08:19:37.000000000,USD
ADJ0002824,TK0007358,T0069302,refund,12.47,safety_concern,2026-05-30 05:54:34.000000000,USD
ADJ0002825,TK0007362,T0069324,refund,5.19,dropoff_issue,2026-05-17 07:28:23.000000000,USD
ADJ0002826,TK0007370,T0069458,refund,7.09,trip_status_issue,2026-03-08 19:35:00.000000000,USD
ADJ0002827,TK0007374,T0069495,refund,3.69,vehicle_access_issue,2026-01-06 18:13:10.000000000,USD
ADJ0002828,TK0007382,T0069579,refund,17.41,cancellation_issue,2026-04-29 14:39:09.000000000,USD
ADJ0002829,TK0007384,T0069593,appeasement_credit,12.51,service_recovery,2026-03-07 13:54:32.000000000,USD
ADJ0002830,TK0007385,T0069598,refund,14.85,payment_issue,2026-03-12 20:26:03.000000000,USD
ADJ0002831,TK0007386,T0069600,refund,6.52,pickup_issue,2026-05-03 18:47:08.000000000,USD
ADJ0002832,TK0007387,T0069610,refund,5.62,lost_item,2026-05-13 19:16:43.000000000,USD
ADJ0002833,TK0007389,T0069618,appeasement_credit,5.69,service_recovery,2026-04-27 22:55:38.000000000,USD
ADJ0002834,TK0007390,T0069632,appeasement_credit,17.1,service_recovery,2026-06-17 09:04:07.000000000,USD
ADJ0002835,TK0007391,T0069633,refund,1.31,safety_concern,2026-04-12 03:25:59.000000000,USD
ADJ0002836,TK0007394,T0069683,appeasement_credit,9.45,service_recovery,2026-05-29 08:28:05.000000000,USD
ADJ0002837,TK0007400,T0069752,refund,14.02,dropoff_issue,2026-06-15 06:46:53.000000000,USD
ADJ0002838,TK0007403,T0069779,refund,4.47,cancellation_issue,2026-05-30 08:08:52.000000000,USD
ADJ0002839,TK0007404,T0069784,appeasement_credit,4.48,service_recovery,2026-02-17 14:53:08.000000000,USD
ADJ0002840,TK0007407,T0069813,refund,5.82,payment_issue,2026-01-29 06:22:42.000000000,USD
ADJ0002841,TK0007411,T0069844,refund,11.52,safety_concern,2026-06-02 10:39:47.000000000,USD
ADJ0002842,TK0007416,T0069902,appeasement_credit,5.29,service_recovery,2026-05-22 22:49:55.000000000,USD
ADJ0002843,TK0007421,T0069942,refund,4.64,pickup_issue,2026-03-23 02:29:24.000000000,USD
ADJ0002844,TK0007421,T0069942,appeasement_credit,6.48,service_recovery,2026-03-23 02:57:24.000000000,USD
ADJ0002845,TK0007424,T0069975,refund,13.17,cancellation_issue,2026-02-17 13:01:52.000000000,USD
ADJ0002846,TK0007427,T0070001,refund,14.67,pickup_issue,2026-02-05 14:27:51.000000000,USD
ADJ0002847,TK0007428,T0070003,appeasement_credit,17.61,service_recovery,2026-04-10 08:56:50.000000000,USD
ADJ0002848,TK0007430,T0070023,refund,10.52,payment_issue,2026-01-03 13:58:35.000000000,USD
ADJ0002849,TK0007432,T0070048,refund,2.33,lost_item,2026-05-04 12:35:55.000000000,USD
ADJ0002850,TK0007436,T0070100,refund,14.47,payment_issue,2026-04-17 22:38:18.000000000,USD
ADJ0002851,TK0007441,T0070155,appeasement_credit,10.64,service_recovery,2026-02-15 03:32:32.000000000,USD
ADJ0002852,TK0007442,T0070164,refund,18.13,cancellation_issue,2026-05-08 04:17:40.000000000,USD
ADJ0002853,TK0007444,T0070175,refund,4.25,cancellation_issue,2026-05-16 16:09:45.000000000,USD
ADJ0002854,TK0007447,T0070204,appeasement_credit,11.08,service_recovery,2026-04-01 12:16:25.000000000,USD
ADJ0002855,TK0007448,T0070210,refund,2.81,pickup_issue,2026-03-11 11:34:09.000000000,USD
ADJ0002856,TK0007450,T0070237,appeasement_credit,15.67,service_recovery,2026-06-08 17:29:45.000000000,USD
ADJ0002857,TK0007451,T0070240,refund,11.9,payment_issue,2026-01-27 12:01:08.000000000,USD
ADJ0002858,TK0007452,T0070241,refund,10.55,pickup_issue,2026-03-29 11:54:27.000000000,USD
ADJ0002859,TK0007453,T0070252,refund,12.23,pickup_issue,2026-04-26 08:58:43.000000000,USD
ADJ0002860,TK0007453,T0070252,appeasement_credit,13.92,service_recovery,2026-04-26 09:12:43.000000000,USD
ADJ0002861,TK0007454,T0070256,refund,1.05,payment_issue,2026-02-19 08:52:03.000000000,USD
ADJ0002862,TK0007456,T0070261,refund,3.21,cancellation_issue,2026-02-01 04:10:02.000000000,USD
ADJ0002863,TK0007459,T0070304,refund,7.55,payment_issue,2026-05-29 21:34:50.000000000,USD
ADJ0002864,TK0007459,T0070304,appeasement_credit,10.66,service_recovery,2026-05-29 21:05:50.000000000,USD
ADJ0002865,TK0007460,T0070322,refund,4.22,pickup_issue,2026-01-08 05:40:28.000000000,USD
ADJ0002866,TK0007463,T0070333,refund,4.38,trip_status_issue,2026-02-06 14:08:10.000000000,USD
ADJ0002867,TK0007465,T0070338,appeasement_credit,7.6,service_recovery,2026-01-30 20:40:29.000000000,USD
ADJ0002868,TK0007466,T0070339,refund,5.06,payment_issue,2026-06-18 13:13:38.000000000,USD
ADJ0002869,TK0007468,T0070365,refund,10.68,safety_concern,2026-02-13 05:33:03.000000000,USD
ADJ0002870,TK0007470,T0070387,appeasement_credit,4.71,service_recovery,2026-05-08 01:26:04.000000000,USD
ADJ0002871,TK0007474,T0070429,appeasement_credit,13.97,service_recovery,2026-05-18 00:52:42.000000000,USD
ADJ0002872,TK0007477,T0070438,refund,1.87,dropoff_issue,2026-05-30 21:38:11.000000000,USD
ADJ0002873,TK0007477,T0070438,appeasement_credit,15.43,service_recovery,2026-05-30 22:07:11.000000000,USD
ADJ0002874,TK0007478,T0070440,appeasement_credit,8.27,service_recovery,2026-01-28 13:28:38.000000000,USD
ADJ0002875,TK0007485,T0070499,refund,4.97,payment_issue,2026-05-09 12:58:52.000000000,USD
ADJ0002876,TK0007487,T0070522,refund,3.94,cancellation_issue,2026-01-31 21:44:42.000000000,USD
ADJ0002877,TK0007488,T0070523,appeasement_credit,10.25,service_recovery,2026-04-01 12:25:29.000000000,USD
ADJ0002878,TK0007492,T0070555,refund,1.74,safety_concern,2026-04-08 03:19:41.000000000,USD
ADJ0002879,TK0007493,T0070564,refund,2.85,safety_concern,2026-02-24 13:31:16.000000000,USD
ADJ0002880,TK0007495,T0070581,refund,1.44,pickup_issue,2026-02-03 21:58:50.000000000,USD
ADJ0002881,TK0007496,T0070591,refund,9.56,pickup_issue,2026-06-18 16:17:40.000000000,USD
ADJ0002882,TK0007498,T0070615,refund,2.06,cancellation_issue,2026-04-29 03:48:20.000000000,USD
ADJ0002883,TK0007503,T0070639,refund,3.68,cancellation_issue,2026-06-04 22:17:07.000000000,USD
ADJ0002884,TK0007507,T0070697,refund,19.95,payment_issue,2026-03-18 21:30:19.000000000,USD
ADJ0002885,TK0007508,T0070700,refund,4.21,vehicle_access_issue,2026-03-16 23:01:29.000000000,USD
ADJ0002886,TK0007509,T0070707,refund,8.19,route_issue,2026-03-09 06:52:02.000000000,USD
ADJ0002887,TK0007511,T0070720,refund,5.49,pickup_issue,2026-03-06 15:31:49.000000000,USD
ADJ0002888,TK0007511,T0070720,appeasement_credit,13.98,service_recovery,2026-03-06 15:55:49.000000000,USD
ADJ0002889,TK0007513,T0070766,appeasement_credit,9.81,service_recovery,2026-06-25 15:20:11.000000000,USD
ADJ0002890,TK0007518,T0070808,refund,2.98,pickup_issue,2026-03-21 02:33:28.000000000,USD
ADJ0002891,TK0007518,T0070808,appeasement_credit,8.49,service_recovery,2026-03-21 02:24:28.000000000,USD
ADJ0002892,TK0007519,T0070809,refund,5.45,vehicle_access_issue,2026-05-25 18:55:34.000000000,USD
ADJ0002893,TK0007521,T0070825,refund,2.23,trip_status_issue,2026-04-16 18:52:49.000000000,USD
ADJ0002894,TK0007523,T0070841,refund,15.28,pickup_issue,2026-06-15 13:53:54.000000000,USD
ADJ0002895,TK0007524,T0070869,refund,12.43,payment_issue,2026-03-05 17:09:41.000000000,USD
ADJ0002896,TK0007525,T0070874,refund,6.37,payment_issue,2026-05-19 20:38:26.000000000,USD
ADJ0002897,TK0007526,T0070881,refund,9.45,pickup_issue,2026-01-09 02:35:50.000000000,USD
ADJ0002898,TK0007529,T0070927,refund,1.13,pickup_issue,2026-01-31 06:50:47.000000000,USD
ADJ0002899,TK0007535,T0070980,refund,9.68,pickup_issue,2026-02-27 15:35:53.000000000,USD
ADJ0002900,TK0007536,T0070982,refund,12.98,payment_issue,2026-04-08 14:54:51.000000000,USD
ADJ0002901,TK0007537,T0070987,appeasement_credit,16.56,service_recovery,2026-03-02 19:38:17.000000000,USD
ADJ0002902,TK0007540,T0071012,appeasement_credit,12.85,service_recovery,2026-06-11 11:05:29.000000000,USD
ADJ0002903,TK0007542,T0071028,refund,15.4,pickup_issue,2026-02-09 13:19:52.000000000,USD
ADJ0002904,TK0007549,T0071082,refund,9.56,trip_status_issue,2026-06-15 18:05:26.000000000,USD
ADJ0002905,TK0007549,T0071082,appeasement_credit,13.21,service_recovery,2026-06-15 18:21:26.000000000,USD
ADJ0002906,TK0007551,T0071100,refund,11.48,pickup_issue,2026-04-21 10:07:54.000000000,USD
ADJ0002907,TK0007552,T0071112,refund,4.56,route_issue,2026-02-17 18:38:07.000000000,USD
ADJ0002908,TK0007552,T0071112,appeasement_credit,17.53,service_recovery,2026-02-17 18:46:07.000000000,USD
ADJ0002909,TK0007555,T0071164,appeasement_credit,19.78,service_recovery,2026-05-23 08:35:50.000000000,USD
ADJ0002910,TK0007557,T0071171,refund,2.01,safety_concern,2026-05-04 21:49:00.000000000,USD
ADJ0002911,TK0007560,T0071205,refund,1.3,cancellation_issue,2026-03-31 21:57:08.000000000,USD
ADJ0002912,TK0007562,T0071221,refund,1.4,route_issue,2026-01-28 20:23:03.000000000,USD
ADJ0002913,TK0007563,T0071245,refund,3.7,pickup_issue,2026-02-14 08:31:55.000000000,USD
ADJ0002914,TK0007566,T0071250,appeasement_credit,9.78,service_recovery,2026-06-17 01:03:12.000000000,USD
ADJ0002915,TK0007576,T0071309,refund,9.08,trip_status_issue,2026-06-05 12:48:12.000000000,USD
ADJ0002916,TK0007584,T0071385,refund,9.71,safety_concern,2026-06-27 19:35:06.000000000,USD
ADJ0002917,TK0007588,T0071416,refund,2.26,vehicle_access_issue,2026-02-04 00:22:08.000000000,USD
ADJ0002918,TK0007591,T0071432,refund,1.85,cancellation_issue,2026-06-03 00:49:45.000000000,USD
ADJ0002919,TK0007592,T0071434,refund,2.49,trip_status_issue,2026-01-15 20:48:52.000000000,USD
ADJ0002920,TK0007600,T0071515,refund,1.3,trip_status_issue,2026-02-02 12:34:23.000000000,USD
ADJ0002921,TK0007601,T0071519,appeasement_credit,5.59,service_recovery,2026-02-06 23:23:48.000000000,USD
ADJ0002922,TK0007602,T0071531,appeasement_credit,9.69,service_recovery,2026-03-27 03:39:29.000000000,USD
ADJ0002923,TK0007607,T0071600,refund,6.92,cancellation_issue,2026-02-20 14:53:08.000000000,USD
ADJ0002924,TK0007610,T0071658,refund,4.55,route_issue,2026-01-04 00:08:00.000000000,USD
ADJ0002925,TK0007611,T0071663,refund,9.66,pickup_issue,2026-05-27 16:36:50.000000000,USD
ADJ0002926,TK0007616,T0071693,refund,4.68,pickup_issue,2026-01-29 06:18:34.000000000,USD
ADJ0002927,TK0007620,T0071717,refund,3.71,payment_issue,2026-05-19 18:55:23.000000000,USD
ADJ0002928,TK0007622,T0071750,refund,2.25,cancellation_issue,2026-01-23 16:18:30.000000000,USD
ADJ0002929,TK0007623,T0071762,appeasement_credit,12.83,service_recovery,2026-05-09 12:19:39.000000000,USD
ADJ0002930,TK0007625,T0071795,refund,10.85,trip_status_issue,2026-03-20 01:11:25.000000000,USD
ADJ0002931,TK0007625,T0071795,appeasement_credit,13.69,service_recovery,2026-03-20 02:26:25.000000000,USD
ADJ0002932,TK0007626,T0071802,refund,9.67,payment_issue,2026-05-10 17:23:50.000000000,USD
ADJ0002933,TK0007627,T0071810,refund,6.02,dropoff_issue,2026-02-11 02:56:41.000000000,USD
ADJ0002934,TK0007634,T0071878,appeasement_credit,6.89,service_recovery,2026-04-29 14:14:13.000000000,USD
ADJ0002935,TK0007637,T0071932,refund,2.17,cancellation_issue,2026-06-10 14:12:36.000000000,USD
ADJ0002936,TK0007641,T0071963,appeasement_credit,18.46,service_recovery,2026-01-08 14:08:39.000000000,USD
ADJ0002937,TK0007645,T0071999,appeasement_credit,7.34,service_recovery,2026-01-13 04:28:22.000000000,USD
ADJ0002938,TK0007652,T0072078,appeasement_credit,15.01,service_recovery,2026-06-17 05:09:48.000000000,USD
ADJ0002939,TK0007653,T0072081,refund,4.49,vehicle_access_issue,2026-05-21 20:13:53.000000000,USD
ADJ0002940,TK0007653,T0072081,appeasement_credit,13.22,service_recovery,2026-05-21 21:12:53.000000000,USD
ADJ0002941,TK0007654,T0072083,refund,6.35,pickup_issue,2026-02-19 02:03:33.000000000,USD
ADJ0002942,TK0007656,T0072094,refund,2.79,trip_status_issue,2026-02-09 17:46:54.000000000,USD
ADJ0002943,TK0007660,T0072143,refund,3.56,lost_item,2026-06-23 06:57:13.000000000,USD
ADJ0002944,TK0007662,T0072162,refund,3.19,pickup_issue,2026-01-24 13:15:48.000000000,USD
ADJ0002945,TK0007662,T0072162,appeasement_credit,15.13,service_recovery,2026-01-24 12:48:48.000000000,USD
ADJ0002946,TK0007663,T0072171,refund,11.11,pickup_issue,2026-02-06 05:09:19.000000000,USD
ADJ0002947,TK0007666,T0072189,refund,2.54,pickup_issue,2026-04-29 14:04:31.000000000,USD
ADJ0002948,TK0007676,T0072292,refund,2.52,dropoff_issue,2026-05-28 00:58:06.000000000,USD
ADJ0002949,TK0007676,T0072292,appeasement_credit,5.8,service_recovery,2026-05-28 00:53:06.000000000,USD
ADJ0002950,TK0007678,T0072307,refund,4.11,vehicle_access_issue,2026-04-30 00:02:23.000000000,USD
ADJ0002951,TK0007681,T0072353,refund,2.01,payment_issue,2026-06-22 19:32:59.000000000,USD
ADJ0002952,TK0007687,T0072384,refund,12.27,route_issue,2026-04-12 19:44:19.000000000,USD
ADJ0002953,TK0007689,T0072402,refund,3.06,cancellation_issue,2026-03-31 04:45:28.000000000,USD
ADJ0002954,TK0007690,T0072406,refund,2.97,payment_issue,2026-02-11 05:43:49.000000000,USD
ADJ0002955,TK0007691,T0072410,refund,2.21,cancellation_issue,2026-02-26 09:53:11.000000000,USD
ADJ0002956,TK0007691,T0072410,appeasement_credit,13.24,service_recovery,2026-02-26 10:44:11.000000000,USD
ADJ0002957,TK0007698,T0072466,refund,1.9,trip_status_issue,2026-05-26 15:11:42.000000000,USD
ADJ0002958,TK0007701,T0072488,refund,3.24,route_issue,2026-03-06 05:57:46.000000000,USD
ADJ0002959,TK0007701,T0072488,appeasement_credit,7.25,service_recovery,2026-03-06 05:40:46.000000000,USD
ADJ0002960,TK0007706,T0072521,refund,0.39,other,2026-02-10 13:09:32.000000000,USD
ADJ0002961,TK0007707,T0072543,refund,1.0,pickup_issue,2026-04-01 01:22:10.000000000,USD
ADJ0002962,TK0007710,T0072569,refund,2.22,cancellation_issue,2026-05-18 22:32:58.000000000,USD
ADJ0002963,TK0007711,T0072571,refund,8.29,pickup_issue,2026-05-11 21:25:10.000000000,USD
ADJ0002964,TK0007713,T0072596,appeasement_credit,15.2,service_recovery,2026-01-21 12:06:01.000000000,USD
ADJ0002965,TK0007714,T0072599,appeasement_credit,19.86,service_recovery,2026-05-22 20:24:07.000000000,USD
ADJ0002966,TK0007715,T0072606,refund,3.55,trip_status_issue,2026-06-02 11:21:03.000000000,USD
ADJ0002967,TK0007715,T0072606,appeasement_credit,11.6,service_recovery,2026-06-02 11:25:03.000000000,USD
ADJ0002968,TK0007718,T0072632,refund,19.37,payment_issue,2026-06-19 22:19:00.000000000,USD
ADJ0002969,TK0007720,T0072643,refund,4.68,trip_status_issue,2026-04-02 16:36:06.000000000,USD
ADJ0002970,TK0007722,T0072650,refund,5.05,cancellation_issue,2026-04-28 19:13:13.000000000,USD
ADJ0002971,TK0007723,T0072655,refund,5.75,trip_status_issue,2026-01-16 05:39:37.000000000,USD
ADJ0002972,TK0007729,T0072687,refund,8.3,vehicle_access_issue,2026-02-17 16:38:02.000000000,USD
ADJ0002973,TK0007731,T0072708,refund,8.88,cancellation_issue,2026-05-05 15:36:37.000000000,USD
ADJ0002974,TK0007732,T0072713,refund,6.66,payment_issue,2026-04-22 05:06:26.000000000,USD
ADJ0002975,TK0007735,T0072730,appeasement_credit,3.66,service_recovery,2026-03-23 14:18:09.000000000,USD
ADJ0002976,TK0007737,T0072745,refund,2.91,dropoff_issue,2026-01-15 14:58:55.000000000,USD
ADJ0002977,TK0007739,T0072755,refund,9.44,route_issue,2026-01-07 06:39:51.000000000,USD
ADJ0002978,TK0007742,T0072771,refund,5.85,trip_status_issue,2026-03-15 16:34:03.000000000,USD
ADJ0002979,TK0007743,T0072787,refund,1.77,trip_status_issue,2026-06-20 18:02:36.000000000,USD
ADJ0002980,TK0007743,T0072787,appeasement_credit,7.79,service_recovery,2026-06-20 17:38:36.000000000,USD
ADJ0002981,TK0007744,T0072826,refund,4.79,pickup_issue,2026-04-16 18:04:35.000000000,USD
ADJ0002982,TK0007746,T0072843,refund,5.12,trip_status_issue,2026-01-16 19:10:01.000000000,USD
ADJ0002983,TK0007746,T0072843,appeasement_credit,18.92,service_recovery,2026-01-16 20:00:01.000000000,USD
ADJ0002984,TK0007747,T0072849,refund,3.36,cancellation_issue,2026-02-19 08:55:10.000000000,USD
ADJ0002985,TK0007749,T0072890,appeasement_credit,14.49,service_recovery,2026-01-28 04:40:10.000000000,USD
ADJ0002986,TK0007751,T0072897,refund,6.16,lost_item,2026-05-31 15:56:33.000000000,USD
ADJ0002987,TK0007759,T0073003,refund,11.04,cancellation_issue,2026-05-31 10:18:37.000000000,USD
ADJ0002988,TK0007759,T0073003,appeasement_credit,12.32,service_recovery,2026-05-31 10:46:37.000000000,USD
ADJ0002989,TK0007764,T0073046,refund,3.87,pickup_issue,2026-01-01 12:03:13.000000000,USD
ADJ0002990,TK0007765,T0073047,refund,1.8,trip_status_issue,2026-04-30 10:45:24.000000000,USD
ADJ0002991,TK0007765,T0073047,appeasement_credit,14.85,service_recovery,2026-04-30 10:48:24.000000000,USD
ADJ0002992,TK0007767,T0073062,refund,4.44,safety_concern,2026-03-08 09:10:11.000000000,USD
ADJ0002993,TK0007772,T0073112,appeasement_credit,10.53,service_recovery,2026-06-02 03:44:53.000000000,USD
ADJ0002994,TK0007773,T0073124,refund,4.52,payment_issue,2026-03-20 17:27:18.000000000,USD
ADJ0002995,TK0007775,T0073163,appeasement_credit,10.41,service_recovery,2026-06-29 08:58:11.000000000,USD
ADJ0002996,TK0007777,T0073202,refund,1.88,cancellation_issue,2026-04-27 12:43:20.000000000,USD
ADJ0002997,TK0007779,T0073277,refund,4.18,trip_status_issue,2026-02-04 11:53:01.000000000,USD
ADJ0002998,TK0007781,T0073297,appeasement_credit,6.25,service_recovery,2026-03-11 12:54:32.000000000,USD
ADJ0002999,TK0007787,T0073355,refund,1.67,cancellation_issue,2026-06-12 12:26:03.000000000,USD
ADJ0003000,TK0007790,T0073381,refund,2.27,pickup_issue,2026-06-16 15:40:24.000000000,USD
ADJ0003001,TK0007791,T0073395,refund,10.83,cancellation_issue,2026-04-08 00:41:50.000000000,USD
ADJ0003002,TK0007794,T0073417,refund,2.43,cancellation_issue,2026-02-04 07:54:34.000000000,USD
ADJ0003003,TK0007810,T0073603,refund,2.88,route_issue,2026-06-04 09:25:13.000000000,USD
ADJ0003004,TK0007813,T0073633,refund,6.9,route_issue,2026-01-30 17:16:54.000000000,USD
ADJ0003005,TK0007814,T0073640,refund,3.6,trip_status_issue,2026-01-28 19:16:20.000000000,USD
ADJ0003006,TK0007814,T0073640,appeasement_credit,14.11,service_recovery,2026-01-28 19:36:20.000000000,USD
ADJ0003007,TK0007816,T0073657,refund,5.39,safety_concern,2026-06-30 00:26:27.000000000,USD
ADJ0003008,TK0007820,T0073719,appeasement_credit,12.58,service_recovery,2026-03-11 03:44:58.000000000,USD
ADJ0003009,TK0007821,T0073734,refund,7.17,pickup_issue,2026-05-02 07:11:09.000000000,USD
ADJ0003010,TK0007829,T0073815,refund,10.69,pickup_issue,2026-04-27 20:52:13.000000000,USD
ADJ0003011,TK0007831,T0073821,refund,5.35,safety_concern,2026-02-22 08:33:52.000000000,USD
ADJ0003012,TK0007835,T0073878,refund,2.56,pickup_issue,2026-02-17 23:29:30.000000000,USD
ADJ0003013,TK0007836,T0073880,refund,3.07,trip_status_issue,2026-04-23 13:24:08.000000000,USD
ADJ0003014,TK0007836,T0073880,appeasement_credit,11.38,service_recovery,2026-04-23 13:35:08.000000000,USD
ADJ0003015,TK0007841,T0073916,refund,4.57,cancellation_issue,2026-02-11 04:14:58.000000000,USD
ADJ0003016,TK0007847,T0073992,refund,2.46,cancellation_issue,2026-01-09 14:00:00.000000000,USD
ADJ0003017,TK0007848,T0073996,refund,6.87,pickup_issue,2026-04-15 06:08:48.000000000,USD
ADJ0003018,TK0007852,T0074012,refund,2.39,safety_concern,2026-05-10 00:17:12.000000000,USD
ADJ0003019,TK0007853,T0074020,refund,1.29,cancellation_issue,2026-03-30 04:17:25.000000000,USD
ADJ0003020,TK0007854,T0074021,refund,3.24,payment_issue,2026-03-28 03:58:00.000000000,USD
ADJ0003021,TK0007856,T0074055,refund,6.57,cancellation_issue,2026-06-10 11:05:48.000000000,USD
ADJ0003022,TK0007856,T0074055,appeasement_credit,14.9,service_recovery,2026-06-10 11:25:48.000000000,USD
ADJ0003023,TK0007861,T0074106,refund,2.07,safety_concern,2026-02-13 02:27:32.000000000,USD
ADJ0003024,TK0007864,T0074119,appeasement_credit,12.71,service_recovery,2026-03-24 13:05:25.000000000,USD
ADJ0003025,TK0007866,T0074151,refund,7.68,trip_status_issue,2026-06-13 19:41:42.000000000,USD
ADJ0003026,TK0007867,T0074154,refund,8.23,cancellation_issue,2026-03-26 07:39:33.000000000,USD
ADJ0003027,TK0007867,T0074154,appeasement_credit,12.1,service_recovery,2026-03-26 08:42:33.000000000,USD
ADJ0003028,TK0007874,T0074184,refund,1.52,cancellation_issue,2026-06-17 03:01:26.000000000,USD
ADJ0003029,TK0007875,T0074193,refund,7.89,trip_status_issue,2026-06-04 08:32:35.000000000,USD
ADJ0003030,TK0007875,T0074193,appeasement_credit,19.54,service_recovery,2026-06-04 09:34:35.000000000,USD
ADJ0003031,TK0007876,T0074223,refund,7.82,cancellation_issue,2026-01-28 10:05:18.000000000,USD
ADJ0003032,TK0007876,T0074223,appeasement_credit,7.59,service_recovery,2026-01-28 10:43:18.000000000,USD
ADJ0003033,TK0007878,T0074252,appeasement_credit,3.79,service_recovery,2026-02-22 04:03:56.000000000,USD
ADJ0003034,TK0007879,T0074264,refund,2.36,trip_status_issue,2026-06-21 03:24:58.000000000,USD
ADJ0003035,TK0007879,T0074264,appeasement_credit,17.49,service_recovery,2026-06-21 03:49:58.000000000,USD
ADJ0003036,TK0007881,T0074304,refund,9.02,pickup_issue,2026-02-20 03:58:22.000000000,USD
ADJ0003037,TK0007882,T0074306,refund,1.72,cancellation_issue,2026-01-21 04:27:08.000000000,USD
ADJ0003038,TK0007884,T0074325,appeasement_credit,16.36,service_recovery,2026-06-20 05:51:16.000000000,USD
ADJ0003039,TK0007885,T0074329,appeasement_credit,14.25,service_recovery,2026-01-02 17:17:13.000000000,USD
ADJ0003040,TK0007886,T0074336,refund,7.68,pickup_issue,2026-02-23 04:27:54.000000000,USD
ADJ0003041,TK0007887,T0074338,refund,2.87,safety_concern,2026-06-15 08:55:01.000000000,USD
ADJ0003042,TK0007888,T0074339,refund,7.62,trip_status_issue,2026-01-22 19:29:41.000000000,USD
ADJ0003043,TK0007889,T0074366,appeasement_credit,16.19,service_recovery,2026-03-05 08:48:22.000000000,USD
ADJ0003044,TK0007890,T0074377,refund,8.16,payment_issue,2026-05-11 13:57:01.000000000,USD
ADJ0003045,TK0007893,T0074420,appeasement_credit,6.83,service_recovery,2026-05-03 02:13:16.000000000,USD
ADJ0003046,TK0007899,T0074466,appeasement_credit,4.98,service_recovery,2026-02-06 11:18:18.000000000,USD
ADJ0003047,TK0007900,T0074493,refund,5.62,cancellation_issue,2026-02-10 10:37:49.000000000,USD
ADJ0003048,TK0007903,T0074502,refund,13.63,cancellation_issue,2026-03-03 22:47:53.000000000,USD
ADJ0003049,TK0007906,T0074531,refund,1.4,cancellation_issue,2026-06-23 16:43:19.000000000,USD
ADJ0003050,TK0007907,T0074548,appeasement_credit,5.87,service_recovery,2026-04-25 15:21:55.000000000,USD
ADJ0003051,TK0007910,T0074572,refund,12.04,route_issue,2026-05-03 05:36:50.000000000,USD
ADJ0003052,TK0007913,T0074603,refund,3.35,safety_concern,2026-05-11 19:30:36.000000000,USD
ADJ0003053,TK0007914,T0074604,appeasement_credit,14.23,service_recovery,2026-02-06 04:31:26.000000000,USD
ADJ0003054,TK0007920,T0074696,refund,6.53,payment_issue,2026-03-19 03:17:44.000000000,USD
ADJ0003055,TK0007922,T0074719,refund,8.89,cancellation_issue,2026-03-22 18:09:08.000000000,USD
ADJ0003056,TK0007924,T0074728,appeasement_credit,9.86,service_recovery,2026-02-01 14:08:15.000000000,USD
ADJ0003057,TK0007925,T0074731,appeasement_credit,10.38,service_recovery,2026-05-02 17:30:34.000000000,USD
ADJ0003058,TK0007931,T0074854,refund,18.2,payment_issue,2026-02-04 13:50:41.000000000,USD
ADJ0003059,TK0007936,T0074903,appeasement_credit,3.39,service_recovery,2026-02-25 05:54:52.000000000,USD
ADJ0003060,TK0007940,T0074932,refund,11.07,payment_issue,2026-06-30 06:14:45.000000000,USD
ADJ0003061,TK0007942,T0074972,appeasement_credit,18.65,service_recovery,2026-01-09 23:37:55.000000000,USD
ADJ0003062,TK0007948,T0075010,refund,8.34,lost_item,2026-06-15 14:03:05.000000000,USD
ADJ0003063,TK0007949,T0075013,appeasement_credit,5.93,service_recovery,2026-03-03 13:10:36.000000000,USD
ADJ0003064,TK0007951,T0075021,refund,5.09,route_issue,2026-03-02 00:19:55.000000000,USD
ADJ0003065,TK0007954,T0075028,refund,14.75,payment_issue,2026-04-27 11:03:19.000000000,USD
ADJ0003066,TK0007957,T0075060,refund,14.61,cancellation_issue,2026-01-14 00:25:51.000000000,USD
ADJ0003067,TK0007958,T0075080,refund,8.66,payment_issue,2026-04-08 18:09:10.000000000,USD
ADJ0003068,TK0007959,T0075082,refund,11.28,payment_issue,2026-04-15 13:12:38.000000000,USD
ADJ0003069,TK0007966,T0075134,refund,3.81,pickup_issue,2026-04-08 10:24:01.000000000,USD
ADJ0003070,TK0007968,T0075176,appeasement_credit,7.16,service_recovery,2026-06-25 12:35:38.000000000,USD
ADJ0003071,TK0007969,T0075177,appeasement_credit,15.19,service_recovery,2026-01-10 05:07:20.000000000,USD
ADJ0003072,TK0007971,T0075198,refund,2.82,cancellation_issue,2026-05-07 00:22:53.000000000,USD
ADJ0003073,TK0007971,T0075198,appeasement_credit,9.26,service_recovery,2026-05-07 00:06:53.000000000,USD
ADJ0003074,TK0007974,T0075213,refund,4.36,cancellation_issue,2026-06-26 06:36:24.000000000,USD
ADJ0003075,TK0007975,T0075228,appeasement_credit,9.08,service_recovery,2026-03-03 10:33:28.000000000,USD
ADJ0003076,TK0007978,T0075268,appeasement_credit,15.6,service_recovery,2026-05-14 04:17:06.000000000,USD
ADJ0003077,TK0007981,T0075315,appeasement_credit,11.9,service_recovery,2026-05-09 07:05:59.000000000,USD
ADJ0003078,TK0007982,T0075319,refund,7.08,trip_status_issue,2026-01-22 08:55:25.000000000,USD
ADJ0003079,TK0007982,T0075319,appeasement_credit,13.05,service_recovery,2026-01-22 09:14:25.000000000,USD
ADJ0003080,TK0007983,T0075327,appeasement_credit,16.22,service_recovery,2026-03-04 10:13:48.000000000,USD
ADJ0003081,TK0007984,T0075363,appeasement_credit,13.21,service_recovery,2026-05-21 06:27:31.000000000,USD
ADJ0003082,TK0007986,T0075389,appeasement_credit,11.28,service_recovery,2026-01-09 10:15:49.000000000,USD
ADJ0003083,TK0007989,T0075422,refund,1.6,trip_status_issue,2026-03-05 22:04:40.000000000,USD
ADJ0003084,TK0007990,T0075430,appeasement_credit,10.39,service_recovery,2026-05-05 05:50:19.000000000,USD
ADJ0003085,TK0007993,T0075453,appeasement_credit,10.87,service_recovery,2026-04-23 07:44:57.000000000,USD
ADJ0003086,TK0007994,T0075460,refund,12.26,pickup_issue,2026-02-02 14:21:54.000000000,USD
ADJ0003087,TK0007995,T0075466,refund,7.35,trip_status_issue,2026-02-01 09:43:57.000000000,USD
ADJ0003088,TK0007997,T0075476,refund,1.14,other,2026-04-27 16:15:57.000000000,USD
ADJ0003089,TK0007998,T0075485,refund,11.74,cancellation_issue,2026-04-09 00:30:03.000000000,USD
ADJ0003090,TK0008000,T0075511,appeasement_credit,5.13,service_recovery,2026-03-02 14:32:35.000000000,USD
ADJ0003091,TK0008001,T0075513,refund,3.58,payment_issue,2026-01-24 21:13:00.000000000,USD
ADJ0003092,TK0008002,T0075519,refund,21.57,cancellation_issue,2026-05-08 16:09:02.000000000,USD
ADJ0003093,TK0008003,T0075520,refund,11.41,payment_issue,2026-05-24 04:27:04.000000000,USD
ADJ0003094,TK0008008,T0075567,refund,9.57,trip_status_issue,2026-01-14 11:13:45.000000000,USD
ADJ0003095,TK0008008,T0075567,appeasement_credit,9.93,service_recovery,2026-01-14 11:25:45.000000000,USD
ADJ0003096,TK0008011,T0075596,appeasement_credit,8.17,service_recovery,2026-02-19 06:05:53.000000000,USD
ADJ0003097,TK0008021,T0075731,refund,15.55,vehicle_access_issue,2026-02-01 04:41:26.000000000,USD
ADJ0003098,TK0008026,T0075782,refund,9.65,route_issue,2026-01-31 10:04:08.000000000,USD
ADJ0003099,TK0008032,T0075809,refund,8.31,pickup_issue,2026-02-01 13:48:44.000000000,USD
ADJ0003100,TK0008034,T0075820,refund,7.77,payment_issue,2026-03-26 10:04:36.000000000,USD
ADJ0003101,TK0008036,T0075844,refund,2.39,dropoff_issue,2026-02-18 00:36:00.000000000,USD
ADJ0003102,TK0008037,T0075878,appeasement_credit,14.66,service_recovery,2026-05-09 16:27:34.000000000,USD
ADJ0003103,TK0008043,T0075949,refund,13.27,vehicle_access_issue,2026-03-07 01:00:18.000000000,USD
ADJ0003104,TK0008043,T0075949,appeasement_credit,12.67,service_recovery,2026-03-07 01:36:18.000000000,USD
ADJ0003105,TK0008045,T0075964,refund,12.0,vehicle_access_issue,2026-01-06 00:34:12.000000000,USD
ADJ0003106,TK0008047,T0075985,refund,4.61,route_issue,2026-01-05 18:10:22.000000000,USD
ADJ0003107,TK0008048,T0075997,refund,12.16,pickup_issue,2026-05-27 08:57:04.000000000,USD
ADJ0003108,TK0008050,T0076019,refund,4.47,pickup_issue,2026-05-12 12:26:40.000000000,USD
ADJ0003109,TK0008051,T0076024,refund,1.01,pickup_issue,2026-04-24 19:29:23.000000000,USD
ADJ0003110,TK0008054,T0076056,refund,13.61,other,2026-03-10 19:54:00.000000000,USD
ADJ0003111,TK0008055,T0076057,refund,4.71,cancellation_issue,2026-01-07 00:48:45.000000000,USD
ADJ0003112,TK0008057,T0076096,refund,6.06,payment_issue,2026-03-09 13:31:40.000000000,USD
ADJ0003113,TK0008059,T0076106,refund,4.87,cancellation_issue,2026-02-25 22:50:38.000000000,USD
ADJ0003114,TK0008072,T0076220,refund,8.33,dropoff_issue,2026-04-12 20:31:09.000000000,USD
ADJ0003115,TK0008075,T0076292,appeasement_credit,12.81,service_recovery,2026-06-30 20:12:52.000000000,USD
ADJ0003116,TK0008076,T0076301,appeasement_credit,13.27,service_recovery,2026-02-16 12:56:47.000000000,USD
ADJ0003117,TK0008082,T0076390,appeasement_credit,3.29,service_recovery,2026-01-10 16:18:10.000000000,USD
ADJ0003118,TK0008084,T0076422,refund,8.06,payment_issue,2026-04-21 04:37:13.000000000,USD
ADJ0003119,TK0008093,T0076510,refund,1.72,dropoff_issue,2026-06-09 20:17:04.000000000,USD
ADJ0003120,TK0008100,T0076563,refund,11.51,route_issue,2026-03-31 11:41:51.000000000,USD
ADJ0003121,TK0008101,T0076568,appeasement_credit,10.01,service_recovery,2026-05-09 01:57:39.000000000,USD
ADJ0003122,TK0008102,T0076574,refund,8.28,vehicle_access_issue,2026-03-26 22:39:45.000000000,USD
ADJ0003123,TK0008106,T0076614,refund,1.76,payment_issue,2026-03-12 02:27:20.000000000,USD
ADJ0003124,TK0008107,T0076622,refund,4.09,trip_status_issue,2026-04-21 16:55:23.000000000,USD
ADJ0003125,TK0008109,T0076688,refund,19.62,pickup_issue,2026-06-11 15:09:45.000000000,USD
ADJ0003126,TK0008109,T0076688,appeasement_credit,3.21,service_recovery,2026-06-11 15:15:45.000000000,USD
ADJ0003127,TK0008110,T0076696,refund,4.24,cancellation_issue,2026-02-02 16:17:45.000000000,USD
ADJ0003128,TK0008112,T0076739,appeasement_credit,15.03,service_recovery,2026-03-23 23:44:09.000000000,USD
ADJ0003129,TK0008113,T0076743,refund,7.67,vehicle_access_issue,2026-04-07 01:20:53.000000000,USD
ADJ0003130,TK0008114,T0076748,refund,9.35,payment_issue,2026-02-18 22:27:21.000000000,USD
ADJ0003131,TK0008118,T0076770,refund,2.92,trip_status_issue,2026-06-16 00:15:45.000000000,USD
ADJ0003132,TK0008120,T0076778,refund,5.73,route_issue,2026-05-24 09:17:11.000000000,USD
ADJ0003133,TK0008122,T0076791,refund,16.77,payment_issue,2026-03-23 01:26:08.000000000,USD
ADJ0003134,TK0008123,T0076800,refund,3.85,pickup_issue,2026-04-14 06:43:17.000000000,USD
ADJ0003135,TK0008124,T0076806,appeasement_credit,5.9,service_recovery,2026-03-31 02:48:28.000000000,USD
ADJ0003136,TK0008126,T0076823,appeasement_credit,13.88,service_recovery,2026-06-19 15:17:23.000000000,USD
ADJ0003137,TK0008129,T0076835,refund,3.29,payment_issue,2026-03-15 13:41:37.000000000,USD
ADJ0003138,TK0008132,T0076866,refund,13.17,cancellation_issue,2026-03-25 06:53:57.000000000,USD
ADJ0003139,TK0008132,T0076866,appeasement_credit,13.38,service_recovery,2026-03-25 06:19:57.000000000,USD
ADJ0003140,TK0008134,T0076897,refund,9.43,trip_status_issue,2026-06-07 19:59:21.000000000,USD
ADJ0003141,TK0008139,T0076933,refund,1.62,pickup_issue,2026-03-23 14:39:46.000000000,USD
ADJ0003142,TK0008140,T0076934,refund,10.61,payment_issue,2026-04-02 13:23:17.000000000,USD
ADJ0003143,TK0008141,T0076949,refund,2.1,pickup_issue,2026-03-25 20:15:19.000000000,USD
ADJ0003144,TK0008141,T0076949,appeasement_credit,18.17,service_recovery,2026-03-25 19:57:19.000000000,USD
ADJ0003145,TK0008142,T0076950,refund,6.1,pickup_issue,2026-05-05 07:01:06.000000000,USD
ADJ0003146,TK0008144,T0076966,appeasement_credit,17.02,service_recovery,2026-06-01 15:27:34.000000000,USD
ADJ0003147,TK0008146,T0076977,refund,2.6,cancellation_issue,2026-03-19 08:21:09.000000000,USD
ADJ0003148,TK0008147,T0076997,refund,6.89,trip_status_issue,2026-06-25 06:12:46.000000000,USD
ADJ0003149,TK0008147,T0076997,appeasement_credit,14.85,service_recovery,2026-06-25 06:00:46.000000000,USD
ADJ0003150,TK0008149,T0077016,appeasement_credit,5.24,service_recovery,2026-04-03 15:47:49.000000000,USD
ADJ0003151,TK0008150,T0077020,refund,7.98,payment_issue,2026-04-14 19:57:00.000000000,USD
ADJ0003152,TK0008151,T0077022,refund,5.78,payment_issue,2026-01-08 03:05:27.000000000,USD
ADJ0003153,TK0008154,T0077041,refund,4.46,trip_status_issue,2026-06-05 13:28:28.000000000,USD
ADJ0003154,TK0008158,T0077054,refund,1.35,trip_status_issue,2026-01-16 09:25:49.000000000,USD
ADJ0003155,TK0008158,T0077054,appeasement_credit,18.9,service_recovery,2026-01-16 09:11:49.000000000,USD
ADJ0003156,TK0008160,T0077072,refund,2.99,cancellation_issue,2026-05-18 05:11:55.000000000,USD
ADJ0003157,TK0008160,T0077072,appeasement_credit,12.23,service_recovery,2026-05-18 04:25:55.000000000,USD
ADJ0003158,TK0008162,T0077095,refund,4.9,safety_concern,2026-05-03 09:40:42.000000000,USD
ADJ0003159,TK0008163,T0077100,refund,5.62,pickup_issue,2026-06-14 11:52:22.000000000,USD
ADJ0003160,TK0008164,T0077104,appeasement_credit,4.18,service_recovery,2026-06-28 01:08:20.000000000,USD
ADJ0003161,TK0008165,T0077116,refund,2.22,payment_issue,2026-04-12 11:07:23.000000000,USD
ADJ0003162,TK0008169,T0077167,refund,6.22,trip_status_issue,2026-03-25 19:59:37.000000000,USD
ADJ0003163,TK0008170,T0077169,refund,5.26,dropoff_issue,2026-02-02 22:18:59.000000000,USD
ADJ0003164,TK0008171,T0077172,refund,1.11,route_issue,2026-03-29 19:43:23.000000000,USD
ADJ0003165,TK0008178,T0077223,refund,2.09,safety_concern,2026-01-02 00:53:58.000000000,USD
ADJ0003166,TK0008187,T0077273,refund,5.6,cancellation_issue,2026-06-13 22:33:55.000000000,USD
ADJ0003167,TK0008188,T0077280,refund,5.41,vehicle_access_issue,2026-05-12 18:27:57.000000000,USD
ADJ0003168,TK0008189,T0077281,appeasement_credit,15.98,service_recovery,2026-06-20 20:56:15.000000000,USD
ADJ0003169,TK0008199,T0077390,refund,4.67,dropoff_issue,2026-06-07 09:16:20.000000000,USD
ADJ0003170,TK0008210,T0077508,refund,1.14,payment_issue,2026-04-11 20:16:19.000000000,USD
ADJ0003171,TK0008213,T0077534,appeasement_credit,17.9,service_recovery,2026-01-12 06:29:25.000000000,USD
ADJ0003172,TK0008217,T0077567,refund,8.9,safety_concern,2026-03-15 04:56:13.000000000,USD
ADJ0003173,TK0008222,T0077620,refund,3.34,route_issue,2026-05-23 12:49:11.000000000,USD
ADJ0003174,TK0008222,T0077620,appeasement_credit,17.25,service_recovery,2026-05-23 13:49:11.000000000,USD
ADJ0003175,TK0008224,T0077637,refund,2.16,vehicle_access_issue,2026-03-26 11:38:49.000000000,USD
ADJ0003176,TK0008225,T0077639,refund,1.74,safety_concern,2026-02-28 01:16:18.000000000,USD
ADJ0003177,TK0008225,T0077639,appeasement_credit,10.23,service_recovery,2026-02-28 00:58:18.000000000,USD
ADJ0003178,TK0008228,T0077661,refund,8.39,cancellation_issue,2026-04-06 05:28:47.000000000,USD
ADJ0003179,TK0008231,T0077672,refund,1.84,trip_status_issue,2026-02-19 18:59:20.000000000,USD
ADJ0003180,TK0008231,T0077672,appeasement_credit,9.63,service_recovery,2026-02-19 19:06:20.000000000,USD
ADJ0003181,TK0008232,T0077673,refund,2.79,pickup_issue,2026-03-17 11:38:51.000000000,USD
ADJ0003182,TK0008232,T0077673,appeasement_credit,16.38,service_recovery,2026-03-17 11:20:51.000000000,USD
ADJ0003183,TK0008234,T0077683,refund,4.29,payment_issue,2026-01-12 08:06:35.000000000,USD
ADJ0003184,TK0008243,T0077816,refund,6.77,pickup_issue,2026-04-24 12:50:50.000000000,USD
ADJ0003185,TK0008245,T0077836,refund,11.95,dropoff_issue,2026-06-08 12:23:58.000000000,USD
ADJ0003186,TK0008246,T0077846,refund,9.77,safety_concern,2026-04-27 21:37:24.000000000,USD
ADJ0003187,TK0008249,T0077857,refund,3.53,payment_issue,2026-03-08 04:03:57.000000000,USD
ADJ0003188,TK0008253,T0077891,refund,20.02,cancellation_issue,2026-01-08 16:31:34.000000000,USD
ADJ0003189,TK0008254,T0077898,refund,8.78,safety_concern,2026-06-14 22:29:43.000000000,USD
ADJ0003190,TK0008256,T0077915,refund,2.16,route_issue,2026-06-20 11:01:16.000000000,USD
ADJ0003191,TK0008257,T0077951,refund,2.61,trip_status_issue,2026-01-18 00:16:58.000000000,USD
ADJ0003192,TK0008257,T0077951,appeasement_credit,13.47,service_recovery,2026-01-18 00:18:58.000000000,USD
ADJ0003193,TK0008263,T0078010,refund,2.29,payment_issue,2026-01-15 02:46:30.000000000,USD
ADJ0003194,TK0008268,T0078065,refund,3.3,cancellation_issue,2026-01-16 07:27:07.000000000,USD
ADJ0003195,TK0008272,T0078076,refund,3.34,trip_status_issue,2026-05-29 12:32:11.000000000,USD
ADJ0003196,TK0008273,T0078079,appeasement_credit,4.28,service_recovery,2026-06-28 15:54:38.000000000,USD
ADJ0003197,TK0008277,T0078114,refund,12.08,pickup_issue,2026-03-11 20:53:18.000000000,USD
ADJ0003198,TK0008285,T0078171,appeasement_credit,9.63,service_recovery,2026-03-12 05:32:06.000000000,USD
ADJ0003199,TK0008289,T0078196,refund,10.05,payment_issue,2026-05-21 06:36:29.000000000,USD
ADJ0003200,TK0008290,T0078201,refund,6.59,payment_issue,2026-01-11 17:29:30.000000000,USD
ADJ0003201,TK0008292,T0078213,refund,3.02,trip_status_issue,2026-01-05 03:44:59.000000000,USD
ADJ0003202,TK0008292,T0078213,appeasement_credit,6.46,service_recovery,2026-01-05 04:04:59.000000000,USD
ADJ0003203,TK0008293,T0078215,refund,13.56,trip_status_issue,2026-05-31 21:09:24.000000000,USD
ADJ0003204,TK0008296,T0078250,refund,3.7,route_issue,2026-05-26 19:31:21.000000000,USD
ADJ0003205,TK0008297,T0078251,refund,3.27,vehicle_access_issue,2026-03-21 14:23:31.000000000,USD
ADJ0003206,TK0008300,T0078288,refund,1.92,dropoff_issue,2026-03-18 02:55:48.000000000,USD
ADJ0003207,TK0008303,T0078322,appeasement_credit,18.63,service_recovery,2026-01-16 06:56:20.000000000,USD
ADJ0003208,TK0008308,T0078382,refund,2.71,trip_status_issue,2026-06-09 22:52:48.000000000,USD
ADJ0003209,TK0008313,T0078405,refund,1.34,trip_status_issue,2026-01-15 04:15:54.000000000,USD
ADJ0003210,TK0008314,T0078408,refund,3.04,lost_item,2026-05-03 12:43:50.000000000,USD
ADJ0003211,TK0008318,T0078421,refund,0.67,cancellation_issue,2026-02-01 18:40:10.000000000,USD
ADJ0003212,TK0008321,T0078450,appeasement_credit,3.74,service_recovery,2026-05-23 17:26:58.000000000,USD
ADJ0003213,TK0008324,T0078547,refund,4.78,vehicle_access_issue,2026-02-15 04:52:08.000000000,USD
ADJ0003214,TK0008324,T0078547,appeasement_credit,5.9,service_recovery,2026-02-15 05:12:08.000000000,USD
ADJ0003215,TK0008325,T0078573,refund,2.42,safety_concern,2026-04-22 12:57:52.000000000,USD
ADJ0003216,TK0008326,T0078575,refund,2.39,pickup_issue,2026-03-19 01:49:56.000000000,USD
ADJ0003217,TK0008328,T0078620,refund,5.28,trip_status_issue,2026-06-23 22:46:24.000000000,USD
ADJ0003218,TK0008329,T0078633,refund,2.84,pickup_issue,2026-05-15 11:39:06.000000000,USD
ADJ0003219,TK0008333,T0078668,refund,5.95,trip_status_issue,2026-03-02 10:40:20.000000000,USD
ADJ0003220,TK0008339,T0078705,appeasement_credit,17.27,service_recovery,2026-01-13 10:08:26.000000000,USD
ADJ0003221,TK0008341,T0078768,refund,1.71,cancellation_issue,2026-04-26 08:44:02.000000000,USD
ADJ0003222,TK0008343,T0078779,appeasement_credit,4.39,service_recovery,2026-05-03 13:16:38.000000000,USD
ADJ0003223,TK0008345,T0078803,refund,2.66,cancellation_issue,2026-06-11 15:28:22.000000000,USD
ADJ0003224,TK0008346,T0078814,refund,7.37,trip_status_issue,2026-04-13 09:37:42.000000000,USD
ADJ0003225,TK0008347,T0078818,refund,4.51,cancellation_issue,2026-06-19 03:10:33.000000000,USD
ADJ0003226,TK0008353,T0078860,refund,5.78,payment_issue,2026-05-19 05:17:51.000000000,USD
ADJ0003227,TK0008356,T0078902,refund,15.01,payment_issue,2026-05-24 13:51:10.000000000,USD
ADJ0003228,TK0008357,T0078907,refund,3.43,payment_issue,2026-03-28 06:27:52.000000000,USD
ADJ0003229,TK0008358,T0078912,appeasement_credit,3.29,service_recovery,2026-05-15 18:01:28.000000000,USD
ADJ0003230,TK0008364,T0078937,refund,13.97,route_issue,2026-02-20 01:34:37.000000000,USD
ADJ0003231,TK0008367,T0078950,refund,5.48,cancellation_issue,2026-06-24 23:38:40.000000000,USD
ADJ0003232,TK0008368,T0078951,refund,3.15,lost_item,2026-04-13 00:48:00.000000000,USD
ADJ0003233,TK0008369,T0078970,appeasement_credit,16.65,service_recovery,2026-05-03 10:54:11.000000000,USD
ADJ0003234,TK0008372,T0079013,refund,5.05,cancellation_issue,2026-02-05 19:35:07.000000000,USD
ADJ0003235,TK0008376,T0079043,refund,2.08,cancellation_issue,2026-05-08 19:09:31.000000000,USD
ADJ0003236,TK0008377,T0079060,refund,2.14,trip_status_issue,2026-06-12 12:28:50.000000000,USD
ADJ0003237,TK0008377,T0079060,appeasement_credit,15.23,service_recovery,2026-06-12 12:43:50.000000000,USD
ADJ0003238,TK0008379,T0079084,refund,3.23,route_issue,2026-01-10 07:59:06.000000000,USD
ADJ0003239,TK0008380,T0079085,refund,23.02,payment_issue,2026-06-06 22:02:38.000000000,USD
ADJ0003240,TK0008384,T0079161,appeasement_credit,15.53,service_recovery,2026-06-30 05:26:23.000000000,USD
ADJ0003241,TK0008391,T0079208,refund,3.53,trip_status_issue,2026-03-28 02:06:26.000000000,USD
ADJ0003242,TK0008398,T0079247,refund,8.72,lost_item,2026-04-20 04:30:55.000000000,USD
ADJ0003243,TK0008399,T0079259,appeasement_credit,19.94,service_recovery,2026-01-07 06:50:03.000000000,USD
ADJ0003244,TK0008401,T0079270,refund,3.99,safety_concern,2026-06-10 00:28:19.000000000,USD
ADJ0003245,TK0008401,T0079270,appeasement_credit,4.83,service_recovery,2026-06-10 00:06:19.000000000,USD
ADJ0003246,TK0008402,T0079275,refund,7.52,payment_issue,2026-06-01 14:48:11.000000000,USD
ADJ0003247,TK0008407,T0079326,refund,4.7,route_issue,2026-05-11 11:12:03.000000000,USD
ADJ0003248,TK0008408,T0079333,refund,14.45,payment_issue,2026-05-04 18:18:50.000000000,USD
ADJ0003249,TK0008422,T0079427,appeasement_credit,3.76,service_recovery,2026-05-08 13:26:11.000000000,USD
ADJ0003250,TK0008427,T0079468,refund,1.04,vehicle_access_issue,2026-01-11 00:18:00.000000000,USD
ADJ0003251,TK0008429,T0079474,appeasement_credit,3.96,service_recovery,2026-04-14 04:00:26.000000000,USD
ADJ0003252,TK0008431,T0079496,refund,7.02,payment_issue,2026-02-25 13:47:42.000000000,USD
ADJ0003253,TK0008432,T0079503,appeasement_credit,9.66,service_recovery,2026-02-01 06:55:54.000000000,USD
ADJ0003254,TK0008435,T0079527,refund,8.89,other,2026-04-03 22:34:43.000000000,USD
ADJ0003255,TK0008438,T0079589,refund,1.94,payment_issue,2026-05-13 11:19:01.000000000,USD
ADJ0003256,TK0008442,T0079614,refund,6.49,payment_issue,2026-02-17 16:40:04.000000000,USD
ADJ0003257,TK0008444,T0079665,refund,8.13,payment_issue,2026-01-17 00:28:25.000000000,USD
ADJ0003258,TK0008445,T0079668,refund,1.73,pickup_issue,2026-06-03 09:58:15.000000000,USD
ADJ0003259,TK0008451,T0079728,refund,9.95,trip_status_issue,2026-06-26 15:12:51.000000000,USD
ADJ0003260,TK0008454,T0079772,refund,15.3,payment_issue,2026-04-09 03:18:29.000000000,USD
ADJ0003261,TK0008454,T0079772,appeasement_credit,5.65,service_recovery,2026-04-09 02:56:29.000000000,USD
ADJ0003262,TK0008456,T0079793,refund,4.91,trip_status_issue,2026-03-11 07:22:58.000000000,USD
ADJ0003263,TK0008461,T0079836,appeasement_credit,9.88,service_recovery,2026-02-12 09:15:54.000000000,USD
ADJ0003264,TK0008466,T0079861,refund,2.43,pickup_issue,2026-05-27 16:26:21.000000000,USD
ADJ0003265,TK0008468,T0079867,refund,6.32,pickup_issue,2026-05-19 16:09:14.000000000,USD
ADJ0003266,TK0008470,T0079912,refund,11.72,payment_issue,2026-06-14 18:53:48.000000000,USD
ADJ0003267,TK0008472,T0079916,refund,0.78,pickup_issue,2026-06-06 09:31:57.000000000,USD
ADJ0003268,TK0008474,T0079981,appeasement_credit,12.82,service_recovery,2026-03-01 10:52:11.000000000,USD
ADJ0003269,TK0008475,T0079983,refund,8.33,pickup_issue,2026-01-06 06:05:58.000000000,USD
ADJ0003270,TK0008477,T0079993,refund,3.92,cancellation_issue,2026-03-13 03:22:44.000000000,USD
ADJ0003271,TK0008477,T0079993,appeasement_credit,6.59,service_recovery,2026-03-13 02:40:44.000000000,USD
ADJ0003272,TK0008482,T0080061,refund,6.99,safety_concern,2026-05-13 01:28:42.000000000,USD
ADJ0003273,TK0008488,T0080117,refund,16.16,payment_issue,2026-06-25 20:42:15.000000000,USD
ADJ0003274,TK0008489,T0080126,appeasement_credit,3.94,service_recovery,2026-05-19 06:39:21.000000000,USD
ADJ0003275,TK0008501,T0080228,refund,7.42,payment_issue,2026-03-27 23:53:12.000000000,USD
ADJ0003276,TK0008502,T0080241,refund,7.39,payment_issue,2026-05-30 13:45:19.000000000,USD
ADJ0003277,TK0008503,T0080243,refund,10.49,payment_issue,2026-06-30 04:19:31.000000000,USD
ADJ0003278,TK0008504,T0080250,refund,5.3,route_issue,2026-03-31 01:25:34.000000000,USD
ADJ0003279,TK0008508,T0080276,refund,14.32,cancellation_issue,2026-01-25 16:57:16.000000000,USD
ADJ0003280,TK0008509,T0080293,appeasement_credit,10.36,service_recovery,2026-03-08 15:33:24.000000000,USD
ADJ0003281,TK0008511,T0080309,refund,7.62,pickup_issue,2026-06-10 12:23:34.000000000,USD
ADJ0003282,TK0008515,T0080338,refund,1.5,vehicle_access_issue,2026-03-30 16:13:45.000000000,USD
ADJ0003283,TK0008519,T0080361,refund,1.29,route_issue,2026-06-10 17:34:57.000000000,USD
ADJ0003284,TK0008520,T0080364,refund,2.69,payment_issue,2026-03-13 08:40:50.000000000,USD
ADJ0003285,TK0008521,T0080367,refund,5.0,cancellation_issue,2026-03-22 02:01:18.000000000,USD
ADJ0003286,TK0008523,T0080379,refund,2.71,cancellation_issue,2026-04-18 17:21:16.000000000,USD
ADJ0003287,TK0008526,T0080421,appeasement_credit,4.65,service_recovery,2026-04-25 04:58:27.000000000,USD
ADJ0003288,TK0008533,T0080495,refund,5.85,pickup_issue,2026-04-17 11:45:00.000000000,USD
ADJ0003289,TK0008534,T0080502,refund,5.56,vehicle_access_issue,2026-05-06 03:58:29.000000000,USD
ADJ0003290,TK0008536,T0080518,appeasement_credit,17.97,service_recovery,2026-02-22 19:08:56.000000000,USD
ADJ0003291,TK0008539,T0080554,refund,15.7,payment_issue,2026-05-02 04:58:42.000000000,USD
ADJ0003292,TK0008543,T0080583,refund,11.12,other,2026-04-07 00:20:49.000000000,USD
ADJ0003293,TK0008545,T0080593,appeasement_credit,14.36,service_recovery,2026-05-12 23:29:08.000000000,USD
ADJ0003294,TK0008553,T0080691,refund,2.12,vehicle_access_issue,2026-06-25 11:39:31.000000000,USD
ADJ0003295,TK0008555,T0080733,refund,7.97,vehicle_access_issue,2026-02-26 00:24:54.000000000,USD
ADJ0003296,TK0008555,T0080733,appeasement_credit,19.93,service_recovery,2026-02-26 00:06:54.000000000,USD
ADJ0003297,TK0008557,T0080753,refund,13.6,trip_status_issue,2026-03-05 19:20:17.000000000,USD
ADJ0003298,TK0008557,T0080753,appeasement_credit,18.35,service_recovery,2026-03-05 19:19:17.000000000,USD
ADJ0003299,TK0008561,T0080792,refund,9.77,route_issue,2026-05-19 18:39:52.000000000,USD
ADJ0003300,TK0008562,T0080795,appeasement_credit,15.09,service_recovery,2026-06-18 11:58:38.000000000,USD
ADJ0003301,TK0008565,T0080814,appeasement_credit,5.8,service_recovery,2026-06-11 17:06:37.000000000,USD
ADJ0003302,TK0008570,T0080872,refund,7.83,cancellation_issue,2026-01-31 08:01:52.000000000,USD
ADJ0003303,TK0008574,T0080906,refund,6.34,trip_status_issue,2026-01-16 05:28:58.000000000,USD
ADJ0003304,TK0008578,T0080938,appeasement_credit,15.59,service_recovery,2026-04-15 02:33:06.000000000,USD
ADJ0003305,TK0008580,T0080955,appeasement_credit,18.46,service_recovery,2026-01-11 01:31:12.000000000,USD
ADJ0003306,TK0008581,T0080971,refund,1.28,trip_status_issue,2026-06-23 12:18:22.000000000,USD
ADJ0003307,TK0008585,T0081060,refund,3.41,payment_issue,2026-01-05 23:41:18.000000000,USD
ADJ0003308,TK0008586,T0081061,refund,4.33,safety_concern,2026-02-15 08:30:50.000000000,USD
ADJ0003309,TK0008587,T0081069,appeasement_credit,11.4,service_recovery,2026-02-08 13:10:35.000000000,USD
ADJ0003310,TK0008588,T0081073,refund,7.26,dropoff_issue,2026-04-06 21:25:57.000000000,USD
ADJ0003311,TK0008589,T0081081,refund,5.81,dropoff_issue,2026-06-24 05:22:14.000000000,USD
ADJ0003312,TK0008591,T0081092,refund,4.12,safety_concern,2026-05-23 00:39:35.000000000,USD
ADJ0003313,TK0008592,T0081098,refund,6.78,vehicle_access_issue,2026-03-01 11:56:37.000000000,USD
ADJ0003314,TK0008595,T0081130,refund,7.4,payment_issue,2026-06-23 12:53:02.000000000,USD
ADJ0003315,TK0008595,T0081130,appeasement_credit,15.67,service_recovery,2026-06-23 12:12:02.000000000,USD
ADJ0003316,TK0008597,T0081153,appeasement_credit,14.49,service_recovery,2026-06-22 23:35:21.000000000,USD
ADJ0003317,TK0008598,T0081161,refund,8.37,payment_issue,2026-04-05 09:15:02.000000000,USD
ADJ0003318,TK0008600,T0081210,refund,3.85,payment_issue,2026-04-14 09:14:21.000000000,USD
ADJ0003319,TK0008603,T0081251,refund,3.32,dropoff_issue,2026-02-24 17:41:16.000000000,USD
ADJ0003320,TK0008604,T0081260,refund,5.31,lost_item,2026-02-19 12:40:05.000000000,USD
ADJ0003321,TK0008604,T0081260,appeasement_credit,5.75,service_recovery,2026-02-19 13:13:05.000000000,USD
ADJ0003322,TK0008605,T0081271,appeasement_credit,4.05,service_recovery,2026-01-22 09:58:38.000000000,USD
ADJ0003323,TK0008609,T0081288,refund,4.49,cancellation_issue,2026-04-14 11:18:48.000000000,USD
ADJ0003324,TK0008610,T0081294,refund,8.05,trip_status_issue,2026-03-27 19:30:33.000000000,USD
ADJ0003325,TK0008614,T0081336,refund,4.73,pickup_issue,2026-01-30 04:15:36.000000000,USD
ADJ0003326,TK0008615,T0081339,refund,10.29,payment_issue,2026-02-12 02:07:03.000000000,USD
ADJ0003327,TK0008617,T0081390,refund,4.78,route_issue,2026-04-18 17:47:00.000000000,USD
ADJ0003328,TK0008618,T0081399,appeasement_credit,9.98,service_recovery,2026-03-30 17:43:27.000000000,USD
ADJ0003329,TK0008619,T0081409,refund,6.56,pickup_issue,2026-06-19 21:35:19.000000000,USD
ADJ0003330,TK0008620,T0081416,appeasement_credit,5.96,service_recovery,2026-03-16 17:29:10.000000000,USD
ADJ0003331,TK0008621,T0081438,refund,2.83,dropoff_issue,2026-06-17 12:33:54.000000000,USD
ADJ0003332,TK0008624,T0081457,refund,5.94,payment_issue,2026-01-31 03:59:40.000000000,USD
ADJ0003333,TK0008625,T0081473,refund,9.77,vehicle_access_issue,2026-04-07 01:53:55.000000000,USD
ADJ0003334,TK0008625,T0081473,appeasement_credit,16.21,service_recovery,2026-04-07 02:16:55.000000000,USD
ADJ0003335,TK0008628,T0081520,refund,8.42,cancellation_issue,2026-06-20 18:21:52.000000000,USD
ADJ0003336,TK0008629,T0081530,appeasement_credit,10.35,service_recovery,2026-06-13 17:44:01.000000000,USD
ADJ0003337,TK0008631,T0081544,refund,1.78,lost_item,2026-04-30 17:03:26.000000000,USD
ADJ0003338,TK0008633,T0081575,refund,14.62,cancellation_issue,2026-01-04 12:14:03.000000000,USD
ADJ0003339,TK0008634,T0081582,refund,4.6,vehicle_access_issue,2026-06-20 13:19:55.000000000,USD
ADJ0003340,TK0008639,T0081620,refund,19.8,route_issue,2026-03-26 01:02:19.000000000,USD
ADJ0003341,TK0008641,T0081658,refund,2.79,payment_issue,2026-06-01 12:31:52.000000000,USD
ADJ0003342,TK0008644,T0081698,appeasement_credit,8.73,service_recovery,2026-05-11 13:09:38.000000000,USD
ADJ0003343,TK0008651,T0081805,appeasement_credit,14.55,service_recovery,2026-01-22 17:34:08.000000000,USD
ADJ0003344,TK0008655,T0081841,refund,5.87,other,2026-05-04 14:10:15.000000000,USD
ADJ0003345,TK0008657,T0081871,appeasement_credit,11.57,service_recovery,2026-04-12 21:46:48.000000000,USD
ADJ0003346,TK0008658,T0081880,appeasement_credit,6.73,service_recovery,2026-04-28 20:54:07.000000000,USD
ADJ0003347,TK0008665,T0081911,appeasement_credit,4.62,service_recovery,2026-04-06 07:36:18.000000000,USD
ADJ0003348,TK0008676,T0082014,appeasement_credit,5.01,service_recovery,2026-02-07 10:01:03.000000000,USD
ADJ0003349,TK0008678,T0082035,refund,3.29,safety_concern,2026-03-29 19:03:06.000000000,USD
ADJ0003350,TK0008681,T0082066,refund,6.89,payment_issue,2026-06-03 08:09:17.000000000,USD
ADJ0003351,TK0008684,T0082125,refund,7.61,pickup_issue,2026-01-14 08:46:47.000000000,USD
ADJ0003352,TK0008690,T0082161,refund,3.78,cancellation_issue,2026-06-14 02:21:27.000000000,USD
ADJ0003353,TK0008691,T0082163,refund,1.1,safety_concern,2026-03-18 17:53:41.000000000,USD
ADJ0003354,TK0008691,T0082163,appeasement_credit,19.42,service_recovery,2026-03-18 18:35:41.000000000,USD
ADJ0003355,TK0008693,T0082200,appeasement_credit,18.2,service_recovery,2026-05-07 05:21:25.000000000,USD
ADJ0003356,TK0008694,T0082201,appeasement_credit,5.36,service_recovery,2026-04-19 03:30:55.000000000,USD
ADJ0003357,TK0008695,T0082203,appeasement_credit,17.17,service_recovery,2026-04-21 22:40:15.000000000,USD
ADJ0003358,TK0008698,T0082253,appeasement_credit,12.08,service_recovery,2026-02-12 01:28:58.000000000,USD
ADJ0003359,TK0008699,T0082276,refund,7.52,payment_issue,2026-05-01 08:33:23.000000000,USD
ADJ0003360,TK0008702,T0082334,refund,4.84,vehicle_access_issue,2026-06-07 12:21:13.000000000,USD
ADJ0003361,TK0008705,T0082354,refund,3.51,payment_issue,2026-05-13 08:45:41.000000000,USD
ADJ0003362,TK0008706,T0082360,refund,1.61,vehicle_access_issue,2026-04-26 15:16:05.000000000,USD
ADJ0003363,TK0008710,T0082404,refund,16.23,pickup_issue,2026-02-20 11:34:34.000000000,USD
ADJ0003364,TK0008710,T0082404,appeasement_credit,11.0,service_recovery,2026-02-20 10:44:34.000000000,USD
ADJ0003365,TK0008714,T0082465,refund,4.8,vehicle_access_issue,2026-03-18 17:08:26.000000000,USD
ADJ0003366,TK0008716,T0082476,refund,12.92,other,2026-03-09 06:51:45.000000000,USD
ADJ0003367,TK0008719,T0082499,refund,3.36,route_issue,2026-03-28 15:26:23.000000000,USD
ADJ0003368,TK0008721,T0082522,refund,2.73,payment_issue,2026-05-16 12:52:19.000000000,USD
ADJ0003369,TK0008722,T0082525,refund,1.66,dropoff_issue,2026-04-24 06:48:30.000000000,USD
ADJ0003370,TK0008732,T0082585,appeasement_credit,16.61,service_recovery,2026-06-26 18:12:52.000000000,USD
ADJ0003371,TK0008734,T0082595,refund,4.94,vehicle_access_issue,2026-02-01 09:03:25.000000000,USD
ADJ0003372,TK0008735,T0082596,refund,3.04,cancellation_issue,2026-03-01 22:53:14.000000000,USD
ADJ0003373,TK0008736,T0082599,refund,2.0,safety_concern,2026-05-31 13:43:11.000000000,USD
ADJ0003374,TK0008736,T0082599,appeasement_credit,3.19,service_recovery,2026-05-31 14:33:11.000000000,USD
ADJ0003375,TK0008739,T0082615,refund,14.7,dropoff_issue,2026-02-15 21:20:26.000000000,USD
ADJ0003376,TK0008742,T0082649,refund,3.35,vehicle_access_issue,2026-06-13 12:57:07.000000000,USD
ADJ0003377,TK0008744,T0082660,refund,3.84,route_issue,2026-03-07 02:26:02.000000000,USD
ADJ0003378,TK0008746,T0082694,appeasement_credit,14.62,service_recovery,2026-06-10 13:01:52.000000000,USD
ADJ0003379,TK0008748,T0082697,appeasement_credit,16.64,service_recovery,2026-03-01 20:55:22.000000000,USD
ADJ0003380,TK0008751,T0082759,refund,2.66,trip_status_issue,2026-03-25 16:20:56.000000000,USD
ADJ0003381,TK0008761,T0082838,appeasement_credit,4.99,service_recovery,2026-04-26 19:30:12.000000000,USD
ADJ0003382,TK0008762,T0082843,refund,3.78,payment_issue,2026-02-22 02:14:50.000000000,USD
ADJ0003383,TK0008764,T0082848,refund,13.73,trip_status_issue,2026-01-07 20:07:29.000000000,USD
ADJ0003384,TK0008765,T0082849,refund,0.69,pickup_issue,2026-03-12 19:56:39.000000000,USD
ADJ0003385,TK0008767,T0082864,appeasement_credit,9.13,service_recovery,2026-05-09 03:11:10.000000000,USD
ADJ0003386,TK0008769,T0082888,refund,5.52,dropoff_issue,2026-01-25 09:33:28.000000000,USD
ADJ0003387,TK0008770,T0082891,refund,1.29,pickup_issue,2026-04-10 00:31:28.000000000,USD
ADJ0003388,TK0008776,T0082979,refund,3.27,pickup_issue,2026-01-27 19:25:00.000000000,USD
ADJ0003389,TK0008782,T0083067,appeasement_credit,10.18,service_recovery,2026-06-10 12:02:27.000000000,USD
ADJ0003390,TK0008786,T0083126,refund,9.69,cancellation_issue,2026-01-26 02:41:00.000000000,USD
ADJ0003391,TK0008790,T0083165,refund,8.61,cancellation_issue,2026-02-14 07:04:18.000000000,USD
ADJ0003392,TK0008791,T0083199,refund,7.34,safety_concern,2026-01-23 09:43:10.000000000,USD
ADJ0003393,TK0008793,T0083267,refund,11.77,vehicle_access_issue,2026-04-02 04:34:10.000000000,USD
ADJ0003394,TK0008794,T0083269,appeasement_credit,3.73,service_recovery,2026-01-14 11:33:30.000000000,USD
ADJ0003395,TK0008795,T0083286,refund,2.52,payment_issue,2026-04-26 18:15:56.000000000,USD
ADJ0003396,TK0008800,T0083333,refund,11.98,trip_status_issue,2026-06-01 06:14:23.000000000,USD
ADJ0003397,TK0008802,T0083356,refund,2.86,cancellation_issue,2026-06-13 11:24:47.000000000,USD
ADJ0003398,TK0008804,T0083367,refund,2.67,cancellation_issue,2026-07-01 00:50:11.000000000,USD
ADJ0003399,TK0008809,T0083376,refund,6.99,trip_status_issue,2026-04-21 06:18:45.000000000,USD
ADJ0003400,TK0008813,T0083423,refund,7.6,route_issue,2026-01-28 02:55:20.000000000,USD
ADJ0003401,TK0008817,T0083450,appeasement_credit,9.12,service_recovery,2026-02-14 08:06:11.000000000,USD
ADJ0003402,TK0008819,T0083475,appeasement_credit,16.96,service_recovery,2026-01-15 19:44:33.000000000,USD
ADJ0003403,TK0008823,T0083498,refund,2.3,trip_status_issue,2026-06-24 14:15:09.000000000,USD
ADJ0003404,TK0008824,T0083507,appeasement_credit,14.65,service_recovery,2026-04-09 07:32:47.000000000,USD
ADJ0003405,TK0008830,T0083562,refund,15.23,payment_issue,2026-03-06 00:15:55.000000000,USD
ADJ0003406,TK0008836,T0083625,refund,4.06,pickup_issue,2026-02-06 08:54:45.000000000,USD
ADJ0003407,TK0008838,T0083629,refund,2.63,cancellation_issue,2026-04-28 07:44:00.000000000,USD
ADJ0003408,TK0008840,T0083654,refund,2.7,pickup_issue,2026-02-10 17:57:24.000000000,USD
ADJ0003409,TK0008843,T0083669,appeasement_credit,4.73,service_recovery,2026-05-22 04:50:58.000000000,USD
ADJ0003410,TK0008849,T0083716,refund,2.56,cancellation_issue,2026-03-13 12:54:05.000000000,USD
ADJ0003411,TK0008853,T0083764,appeasement_credit,17.87,service_recovery,2026-03-16 03:48:20.000000000,USD
ADJ0003412,TK0008859,T0083840,appeasement_credit,18.47,service_recovery,2026-04-19 14:54:53.000000000,USD
ADJ0003413,TK0008860,T0083845,refund,2.72,trip_status_issue,2026-05-09 03:18:28.000000000,USD
ADJ0003414,TK0008864,T0083891,refund,3.39,trip_status_issue,2026-05-16 01:32:35.000000000,USD
ADJ0003415,TK0008866,T0083931,refund,2.39,trip_status_issue,2026-03-20 02:16:37.000000000,USD
ADJ0003416,TK0008868,T0083957,refund,6.62,payment_issue,2026-02-14 21:14:17.000000000,USD
ADJ0003417,TK0008875,T0083993,appeasement_credit,16.87,service_recovery,2026-03-11 23:35:40.000000000,USD
ADJ0003418,TK0008880,T0084015,refund,5.53,trip_status_issue,2026-03-02 14:24:47.000000000,USD
ADJ0003419,TK0008882,T0084025,appeasement_credit,3.9,service_recovery,2026-04-02 20:08:55.000000000,USD
ADJ0003420,TK0008883,T0084026,appeasement_credit,14.23,service_recovery,2026-05-04 02:19:57.000000000,USD
ADJ0003421,TK0008884,T0084030,refund,5.85,other,2026-01-28 10:01:03.000000000,USD
ADJ0003422,TK0008885,T0084056,refund,3.72,cancellation_issue,2026-02-02 12:12:23.000000000,USD
ADJ0003423,TK0008888,T0084068,appeasement_credit,10.29,service_recovery,2026-02-01 22:09:36.000000000,USD
ADJ0003424,TK0008892,T0084116,refund,1.44,cancellation_issue,2026-06-24 04:43:47.000000000,USD
ADJ0003425,TK0008893,T0084120,refund,13.53,cancellation_issue,2026-05-18 15:39:43.000000000,USD
ADJ0003426,TK0008894,T0084136,refund,3.15,safety_concern,2026-01-23 10:43:53.000000000,USD
ADJ0003427,TK0008897,T0084159,refund,2.41,dropoff_issue,2026-05-10 22:52:53.000000000,USD
ADJ0003428,TK0008898,T0084164,refund,8.05,pickup_issue,2026-05-14 21:57:00.000000000,USD
ADJ0003429,TK0008898,T0084164,appeasement_credit,14.89,service_recovery,2026-05-14 22:33:00.000000000,USD
ADJ0003430,TK0008901,T0084186,refund,10.32,dropoff_issue,2026-03-29 06:56:14.000000000,USD
ADJ0003431,TK0008901,T0084186,appeasement_credit,14.99,service_recovery,2026-03-29 07:34:14.000000000,USD
ADJ0003432,TK0008902,T0084190,appeasement_credit,17.04,service_recovery,2026-03-21 12:48:47.000000000,USD
ADJ0003433,TK0008903,T0084191,refund,1.85,trip_status_issue,2026-06-12 08:03:33.000000000,USD
ADJ0003434,TK0008905,T0084199,appeasement_credit,4.21,service_recovery,2026-06-13 00:16:33.000000000,USD
ADJ0003435,TK0008907,T0084224,refund,3.39,vehicle_access_issue,2026-05-21 16:03:07.000000000,USD
ADJ0003436,TK0008907,T0084224,appeasement_credit,4.86,service_recovery,2026-05-21 16:02:07.000000000,USD
ADJ0003437,TK0008909,T0084251,refund,2.81,cancellation_issue,2026-06-18 11:31:41.000000000,USD
ADJ0003438,TK0008909,T0084251,appeasement_credit,7.94,service_recovery,2026-06-18 11:07:41.000000000,USD
ADJ0003439,TK0008911,T0084288,refund,8.06,route_issue,2026-02-25 03:06:32.000000000,USD
ADJ0003440,TK0008912,T0084308,refund,2.58,vehicle_access_issue,2026-03-16 19:16:06.000000000,USD
ADJ0003441,TK0008915,T0084335,refund,10.66,vehicle_access_issue,2026-02-07 23:44:20.000000000,USD
ADJ0003442,TK0008915,T0084335,appeasement_credit,10.22,service_recovery,2026-02-07 23:40:20.000000000,USD
ADJ0003443,TK0008921,T0084369,appeasement_credit,3.15,service_recovery,2026-06-01 03:55:16.000000000,USD
ADJ0003444,TK0008925,T0084409,refund,5.41,payment_issue,2026-04-02 23:44:42.000000000,USD
ADJ0003445,TK0008926,T0084410,refund,2.15,pickup_issue,2026-03-16 03:49:34.000000000,USD
ADJ0003446,TK0008928,T0084437,appeasement_credit,12.54,service_recovery,2026-04-21 07:35:53.000000000,USD
ADJ0003447,TK0008933,T0084499,refund,1.78,payment_issue,2026-06-12 12:45:52.000000000,USD
ADJ0003448,TK0008936,T0084526,refund,14.24,payment_issue,2026-06-29 09:05:02.000000000,USD
ADJ0003449,TK0008937,T0084542,refund,2.7,route_issue,2026-03-21 22:19:24.000000000,USD
ADJ0003450,TK0008942,T0084560,refund,8.98,trip_status_issue,2026-04-22 23:52:01.000000000,USD
ADJ0003451,TK0008943,T0084563,appeasement_credit,12.86,service_recovery,2026-03-09 22:29:29.000000000,USD
ADJ0003452,TK0008946,T0084583,refund,12.41,payment_issue,2026-06-10 01:34:59.000000000,USD
ADJ0003453,TK0008947,T0084592,refund,2.03,safety_concern,2026-04-17 01:04:43.000000000,USD
ADJ0003454,TK0008947,T0084592,appeasement_credit,10.59,service_recovery,2026-04-17 01:42:43.000000000,USD
ADJ0003455,TK0008955,T0084650,refund,5.28,cancellation_issue,2026-05-18 01:09:15.000000000,USD
ADJ0003456,TK0008961,T0084691,refund,3.66,other,2026-04-24 12:46:03.000000000,USD
ADJ0003457,TK0008961,T0084691,appeasement_credit,18.61,service_recovery,2026-04-24 12:51:03.000000000,USD
ADJ0003458,TK0008972,T0084753,refund,12.31,route_issue,2026-02-08 23:13:15.000000000,USD
ADJ0003459,TK0008976,T0084774,appeasement_credit,9.86,service_recovery,2026-01-09 07:25:46.000000000,USD
ADJ0003460,TK0008978,T0084787,refund,1.49,trip_status_issue,2026-06-06 14:34:38.000000000,USD
ADJ0003461,TK0008978,T0084787,appeasement_credit,3.21,service_recovery,2026-06-06 15:06:38.000000000,USD
ADJ0003462,TK0008980,T0084810,refund,5.15,payment_issue,2026-06-27 10:48:50.000000000,USD
ADJ0003463,TK0008990,T0084935,appeasement_credit,5.93,service_recovery,2026-05-14 17:36:50.000000000,USD
ADJ0003464,TK0008993,T0084962,refund,7.16,safety_concern,2026-02-27 22:39:15.000000000,USD
ADJ0003465,TK0008994,T0084978,refund,10.33,safety_concern,2026-06-18 10:20:12.000000000,USD
ADJ0003466,TK0008998,T0085056,appeasement_credit,19.34,service_recovery,2026-04-01 10:57:20.000000000,USD
ADJ0003467,TK0008999,T0085057,appeasement_credit,16.98,service_recovery,2026-04-07 03:55:04.000000000,USD
ADJ0003468,TK0009001,T0085074,appeasement_credit,11.05,service_recovery,2026-03-10 17:05:31.000000000,USD
ADJ0003469,TK0009004,T0085098,appeasement_credit,9.15,service_recovery,2026-03-02 23:40:36.000000000,USD
ADJ0003470,TK0009007,T0085118,refund,3.72,payment_issue,2026-05-08 15:25:54.000000000,USD
ADJ0003471,TK0009010,T0085173,refund,3.86,pickup_issue,2026-04-11 16:07:15.000000000,USD
ADJ0003472,TK0009014,T0085251,refund,7.77,payment_issue,2026-06-04 20:44:00.000000000,USD
ADJ0003473,TK0009019,T0085293,refund,2.61,cancellation_issue,2026-01-16 16:39:01.000000000,USD
ADJ0003474,TK0009019,T0085293,appeasement_credit,6.91,service_recovery,2026-01-16 16:37:01.000000000,USD
ADJ0003475,TK0009021,T0085315,refund,7.19,pickup_issue,2026-01-21 00:53:16.000000000,USD
ADJ0003476,TK0009022,T0085318,refund,1.29,cancellation_issue,2026-02-07 06:15:24.000000000,USD
ADJ0003477,TK0009024,T0085337,refund,2.51,pickup_issue,2026-06-20 04:06:20.000000000,USD
ADJ0003478,TK0009026,T0085361,refund,3.98,cancellation_issue,2026-03-06 13:59:21.000000000,USD
ADJ0003479,TK0009026,T0085361,appeasement_credit,4.64,service_recovery,2026-03-06 14:48:21.000000000,USD
ADJ0003480,TK0009027,T0085369,appeasement_credit,3.86,service_recovery,2026-01-30 08:52:15.000000000,USD
ADJ0003481,TK0009030,T0085381,refund,4.79,safety_concern,2026-03-15 10:39:07.000000000,USD
ADJ0003482,TK0009031,T0085389,appeasement_credit,6.99,service_recovery,2026-03-24 13:37:43.000000000,USD
ADJ0003483,TK0009033,T0085396,refund,22.27,payment_issue,2026-02-22 08:42:31.000000000,USD
ADJ0003484,TK0009034,T0085408,appeasement_credit,5.46,service_recovery,2026-03-27 07:40:46.000000000,USD
ADJ0003485,TK0009037,T0085435,appeasement_credit,4.69,service_recovery,2026-04-23 14:24:18.000000000,USD
ADJ0003486,TK0009038,T0085443,appeasement_credit,9.12,service_recovery,2026-01-21 16:08:53.000000000,USD
ADJ0003487,TK0009039,T0085444,refund,5.5,payment_issue,2026-03-30 09:35:49.000000000,USD
ADJ0003488,TK0009047,T0085499,appeasement_credit,9.15,service_recovery,2026-03-16 15:45:18.000000000,USD
ADJ0003489,TK0009050,T0085535,refund,1.94,cancellation_issue,2026-02-24 07:40:17.000000000,USD
ADJ0003490,TK0009052,T0085557,refund,1.7,dropoff_issue,2026-03-26 12:37:39.000000000,USD
ADJ0003491,TK0009058,T0085608,refund,7.19,cancellation_issue,2026-03-02 22:48:42.000000000,USD
ADJ0003492,TK0009066,T0085669,appeasement_credit,6.88,service_recovery,2026-02-23 18:53:05.000000000,USD
ADJ0003493,TK0009067,T0085696,refund,6.56,payment_issue,2026-03-14 05:37:35.000000000,USD
ADJ0003494,TK0009068,T0085699,appeasement_credit,5.5,service_recovery,2026-04-04 03:44:28.000000000,USD
ADJ0003495,TK0009072,T0085730,refund,5.62,payment_issue,2026-03-02 03:04:07.000000000,USD
ADJ0003496,TK0009073,T0085732,refund,12.46,cancellation_issue,2026-03-18 23:44:19.000000000,USD
ADJ0003497,TK0009081,T0085811,refund,11.93,trip_status_issue,2026-05-11 10:13:55.000000000,USD
ADJ0003498,TK0009083,T0085829,refund,3.98,cancellation_issue,2026-01-06 00:50:20.000000000,USD
ADJ0003499,TK0009093,T0085935,appeasement_credit,3.29,service_recovery,2026-04-25 07:25:18.000000000,USD
ADJ0003500,TK0009097,T0085994,refund,3.24,cancellation_issue,2026-01-27 12:34:30.000000000,USD
ADJ0003501,TK0009100,T0086007,refund,4.33,trip_status_issue,2026-03-04 20:17:30.000000000,USD
ADJ0003502,TK0009101,T0086011,refund,4.38,trip_status_issue,2026-07-01 13:10:53.000000000,USD
ADJ0003503,TK0009101,T0086011,appeasement_credit,17.47,service_recovery,2026-07-01 13:48:53.000000000,USD
ADJ0003504,TK0009109,T0086074,refund,6.59,vehicle_access_issue,2026-04-11 09:06:02.000000000,USD
ADJ0003505,TK0009111,T0086089,refund,18.98,other,2026-04-23 00:30:15.000000000,USD
ADJ0003506,TK0009116,T0086165,refund,13.67,cancellation_issue,2026-01-20 04:53:12.000000000,USD
ADJ0003507,TK0009118,T0086175,refund,4.94,payment_issue,2026-02-16 01:30:51.000000000,USD
ADJ0003508,TK0009122,T0086203,refund,1.82,safety_concern,2026-04-02 12:37:03.000000000,USD
ADJ0003509,TK0009129,T0086286,refund,8.25,pickup_issue,2026-02-17 07:26:19.000000000,USD
ADJ0003510,TK0009131,T0086293,appeasement_credit,7.02,service_recovery,2026-02-19 20:07:08.000000000,USD
ADJ0003511,TK0009132,T0086294,refund,7.27,payment_issue,2026-03-12 14:43:38.000000000,USD
ADJ0003512,TK0009134,T0086303,refund,8.23,payment_issue,2026-01-04 16:21:10.000000000,USD
ADJ0003513,TK0009136,T0086315,refund,2.14,cancellation_issue,2026-01-28 04:14:54.000000000,USD
ADJ0003514,TK0009138,T0086328,appeasement_credit,6.65,service_recovery,2026-03-14 15:46:27.000000000,USD
ADJ0003515,TK0009139,T0086330,refund,5.43,trip_status_issue,2026-05-25 07:14:03.000000000,USD
ADJ0003516,TK0009143,T0086359,refund,6.9,trip_status_issue,2026-01-01 08:33:30.000000000,USD
ADJ0003517,TK0009150,T0086419,refund,5.08,payment_issue,2026-05-25 15:49:10.000000000,USD
ADJ0003518,TK0009153,T0086453,refund,6.65,pickup_issue,2026-04-14 04:42:25.000000000,USD
ADJ0003519,TK0009153,T0086453,appeasement_credit,19.49,service_recovery,2026-04-14 05:03:25.000000000,USD
ADJ0003520,TK0009160,T0086494,refund,7.81,pickup_issue,2026-04-29 03:04:14.000000000,USD
ADJ0003521,TK0009162,T0086506,appeasement_credit,7.07,service_recovery,2026-05-27 02:17:21.000000000,USD
ADJ0003522,TK0009166,T0086554,refund,4.73,payment_issue,2026-02-28 03:17:46.000000000,USD
ADJ0003523,TK0009167,T0086563,appeasement_credit,13.17,service_recovery,2026-06-05 01:49:44.000000000,USD
ADJ0003524,TK0009172,T0086608,appeasement_credit,18.86,service_recovery,2026-05-30 03:16:59.000000000,USD
ADJ0003525,TK0009173,T0086613,refund,10.61,payment_issue,2026-02-04 00:42:14.000000000,USD
ADJ0003526,TK0009174,T0086614,refund,8.3,cancellation_issue,2026-01-27 03:14:08.000000000,USD
ADJ0003527,TK0009184,T0086766,refund,13.5,cancellation_issue,2026-05-03 00:15:27.000000000,USD
ADJ0003528,TK0009185,T0086770,appeasement_credit,12.51,service_recovery,2026-01-28 04:46:31.000000000,USD
ADJ0003529,TK0009186,T0086773,refund,20.9,payment_issue,2026-06-21 14:46:45.000000000,USD
ADJ0003530,TK0009194,T0086835,refund,3.56,cancellation_issue,2026-01-21 05:10:53.000000000,USD
ADJ0003531,TK0009196,T0086844,refund,4.67,payment_issue,2026-01-20 07:51:23.000000000,USD
ADJ0003532,TK0009197,T0086880,refund,21.81,payment_issue,2026-05-25 00:25:18.000000000,USD
ADJ0003533,TK0009198,T0086894,refund,0.85,vehicle_access_issue,2026-01-31 14:35:49.000000000,USD
ADJ0003534,TK0009199,T0086896,refund,4.44,payment_issue,2026-01-30 03:52:06.000000000,USD
ADJ0003535,TK0009201,T0086904,refund,8.04,pickup_issue,2026-03-22 03:22:29.000000000,USD
ADJ0003536,TK0009201,T0086904,appeasement_credit,18.95,service_recovery,2026-03-22 03:40:29.000000000,USD
ADJ0003537,TK0009203,T0086921,appeasement_credit,4.04,service_recovery,2026-06-22 11:51:53.000000000,USD
ADJ0003538,TK0009204,T0086923,refund,1.71,trip_status_issue,2026-02-06 11:46:01.000000000,USD
ADJ0003539,TK0009207,T0086960,appeasement_credit,12.23,service_recovery,2026-04-23 04:58:17.000000000,USD
ADJ0003540,TK0009210,T0086997,appeasement_credit,3.83,service_recovery,2026-01-09 04:43:14.000000000,USD
ADJ0003541,TK0009211,T0087002,appeasement_credit,9.69,service_recovery,2026-02-10 12:55:09.000000000,USD
ADJ0003542,TK0009212,T0087008,appeasement_credit,11.25,service_recovery,2026-01-25 14:52:33.000000000,USD
ADJ0003543,TK0009214,T0087017,appeasement_credit,5.42,service_recovery,2026-04-29 05:22:24.000000000,USD
ADJ0003544,TK0009218,T0087055,appeasement_credit,18.32,service_recovery,2026-01-21 12:08:09.000000000,USD
ADJ0003545,TK0009220,T0087092,appeasement_credit,19.78,service_recovery,2026-01-30 04:03:26.000000000,USD
ADJ0003546,TK0009223,T0087136,refund,10.51,payment_issue,2026-04-08 06:06:55.000000000,USD
ADJ0003547,TK0009228,T0087154,refund,1.65,payment_issue,2026-02-22 00:04:14.000000000,USD
ADJ0003548,TK0009230,T0087168,refund,12.25,trip_status_issue,2026-02-13 22:39:49.000000000,USD
ADJ0003549,TK0009233,T0087220,refund,6.57,pickup_issue,2026-02-14 05:53:11.000000000,USD
ADJ0003550,TK0009235,T0087232,refund,3.83,cancellation_issue,2026-04-03 23:59:31.000000000,USD
ADJ0003551,TK0009236,T0087237,refund,1.57,cancellation_issue,2026-03-31 14:08:34.000000000,USD
ADJ0003552,TK0009237,T0087259,refund,1.59,trip_status_issue,2026-03-02 06:06:52.000000000,USD
ADJ0003553,TK0009237,T0087259,appeasement_credit,19.09,service_recovery,2026-03-02 05:44:52.000000000,USD
ADJ0003554,TK0009240,T0087318,appeasement_credit,10.85,service_recovery,2026-04-01 07:54:36.000000000,USD
ADJ0003555,TK0009243,T0087339,appeasement_credit,6.69,service_recovery,2026-03-25 23:25:00.000000000,USD
ADJ0003556,TK0009244,T0087340,refund,2.9,cancellation_issue,2026-01-28 14:56:05.000000000,USD
ADJ0003557,TK0009245,T0087372,appeasement_credit,19.52,service_recovery,2026-05-28 08:19:28.000000000,USD
ADJ0003558,TK0009248,T0087377,refund,13.83,payment_issue,2026-04-24 01:42:25.000000000,USD
ADJ0003559,TK0009251,T0087405,refund,3.02,cancellation_issue,2026-05-11 20:51:39.000000000,USD
ADJ0003560,TK0009256,T0087453,refund,1.18,cancellation_issue,2026-01-04 21:29:15.000000000,USD
ADJ0003561,TK0009257,T0087482,appeasement_credit,15.62,service_recovery,2026-04-10 00:20:00.000000000,USD
ADJ0003562,TK0009260,T0087505,appeasement_credit,15.36,service_recovery,2026-02-09 19:22:55.000000000,USD
ADJ0003563,TK0009266,T0087545,appeasement_credit,14.41,service_recovery,2026-06-11 06:21:16.000000000,USD
ADJ0003564,TK0009270,T0087574,refund,6.7,pickup_issue,2026-06-02 11:06:09.000000000,USD
ADJ0003565,TK0009270,T0087574,appeasement_credit,18.65,service_recovery,2026-06-02 11:18:09.000000000,USD
ADJ0003566,TK0009276,T0087641,refund,5.71,payment_issue,2026-05-12 02:55:05.000000000,USD
ADJ0003567,TK0009278,T0087652,appeasement_credit,17.82,service_recovery,2026-05-13 05:37:06.000000000,USD
ADJ0003568,TK0009282,T0087741,refund,0.53,dropoff_issue,2026-05-07 21:01:52.000000000,USD
ADJ0003569,TK0009283,T0087750,refund,8.48,trip_status_issue,2026-04-14 09:30:55.000000000,USD
ADJ0003570,TK0009289,T0087796,refund,3.5,payment_issue,2026-06-30 02:24:12.000000000,USD
ADJ0003571,TK0009290,T0087816,refund,0.73,vehicle_access_issue,2026-03-24 10:01:12.000000000,USD
ADJ0003572,TK0009291,T0087827,refund,6.8,other,2026-03-11 15:08:04.000000000,USD
ADJ0003573,TK0009294,T0087851,refund,4.34,dropoff_issue,2026-06-22 19:31:53.000000000,USD
ADJ0003574,TK0009295,T0087878,refund,6.84,payment_issue,2026-05-05 14:46:34.000000000,USD
ADJ0003575,TK0009296,T0087881,refund,9.05,pickup_issue,2026-01-19 01:16:15.000000000,USD
ADJ0003576,TK0009297,T0087899,refund,12.86,cancellation_issue,2026-02-07 10:47:43.000000000,USD
ADJ0003577,TK0009298,T0087905,refund,8.16,trip_status_issue,2026-02-24 02:42:18.000000000,USD
ADJ0003578,TK0009298,T0087905,appeasement_credit,4.98,service_recovery,2026-02-24 03:25:18.000000000,USD
ADJ0003579,TK0009301,T0087923,refund,5.49,route_issue,2026-02-02 12:33:02.000000000,USD
ADJ0003580,TK0009302,T0087929,refund,2.41,cancellation_issue,2026-01-10 22:47:28.000000000,USD
ADJ0003581,TK0009306,T0087963,refund,1.37,cancellation_issue,2026-06-11 05:45:33.000000000,USD
ADJ0003582,TK0009306,T0087963,appeasement_credit,16.82,service_recovery,2026-06-11 04:53:33.000000000,USD
ADJ0003583,TK0009307,T0087967,refund,5.26,dropoff_issue,2026-02-14 16:41:00.000000000,USD
ADJ0003584,TK0009317,T0088108,refund,3.27,trip_status_issue,2026-04-11 13:36:46.000000000,USD
ADJ0003585,TK0009319,T0088140,appeasement_credit,10.14,service_recovery,2026-02-27 00:39:20.000000000,USD
ADJ0003586,TK0009321,T0088159,refund,4.76,pickup_issue,2026-04-30 06:44:47.000000000,USD
ADJ0003587,TK0009322,T0088161,refund,9.72,payment_issue,2026-01-24 07:56:11.000000000,USD
ADJ0003588,TK0009325,T0088217,refund,2.55,pickup_issue,2026-04-17 19:23:45.000000000,USD
ADJ0003589,TK0009328,T0088248,refund,10.07,cancellation_issue,2026-05-19 15:20:03.000000000,USD
ADJ0003590,TK0009328,T0088248,appeasement_credit,12.45,service_recovery,2026-05-19 15:47:03.000000000,USD
ADJ0003591,TK0009329,T0088257,refund,5.05,dropoff_issue,2026-03-03 02:23:56.000000000,USD
ADJ0003592,TK0009330,T0088290,refund,6.8,safety_concern,2026-03-11 18:16:10.000000000,USD
ADJ0003593,TK0009337,T0088349,refund,3.51,payment_issue,2026-01-25 13:50:04.000000000,USD
ADJ0003594,TK0009338,T0088363,appeasement_credit,13.97,service_recovery,2026-06-12 03:55:39.000000000,USD
ADJ0003595,TK0009340,T0088376,appeasement_credit,12.09,service_recovery,2026-04-24 23:23:02.000000000,USD
ADJ0003596,TK0009342,T0088384,refund,1.86,safety_concern,2026-03-27 15:19:10.000000000,USD
ADJ0003597,TK0009342,T0088384,appeasement_credit,11.7,service_recovery,2026-03-27 15:34:10.000000000,USD
ADJ0003598,TK0009343,T0088404,refund,0.53,pickup_issue,2026-01-08 12:27:52.000000000,USD
ADJ0003599,TK0009345,T0088413,refund,11.08,payment_issue,2026-04-26 16:39:26.000000000,USD
ADJ0003600,TK0009346,T0088418,refund,6.59,payment_issue,2026-02-27 02:20:56.000000000,USD
ADJ0003601,TK0009348,T0088442,refund,3.92,route_issue,2026-01-03 16:18:08.000000000,USD
ADJ0003602,TK0009349,T0088458,appeasement_credit,6.85,service_recovery,2026-01-01 20:31:21.000000000,USD
ADJ0003603,TK0009352,T0088492,refund,2.22,trip_status_issue,2026-04-16 14:08:44.000000000,USD
ADJ0003604,TK0009355,T0088508,appeasement_credit,15.21,service_recovery,2026-03-08 09:54:09.000000000,USD
ADJ0003605,TK0009359,T0088561,refund,4.06,trip_status_issue,2026-04-11 06:25:26.000000000,USD
ADJ0003606,TK0009360,T0088574,refund,15.03,payment_issue,2026-05-21 07:03:31.000000000,USD
ADJ0003607,TK0009365,T0088610,refund,3.28,dropoff_issue,2026-05-09 03:18:59.000000000,USD
ADJ0003608,TK0009367,T0088638,refund,6.81,payment_issue,2026-03-07 13:21:41.000000000,USD
ADJ0003609,TK0009368,T0088646,appeasement_credit,14.54,service_recovery,2026-01-11 18:26:34.000000000,USD
ADJ0003610,TK0009370,T0088670,appeasement_credit,19.88,service_recovery,2026-04-13 00:45:46.000000000,USD
ADJ0003611,TK0009371,T0088677,appeasement_credit,19.7,service_recovery,2026-02-17 08:05:21.000000000,USD
ADJ0003612,TK0009373,T0088701,refund,15.89,dropoff_issue,2026-04-22 21:30:37.000000000,USD
ADJ0003613,TK0009381,T0088799,appeasement_credit,10.68,service_recovery,2026-01-20 19:11:28.000000000,USD
ADJ0003614,TK0009387,T0088869,appeasement_credit,15.94,service_recovery,2026-02-06 15:55:21.000000000,USD
ADJ0003615,TK0009390,T0088895,appeasement_credit,18.62,service_recovery,2026-01-12 05:20:08.000000000,USD
ADJ0003616,TK0009392,T0088921,refund,1.25,lost_item,2026-02-11 07:28:49.000000000,USD
ADJ0003617,TK0009392,T0088921,appeasement_credit,11.53,service_recovery,2026-02-11 07:21:49.000000000,USD
ADJ0003618,TK0009395,T0088933,refund,5.05,payment_issue,2026-01-29 12:19:14.000000000,USD
ADJ0003619,TK0009396,T0088936,refund,4.87,safety_concern,2026-02-28 23:22:25.000000000,USD
ADJ0003620,TK0009396,T0088936,appeasement_credit,12.86,service_recovery,2026-02-28 23:49:25.000000000,USD
ADJ0003621,TK0009397,T0088937,refund,28.18,pickup_issue,2026-06-15 19:50:53.000000000,USD
ADJ0003622,TK0009397,T0088937,appeasement_credit,6.51,service_recovery,2026-06-15 20:46:53.000000000,USD
ADJ0003623,TK0009403,T0088988,refund,12.62,payment_issue,2026-04-12 16:00:47.000000000,USD
ADJ0003624,TK0009404,T0088995,appeasement_credit,19.33,service_recovery,2026-01-08 15:25:02.000000000,USD
ADJ0003625,TK0009407,T0089032,refund,4.1,vehicle_access_issue,2026-06-19 12:12:49.000000000,USD
ADJ0003626,TK0009410,T0089072,appeasement_credit,5.56,service_recovery,2026-06-23 17:35:34.000000000,USD
ADJ0003627,TK0009412,T0089082,refund,4.69,payment_issue,2026-01-27 21:46:12.000000000,USD
ADJ0003628,TK0009414,T0089105,appeasement_credit,13.37,service_recovery,2026-01-03 07:48:42.000000000,USD
ADJ0003629,TK0009415,T0089111,refund,1.84,cancellation_issue,2026-06-27 03:55:06.000000000,USD
ADJ0003630,TK0009419,T0089147,appeasement_credit,13.68,service_recovery,2026-06-29 05:05:34.000000000,USD
ADJ0003631,TK0009422,T0089168,refund,13.64,pickup_issue,2026-03-31 18:40:10.000000000,USD
ADJ0003632,TK0009423,T0089187,refund,7.98,cancellation_issue,2026-04-28 12:47:09.000000000,USD
ADJ0003633,TK0009424,T0089188,appeasement_credit,18.27,service_recovery,2026-01-01 15:03:01.000000000,USD
ADJ0003634,TK0009425,T0089197,refund,2.01,cancellation_issue,2026-04-30 02:54:55.000000000,USD
ADJ0003635,TK0009430,T0089225,refund,3.44,route_issue,2026-03-15 04:33:15.000000000,USD
ADJ0003636,TK0009431,T0089236,refund,1.95,vehicle_access_issue,2026-02-06 01:01:10.000000000,USD
ADJ0003637,TK0009433,T0089243,appeasement_credit,5.65,service_recovery,2026-03-11 18:29:25.000000000,USD
ADJ0003638,TK0009436,T0089270,refund,6.62,payment_issue,2026-01-22 07:24:26.000000000,USD
ADJ0003639,TK0009436,T0089270,appeasement_credit,14.68,service_recovery,2026-01-22 07:49:26.000000000,USD
ADJ0003640,TK0009438,T0089276,refund,20.0,payment_issue,2026-01-06 16:56:48.000000000,USD
ADJ0003641,TK0009440,T0089282,refund,2.0,payment_issue,2026-06-23 23:59:05.000000000,USD
ADJ0003642,TK0009441,T0089283,appeasement_credit,12.43,service_recovery,2026-06-03 21:58:06.000000000,USD
ADJ0003643,TK0009442,T0089304,refund,10.28,pickup_issue,2026-05-03 08:44:18.000000000,USD
ADJ0003644,TK0009444,T0089311,appeasement_credit,9.84,service_recovery,2026-03-22 12:03:18.000000000,USD
ADJ0003645,TK0009445,T0089323,refund,1.87,trip_status_issue,2026-02-26 12:39:48.000000000,USD
ADJ0003646,TK0009446,T0089324,refund,3.11,cancellation_issue,2026-05-06 03:05:01.000000000,USD
ADJ0003647,TK0009447,T0089333,refund,15.97,payment_issue,2026-05-16 05:14:24.000000000,USD
ADJ0003648,TK0009448,T0089336,appeasement_credit,19.9,service_recovery,2026-01-29 16:45:14.000000000,USD
ADJ0003649,TK0009449,T0089378,appeasement_credit,19.34,service_recovery,2026-06-18 10:57:56.000000000,USD
ADJ0003650,TK0009452,T0089428,refund,7.96,vehicle_access_issue,2026-02-09 00:24:48.000000000,USD
ADJ0003651,TK0009453,T0089430,refund,3.63,cancellation_issue,2026-05-21 10:23:02.000000000,USD
ADJ0003652,TK0009457,T0089469,refund,1.81,trip_status_issue,2026-02-04 23:38:36.000000000,USD
ADJ0003653,TK0009463,T0089542,refund,19.04,cancellation_issue,2026-05-16 02:05:14.000000000,USD
ADJ0003654,TK0009464,T0089549,refund,12.36,payment_issue,2026-06-06 09:34:41.000000000,USD
ADJ0003655,TK0009466,T0089562,refund,4.45,route_issue,2026-03-08 09:14:45.000000000,USD
ADJ0003656,TK0009470,T0089609,appeasement_credit,10.25,service_recovery,2026-04-27 21:47:16.000000000,USD
ADJ0003657,TK0009473,T0089640,refund,1.15,pickup_issue,2026-04-16 09:31:54.000000000,USD
ADJ0003658,TK0009474,T0089655,refund,0.97,payment_issue,2026-04-07 23:00:58.000000000,USD
ADJ0003659,TK0009476,T0089687,appeasement_credit,19.62,service_recovery,2026-05-02 02:41:34.000000000,USD
ADJ0003660,TK0009479,T0089707,refund,3.88,cancellation_issue,2026-06-25 06:42:55.000000000,USD
ADJ0003661,TK0009479,T0089707,appeasement_credit,16.2,service_recovery,2026-06-25 07:36:55.000000000,USD
ADJ0003662,TK0009480,T0089747,refund,19.65,dropoff_issue,2026-04-27 02:03:45.000000000,USD
ADJ0003663,TK0009488,T0089836,refund,26.44,cancellation_issue,2026-03-11 08:18:22.000000000,USD
ADJ0003664,TK0009492,T0089884,refund,10.34,vehicle_access_issue,2026-06-24 12:17:01.000000000,USD
ADJ0003665,TK0009495,T0089909,appeasement_credit,7.35,service_recovery,2026-06-12 02:07:39.000000000,USD
ADJ0003666,TK0009499,T0090018,refund,7.52,dropoff_issue,2026-01-24 19:05:13.000000000,USD
ADJ0003667,TK0009503,T0090058,appeasement_credit,7.93,service_recovery,2026-06-21 12:45:58.000000000,USD
ADJ0003668,TK0009505,T0090071,refund,2.14,pickup_issue,2026-01-09 23:13:03.000000000,USD
ADJ0003669,TK0009507,T0090088,appeasement_credit,7.9,service_recovery,2026-01-18 06:10:26.000000000,USD
ADJ0003670,TK0009508,T0090091,appeasement_credit,9.96,service_recovery,2026-03-22 23:50:13.000000000,USD
ADJ0003671,TK0009509,T0090103,appeasement_credit,17.77,service_recovery,2026-06-25 19:47:13.000000000,USD
ADJ0003672,TK0009512,T0090113,refund,15.21,payment_issue,2026-06-04 17:58:14.000000000,USD
ADJ0003673,TK0009522,T0090166,refund,7.29,pickup_issue,2026-02-27 22:45:49.000000000,USD
ADJ0003674,TK0009526,T0090202,appeasement_credit,7.87,service_recovery,2026-04-10 08:39:21.000000000,USD
ADJ0003675,TK0009527,T0090209,refund,9.35,trip_status_issue,2026-02-27 20:09:10.000000000,USD
ADJ0003676,TK0009532,T0090268,appeasement_credit,11.68,service_recovery,2026-02-12 04:35:03.000000000,USD
ADJ0003677,TK0009535,T0090287,refund,7.17,pickup_issue,2026-03-03 07:45:07.000000000,USD
ADJ0003678,TK0009535,T0090287,appeasement_credit,16.77,service_recovery,2026-03-03 08:14:07.000000000,USD
ADJ0003679,TK0009538,T0090311,refund,3.47,payment_issue,2026-01-11 19:43:42.000000000,USD
ADJ0003680,TK0009539,T0090314,refund,13.04,other,2026-05-07 17:07:24.000000000,USD
ADJ0003681,TK0009544,T0090368,refund,7.22,route_issue,2026-02-10 18:21:29.000000000,USD
ADJ0003682,TK0009546,T0090390,refund,6.49,payment_issue,2026-04-06 07:00:32.000000000,USD
ADJ0003683,TK0009548,T0090396,refund,20.56,pickup_issue,2026-04-06 04:48:52.000000000,USD
ADJ0003684,TK0009552,T0090435,refund,2.44,trip_status_issue,2026-01-22 08:42:20.000000000,USD
ADJ0003685,TK0009553,T0090457,appeasement_credit,4.75,service_recovery,2026-02-14 07:54:21.000000000,USD
ADJ0003686,TK0009555,T0090466,appeasement_credit,10.61,service_recovery,2026-01-13 08:46:57.000000000,USD
ADJ0003687,TK0009557,T0090489,refund,3.04,trip_status_issue,2026-04-28 05:57:45.000000000,USD
ADJ0003688,TK0009562,T0090510,refund,2.43,cancellation_issue,2026-02-07 05:12:01.000000000,USD
ADJ0003689,TK0009564,T0090524,refund,4.98,pickup_issue,2026-03-14 09:04:09.000000000,USD
ADJ0003690,TK0009565,T0090542,refund,2.71,pickup_issue,2026-05-09 11:32:03.000000000,USD
ADJ0003691,TK0009569,T0090596,refund,2.89,cancellation_issue,2026-06-26 12:20:07.000000000,USD
ADJ0003692,TK0009569,T0090596,appeasement_credit,3.18,service_recovery,2026-06-26 13:17:07.000000000,USD
ADJ0003693,TK0009571,T0090608,refund,5.49,payment_issue,2026-06-23 11:19:02.000000000,USD
ADJ0003694,TK0009573,T0090643,refund,9.47,payment_issue,2026-04-20 12:01:21.000000000,USD
ADJ0003695,TK0009574,T0090651,refund,14.35,pickup_issue,2026-01-10 19:53:46.000000000,USD
ADJ0003696,TK0009575,T0090668,refund,10.44,pickup_issue,2026-01-17 00:37:09.000000000,USD
ADJ0003697,TK0009581,T0090705,refund,12.91,payment_issue,2026-05-31 01:06:57.000000000,USD
ADJ0003698,TK0009587,T0090737,refund,7.08,trip_status_issue,2026-05-19 11:02:28.000000000,USD
ADJ0003699,TK0009590,T0090749,refund,6.37,cancellation_issue,2026-03-14 11:10:48.000000000,USD
ADJ0003700,TK0009591,T0090757,refund,2.22,payment_issue,2026-05-05 12:18:43.000000000,USD
ADJ0003701,TK0009592,T0090760,refund,8.95,dropoff_issue,2026-05-14 20:41:44.000000000,USD
ADJ0003702,TK0009594,T0090785,refund,6.06,payment_issue,2026-02-01 17:00:32.000000000,USD
ADJ0003703,TK0009595,T0090808,refund,13.98,payment_issue,2026-06-08 00:27:05.000000000,USD
ADJ0003704,TK0009598,T0090834,refund,6.38,trip_status_issue,2026-06-06 13:21:22.000000000,USD
ADJ0003705,TK0009598,T0090834,appeasement_credit,4.44,service_recovery,2026-06-06 12:44:22.000000000,USD
ADJ0003706,TK0009599,T0090861,refund,8.17,dropoff_issue,2026-02-15 02:50:46.000000000,USD
ADJ0003707,TK0009602,T0090872,refund,6.49,vehicle_access_issue,2026-02-20 01:35:33.000000000,USD
ADJ0003708,TK0009602,T0090872,appeasement_credit,13.29,service_recovery,2026-02-20 01:53:33.000000000,USD
ADJ0003709,TK0009604,T0090906,refund,7.61,payment_issue,2026-04-23 19:38:20.000000000,USD
ADJ0003710,TK0009605,T0090917,refund,18.15,payment_issue,2026-04-25 15:44:56.000000000,USD
ADJ0003711,TK0009606,T0090920,refund,10.83,payment_issue,2026-06-06 21:10:44.000000000,USD
ADJ0003712,TK0009608,T0090954,refund,11.49,pickup_issue,2026-01-07 01:05:47.000000000,USD
ADJ0003713,TK0009611,T0090962,refund,3.12,cancellation_issue,2026-04-24 03:34:31.000000000,USD
ADJ0003714,TK0009612,T0090963,refund,3.82,pickup_issue,2026-06-26 12:37:36.000000000,USD
ADJ0003715,TK0009612,T0090963,appeasement_credit,12.52,service_recovery,2026-06-26 13:17:36.000000000,USD
ADJ0003716,TK0009614,T0090994,refund,1.25,trip_status_issue,2026-03-11 23:05:05.000000000,USD
ADJ0003717,TK0009616,T0091027,refund,15.8,payment_issue,2026-06-11 11:06:51.000000000,USD
ADJ0003718,TK0009616,T0091027,appeasement_credit,16.17,service_recovery,2026-06-11 11:51:51.000000000,USD
ADJ0003719,TK0009619,T0091053,appeasement_credit,12.67,service_recovery,2026-03-24 11:57:31.000000000,USD
ADJ0003720,TK0009622,T0091064,refund,4.11,cancellation_issue,2026-01-28 10:50:56.000000000,USD
ADJ0003721,TK0009625,T0091098,refund,8.26,cancellation_issue,2026-03-31 00:53:22.000000000,USD
ADJ0003722,TK0009626,T0091099,refund,4.83,pickup_issue,2026-06-23 14:06:52.000000000,USD
ADJ0003723,TK0009627,T0091126,refund,3.08,trip_status_issue,2026-01-14 01:30:31.000000000,USD
ADJ0003724,TK0009632,T0091223,refund,5.1,cancellation_issue,2026-03-20 20:20:24.000000000,USD
ADJ0003725,TK0009639,T0091274,refund,11.62,vehicle_access_issue,2026-03-11 16:10:28.000000000,USD
ADJ0003726,TK0009642,T0091308,appeasement_credit,6.37,service_recovery,2026-01-10 05:16:14.000000000,USD
ADJ0003727,TK0009643,T0091310,refund,3.69,cancellation_issue,2026-06-09 16:47:14.000000000,USD
ADJ0003728,TK0009644,T0091321,refund,2.35,trip_status_issue,2026-04-06 11:58:40.000000000,USD
ADJ0003729,TK0009644,T0091321,appeasement_credit,16.46,service_recovery,2026-04-06 12:52:40.000000000,USD
ADJ0003730,TK0009652,T0091397,appeasement_credit,15.09,service_recovery,2026-04-05 01:45:22.000000000,USD
ADJ0003731,TK0009654,T0091414,refund,2.41,route_issue,2026-04-15 05:47:31.000000000,USD
ADJ0003732,TK0009654,T0091414,appeasement_credit,17.1,service_recovery,2026-04-15 05:30:31.000000000,USD
ADJ0003733,TK0009657,T0091433,refund,5.15,trip_status_issue,2026-02-14 18:25:28.000000000,USD
ADJ0003734,TK0009660,T0091466,refund,6.57,pickup_issue,2026-04-21 22:43:20.000000000,USD
ADJ0003735,TK0009666,T0091515,refund,5.55,dropoff_issue,2026-03-26 00:42:23.000000000,USD
ADJ0003736,TK0009668,T0091519,refund,6.22,payment_issue,2026-01-12 20:51:49.000000000,USD
ADJ0003737,TK0009672,T0091553,refund,0.52,vehicle_access_issue,2026-05-17 06:11:57.000000000,USD
ADJ0003738,TK0009673,T0091555,appeasement_credit,15.98,service_recovery,2026-05-23 20:51:10.000000000,USD
ADJ0003739,TK0009675,T0091560,refund,2.81,trip_status_issue,2026-06-01 06:48:38.000000000,USD
ADJ0003740,TK0009675,T0091560,appeasement_credit,15.12,service_recovery,2026-06-01 06:22:38.000000000,USD
ADJ0003741,TK0009678,T0091591,refund,4.27,trip_status_issue,2026-05-26 21:08:51.000000000,USD
ADJ0003742,TK0009679,T0091608,refund,6.43,payment_issue,2026-03-07 06:55:30.000000000,USD
ADJ0003743,TK0009682,T0091620,refund,14.97,payment_issue,2026-06-13 16:25:52.000000000,USD
ADJ0003744,TK0009684,T0091636,refund,5.85,route_issue,2026-03-31 15:30:20.000000000,USD
ADJ0003745,TK0009685,T0091644,refund,2.77,trip_status_issue,2026-06-04 22:06:16.000000000,USD
ADJ0003746,TK0009691,T0091720,refund,6.85,pickup_issue,2026-05-08 17:08:53.000000000,USD
ADJ0003747,TK0009693,T0091727,appeasement_credit,9.94,service_recovery,2026-04-08 15:44:07.000000000,USD
ADJ0003748,TK0009697,T0091759,refund,4.97,cancellation_issue,2026-02-28 16:41:12.000000000,USD
ADJ0003749,TK0009698,T0091769,refund,2.52,pickup_issue,2026-04-22 17:08:35.000000000,USD
ADJ0003750,TK0009705,T0091869,refund,9.19,lost_item,2026-01-18 18:30:34.000000000,USD
ADJ0003751,TK0009706,T0091872,refund,2.77,cancellation_issue,2026-04-04 15:38:22.000000000,USD
ADJ0003752,TK0009708,T0091877,appeasement_credit,3.95,service_recovery,2026-03-24 20:14:11.000000000,USD
ADJ0003753,TK0009709,T0091888,refund,11.68,route_issue,2026-06-26 02:16:52.000000000,USD
ADJ0003754,TK0009710,T0091895,appeasement_credit,8.53,service_recovery,2026-01-01 16:57:24.000000000,USD
ADJ0003755,TK0009714,T0091918,refund,3.05,trip_status_issue,2026-01-03 11:52:03.000000000,USD
ADJ0003756,TK0009715,T0091919,refund,10.07,payment_issue,2026-01-05 10:54:50.000000000,USD
ADJ0003757,TK0009715,T0091919,appeasement_credit,7.25,service_recovery,2026-01-05 10:29:50.000000000,USD
ADJ0003758,TK0009720,T0091975,refund,6.74,pickup_issue,2026-02-23 08:36:20.000000000,USD
ADJ0003759,TK0009723,T0092026,refund,2.3,cancellation_issue,2026-01-30 14:07:53.000000000,USD
ADJ0003760,TK0009727,T0092074,refund,3.85,payment_issue,2026-04-18 08:22:41.000000000,USD
ADJ0003761,TK0009736,T0092162,appeasement_credit,10.01,service_recovery,2026-05-07 11:09:01.000000000,USD
ADJ0003762,TK0009737,T0092176,refund,3.31,cancellation_issue,2026-04-01 13:14:50.000000000,USD
ADJ0003763,TK0009739,T0092200,refund,9.4,pickup_issue,2026-03-23 02:32:27.000000000,USD
ADJ0003764,TK0009741,T0092207,refund,8.47,cancellation_issue,2026-05-31 03:41:28.000000000,USD
ADJ0003765,TK0009744,T0092248,appeasement_credit,4.36,service_recovery,2026-05-17 04:46:48.000000000,USD
ADJ0003766,TK0009745,T0092255,refund,4.36,safety_concern,2026-01-10 16:21:44.000000000,USD
ADJ0003767,TK0009748,T0092275,refund,14.05,pickup_issue,2026-06-28 04:15:29.000000000,USD
ADJ0003768,TK0009750,T0092287,refund,6.05,payment_issue,2026-04-19 02:04:58.000000000,USD
ADJ0003769,TK0009753,T0092314,appeasement_credit,6.94,service_recovery,2026-02-02 21:20:26.000000000,USD
ADJ0003770,TK0009755,T0092344,appeasement_credit,18.56,service_recovery,2026-02-27 04:29:13.000000000,USD
ADJ0003771,TK0009762,T0092417,refund,0.85,trip_status_issue,2026-05-19 17:38:34.000000000,USD
ADJ0003772,TK0009763,T0092439,refund,4.72,dropoff_issue,2026-03-13 14:27:50.000000000,USD
ADJ0003773,TK0009767,T0092492,refund,1.1,trip_status_issue,2026-06-11 14:41:14.000000000,USD
ADJ0003774,TK0009769,T0092519,refund,6.13,route_issue,2026-05-03 07:11:15.000000000,USD
ADJ0003775,TK0009770,T0092527,appeasement_credit,4.05,service_recovery,2026-04-21 21:29:57.000000000,USD
ADJ0003776,TK0009772,T0092551,refund,5.88,vehicle_access_issue,2026-03-16 06:54:03.000000000,USD
ADJ0003777,TK0009773,T0092555,appeasement_credit,3.71,service_recovery,2026-01-16 11:23:42.000000000,USD
ADJ0003778,TK0009778,T0092638,refund,5.52,trip_status_issue,2026-05-23 01:53:49.000000000,USD
ADJ0003779,TK0009791,T0092805,refund,2.54,payment_issue,2026-05-28 23:39:33.000000000,USD
ADJ0003780,TK0009792,T0092814,refund,5.45,pickup_issue,2026-06-13 09:15:10.000000000,USD
ADJ0003781,TK0009794,T0092826,refund,14.03,payment_issue,2026-05-14 22:51:18.000000000,USD
ADJ0003782,TK0009795,T0092832,appeasement_credit,10.47,service_recovery,2026-06-30 10:14:02.000000000,USD
ADJ0003783,TK0009796,T0092839,refund,8.41,dropoff_issue,2026-06-23 08:30:31.000000000,USD
ADJ0003784,TK0009797,T0092846,refund,7.54,cancellation_issue,2026-05-01 02:05:34.000000000,USD
ADJ0003785,TK0009798,T0092847,refund,9.04,route_issue,2026-01-10 23:46:23.000000000,USD
ADJ0003786,TK0009799,T0092856,refund,3.71,cancellation_issue,2026-02-22 15:30:24.000000000,USD
ADJ0003787,TK0009800,T0092860,appeasement_credit,11.18,service_recovery,2026-06-04 00:32:35.000000000,USD
ADJ0003788,TK0009801,T0092872,refund,6.74,route_issue,2026-03-15 15:13:17.000000000,USD
ADJ0003789,TK0009806,T0092949,refund,3.6,route_issue,2026-05-15 19:39:43.000000000,USD
ADJ0003790,TK0009812,T0093008,refund,15.77,payment_issue,2026-01-24 18:43:50.000000000,USD
ADJ0003791,TK0009815,T0093025,refund,2.83,safety_concern,2026-05-05 22:23:46.000000000,USD
ADJ0003792,TK0009816,T0093032,refund,5.13,payment_issue,2026-06-25 06:16:28.000000000,USD
ADJ0003793,TK0009818,T0093050,refund,27.04,pickup_issue,2026-05-19 08:14:10.000000000,USD
ADJ0003794,TK0009818,T0093050,appeasement_credit,8.15,service_recovery,2026-05-19 09:17:10.000000000,USD
ADJ0003795,TK0009820,T0093073,refund,0.71,trip_status_issue,2026-02-03 07:44:38.000000000,USD
ADJ0003796,TK0009822,T0093104,refund,3.04,dropoff_issue,2026-02-28 20:22:53.000000000,USD
ADJ0003797,TK0009823,T0093106,refund,10.38,dropoff_issue,2026-02-17 13:18:14.000000000,USD
ADJ0003798,TK0009824,T0093119,refund,7.56,dropoff_issue,2026-01-09 18:28:08.000000000,USD
ADJ0003799,TK0009825,T0093124,appeasement_credit,7.81,service_recovery,2026-01-04 01:43:55.000000000,USD
ADJ0003800,TK0009826,T0093129,appeasement_credit,7.92,service_recovery,2026-03-16 19:56:18.000000000,USD
ADJ0003801,TK0009827,T0093146,appeasement_credit,8.93,service_recovery,2026-03-19 23:44:41.000000000,USD
ADJ0003802,TK0009831,T0093229,refund,9.31,dropoff_issue,2026-01-19 07:55:22.000000000,USD
ADJ0003803,TK0009834,T0093233,refund,6.51,payment_issue,2026-06-01 19:52:11.000000000,USD
ADJ0003804,TK0009836,T0093269,appeasement_credit,4.06,service_recovery,2026-06-11 22:39:15.000000000,USD
ADJ0003805,TK0009838,T0093273,refund,4.93,cancellation_issue,2026-04-06 01:50:08.000000000,USD
ADJ0003806,TK0009840,T0093278,refund,6.28,trip_status_issue,2026-02-16 16:03:03.000000000,USD
ADJ0003807,TK0009842,T0093291,refund,7.23,payment_issue,2026-03-12 05:21:53.000000000,USD
ADJ0003808,TK0009843,T0093294,refund,2.73,trip_status_issue,2026-05-01 00:15:22.000000000,USD
ADJ0003809,TK0009845,T0093306,refund,18.29,other,2026-01-11 10:54:46.000000000,USD
ADJ0003810,TK0009848,T0093355,refund,3.15,trip_status_issue,2026-02-17 05:14:46.000000000,USD
ADJ0003811,TK0009851,T0093367,refund,4.02,pickup_issue,2026-02-23 23:43:01.000000000,USD
ADJ0003812,TK0009855,T0093394,refund,7.28,payment_issue,2026-03-31 08:33:03.000000000,USD
ADJ0003813,TK0009856,T0093397,refund,10.47,vehicle_access_issue,2026-02-08 06:07:44.000000000,USD
ADJ0003814,TK0009857,T0093412,refund,5.09,pickup_issue,2026-01-31 08:37:06.000000000,USD
ADJ0003815,TK0009862,T0093446,refund,7.64,payment_issue,2026-01-13 15:56:06.000000000,USD
ADJ0003816,TK0009863,T0093463,appeasement_credit,15.87,service_recovery,2026-05-07 15:51:06.000000000,USD
ADJ0003817,TK0009868,T0093505,appeasement_credit,19.55,service_recovery,2026-01-19 19:14:45.000000000,USD
ADJ0003818,TK0009872,T0093572,appeasement_credit,18.59,service_recovery,2026-04-06 11:32:44.000000000,USD
ADJ0003819,TK0009876,T0093605,refund,6.43,dropoff_issue,2026-04-22 18:52:06.000000000,USD
ADJ0003820,TK0009879,T0093629,refund,4.82,payment_issue,2026-01-15 16:37:27.000000000,USD
ADJ0003821,TK0009881,T0093659,refund,6.28,trip_status_issue,2026-05-24 08:52:29.000000000,USD
ADJ0003822,TK0009885,T0093694,refund,2.47,trip_status_issue,2026-01-14 06:23:28.000000000,USD
ADJ0003823,TK0009892,T0093787,refund,11.07,pickup_issue,2026-03-21 00:32:51.000000000,USD
ADJ0003824,TK0009896,T0093833,refund,5.14,pickup_issue,2026-06-29 23:01:03.000000000,USD
ADJ0003825,TK0009900,T0093872,appeasement_credit,5.82,service_recovery,2026-03-23 02:33:58.000000000,USD
ADJ0003826,TK0009907,T0093924,appeasement_credit,9.42,service_recovery,2026-04-23 05:44:49.000000000,USD
ADJ0003827,TK0009908,T0093978,refund,10.35,dropoff_issue,2026-02-14 19:23:21.000000000,USD
ADJ0003828,TK0009909,T0093985,refund,2.33,safety_concern,2026-05-21 12:18:48.000000000,USD
ADJ0003829,TK0009909,T0093985,appeasement_credit,17.07,service_recovery,2026-05-21 12:29:48.000000000,USD
ADJ0003830,TK0009912,T0094045,refund,1.74,payment_issue,2026-06-30 05:06:38.000000000,USD
ADJ0003831,TK0009915,T0094084,refund,3.69,payment_issue,2026-06-24 10:42:16.000000000,USD
ADJ0003832,TK0009923,T0094168,refund,8.96,safety_concern,2026-03-21 20:10:54.000000000,USD
ADJ0003833,TK0009925,T0094191,appeasement_credit,12.13,service_recovery,2026-06-25 13:05:31.000000000,USD
ADJ0003834,TK0009929,T0094213,refund,1.72,cancellation_issue,2026-06-20 10:17:37.000000000,USD
ADJ0003835,TK0009930,T0094215,refund,2.88,pickup_issue,2026-01-02 19:25:43.000000000,USD
ADJ0003836,TK0009931,T0094223,refund,1.98,dropoff_issue,2026-02-16 01:55:42.000000000,USD
ADJ0003837,TK0009932,T0094224,refund,4.76,lost_item,2026-06-03 13:19:34.000000000,USD
ADJ0003838,TK0009933,T0094225,appeasement_credit,8.72,service_recovery,2026-04-04 04:39:13.000000000,USD
ADJ0003839,TK0009934,T0094229,refund,4.63,payment_issue,2026-06-19 16:10:29.000000000,USD
ADJ0003840,TK0009935,T0094274,refund,0.74,cancellation_issue,2026-06-22 16:24:01.000000000,USD
ADJ0003841,TK0009936,T0094277,refund,4.14,cancellation_issue,2026-02-17 10:54:12.000000000,USD
ADJ0003842,TK0009940,T0094340,refund,9.01,payment_issue,2026-05-17 11:05:24.000000000,USD
ADJ0003843,TK0009944,T0094346,refund,1.29,vehicle_access_issue,2026-05-03 16:10:28.000000000,USD
ADJ0003844,TK0009950,T0094422,refund,4.49,pickup_issue,2026-03-13 13:43:47.000000000,USD
ADJ0003845,TK0009955,T0094461,refund,19.5,payment_issue,2026-03-24 21:00:08.000000000,USD
ADJ0003846,TK0009956,T0094494,refund,4.23,dropoff_issue,2026-02-04 11:13:34.000000000,USD
ADJ0003847,TK0009959,T0094524,refund,11.67,trip_status_issue,2026-05-26 18:12:51.000000000,USD
ADJ0003848,TK0009961,T0094560,appeasement_credit,9.72,service_recovery,2026-02-13 09:23:30.000000000,USD
ADJ0003849,TK0009969,T0094617,refund,3.63,trip_status_issue,2026-02-18 17:27:55.000000000,USD
ADJ0003850,TK0009972,T0094652,refund,2.33,trip_status_issue,2026-01-05 00:00:22.000000000,USD
ADJ0003851,TK0009972,T0094652,appeasement_credit,11.17,service_recovery,2026-01-04 23:35:22.000000000,USD
ADJ0003852,TK0009973,T0094702,refund,3.3,safety_concern,2026-03-18 20:45:30.000000000,USD
ADJ0003853,TK0009982,T0094784,refund,9.14,safety_concern,2026-03-20 09:23:33.000000000,USD
ADJ0003854,TK0009984,T0094824,refund,1.72,route_issue,2026-01-11 16:23:26.000000000,USD
ADJ0003855,TK0009986,T0094845,refund,5.9,pickup_issue,2026-05-06 12:17:14.000000000,USD
ADJ0003856,TK0009987,T0094848,refund,4.02,cancellation_issue,2026-01-07 03:06:51.000000000,USD
ADJ0003857,TK0009994,T0094945,refund,12.78,pickup_issue,2026-05-20 22:20:50.000000000,USD
ADJ0003858,TK0010001,T0094999,refund,2.06,trip_status_issue,2026-06-07 05:21:21.000000000,USD
ADJ0003859,TK0010003,T0095020,refund,6.57,route_issue,2026-05-22 06:14:03.000000000,USD
ADJ0003860,TK0010006,T0095035,refund,8.65,vehicle_access_issue,2026-01-31 06:55:28.000000000,USD
ADJ0003861,TK0010006,T0095035,appeasement_credit,13.8,service_recovery,2026-01-31 06:57:28.000000000,USD
ADJ0003862,TK0010008,T0095049,appeasement_credit,9.01,service_recovery,2026-03-27 01:39:03.000000000,USD
ADJ0003863,TK0010010,T0095062,refund,10.05,safety_concern,2026-01-21 05:55:15.000000000,USD
ADJ0003864,TK0010010,T0095062,appeasement_credit,6.02,service_recovery,2026-01-21 06:48:15.000000000,USD
ADJ0003865,TK0010012,T0095086,appeasement_credit,6.09,service_recovery,2026-02-08 14:42:19.000000000,USD
ADJ0003866,TK0010026,T0095230,refund,7.82,payment_issue,2026-06-05 12:38:25.000000000,USD
ADJ0003867,TK0010027,T0095238,refund,8.66,cancellation_issue,2026-04-09 13:05:54.000000000,USD
ADJ0003868,TK0010028,T0095264,refund,14.79,dropoff_issue,2026-03-03 19:58:23.000000000,USD
ADJ0003869,TK0010029,T0095284,refund,3.07,trip_status_issue,2026-02-21 18:58:50.000000000,USD
ADJ0003870,TK0010030,T0095288,refund,3.54,payment_issue,2026-03-21 19:10:27.000000000,USD
ADJ0003871,TK0010032,T0095299,appeasement_credit,17.81,service_recovery,2026-01-12 10:18:53.000000000,USD
ADJ0003872,TK0010035,T0095349,appeasement_credit,5.69,service_recovery,2026-01-16 20:00:52.000000000,USD
ADJ0003873,TK0010036,T0095354,appeasement_credit,18.41,service_recovery,2026-01-29 10:23:43.000000000,USD
ADJ0003874,TK0010037,T0095361,refund,1.2,cancellation_issue,2026-06-27 23:32:35.000000000,USD
ADJ0003875,TK0010040,T0095393,refund,9.29,payment_issue,2026-02-05 14:43:41.000000000,USD
ADJ0003876,TK0010045,T0095427,refund,11.76,vehicle_access_issue,2026-05-27 19:14:29.000000000,USD
ADJ0003877,TK0010051,T0095471,refund,14.15,route_issue,2026-01-21 17:23:03.000000000,USD
ADJ0003878,TK0010052,T0095482,refund,5.35,dropoff_issue,2026-04-13 21:28:37.000000000,USD
ADJ0003879,TK0010053,T0095485,refund,5.46,route_issue,2026-03-18 17:12:47.000000000,USD
ADJ0003880,TK0010055,T0095500,refund,5.55,cancellation_issue,2026-06-05 19:59:16.000000000,USD
ADJ0003881,TK0010056,T0095501,refund,1.19,pickup_issue,2026-05-11 20:51:57.000000000,USD
ADJ0003882,TK0010057,T0095508,appeasement_credit,18.6,service_recovery,2026-02-08 14:13:36.000000000,USD
ADJ0003883,TK0010058,T0095530,appeasement_credit,19.87,service_recovery,2026-05-23 07:24:13.000000000,USD
ADJ0003884,TK0010059,T0095558,appeasement_credit,12.74,service_recovery,2026-05-10 16:39:29.000000000,USD
ADJ0003885,TK0010061,T0095568,refund,2.35,payment_issue,2026-02-23 04:19:51.000000000,USD
ADJ0003886,TK0010061,T0095568,appeasement_credit,17.35,service_recovery,2026-02-23 04:32:51.000000000,USD
ADJ0003887,TK0010062,T0095591,refund,3.31,safety_concern,2026-01-25 23:56:30.000000000,USD
ADJ0003888,TK0010065,T0095639,refund,10.93,safety_concern,2026-06-23 02:16:25.000000000,USD
ADJ0003889,TK0010065,T0095639,appeasement_credit,8.58,service_recovery,2026-06-23 03:07:25.000000000,USD
ADJ0003890,TK0010075,T0095739,refund,4.47,trip_status_issue,2026-01-25 17:54:08.000000000,USD
ADJ0003891,TK0010076,T0095742,refund,24.37,payment_issue,2026-05-24 01:03:30.000000000,USD
ADJ0003892,TK0010077,T0095755,refund,5.3,cancellation_issue,2026-01-27 08:41:51.000000000,USD
ADJ0003893,TK0010078,T0095823,refund,5.7,payment_issue,2026-05-17 15:12:46.000000000,USD
ADJ0003894,TK0010082,T0095859,refund,3.99,payment_issue,2026-02-17 23:14:00.000000000,USD
ADJ0003895,TK0010084,T0095883,appeasement_credit,4.52,service_recovery,2026-06-29 13:17:54.000000000,USD
ADJ0003896,TK0010085,T0095886,appeasement_credit,14.61,service_recovery,2026-03-26 22:22:07.000000000,USD
ADJ0003897,TK0010086,T0095891,refund,8.23,pickup_issue,2026-04-25 23:50:03.000000000,USD
ADJ0003898,TK0010090,T0095927,refund,3.86,route_issue,2026-05-30 13:32:51.000000000,USD
ADJ0003899,TK0010091,T0095945,appeasement_credit,17.21,service_recovery,2026-06-01 22:21:41.000000000,USD
ADJ0003900,TK0010093,T0095981,refund,7.4,pickup_issue,2026-06-07 08:05:41.000000000,USD
ADJ0003901,TK0010095,T0095991,appeasement_credit,11.0,service_recovery,2026-02-23 14:49:15.000000000,USD
ADJ0003902,TK0010099,T0096013,refund,2.45,cancellation_issue,2026-02-07 11:57:58.000000000,USD
ADJ0003903,TK0010101,T0096039,refund,8.6,dropoff_issue,2026-05-22 11:11:33.000000000,USD
ADJ0003904,TK0010102,T0096045,refund,9.59,payment_issue,2026-02-23 21:22:30.000000000,USD
ADJ0003905,TK0010106,T0096089,refund,2.65,pickup_issue,2026-06-14 22:39:45.000000000,USD
ADJ0003906,TK0010108,T0096103,refund,7.64,route_issue,2026-05-14 00:50:02.000000000,USD
ADJ0003907,TK0010108,T0096103,appeasement_credit,17.76,service_recovery,2026-05-14 01:35:02.000000000,USD
ADJ0003908,TK0010110,T0096110,refund,1.9,trip_status_issue,2026-02-01 18:10:25.000000000,USD
ADJ0003909,TK0010111,T0096114,refund,6.07,cancellation_issue,2026-05-27 12:38:20.000000000,USD
ADJ0003910,TK0010112,T0096127,refund,1.59,cancellation_issue,2026-06-11 00:45:27.000000000,USD
ADJ0003911,TK0010113,T0096161,refund,4.18,vehicle_access_issue,2026-06-07 17:45:55.000000000,USD
ADJ0003912,TK0010115,T0096165,appeasement_credit,9.62,service_recovery,2026-02-09 07:38:16.000000000,USD
ADJ0003913,TK0010120,T0096230,refund,3.85,route_issue,2026-06-21 16:52:02.000000000,USD
ADJ0003914,TK0010121,T0096249,refund,0.99,pickup_issue,2026-02-18 14:20:59.000000000,USD
ADJ0003915,TK0010124,T0096282,appeasement_credit,5.47,service_recovery,2026-04-23 17:55:29.000000000,USD
ADJ0003916,TK0010125,T0096306,refund,7.94,payment_issue,2026-04-23 18:43:17.000000000,USD
ADJ0003917,TK0010126,T0096340,appeasement_credit,3.89,service_recovery,2026-02-26 05:09:52.000000000,USD
ADJ0003918,TK0010131,T0096366,appeasement_credit,8.8,service_recovery,2026-03-17 04:17:09.000000000,USD
ADJ0003919,TK0010133,T0096378,refund,8.47,vehicle_access_issue,2026-01-25 01:13:22.000000000,USD
ADJ0003920,TK0010134,T0096393,refund,2.02,pickup_issue,2026-01-31 09:15:07.000000000,USD
ADJ0003921,TK0010137,T0096427,refund,0.7,safety_concern,2026-02-03 03:34:18.000000000,USD
ADJ0003922,TK0010141,T0096466,refund,4.0,payment_issue,2026-02-25 04:06:18.000000000,USD
ADJ0003923,TK0010145,T0096482,refund,10.36,payment_issue,2026-01-11 01:29:40.000000000,USD
ADJ0003924,TK0010147,T0096494,refund,2.73,vehicle_access_issue,2026-04-18 12:44:42.000000000,USD
ADJ0003925,TK0010153,T0096566,refund,24.13,payment_issue,2026-04-30 20:50:38.000000000,USD
ADJ0003926,TK0010160,T0096632,appeasement_credit,19.45,service_recovery,2026-04-25 16:33:06.000000000,USD
ADJ0003927,TK0010166,T0096650,refund,13.16,route_issue,2026-05-31 16:32:12.000000000,USD
ADJ0003928,TK0010170,T0096764,refund,2.58,dropoff_issue,2026-02-04 09:53:53.000000000,USD
ADJ0003929,TK0010179,T0096842,refund,3.25,trip_status_issue,2026-01-23 23:43:06.000000000,USD
ADJ0003930,TK0010181,T0096857,refund,2.68,route_issue,2026-04-22 07:49:49.000000000,USD
ADJ0003931,TK0010194,T0097017,refund,4.43,dropoff_issue,2026-01-12 11:22:43.000000000,USD
ADJ0003932,TK0010196,T0097041,refund,19.11,cancellation_issue,2026-04-05 03:24:53.000000000,USD
ADJ0003933,TK0010197,T0097056,refund,2.62,cancellation_issue,2026-01-20 10:57:02.000000000,USD
ADJ0003934,TK0010201,T0097067,appeasement_credit,10.95,service_recovery,2026-03-19 05:31:24.000000000,USD
ADJ0003935,TK0010205,T0097091,appeasement_credit,4.21,service_recovery,2026-05-31 05:57:46.000000000,USD
ADJ0003936,TK0010209,T0097119,refund,6.43,trip_status_issue,2026-02-11 05:54:40.000000000,USD
ADJ0003937,TK0010209,T0097119,appeasement_credit,9.57,service_recovery,2026-02-11 05:56:40.000000000,USD
ADJ0003938,TK0010210,T0097120,refund,6.68,other,2026-04-12 15:28:04.000000000,USD
ADJ0003939,TK0010211,T0097125,appeasement_credit,12.68,service_recovery,2026-05-31 16:11:05.000000000,USD
ADJ0003940,TK0010213,T0097134,refund,4.15,pickup_issue,2026-03-05 07:59:11.000000000,USD
ADJ0003941,TK0010214,T0097135,refund,4.05,vehicle_access_issue,2026-03-02 09:50:53.000000000,USD
ADJ0003942,TK0010215,T0097139,appeasement_credit,5.31,service_recovery,2026-06-17 20:46:54.000000000,USD
ADJ0003943,TK0010216,T0097147,appeasement_credit,5.26,service_recovery,2026-04-12 11:17:10.000000000,USD
ADJ0003944,TK0010222,T0097180,refund,2.37,pickup_issue,2026-01-21 09:33:37.000000000,USD
ADJ0003945,TK0010223,T0097183,refund,10.83,dropoff_issue,2026-05-14 06:02:58.000000000,USD
ADJ0003946,TK0010225,T0097190,refund,5.11,dropoff_issue,2026-01-26 03:02:51.000000000,USD
ADJ0003947,TK0010227,T0097208,refund,9.01,pickup_issue,2026-05-24 15:11:41.000000000,USD
ADJ0003948,TK0010228,T0097214,refund,13.76,lost_item,2026-04-29 10:28:24.000000000,USD
ADJ0003949,TK0010229,T0097238,refund,7.22,vehicle_access_issue,2026-03-02 19:52:11.000000000,USD
ADJ0003950,TK0010231,T0097243,refund,16.43,payment_issue,2026-01-09 22:21:43.000000000,USD
ADJ0003951,TK0010238,T0097313,refund,4.16,cancellation_issue,2026-03-01 08:18:08.000000000,USD
ADJ0003952,TK0010239,T0097319,refund,8.41,trip_status_issue,2026-03-30 02:58:58.000000000,USD
ADJ0003953,TK0010239,T0097319,appeasement_credit,5.57,service_recovery,2026-03-30 04:02:58.000000000,USD
ADJ0003954,TK0010240,T0097343,refund,6.77,cancellation_issue,2026-06-16 03:11:53.000000000,USD
ADJ0003955,TK0010242,T0097345,appeasement_credit,3.24,service_recovery,2026-04-14 14:25:06.000000000,USD
ADJ0003956,TK0010246,T0097370,appeasement_credit,15.1,service_recovery,2026-05-09 09:54:56.000000000,USD
ADJ0003957,TK0010248,T0097382,refund,14.89,payment_issue,2026-06-15 01:19:44.000000000,USD
ADJ0003958,TK0010251,T0097403,refund,4.18,other,2026-03-10 19:19:57.000000000,USD
ADJ0003959,TK0010251,T0097403,appeasement_credit,15.54,service_recovery,2026-03-10 19:55:57.000000000,USD
ADJ0003960,TK0010252,T0097446,refund,1.66,safety_concern,2026-04-11 20:30:01.000000000,USD
ADJ0003961,TK0010252,T0097446,appeasement_credit,13.65,service_recovery,2026-04-11 20:19:01.000000000,USD
ADJ0003962,TK0010255,T0097471,appeasement_credit,17.52,service_recovery,2026-04-08 00:08:58.000000000,USD
ADJ0003963,TK0010256,T0097480,appeasement_credit,4.82,service_recovery,2026-05-30 13:28:25.000000000,USD
ADJ0003964,TK0010257,T0097493,refund,2.71,payment_issue,2026-04-04 15:39:55.000000000,USD
ADJ0003965,TK0010260,T0097517,appeasement_credit,3.93,service_recovery,2026-04-01 00:41:23.000000000,USD
ADJ0003966,TK0010262,T0097534,appeasement_credit,13.19,service_recovery,2026-06-11 09:22:29.000000000,USD
ADJ0003967,TK0010264,T0097549,appeasement_credit,11.78,service_recovery,2026-06-09 13:28:21.000000000,USD
ADJ0003968,TK0010265,T0097559,refund,2.03,pickup_issue,2026-03-30 04:52:24.000000000,USD
ADJ0003969,TK0010268,T0097566,refund,1.55,safety_concern,2026-03-12 08:47:13.000000000,USD
ADJ0003970,TK0010269,T0097568,appeasement_credit,13.73,service_recovery,2026-01-03 08:36:36.000000000,USD
ADJ0003971,TK0010274,T0097632,refund,9.93,payment_issue,2026-05-20 23:56:26.000000000,USD
ADJ0003972,TK0010276,T0097661,refund,11.34,route_issue,2026-06-20 23:38:54.000000000,USD
ADJ0003973,TK0010280,T0097685,refund,10.97,dropoff_issue,2026-03-10 09:11:47.000000000,USD
ADJ0003974,TK0010284,T0097735,refund,4.22,cancellation_issue,2026-03-13 14:32:42.000000000,USD
ADJ0003975,TK0010287,T0097757,appeasement_credit,4.18,service_recovery,2026-02-07 02:41:34.000000000,USD
ADJ0003976,TK0010288,T0097770,appeasement_credit,13.35,service_recovery,2026-06-28 02:29:54.000000000,USD
ADJ0003977,TK0010291,T0097813,refund,1.69,cancellation_issue,2026-05-15 23:21:24.000000000,USD
ADJ0003978,TK0010293,T0097818,refund,5.26,payment_issue,2026-02-21 12:56:19.000000000,USD
ADJ0003979,TK0010294,T0097830,refund,4.1,trip_status_issue,2026-02-15 14:12:09.000000000,USD
ADJ0003980,TK0010295,T0097833,refund,5.78,trip_status_issue,2026-03-30 03:44:40.000000000,USD
ADJ0003981,TK0010300,T0097921,appeasement_credit,8.51,service_recovery,2026-05-11 06:24:52.000000000,USD
ADJ0003982,TK0010301,T0097925,refund,15.76,safety_concern,2026-06-19 06:43:20.000000000,USD
ADJ0003983,TK0010302,T0097926,refund,0.92,cancellation_issue,2026-06-27 18:05:33.000000000,USD
ADJ0003984,TK0010302,T0097926,appeasement_credit,4.1,service_recovery,2026-06-27 17:27:33.000000000,USD
ADJ0003985,TK0010305,T0097956,refund,5.82,safety_concern,2026-04-17 04:20:48.000000000,USD
ADJ0003986,TK0010308,T0098009,refund,5.16,safety_concern,2026-04-25 04:41:10.000000000,USD
ADJ0003987,TK0010308,T0098009,appeasement_credit,9.84,service_recovery,2026-04-25 04:23:10.000000000,USD
ADJ0003988,TK0010312,T0098074,refund,2.68,route_issue,2026-01-05 02:29:05.000000000,USD
ADJ0003989,TK0010316,T0098096,refund,5.75,route_issue,2026-05-01 01:58:36.000000000,USD
ADJ0003990,TK0010317,T0098097,appeasement_credit,8.41,service_recovery,2026-03-28 06:03:19.000000000,USD
ADJ0003991,TK0010318,T0098116,refund,2.38,route_issue,2026-03-27 20:28:01.000000000,USD
ADJ0003992,TK0010319,T0098120,appeasement_credit,19.37,service_recovery,2026-06-19 11:54:07.000000000,USD
ADJ0003993,TK0010324,T0098215,refund,17.09,payment_issue,2026-01-13 15:16:19.000000000,USD
ADJ0003994,TK0010327,T0098248,refund,10.87,route_issue,2026-06-07 15:01:40.000000000,USD
ADJ0003995,TK0010327,T0098248,appeasement_credit,6.88,service_recovery,2026-06-07 14:31:40.000000000,USD
ADJ0003996,TK0010328,T0098256,refund,21.73,lost_item,2026-03-27 06:30:34.000000000,USD
ADJ0003997,TK0010330,T0098282,refund,3.14,payment_issue,2026-05-13 16:26:18.000000000,USD
ADJ0003998,TK0010331,T0098303,appeasement_credit,4.92,service_recovery,2026-02-08 18:52:02.000000000,USD
ADJ0003999,TK0010336,T0098359,refund,4.17,payment_issue,2026-04-14 01:18:21.000000000,USD
ADJ0004000,TK0010342,T0098394,refund,23.66,lost_item,2026-03-30 21:11:55.000000000,USD
ADJ0004001,TK0010343,T0098399,refund,7.15,lost_item,2026-04-11 10:36:40.000000000,USD
ADJ0004002,TK0010347,T0098435,appeasement_credit,17.78,service_recovery,2026-04-13 13:09:17.000000000,USD
ADJ0004003,TK0010348,T0098438,refund,1.81,cancellation_issue,2026-04-13 02:58:55.000000000,USD
ADJ0004004,TK0010350,T0098452,appeasement_credit,19.79,service_recovery,2026-05-17 02:35:51.000000000,USD
ADJ0004005,TK0010356,T0098531,refund,3.33,dropoff_issue,2026-06-22 00:44:25.000000000,USD
ADJ0004006,TK0010359,T0098551,refund,2.47,pickup_issue,2026-03-20 09:31:07.000000000,USD
ADJ0004007,TK0010360,T0098552,refund,2.98,payment_issue,2026-04-15 23:41:49.000000000,USD
ADJ0004008,TK0010368,T0098667,refund,5.32,trip_status_issue,2026-02-09 01:45:13.000000000,USD
ADJ0004009,TK0010371,T0098697,refund,5.76,payment_issue,2026-06-23 05:10:57.000000000,USD
ADJ0004010,TK0010376,T0098716,refund,4.66,cancellation_issue,2026-04-13 06:27:59.000000000,USD
ADJ0004011,TK0010377,T0098722,refund,8.97,payment_issue,2026-02-05 02:22:39.000000000,USD
ADJ0004012,TK0010379,T0098766,refund,9.72,pickup_issue,2026-01-21 21:34:49.000000000,USD
ADJ0004013,TK0010384,T0098845,appeasement_credit,4.48,service_recovery,2026-05-27 18:23:29.000000000,USD
ADJ0004014,TK0010386,T0098887,appeasement_credit,18.07,service_recovery,2026-04-28 08:59:03.000000000,USD
ADJ0004015,TK0010388,T0098904,refund,4.38,trip_status_issue,2026-01-10 14:14:15.000000000,USD
ADJ0004016,TK0010392,T0098975,refund,9.19,payment_issue,2026-04-07 03:46:11.000000000,USD
ADJ0004017,TK0010393,T0098984,refund,10.45,vehicle_access_issue,2026-03-20 23:36:22.000000000,USD
ADJ0004018,TK0010395,T0098998,refund,13.47,payment_issue,2026-04-27 01:48:32.000000000,USD
ADJ0004019,TK0010396,T0099002,refund,23.87,payment_issue,2026-03-07 15:21:07.000000000,USD
ADJ0004020,TK0010404,T0099079,refund,3.52,trip_status_issue,2026-06-26 14:27:49.000000000,USD
ADJ0004021,TK0010406,T0099092,refund,6.66,vehicle_access_issue,2026-05-27 17:29:22.000000000,USD
ADJ0004022,TK0010407,T0099109,refund,7.01,pickup_issue,2026-06-15 05:33:55.000000000,USD
ADJ0004023,TK0010409,T0099134,refund,3.49,trip_status_issue,2026-03-17 22:08:48.000000000,USD
ADJ0004024,TK0010409,T0099134,appeasement_credit,12.38,service_recovery,2026-03-17 22:49:48.000000000,USD
ADJ0004025,TK0010411,T0099148,refund,11.0,payment_issue,2026-06-07 11:38:28.000000000,USD
ADJ0004026,TK0010412,T0099149,refund,1.75,vehicle_access_issue,2026-02-01 00:17:33.000000000,USD
ADJ0004027,TK0010412,T0099149,appeasement_credit,14.11,service_recovery,2026-02-01 00:38:33.000000000,USD
ADJ0004028,TK0010413,T0099153,appeasement_credit,8.24,service_recovery,2026-04-09 12:07:42.000000000,USD
ADJ0004029,TK0010414,T0099158,refund,14.16,vehicle_access_issue,2026-03-29 21:19:18.000000000,USD
ADJ0004030,TK0010415,T0099182,refund,13.81,safety_concern,2026-02-19 15:46:22.000000000,USD
ADJ0004031,TK0010416,T0099185,refund,2.99,safety_concern,2026-05-11 20:56:04.000000000,USD
ADJ0004032,TK0010417,T0099208,refund,8.81,payment_issue,2026-05-17 16:11:02.000000000,USD
ADJ0004033,TK0010420,T0099228,refund,2.13,cancellation_issue,2026-05-23 07:53:40.000000000,USD
ADJ0004034,TK0010431,T0099285,appeasement_credit,9.86,service_recovery,2026-02-03 16:26:53.000000000,USD
ADJ0004035,TK0010433,T0099294,appeasement_credit,3.03,service_recovery,2026-04-02 22:11:06.000000000,USD
ADJ0004036,TK0010435,T0099354,refund,3.19,payment_issue,2026-06-02 05:39:30.000000000,USD
ADJ0004037,TK0010437,T0099362,refund,1.58,trip_status_issue,2026-03-05 11:23:28.000000000,USD
ADJ0004038,TK0010438,T0099363,refund,1.74,safety_concern,2026-01-27 04:45:01.000000000,USD
ADJ0004039,TK0010438,T0099363,appeasement_credit,17.02,service_recovery,2026-01-27 05:09:01.000000000,USD
ADJ0004040,TK0010440,T0099386,appeasement_credit,13.22,service_recovery,2026-01-06 20:45:16.000000000,USD
ADJ0004041,TK0010444,T0099452,refund,4.13,cancellation_issue,2026-03-12 01:48:36.000000000,USD
ADJ0004042,TK0010446,T0099465,refund,5.89,other,2026-05-28 19:08:22.000000000,USD
ADJ0004043,TK0010449,T0099502,refund,3.87,payment_issue,2026-02-24 11:10:13.000000000,USD
ADJ0004044,TK0010452,T0099553,refund,13.26,payment_issue,2026-01-11 00:16:13.000000000,USD
ADJ0004045,TK0010455,T0099631,refund,1.28,cancellation_issue,2026-05-05 03:16:35.000000000,USD
ADJ0004046,TK0010457,T0099647,appeasement_credit,8.7,service_recovery,2026-06-01 16:49:26.000000000,USD
ADJ0004047,TK0010462,T0099676,refund,1.06,trip_status_issue,2026-02-26 17:31:03.000000000,USD
ADJ0004048,TK0010469,T0099749,refund,2.18,trip_status_issue,2026-05-23 04:52:29.000000000,USD
ADJ0004049,TK0010470,T0099754,refund,6.59,cancellation_issue,2026-06-28 23:36:13.000000000,USD
ADJ0004050,TK0010471,T0099755,refund,2.01,cancellation_issue,2026-01-08 19:06:30.000000000,USD
ADJ0004051,TK0010472,T0099761,appeasement_credit,18.55,service_recovery,2026-03-07 01:48:49.000000000,USD
ADJ0004052,TK0010476,T0099793,refund,7.88,cancellation_issue,2026-02-24 17:01:10.000000000,USD
ADJ0004053,TK0010478,T0099802,appeasement_credit,13.55,service_recovery,2026-02-06 13:23:57.000000000,USD
ADJ0004054,TK0010482,T0099845,refund,2.89,cancellation_issue,2026-02-16 03:06:24.000000000,USD
ADJ0004055,TK0010483,T0099862,refund,1.11,cancellation_issue,2026-04-27 14:22:56.000000000,USD
ADJ0004056,TK0010487,T0099888,refund,5.26,trip_status_issue,2026-04-23 02:30:21.000000000,USD
ADJ0004057,TK0010488,T0099893,refund,5.53,payment_issue,2026-04-21 14:40:27.000000000,USD
ADJ0004058,TK0010490,T0099912,refund,9.88,trip_status_issue,2026-01-03 19:00:36.000000000,USD
ADJ0004059,TK0010495,T0099950,refund,3.59,cancellation_issue,2026-02-20 13:13:23.000000000,USD
ADJ0004060,TK0010496,T0099956,refund,6.9,trip_status_issue,2026-06-28 04:38:03.000000000,USD
ADJ0004061,TK0010498,T0099973,refund,4.59,vehicle_access_issue,2026-05-02 17:06:11.000000000,USD
ADJ0004062,TK0010500,T0099990,refund,2.86,pickup_issue,2026-06-24 06:35:39.000000000,USD
ADJ0004063,TK0010501,T0099993,appeasement_credit,3.53,service_recovery,2026-01-15 18:55:57.000000000,USD
ADJ0004064,TK0010502,T0099994,refund,3.15,cancellation_issue,2026-04-08 17:19:50.000000000,USD
ADJ0004065,TK0010504,T0100020,refund,2.48,payment_issue,2026-03-29 16:29:46.000000000,USD
ADJ0004066,TK0010505,T0100026,refund,12.42,trip_status_issue,2026-03-26 04:53:38.000000000,USD
ADJ0004067,TK0010507,T0100040,refund,5.49,payment_issue,2026-01-23 23:42:52.000000000,USD
ADJ0004068,TK0010510,T0100066,refund,6.2,vehicle_access_issue,2026-04-28 02:54:23.000000000,USD
ADJ0004069,TK0010514,T0100098,refund,13.7,pickup_issue,2026-03-06 12:27:37.000000000,USD
ADJ0004070,TK0010523,T0100176,refund,6.27,payment_issue,2026-06-12 20:12:34.000000000,USD
ADJ0004071,TK0010526,T0100187,refund,2.43,pickup_issue,2026-06-04 10:22:43.000000000,USD
ADJ0004072,TK0010530,T0100213,appeasement_credit,7.03,service_recovery,2026-01-28 13:05:48.000000000,USD
ADJ0004073,TK0010531,T0100244,refund,5.71,trip_status_issue,2026-05-31 02:33:50.000000000,USD
ADJ0004074,TK0010531,T0100244,appeasement_credit,10.5,service_recovery,2026-05-31 03:16:50.000000000,USD
ADJ0004075,TK0010533,T0100257,refund,1.72,payment_issue,2026-03-21 01:16:24.000000000,USD
ADJ0004076,TK0010535,T0100294,refund,23.11,payment_issue,2026-03-25 09:39:28.000000000,USD
ADJ0004077,TK0010538,T0100303,refund,9.43,route_issue,2026-01-07 21:59:20.000000000,USD
ADJ0004078,TK0010540,T0100325,appeasement_credit,11.64,service_recovery,2026-04-29 04:22:48.000000000,USD
ADJ0004079,TK0010541,T0100327,refund,4.57,other,2026-03-21 17:14:35.000000000,USD
ADJ0004080,TK0010543,T0100331,refund,15.38,payment_issue,2026-06-04 18:58:35.000000000,USD
ADJ0004081,TK0010544,T0100332,refund,6.07,payment_issue,2026-04-17 17:36:47.000000000,USD
ADJ0004082,TK0010545,T0100336,refund,3.71,payment_issue,2026-02-06 20:27:03.000000000,USD
ADJ0004083,TK0010547,T0100344,refund,10.75,route_issue,2026-06-14 13:25:07.000000000,USD
ADJ0004084,TK0010549,T0100355,refund,5.09,pickup_issue,2026-06-01 18:38:14.000000000,USD
ADJ0004085,TK0010550,T0100364,refund,8.93,payment_issue,2026-03-30 16:45:22.000000000,USD
ADJ0004086,TK0010551,T0100368,refund,5.87,trip_status_issue,2026-01-29 20:05:52.000000000,USD
ADJ0004087,TK0010552,T0100375,refund,5.48,route_issue,2026-05-24 04:21:09.000000000,USD
ADJ0004088,TK0010553,T0100379,refund,14.77,trip_status_issue,2026-03-22 13:10:26.000000000,USD
ADJ0004089,TK0010556,T0100422,refund,9.69,vehicle_access_issue,2026-03-15 20:33:40.000000000,USD
ADJ0004090,TK0010563,T0100490,refund,6.4,payment_issue,2026-05-16 02:44:15.000000000,USD
ADJ0004091,TK0010565,T0100501,refund,11.73,lost_item,2026-05-16 15:58:24.000000000,USD
ADJ0004092,TK0010568,T0100534,refund,1.98,cancellation_issue,2026-04-15 19:08:16.000000000,USD
ADJ0004093,TK0010571,T0100557,refund,2.35,pickup_issue,2026-06-20 00:11:49.000000000,USD
ADJ0004094,TK0010573,T0100570,refund,15.65,payment_issue,2026-05-16 23:53:26.000000000,USD
ADJ0004095,TK0010578,T0100659,appeasement_credit,19.6,service_recovery,2026-05-01 15:57:52.000000000,USD
ADJ0004096,TK0010580,T0100665,refund,22.79,vehicle_access_issue,2026-01-25 17:48:34.000000000,USD
ADJ0004097,TK0010581,T0100690,refund,6.31,vehicle_access_issue,2026-02-21 16:15:11.000000000,USD
ADJ0004098,TK0010582,T0100694,refund,1.42,payment_issue,2026-01-26 05:55:55.000000000,USD
ADJ0004099,TK0010584,T0100707,refund,4.61,vehicle_access_issue,2026-06-14 15:14:27.000000000,USD
ADJ0004100,TK0010585,T0100715,refund,5.99,vehicle_access_issue,2026-06-03 09:54:40.000000000,USD
ADJ0004101,TK0010589,T0100744,refund,3.59,route_issue,2026-01-17 09:56:39.000000000,USD
ADJ0004102,TK0010592,T0100787,refund,0.98,trip_status_issue,2026-05-02 03:49:38.000000000,USD
ADJ0004103,TK0010593,T0100789,appeasement_credit,12.32,service_recovery,2026-05-12 00:34:51.000000000,USD
ADJ0004104,TK0010594,T0100804,refund,21.47,payment_issue,2026-05-19 22:05:46.000000000,USD
ADJ0004105,TK0010597,T0100827,refund,2.02,vehicle_access_issue,2026-04-10 06:27:21.000000000,USD
ADJ0004106,TK0010604,T0100883,refund,5.67,trip_status_issue,2026-01-08 02:01:22.000000000,USD
ADJ0004107,TK0010605,T0100889,refund,2.03,safety_concern,2026-02-10 03:51:51.000000000,USD
ADJ0004108,TK0010605,T0100889,appeasement_credit,9.63,service_recovery,2026-02-10 04:03:51.000000000,USD
ADJ0004109,TK0010608,T0100943,refund,2.23,route_issue,2026-04-15 23:41:16.000000000,USD
ADJ0004110,TK0010613,T0101000,appeasement_credit,12.29,service_recovery,2026-06-05 13:43:18.000000000,USD
ADJ0004111,TK0010616,T0101024,appeasement_credit,19.16,service_recovery,2026-03-17 23:44:17.000000000,USD
ADJ0004112,TK0010617,T0101033,refund,17.48,payment_issue,2026-04-20 01:09:41.000000000,USD
ADJ0004113,TK0010618,T0101036,refund,1.53,trip_status_issue,2026-02-02 19:39:44.000000000,USD
ADJ0004114,TK0010620,T0101068,refund,1.92,cancellation_issue,2026-01-17 08:17:43.000000000,USD
ADJ0004115,TK0010621,T0101071,appeasement_credit,15.45,service_recovery,2026-05-29 00:56:48.000000000,USD
ADJ0004116,TK0010622,T0101080,refund,3.32,trip_status_issue,2026-06-25 04:49:50.000000000,USD
ADJ0004117,TK0010622,T0101080,appeasement_credit,4.44,service_recovery,2026-06-25 05:41:50.000000000,USD
ADJ0004118,TK0010626,T0101111,refund,8.88,trip_status_issue,2026-02-06 21:47:56.000000000,USD
ADJ0004119,TK0010627,T0101117,refund,4.74,lost_item,2026-01-10 19:45:24.000000000,USD
ADJ0004120,TK0010630,T0101193,refund,8.86,trip_status_issue,2026-03-22 19:21:18.000000000,USD
ADJ0004121,TK0010630,T0101193,appeasement_credit,13.17,service_recovery,2026-03-22 19:32:18.000000000,USD
ADJ0004122,TK0010632,T0101207,refund,2.57,cancellation_issue,2026-01-18 14:13:09.000000000,USD
ADJ0004123,TK0010634,T0101213,appeasement_credit,7.52,service_recovery,2026-02-09 01:02:19.000000000,USD
ADJ0004124,TK0010639,T0101270,refund,12.11,pickup_issue,2026-06-01 04:40:05.000000000,USD
ADJ0004125,TK0010639,T0101270,appeasement_credit,14.11,service_recovery,2026-06-01 04:39:05.000000000,USD
ADJ0004126,TK0010641,T0101280,refund,11.47,payment_issue,2026-06-14 01:28:27.000000000,USD
ADJ0004127,TK0010641,T0101280,appeasement_credit,13.02,service_recovery,2026-06-14 00:51:27.000000000,USD
ADJ0004128,TK0010642,T0101291,refund,3.05,pickup_issue,2026-06-20 20:58:03.000000000,USD
ADJ0004129,TK0010645,T0101314,refund,1.96,cancellation_issue,2026-06-06 11:12:24.000000000,USD
ADJ0004130,TK0010645,T0101314,appeasement_credit,14.69,service_recovery,2026-06-06 11:23:24.000000000,USD
ADJ0004131,TK0010647,T0101358,refund,16.44,vehicle_access_issue,2026-03-28 19:13:18.000000000,USD
ADJ0004132,TK0010650,T0101386,refund,12.44,vehicle_access_issue,2026-02-10 20:26:26.000000000,USD
ADJ0004133,TK0010651,T0101398,refund,2.35,vehicle_access_issue,2026-02-16 16:15:14.000000000,USD
ADJ0004134,TK0010651,T0101398,appeasement_credit,12.37,service_recovery,2026-02-16 16:03:14.000000000,USD
ADJ0004135,TK0010654,T0101411,refund,17.02,trip_status_issue,2026-02-07 09:55:25.000000000,USD
ADJ0004136,TK0010654,T0101411,appeasement_credit,6.79,service_recovery,2026-02-07 09:48:25.000000000,USD
ADJ0004137,TK0010658,T0101430,refund,4.63,trip_status_issue,2026-04-06 15:24:48.000000000,USD
ADJ0004138,TK0010658,T0101430,appeasement_credit,19.46,service_recovery,2026-04-06 15:53:48.000000000,USD
ADJ0004139,TK0010659,T0101436,refund,2.47,cancellation_issue,2026-04-24 09:58:10.000000000,USD
ADJ0004140,TK0010660,T0101442,refund,2.12,trip_status_issue,2026-04-01 01:02:22.000000000,USD
ADJ0004141,TK0010663,T0101465,refund,8.53,payment_issue,2026-01-02 02:00:37.000000000,USD
ADJ0004142,TK0010666,T0101481,refund,5.93,pickup_issue,2026-03-16 14:00:25.000000000,USD
ADJ0004143,TK0010667,T0101489,refund,19.45,pickup_issue,2026-04-02 05:40:35.000000000,USD
ADJ0004144,TK0010670,T0101511,refund,1.95,vehicle_access_issue,2026-03-05 15:16:53.000000000,USD
ADJ0004145,TK0010670,T0101511,appeasement_credit,10.45,service_recovery,2026-03-05 15:16:53.000000000,USD
ADJ0004146,TK0010671,T0101516,refund,2.89,pickup_issue,2026-04-11 10:56:13.000000000,USD
ADJ0004147,TK0010672,T0101517,refund,5.37,pickup_issue,2026-03-06 20:52:44.000000000,USD
ADJ0004148,TK0010675,T0101542,refund,4.29,trip_status_issue,2026-01-03 06:30:01.000000000,USD
ADJ0004149,TK0010679,T0101569,refund,6.47,safety_concern,2026-01-14 07:04:34.000000000,USD
ADJ0004150,TK0010689,T0101707,refund,6.37,payment_issue,2026-04-13 01:56:55.000000000,USD
ADJ0004151,TK0010690,T0101718,refund,2.66,trip_status_issue,2026-06-07 13:10:52.000000000,USD
ADJ0004152,TK0010699,T0101815,appeasement_credit,8.77,service_recovery,2026-01-18 17:30:05.000000000,USD
ADJ0004153,TK0010703,T0101847,refund,2.88,route_issue,2026-05-15 04:19:06.000000000,USD
ADJ0004154,TK0010711,T0101942,refund,24.11,payment_issue,2026-06-17 00:31:16.000000000,USD
ADJ0004155,TK0010712,T0101951,appeasement_credit,15.5,service_recovery,2026-04-25 12:27:23.000000000,USD
ADJ0004156,TK0010716,T0101987,appeasement_credit,17.73,service_recovery,2026-03-05 18:10:11.000000000,USD
ADJ0004157,TK0010718,T0101995,refund,2.1,cancellation_issue,2026-04-21 23:48:40.000000000,USD
ADJ0004158,TK0010720,T0102034,refund,11.18,cancellation_issue,2026-03-05 00:11:34.000000000,USD
ADJ0004159,TK0010730,T0102144,refund,13.0,pickup_issue,2026-01-06 22:23:00.000000000,USD
ADJ0004160,TK0010734,T0102225,appeasement_credit,16.27,service_recovery,2026-04-15 22:06:48.000000000,USD
ADJ0004161,TK0010736,T0102230,refund,1.02,cancellation_issue,2026-02-17 01:02:53.000000000,USD
ADJ0004162,TK0010737,T0102244,appeasement_credit,9.84,service_recovery,2026-02-09 22:11:34.000000000,USD
ADJ0004163,TK0010740,T0102264,refund,8.1,cancellation_issue,2026-06-15 11:14:53.000000000,USD
ADJ0004164,TK0010741,T0102266,refund,5.72,pickup_issue,2026-05-15 13:54:22.000000000,USD
ADJ0004165,TK0010746,T0102292,refund,9.39,payment_issue,2026-05-25 20:10:40.000000000,USD
ADJ0004166,TK0010747,T0102294,appeasement_credit,15.39,service_recovery,2026-01-08 04:30:14.000000000,USD
ADJ0004167,TK0010748,T0102296,appeasement_credit,7.79,service_recovery,2026-02-08 02:16:01.000000000,USD
ADJ0004168,TK0010749,T0102300,refund,5.21,payment_issue,2026-06-20 02:35:10.000000000,USD
ADJ0004169,TK0010756,T0102347,refund,9.46,trip_status_issue,2026-02-21 08:36:37.000000000,USD
ADJ0004170,TK0010757,T0102352,appeasement_credit,19.0,service_recovery,2026-02-08 06:23:34.000000000,USD
ADJ0004171,TK0010758,T0102375,appeasement_credit,8.35,service_recovery,2026-06-14 14:04:04.000000000,USD
ADJ0004172,TK0010760,T0102387,refund,3.22,vehicle_access_issue,2026-05-16 21:46:19.000000000,USD
ADJ0004173,TK0010760,T0102387,appeasement_credit,5.24,service_recovery,2026-05-16 21:54:19.000000000,USD
ADJ0004174,TK0010761,T0102392,appeasement_credit,9.2,service_recovery,2026-05-02 12:12:57.000000000,USD
ADJ0004175,TK0010762,T0102396,refund,8.44,pickup_issue,2026-01-12 03:26:11.000000000,USD
ADJ0004176,TK0010765,T0102418,refund,13.22,pickup_issue,2026-06-21 04:53:49.000000000,USD
ADJ0004177,TK0010768,T0102443,refund,5.27,cancellation_issue,2026-06-20 11:04:25.000000000,USD
ADJ0004178,TK0010782,T0102594,refund,8.14,pickup_issue,2026-01-30 23:25:32.000000000,USD
ADJ0004179,TK0010783,T0102622,refund,4.7,payment_issue,2026-05-08 11:45:31.000000000,USD
ADJ0004180,TK0010788,T0102670,refund,4.41,vehicle_access_issue,2026-02-27 00:32:40.000000000,USD
ADJ0004181,TK0010789,T0102687,appeasement_credit,16.76,service_recovery,2026-03-25 16:53:43.000000000,USD
ADJ0004182,TK0010790,T0102688,refund,15.37,payment_issue,2026-06-07 19:50:40.000000000,USD
ADJ0004183,TK0010792,T0102709,refund,11.51,route_issue,2026-05-09 21:50:52.000000000,USD
ADJ0004184,TK0010795,T0102735,appeasement_credit,18.21,service_recovery,2026-02-11 01:59:22.000000000,USD
ADJ0004185,TK0010800,T0102798,refund,11.18,payment_issue,2026-01-14 08:19:35.000000000,USD
ADJ0004186,TK0010800,T0102798,appeasement_credit,7.68,service_recovery,2026-01-14 08:39:35.000000000,USD
ADJ0004187,TK0010802,T0102807,appeasement_credit,11.82,service_recovery,2026-06-06 18:21:32.000000000,USD
ADJ0004188,TK0010806,T0102828,refund,5.16,payment_issue,2026-06-29 15:19:35.000000000,USD
ADJ0004189,TK0010810,T0102886,refund,5.82,route_issue,2026-06-07 15:19:24.000000000,USD
ADJ0004190,TK0010811,T0102897,refund,6.25,payment_issue,2026-06-11 14:53:09.000000000,USD
ADJ0004191,TK0010814,T0102948,refund,6.54,route_issue,2026-04-11 05:30:10.000000000,USD
ADJ0004192,TK0010814,T0102948,appeasement_credit,11.11,service_recovery,2026-04-11 05:37:10.000000000,USD
ADJ0004193,TK0010815,T0102950,refund,5.16,cancellation_issue,2026-04-15 15:02:47.000000000,USD
ADJ0004194,TK0010817,T0102957,refund,2.05,cancellation_issue,2026-06-30 08:05:41.000000000,USD
ADJ0004195,TK0010829,T0103075,refund,2.49,cancellation_issue,2026-01-14 11:08:44.000000000,USD
ADJ0004196,TK0010830,T0103093,refund,9.4,dropoff_issue,2026-02-27 18:37:27.000000000,USD
ADJ0004197,TK0010830,T0103093,appeasement_credit,5.04,service_recovery,2026-02-27 18:45:27.000000000,USD
ADJ0004198,TK0010834,T0103112,refund,5.22,route_issue,2026-05-10 08:00:10.000000000,USD
ADJ0004199,TK0010836,T0103119,refund,16.27,payment_issue,2026-06-01 08:12:41.000000000,USD
ADJ0004200,TK0010837,T0103137,refund,4.42,other,2026-01-15 12:49:07.000000000,USD
ADJ0004201,TK0010842,T0103197,refund,3.88,payment_issue,2026-01-17 19:10:08.000000000,USD
ADJ0004202,TK0010843,T0103199,refund,0.66,route_issue,2026-01-02 05:38:39.000000000,USD
ADJ0004203,TK0010845,T0103261,refund,1.81,cancellation_issue,2026-02-05 12:31:59.000000000,USD
ADJ0004204,TK0010847,T0103290,appeasement_credit,8.9,service_recovery,2026-02-18 18:06:43.000000000,USD
ADJ0004205,TK0010848,T0103292,refund,1.72,cancellation_issue,2026-03-01 21:57:49.000000000,USD
ADJ0004206,TK0010849,T0103302,refund,3.71,safety_concern,2026-06-23 04:08:41.000000000,USD
ADJ0004207,TK0010849,T0103302,appeasement_credit,7.03,service_recovery,2026-06-23 05:07:41.000000000,USD
ADJ0004208,TK0010851,T0103314,refund,5.44,payment_issue,2026-02-16 07:39:17.000000000,USD
ADJ0004209,TK0010853,T0103322,appeasement_credit,7.14,service_recovery,2026-02-26 20:03:51.000000000,USD
ADJ0004210,TK0010857,T0103348,refund,5.02,cancellation_issue,2026-02-08 06:39:15.000000000,USD
ADJ0004211,TK0010858,T0103356,refund,0.74,vehicle_access_issue,2026-05-14 04:10:43.000000000,USD
ADJ0004212,TK0010858,T0103356,appeasement_credit,14.3,service_recovery,2026-05-14 05:12:43.000000000,USD
ADJ0004213,TK0010864,T0103405,appeasement_credit,4.89,service_recovery,2026-01-05 09:53:23.000000000,USD
ADJ0004214,TK0010866,T0103415,refund,5.83,lost_item,2026-01-16 09:04:33.000000000,USD
ADJ0004215,TK0010869,T0103436,refund,7.44,payment_issue,2026-01-06 05:21:48.000000000,USD
ADJ0004216,TK0010871,T0103449,refund,1.29,dropoff_issue,2026-04-06 19:23:04.000000000,USD
ADJ0004217,TK0010873,T0103453,refund,2.25,cancellation_issue,2026-05-17 00:46:58.000000000,USD
ADJ0004218,TK0010874,T0103458,refund,5.15,route_issue,2026-01-10 18:13:02.000000000,USD
ADJ0004219,TK0010874,T0103458,appeasement_credit,3.78,service_recovery,2026-01-10 17:24:02.000000000,USD
ADJ0004220,TK0010880,T0103533,appeasement_credit,11.26,service_recovery,2026-04-01 14:01:09.000000000,USD
ADJ0004221,TK0010882,T0103552,refund,1.78,payment_issue,2026-04-01 05:51:46.000000000,USD
ADJ0004222,TK0010883,T0103556,refund,16.74,cancellation_issue,2026-05-29 01:46:12.000000000,USD
ADJ0004223,TK0010887,T0103615,refund,3.82,vehicle_access_issue,2026-02-04 02:25:03.000000000,USD
ADJ0004224,TK0010888,T0103619,appeasement_credit,13.33,service_recovery,2026-02-05 10:02:03.000000000,USD
ADJ0004225,TK0010893,T0103688,refund,5.56,dropoff_issue,2026-02-05 22:09:41.000000000,USD
ADJ0004226,TK0010899,T0103739,refund,3.6,cancellation_issue,2026-05-07 19:27:48.000000000,USD
ADJ0004227,TK0010902,T0103763,refund,18.6,cancellation_issue,2026-03-20 11:25:08.000000000,USD
ADJ0004228,TK0010904,T0103767,refund,1.09,trip_status_issue,2026-02-11 19:13:50.000000000,USD
ADJ0004229,TK0010904,T0103767,appeasement_credit,16.36,service_recovery,2026-02-11 19:47:50.000000000,USD
ADJ0004230,TK0010905,T0103784,appeasement_credit,6.37,service_recovery,2026-02-22 07:57:00.000000000,USD
ADJ0004231,TK0010907,T0103822,refund,10.01,payment_issue,2026-01-10 18:13:02.000000000,USD
ADJ0004232,TK0010908,T0103834,refund,8.36,vehicle_access_issue,2026-06-28 10:47:51.000000000,USD
ADJ0004233,TK0010910,T0103840,refund,2.34,trip_status_issue,2026-05-16 16:16:37.000000000,USD
ADJ0004234,TK0010911,T0103844,refund,5.84,dropoff_issue,2026-03-31 22:05:45.000000000,USD
ADJ0004235,TK0010917,T0103890,refund,5.03,trip_status_issue,2026-02-14 01:47:34.000000000,USD
ADJ0004236,TK0010917,T0103890,appeasement_credit,13.53,service_recovery,2026-02-14 02:14:34.000000000,USD
ADJ0004237,TK0010919,T0103909,appeasement_credit,7.81,service_recovery,2026-05-19 10:24:53.000000000,USD
ADJ0004238,TK0010920,T0103914,refund,5.96,trip_status_issue,2026-06-30 21:59:13.000000000,USD
ADJ0004239,TK0010922,T0103958,refund,7.53,cancellation_issue,2026-03-16 03:53:24.000000000,USD
ADJ0004240,TK0010925,T0103996,refund,9.26,vehicle_access_issue,2026-04-25 10:24:06.000000000,USD
ADJ0004241,TK0010929,T0104042,refund,10.81,cancellation_issue,2026-05-26 14:58:46.000000000,USD
ADJ0004242,TK0010938,T0104169,appeasement_credit,16.72,service_recovery,2026-03-12 10:31:28.000000000,USD
ADJ0004243,TK0010941,T0104184,appeasement_credit,17.73,service_recovery,2026-03-16 14:38:27.000000000,USD
ADJ0004244,TK0010945,T0104198,appeasement_credit,12.81,service_recovery,2026-05-03 02:24:07.000000000,USD
ADJ0004245,TK0010946,T0104200,refund,2.2,cancellation_issue,2026-01-12 08:00:02.000000000,USD
ADJ0004246,TK0010947,T0104208,refund,3.16,cancellation_issue,2026-05-10 18:10:14.000000000,USD
ADJ0004247,TK0010949,T0104264,refund,11.28,payment_issue,2026-03-28 18:59:03.000000000,USD
ADJ0004248,TK0010951,T0104277,appeasement_credit,16.87,service_recovery,2026-05-28 13:05:47.000000000,USD
ADJ0004249,TK0010953,T0104316,refund,1.36,cancellation_issue,2026-06-08 19:56:29.000000000,USD
ADJ0004250,TK0010958,T0104374,refund,12.03,payment_issue,2026-03-08 14:08:06.000000000,USD
ADJ0004251,TK0010967,T0104454,refund,5.55,pickup_issue,2026-06-13 07:26:04.000000000,USD
ADJ0004252,TK0010969,T0104465,refund,2.86,dropoff_issue,2026-03-06 16:37:28.000000000,USD
ADJ0004253,TK0010972,T0104485,refund,3.41,route_issue,2026-04-08 11:22:42.000000000,USD
ADJ0004254,TK0010974,T0104493,refund,10.84,payment_issue,2026-02-05 11:16:35.000000000,USD
ADJ0004255,TK0010977,T0104545,refund,2.38,safety_concern,2026-02-17 00:26:20.000000000,USD
ADJ0004256,TK0010977,T0104545,appeasement_credit,18.51,service_recovery,2026-02-16 23:51:20.000000000,USD
ADJ0004257,TK0010979,T0104554,refund,8.82,cancellation_issue,2026-05-13 06:48:47.000000000,USD
ADJ0004258,TK0010981,T0104604,refund,22.43,payment_issue,2026-03-18 19:30:16.000000000,USD
ADJ0004259,TK0010982,T0104625,refund,2.93,payment_issue,2026-06-21 02:19:51.000000000,USD
ADJ0004260,TK0010987,T0104677,refund,7.19,payment_issue,2026-03-25 01:51:14.000000000,USD
ADJ0004261,TK0010988,T0104683,appeasement_credit,13.81,service_recovery,2026-04-30 13:37:50.000000000,USD
ADJ0004262,TK0010989,T0104696,refund,6.92,payment_issue,2026-05-10 10:50:08.000000000,USD
ADJ0004263,TK0010994,T0104738,appeasement_credit,7.39,service_recovery,2026-06-29 10:32:09.000000000,USD
ADJ0004264,TK0010998,T0104769,appeasement_credit,7.46,service_recovery,2026-04-17 08:11:43.000000000,USD
ADJ0004265,TK0011000,T0104785,refund,11.88,payment_issue,2026-06-26 05:06:01.000000000,USD
ADJ0004266,TK0011001,T0104807,refund,1.35,trip_status_issue,2026-02-16 22:58:37.000000000,USD
ADJ0004267,TK0011002,T0104817,refund,5.74,cancellation_issue,2026-03-29 10:37:08.000000000,USD
ADJ0004268,TK0011003,T0104820,refund,2.63,payment_issue,2026-06-19 05:26:32.000000000,USD
ADJ0004269,TK0011006,T0104885,refund,3.56,pickup_issue,2026-03-28 15:27:51.000000000,USD
ADJ0004270,TK0011009,T0104919,appeasement_credit,3.5,service_recovery,2026-05-24 14:45:55.000000000,USD
ADJ0004271,TK0011017,T0105014,appeasement_credit,8.26,service_recovery,2026-01-17 07:27:47.000000000,USD
ADJ0004272,TK0011019,T0105037,refund,10.6,lost_item,2026-04-02 21:18:16.000000000,USD
ADJ0004273,TK0011020,T0105066,refund,14.63,payment_issue,2026-03-27 05:07:14.000000000,USD
ADJ0004274,TK0011021,T0105088,appeasement_credit,4.95,service_recovery,2026-03-10 15:44:54.000000000,USD
ADJ0004275,TK0011022,T0105098,refund,9.72,safety_concern,2026-02-02 15:05:11.000000000,USD
ADJ0004276,TK0011022,T0105098,appeasement_credit,10.82,service_recovery,2026-02-02 14:18:11.000000000,USD
ADJ0004277,TK0011023,T0105105,refund,5.17,trip_status_issue,2026-01-10 20:33:34.000000000,USD
ADJ0004278,TK0011025,T0105118,appeasement_credit,10.72,service_recovery,2026-06-25 00:20:47.000000000,USD
ADJ0004279,TK0011026,T0105138,appeasement_credit,18.3,service_recovery,2026-03-28 14:55:19.000000000,USD
ADJ0004280,TK0011027,T0105144,appeasement_credit,8.68,service_recovery,2026-03-18 07:21:08.000000000,USD
ADJ0004281,TK0011035,T0105210,refund,18.06,payment_issue,2026-03-04 09:50:19.000000000,USD
ADJ0004282,TK0011039,T0105221,appeasement_credit,15.16,service_recovery,2026-01-18 18:40:25.000000000,USD
ADJ0004283,TK0011045,T0105251,appeasement_credit,19.67,service_recovery,2026-04-12 21:24:50.000000000,USD
ADJ0004284,TK0011050,T0105324,refund,8.0,vehicle_access_issue,2026-05-04 11:53:08.000000000,USD
ADJ0004285,TK0011053,T0105349,refund,7.08,payment_issue,2026-01-10 06:04:53.000000000,USD
ADJ0004286,TK0011055,T0105362,appeasement_credit,4.41,service_recovery,2026-03-09 06:02:09.000000000,USD
ADJ0004287,TK0011056,T0105365,appeasement_credit,15.08,service_recovery,2026-02-01 15:17:01.000000000,USD
ADJ0004288,TK0011057,T0105371,refund,10.91,dropoff_issue,2026-06-03 18:25:12.000000000,USD
ADJ0004289,TK0011059,T0105384,refund,6.46,payment_issue,2026-03-19 22:53:24.000000000,USD
ADJ0004290,TK0011061,T0105405,refund,3.34,pickup_issue,2026-02-10 23:36:44.000000000,USD
ADJ0004291,TK0011062,T0105412,refund,0.65,pickup_issue,2026-04-07 14:43:23.000000000,USD
ADJ0004292,TK0011063,T0105415,refund,1.17,safety_concern,2026-04-12 02:08:13.000000000,USD
ADJ0004293,TK0011063,T0105415,appeasement_credit,5.36,service_recovery,2026-04-12 01:58:13.000000000,USD
ADJ0004294,TK0011065,T0105433,refund,1.53,route_issue,2026-03-18 20:00:26.000000000,USD
ADJ0004295,TK0011066,T0105434,refund,2.65,cancellation_issue,2026-06-17 17:24:15.000000000,USD
ADJ0004296,TK0011070,T0105498,refund,1.33,vehicle_access_issue,2026-03-19 17:57:52.000000000,USD
ADJ0004297,TK0011072,T0105511,refund,6.29,pickup_issue,2026-05-24 16:20:57.000000000,USD
ADJ0004298,TK0011076,T0105549,refund,3.76,other,2026-06-29 05:21:53.000000000,USD
ADJ0004299,TK0011078,T0105569,refund,3.91,route_issue,2026-03-18 01:15:18.000000000,USD
ADJ0004300,TK0011079,T0105584,refund,2.3,safety_concern,2026-06-24 02:51:59.000000000,USD
ADJ0004301,TK0011082,T0105615,refund,14.75,vehicle_access_issue,2026-06-07 01:41:01.000000000,USD
ADJ0004302,TK0011082,T0105615,appeasement_credit,7.9,service_recovery,2026-06-07 01:39:01.000000000,USD
ADJ0004303,TK0011083,T0105619,refund,4.17,payment_issue,2026-05-29 17:58:28.000000000,USD
ADJ0004304,TK0011084,T0105645,appeasement_credit,6.68,service_recovery,2026-05-16 20:39:47.000000000,USD
ADJ0004305,TK0011085,T0105658,refund,5.1,dropoff_issue,2026-02-22 09:38:24.000000000,USD
ADJ0004306,TK0011086,T0105664,refund,35.0,dropoff_issue,2026-01-08 22:12:20.000000000,USD
ADJ0004307,TK0011091,T0105739,refund,7.47,payment_issue,2026-01-02 20:46:43.000000000,USD
ADJ0004308,TK0011095,T0105761,refund,3.36,cancellation_issue,2026-06-02 07:06:24.000000000,USD
ADJ0004309,TK0011098,T0105797,appeasement_credit,18.75,service_recovery,2026-04-04 05:24:12.000000000,USD
ADJ0004310,TK0011099,T0105803,refund,4.77,route_issue,2026-04-20 14:55:24.000000000,USD
ADJ0004311,TK0011099,T0105803,appeasement_credit,12.33,service_recovery,2026-04-20 14:46:24.000000000,USD
ADJ0004312,TK0011105,T0105855,refund,1.45,route_issue,2026-06-02 22:04:59.000000000,USD
ADJ0004313,TK0011107,T0105884,refund,0.66,safety_concern,2026-02-19 17:57:14.000000000,USD
ADJ0004314,TK0011109,T0105915,appeasement_credit,14.49,service_recovery,2026-01-23 10:01:46.000000000,USD
ADJ0004315,TK0011111,T0105934,appeasement_credit,4.72,service_recovery,2026-06-18 03:35:28.000000000,USD
ADJ0004316,TK0011112,T0105938,refund,6.37,payment_issue,2026-03-28 21:41:36.000000000,USD
ADJ0004317,TK0011113,T0105946,refund,6.88,payment_issue,2026-01-13 09:50:26.000000000,USD
ADJ0004318,TK0011120,T0106056,refund,4.78,pickup_issue,2026-04-20 01:06:09.000000000,USD
ADJ0004319,TK0011121,T0106057,refund,2.97,payment_issue,2026-02-07 11:16:15.000000000,USD
ADJ0004320,TK0011127,T0106119,refund,7.3,pickup_issue,2026-05-16 20:02:51.000000000,USD
ADJ0004321,TK0011138,T0106206,refund,2.18,cancellation_issue,2026-04-23 17:31:29.000000000,USD
ADJ0004322,TK0011140,T0106210,refund,10.27,payment_issue,2026-02-21 05:40:55.000000000,USD
ADJ0004323,TK0011143,T0106230,refund,5.77,route_issue,2026-01-14 00:45:18.000000000,USD
ADJ0004324,TK0011145,T0106242,refund,1.48,safety_concern,2026-01-05 21:40:04.000000000,USD
ADJ0004325,TK0011147,T0106264,refund,1.52,cancellation_issue,2026-03-21 14:41:33.000000000,USD
ADJ0004326,TK0011148,T0106265,refund,7.25,cancellation_issue,2026-01-07 01:36:36.000000000,USD
ADJ0004327,TK0011149,T0106270,refund,4.98,lost_item,2026-03-10 22:50:02.000000000,USD
ADJ0004328,TK0011152,T0106335,refund,9.42,payment_issue,2026-06-23 13:40:36.000000000,USD
ADJ0004329,TK0011153,T0106390,refund,6.42,other,2026-01-04 05:12:13.000000000,USD
ADJ0004330,TK0011157,T0106429,refund,5.57,pickup_issue,2026-04-12 12:18:09.000000000,USD
ADJ0004331,TK0011165,T0106501,refund,3.58,payment_issue,2026-06-29 17:02:35.000000000,USD
ADJ0004332,TK0011165,T0106501,appeasement_credit,5.84,service_recovery,2026-06-29 16:21:35.000000000,USD
ADJ0004333,TK0011166,T0106504,refund,5.7,trip_status_issue,2026-06-21 16:52:09.000000000,USD
ADJ0004334,TK0011169,T0106549,refund,4.15,lost_item,2026-03-28 01:49:30.000000000,USD
ADJ0004335,TK0011174,T0106567,refund,1.54,safety_concern,2026-05-14 08:00:16.000000000,USD
ADJ0004336,TK0011175,T0106568,refund,4.56,pickup_issue,2026-04-19 12:12:59.000000000,USD
ADJ0004337,TK0011175,T0106568,appeasement_credit,4.69,service_recovery,2026-04-19 12:27:59.000000000,USD
ADJ0004338,TK0011176,T0106569,refund,6.33,trip_status_issue,2026-04-26 23:23:27.000000000,USD
ADJ0004339,TK0011176,T0106569,appeasement_credit,12.28,service_recovery,2026-04-27 00:04:27.000000000,USD
ADJ0004340,TK0011181,T0106616,refund,1.72,route_issue,2026-03-28 14:42:24.000000000,USD
ADJ0004341,TK0011181,T0106616,appeasement_credit,14.52,service_recovery,2026-03-28 14:38:24.000000000,USD
ADJ0004342,TK0011182,T0106639,refund,4.04,cancellation_issue,2026-01-08 01:23:52.000000000,USD
ADJ0004343,TK0011183,T0106640,refund,14.47,payment_issue,2026-02-14 21:13:50.000000000,USD
ADJ0004344,TK0011184,T0106656,refund,1.64,dropoff_issue,2026-01-14 11:33:48.000000000,USD
ADJ0004345,TK0011186,T0106669,appeasement_credit,4.56,service_recovery,2026-04-23 05:05:26.000000000,USD
ADJ0004346,TK0011193,T0106728,refund,5.43,cancellation_issue,2026-05-25 10:21:54.000000000,USD
ADJ0004347,TK0011193,T0106728,appeasement_credit,5.75,service_recovery,2026-05-25 11:03:54.000000000,USD
ADJ0004348,TK0011194,T0106729,refund,2.06,pickup_issue,2026-05-15 11:53:03.000000000,USD
ADJ0004349,TK0011204,T0106849,refund,14.09,payment_issue,2026-02-26 14:30:59.000000000,USD
ADJ0004350,TK0011210,T0106919,refund,10.89,payment_issue,2026-03-16 11:21:36.000000000,USD
ADJ0004351,TK0011211,T0106926,refund,9.53,other,2026-01-15 03:11:34.000000000,USD
ADJ0004352,TK0011212,T0106929,refund,6.0,payment_issue,2026-01-15 19:05:49.000000000,USD
ADJ0004353,TK0011219,T0106982,refund,6.86,vehicle_access_issue,2026-03-20 14:14:23.000000000,USD
ADJ0004354,TK0011221,T0106989,refund,1.68,vehicle_access_issue,2026-06-05 13:58:03.000000000,USD
ADJ0004355,TK0011223,T0107010,refund,6.73,dropoff_issue,2026-04-29 03:32:55.000000000,USD
ADJ0004356,TK0011224,T0107014,appeasement_credit,16.33,service_recovery,2026-01-17 23:16:33.000000000,USD
ADJ0004357,TK0011226,T0107023,refund,3.92,dropoff_issue,2026-05-13 16:12:37.000000000,USD
ADJ0004358,TK0011226,T0107023,appeasement_credit,18.73,service_recovery,2026-05-13 16:10:37.000000000,USD
ADJ0004359,TK0011228,T0107034,appeasement_credit,14.53,service_recovery,2026-04-05 22:51:20.000000000,USD
ADJ0004360,TK0011236,T0107087,appeasement_credit,6.81,service_recovery,2026-04-20 21:53:50.000000000,USD
ADJ0004361,TK0011237,T0107090,refund,5.09,route_issue,2026-05-16 07:40:35.000000000,USD
ADJ0004362,TK0011250,T0107230,refund,5.92,dropoff_issue,2026-04-22 12:03:15.000000000,USD
ADJ0004363,TK0011250,T0107230,appeasement_credit,17.34,service_recovery,2026-04-22 12:51:15.000000000,USD
ADJ0004364,TK0011252,T0107241,appeasement_credit,8.29,service_recovery,2026-03-28 21:04:49.000000000,USD
ADJ0004365,TK0011255,T0107260,refund,3.55,cancellation_issue,2026-01-18 12:23:57.000000000,USD
ADJ0004366,TK0011256,T0107265,refund,4.62,payment_issue,2026-02-14 02:25:18.000000000,USD
ADJ0004367,TK0011261,T0107317,refund,3.53,cancellation_issue,2026-03-10 20:51:04.000000000,USD
ADJ0004368,TK0011262,T0107322,refund,4.44,cancellation_issue,2026-02-20 20:15:04.000000000,USD
ADJ0004369,TK0011263,T0107335,refund,7.1,dropoff_issue,2026-04-29 04:57:45.000000000,USD
ADJ0004370,TK0011266,T0107354,refund,1.07,trip_status_issue,2026-06-03 10:15:37.000000000,USD
ADJ0004371,TK0011274,T0107400,refund,2.19,trip_status_issue,2026-05-08 18:28:44.000000000,USD
ADJ0004372,TK0011274,T0107400,appeasement_credit,4.59,service_recovery,2026-05-08 17:48:44.000000000,USD
ADJ0004373,TK0011280,T0107440,refund,12.08,dropoff_issue,2026-01-05 21:06:57.000000000,USD
ADJ0004374,TK0011287,T0107511,appeasement_credit,16.91,service_recovery,2026-01-14 11:45:57.000000000,USD
ADJ0004375,TK0011291,T0107573,appeasement_credit,3.35,service_recovery,2026-02-14 15:50:22.000000000,USD
ADJ0004376,TK0011301,T0107665,refund,1.72,cancellation_issue,2026-01-02 11:40:02.000000000,USD
ADJ0004377,TK0011301,T0107665,appeasement_credit,13.88,service_recovery,2026-01-02 12:54:02.000000000,USD
ADJ0004378,TK0011305,T0107684,refund,5.84,payment_issue,2026-01-14 04:22:55.000000000,USD
ADJ0004379,TK0011306,T0107690,refund,1.46,route_issue,2026-03-22 03:30:07.000000000,USD
ADJ0004380,TK0011307,T0107693,refund,1.34,route_issue,2026-03-12 06:11:48.000000000,USD
ADJ0004381,TK0011309,T0107736,refund,11.84,trip_status_issue,2026-01-26 13:58:55.000000000,USD
ADJ0004382,TK0011309,T0107736,appeasement_credit,16.17,service_recovery,2026-01-26 13:57:55.000000000,USD
ADJ0004383,TK0011312,T0107757,refund,3.04,trip_status_issue,2026-01-02 10:50:08.000000000,USD
ADJ0004384,TK0011318,T0107806,refund,7.01,payment_issue,2026-01-28 08:44:43.000000000,USD
ADJ0004385,TK0011321,T0107845,refund,1.99,cancellation_issue,2026-01-10 18:29:09.000000000,USD
ADJ0004386,TK0011322,T0107848,refund,2.61,dropoff_issue,2026-05-13 09:14:39.000000000,USD
ADJ0004387,TK0011322,T0107848,appeasement_credit,7.52,service_recovery,2026-05-13 08:50:39.000000000,USD
ADJ0004388,TK0011324,T0107859,refund,14.16,dropoff_issue,2026-02-11 12:32:57.000000000,USD
ADJ0004389,TK0011327,T0107895,refund,7.47,payment_issue,2026-01-14 16:31:08.000000000,USD
ADJ0004390,TK0011330,T0107939,refund,9.29,safety_concern,2026-01-30 19:11:20.000000000,USD
ADJ0004391,TK0011333,T0107955,refund,5.49,pickup_issue,2026-04-29 17:55:56.000000000,USD
ADJ0004392,TK0011335,T0107980,refund,3.22,trip_status_issue,2026-04-04 03:21:32.000000000,USD
ADJ0004393,TK0011337,T0108016,refund,4.39,pickup_issue,2026-05-22 15:13:16.000000000,USD
ADJ0004394,TK0011338,T0108018,refund,3.0,cancellation_issue,2026-01-03 08:17:33.000000000,USD
ADJ0004395,TK0011340,T0108039,refund,1.98,safety_concern,2026-06-05 22:58:22.000000000,USD
ADJ0004396,TK0011341,T0108047,appeasement_credit,17.9,service_recovery,2026-02-04 22:38:52.000000000,USD
ADJ0004397,TK0011342,T0108054,refund,7.04,vehicle_access_issue,2026-04-06 19:16:49.000000000,USD
ADJ0004398,TK0011345,T0108097,refund,2.65,cancellation_issue,2026-06-25 11:31:51.000000000,USD
ADJ0004399,TK0011346,T0108113,appeasement_credit,17.15,service_recovery,2026-04-10 14:42:36.000000000,USD
ADJ0004400,TK0011347,T0108118,refund,11.48,pickup_issue,2026-06-04 18:22:40.000000000,USD
ADJ0004401,TK0011348,T0108125,refund,1.8,trip_status_issue,2026-01-10 20:56:10.000000000,USD
ADJ0004402,TK0011352,T0108152,appeasement_credit,16.65,service_recovery,2026-04-28 07:04:48.000000000,USD
ADJ0004403,TK0011355,T0108189,refund,2.42,pickup_issue,2026-01-07 07:53:39.000000000,USD
ADJ0004404,TK0011358,T0108241,appeasement_credit,3.36,service_recovery,2026-05-12 05:34:42.000000000,USD
ADJ0004405,TK0011360,T0108258,refund,15.89,payment_issue,2026-04-09 11:28:04.000000000,USD
ADJ0004406,TK0011361,T0108264,refund,13.41,payment_issue,2026-06-02 15:24:03.000000000,USD
ADJ0004407,TK0011362,T0108272,refund,2.7,pickup_issue,2026-06-16 21:06:14.000000000,USD
ADJ0004408,TK0011362,T0108272,appeasement_credit,16.4,service_recovery,2026-06-16 22:14:14.000000000,USD
ADJ0004409,TK0011365,T0108299,refund,20.32,pickup_issue,2026-02-04 21:39:22.000000000,USD
ADJ0004410,TK0011375,T0108406,refund,2.15,cancellation_issue,2026-05-02 07:24:59.000000000,USD
ADJ0004411,TK0011376,T0108409,appeasement_credit,14.91,service_recovery,2026-05-17 20:02:40.000000000,USD
ADJ0004412,TK0011378,T0108431,appeasement_credit,9.33,service_recovery,2026-03-08 21:52:46.000000000,USD
ADJ0004413,TK0011379,T0108443,appeasement_credit,3.97,service_recovery,2026-06-13 06:54:10.000000000,USD
ADJ0004414,TK0011380,T0108446,appeasement_credit,5.49,service_recovery,2026-05-12 09:14:35.000000000,USD
ADJ0004415,TK0011381,T0108453,refund,3.09,payment_issue,2026-03-29 21:15:46.000000000,USD
ADJ0004416,TK0011382,T0108460,appeasement_credit,15.04,service_recovery,2026-01-08 15:35:47.000000000,USD
ADJ0004417,TK0011384,T0108490,appeasement_credit,9.16,service_recovery,2026-04-22 17:31:18.000000000,USD
ADJ0004418,TK0011385,T0108504,refund,13.77,payment_issue,2026-03-18 15:19:24.000000000,USD
ADJ0004419,TK0011387,T0108531,refund,2.92,vehicle_access_issue,2026-04-23 20:22:23.000000000,USD
ADJ0004420,TK0011387,T0108531,appeasement_credit,7.61,service_recovery,2026-04-23 21:06:23.000000000,USD
ADJ0004421,TK0011388,T0108532,refund,4.62,payment_issue,2026-02-04 22:20:26.000000000,USD
ADJ0004422,TK0011390,T0108557,refund,4.25,cancellation_issue,2026-01-13 02:13:19.000000000,USD
ADJ0004423,TK0011394,T0108606,refund,1.11,dropoff_issue,2026-06-28 12:05:48.000000000,USD
ADJ0004424,TK0011398,T0108623,refund,2.19,pickup_issue,2026-04-15 03:00:36.000000000,USD
ADJ0004425,TK0011398,T0108623,appeasement_credit,14.07,service_recovery,2026-04-15 03:08:36.000000000,USD
ADJ0004426,TK0011400,T0108633,refund,2.24,cancellation_issue,2026-01-27 12:44:04.000000000,USD
ADJ0004427,TK0011401,T0108642,appeasement_credit,18.09,service_recovery,2026-04-18 03:30:02.000000000,USD
ADJ0004428,TK0011404,T0108647,appeasement_credit,4.42,service_recovery,2026-02-12 15:55:30.000000000,USD
ADJ0004429,TK0011408,T0108675,refund,2.84,cancellation_issue,2026-06-02 07:11:13.000000000,USD
ADJ0004430,TK0011412,T0108703,appeasement_credit,19.5,service_recovery,2026-04-14 18:09:20.000000000,USD
ADJ0004431,TK0011427,T0108834,refund,1.98,pickup_issue,2026-05-19 23:23:29.000000000,USD
ADJ0004432,TK0011441,T0108949,appeasement_credit,9.05,service_recovery,2026-04-27 03:38:43.000000000,USD
ADJ0004433,TK0011442,T0108954,refund,0.92,vehicle_access_issue,2026-02-08 10:10:55.000000000,USD
ADJ0004434,TK0011444,T0108965,refund,3.5,cancellation_issue,2026-01-02 00:19:42.000000000,USD
ADJ0004435,TK0011446,T0108970,appeasement_credit,8.06,service_recovery,2026-01-06 12:19:13.000000000,USD
ADJ0004436,TK0011447,T0108972,refund,4.03,route_issue,2026-04-16 21:05:36.000000000,USD
ADJ0004437,TK0011447,T0108972,appeasement_credit,16.3,service_recovery,2026-04-16 20:24:36.000000000,USD
ADJ0004438,TK0011456,T0109093,refund,12.5,vehicle_access_issue,2026-05-15 11:07:12.000000000,USD
ADJ0004439,TK0011461,T0109131,refund,1.62,vehicle_access_issue,2026-06-25 08:09:20.000000000,USD
ADJ0004440,TK0011461,T0109131,appeasement_credit,13.78,service_recovery,2026-06-25 08:48:20.000000000,USD
ADJ0004441,TK0011462,T0109148,refund,6.16,pickup_issue,2026-02-26 10:48:09.000000000,USD
ADJ0004442,TK0011464,T0109166,refund,6.84,payment_issue,2026-04-23 16:09:44.000000000,USD
ADJ0004443,TK0011465,T0109171,refund,2.94,pickup_issue,2026-02-17 12:12:12.000000000,USD
ADJ0004444,TK0011474,T0109291,refund,4.72,cancellation_issue,2026-02-13 05:19:15.000000000,USD
ADJ0004445,TK0011477,T0109315,appeasement_credit,6.31,service_recovery,2026-03-13 05:14:04.000000000,USD
ADJ0004446,TK0011480,T0109342,appeasement_credit,5.1,service_recovery,2026-04-21 10:52:24.000000000,USD
ADJ0004447,TK0011481,T0109350,refund,4.94,cancellation_issue,2026-01-03 19:45:07.000000000,USD
ADJ0004448,TK0011481,T0109350,appeasement_credit,18.06,service_recovery,2026-01-03 19:34:07.000000000,USD
ADJ0004449,TK0011482,T0109361,appeasement_credit,13.29,service_recovery,2026-03-21 12:32:31.000000000,USD
ADJ0004450,TK0011487,T0109421,appeasement_credit,19.97,service_recovery,2026-04-04 19:49:04.000000000,USD
ADJ0004451,TK0011488,T0109426,appeasement_credit,3.27,service_recovery,2026-05-20 22:38:40.000000000,USD
ADJ0004452,TK0011490,T0109437,refund,5.66,cancellation_issue,2026-05-22 12:00:24.000000000,USD
ADJ0004453,TK0011494,T0109461,refund,2.05,pickup_issue,2026-06-11 09:01:22.000000000,USD
ADJ0004454,TK0011499,T0109483,refund,1.27,safety_concern,2026-01-07 00:21:22.000000000,USD
ADJ0004455,TK0011503,T0109521,appeasement_credit,5.88,service_recovery,2026-05-11 03:42:13.000000000,USD
ADJ0004456,TK0011505,T0109528,appeasement_credit,12.74,service_recovery,2026-06-16 13:33:50.000000000,USD
ADJ0004457,TK0011506,T0109547,refund,7.65,payment_issue,2026-04-24 05:58:35.000000000,USD
ADJ0004458,TK0011507,T0109573,refund,2.11,dropoff_issue,2026-06-13 14:13:16.000000000,USD
ADJ0004459,TK0011510,T0109593,refund,7.87,route_issue,2026-01-25 16:22:05.000000000,USD
ADJ0004460,TK0011511,T0109596,appeasement_credit,10.38,service_recovery,2026-02-13 14:51:29.000000000,USD
ADJ0004461,TK0011512,T0109597,refund,5.46,pickup_issue,2026-04-20 10:55:44.000000000,USD
ADJ0004462,TK0011513,T0109607,appeasement_credit,13.35,service_recovery,2026-04-05 12:47:11.000000000,USD
ADJ0004463,TK0011515,T0109627,refund,13.59,dropoff_issue,2026-03-01 19:03:35.000000000,USD
ADJ0004464,TK0011517,T0109643,refund,3.33,route_issue,2026-06-07 14:40:50.000000000,USD
ADJ0004465,TK0011518,T0109651,refund,6.18,vehicle_access_issue,2026-03-09 03:34:50.000000000,USD
ADJ0004466,TK0011523,T0109735,refund,2.78,cancellation_issue,2026-06-03 07:50:55.000000000,USD
ADJ0004467,TK0011523,T0109735,appeasement_credit,9.89,service_recovery,2026-06-03 08:27:55.000000000,USD
ADJ0004468,TK0011525,T0109742,refund,4.11,trip_status_issue,2026-04-16 22:20:49.000000000,USD
ADJ0004469,TK0011526,T0109760,refund,13.43,safety_concern,2026-06-08 03:53:15.000000000,USD
ADJ0004470,TK0011528,T0109789,refund,14.49,safety_concern,2026-05-14 13:57:33.000000000,USD
ADJ0004471,TK0011529,T0109798,refund,3.6,payment_issue,2026-06-28 13:46:32.000000000,USD
ADJ0004472,TK0011531,T0109808,refund,14.26,dropoff_issue,2026-03-31 20:34:23.000000000,USD
ADJ0004473,TK0011534,T0109843,appeasement_credit,13.99,service_recovery,2026-02-10 20:54:54.000000000,USD
ADJ0004474,TK0011537,T0109859,refund,1.55,cancellation_issue,2026-01-05 01:26:39.000000000,USD
ADJ0004475,TK0011537,T0109859,appeasement_credit,19.58,service_recovery,2026-01-05 01:51:39.000000000,USD
ADJ0004476,TK0011540,T0109879,appeasement_credit,5.49,service_recovery,2026-01-21 18:18:42.000000000,USD
ADJ0004477,TK0011542,T0109920,refund,5.84,pickup_issue,2026-05-09 04:55:51.000000000,USD
ADJ0004478,TK0011543,T0109927,refund,4.41,safety_concern,2026-03-15 02:24:39.000000000,USD
ADJ0004479,TK0011543,T0109927,appeasement_credit,17.89,service_recovery,2026-03-15 03:09:39.000000000,USD
ADJ0004480,TK0011548,T0109971,appeasement_credit,14.95,service_recovery,2026-04-10 02:53:30.000000000,USD
ADJ0004481,TK0011551,T0109992,refund,2.91,route_issue,2026-04-21 06:43:42.000000000,USD
ADJ0004482,TK0011557,T0110048,appeasement_credit,14.76,service_recovery,2026-06-12 01:17:33.000000000,USD
ADJ0004483,TK0011558,T0110065,appeasement_credit,16.15,service_recovery,2026-03-02 01:26:31.000000000,USD
ADJ0004484,TK0011563,T0110107,refund,5.88,trip_status_issue,2026-02-03 13:58:06.000000000,USD
ADJ0004485,TK0011565,T0110124,refund,2.67,cancellation_issue,2026-02-20 15:58:26.000000000,USD
ADJ0004486,TK0011568,T0110166,refund,3.28,pickup_issue,2026-01-20 07:03:52.000000000,USD
ADJ0004487,TK0011569,T0110167,refund,1.82,route_issue,2026-03-28 21:48:43.000000000,USD
ADJ0004488,TK0011571,T0110190,appeasement_credit,18.72,service_recovery,2026-01-21 11:52:34.000000000,USD
ADJ0004489,TK0011573,T0110200,refund,1.76,trip_status_issue,2026-01-03 22:14:09.000000000,USD
ADJ0004490,TK0011577,T0110233,appeasement_credit,14.97,service_recovery,2026-06-13 10:53:00.000000000,USD
ADJ0004491,TK0011579,T0110246,refund,2.64,payment_issue,2026-06-05 10:37:57.000000000,USD
ADJ0004492,TK0011580,T0110261,refund,8.05,trip_status_issue,2026-05-04 18:56:36.000000000,USD
ADJ0004493,TK0011582,T0110279,appeasement_credit,14.49,service_recovery,2026-06-25 09:20:43.000000000,USD
ADJ0004494,TK0011589,T0110328,refund,8.46,dropoff_issue,2026-02-16 08:19:12.000000000,USD
ADJ0004495,TK0011590,T0110350,refund,6.51,vehicle_access_issue,2026-05-24 12:08:23.000000000,USD
ADJ0004496,TK0011591,T0110358,refund,9.68,payment_issue,2026-04-24 04:22:42.000000000,USD
ADJ0004497,TK0011592,T0110375,refund,9.3,cancellation_issue,2026-05-28 05:47:11.000000000,USD
ADJ0004498,TK0011594,T0110385,refund,5.15,pickup_issue,2026-04-20 15:56:59.000000000,USD
ADJ0004499,TK0011594,T0110385,appeasement_credit,19.54,service_recovery,2026-04-20 15:41:59.000000000,USD
ADJ0004500,TK0011596,T0110454,refund,9.45,payment_issue,2026-02-14 19:04:12.000000000,USD
ADJ0004501,TK0011599,T0110493,appeasement_credit,15.1,service_recovery,2026-01-28 03:28:38.000000000,USD
ADJ0004502,TK0011601,T0110511,appeasement_credit,12.15,service_recovery,2026-01-03 14:03:20.000000000,USD
ADJ0004503,TK0011602,T0110525,refund,29.79,cancellation_issue,2026-06-02 11:43:45.000000000,USD
ADJ0004504,TK0011604,T0110530,refund,17.1,cancellation_issue,2026-02-17 16:56:24.000000000,USD
ADJ0004505,TK0011610,T0110602,refund,9.98,route_issue,2026-03-19 07:29:34.000000000,USD
ADJ0004506,TK0011617,T0110700,appeasement_credit,6.64,service_recovery,2026-02-03 09:35:29.000000000,USD
ADJ0004507,TK0011620,T0110718,refund,3.02,dropoff_issue,2026-01-17 03:07:08.000000000,USD
ADJ0004508,TK0011621,T0110723,appeasement_credit,11.86,service_recovery,2026-04-14 05:00:27.000000000,USD
ADJ0004509,TK0011625,T0110759,refund,8.26,trip_status_issue,2026-05-27 19:29:57.000000000,USD
ADJ0004510,TK0011626,T0110774,refund,11.63,trip_status_issue,2026-02-17 04:42:42.000000000,USD
ADJ0004511,TK0011627,T0110778,appeasement_credit,18.11,service_recovery,2026-04-02 04:16:28.000000000,USD
ADJ0004512,TK0011628,T0110781,refund,2.32,cancellation_issue,2026-04-07 11:50:04.000000000,USD
ADJ0004513,TK0011631,T0110816,refund,7.76,payment_issue,2026-06-11 01:40:49.000000000,USD
ADJ0004514,TK0011635,T0110854,refund,7.13,dropoff_issue,2026-04-24 04:19:47.000000000,USD
ADJ0004515,TK0011635,T0110854,appeasement_credit,10.44,service_recovery,2026-04-24 04:25:47.000000000,USD
ADJ0004516,TK0011643,T0110957,refund,3.39,cancellation_issue,2026-04-29 02:52:18.000000000,USD
ADJ0004517,TK0011646,T0110979,refund,5.79,vehicle_access_issue,2026-06-21 02:00:27.000000000,USD
ADJ0004518,TK0011649,T0110996,refund,0.73,pickup_issue,2026-04-19 19:20:35.000000000,USD
ADJ0004519,TK0011655,T0111039,refund,6.34,cancellation_issue,2026-05-01 03:51:18.000000000,USD
ADJ0004520,TK0011657,T0111049,refund,1.6,lost_item,2026-02-11 16:47:16.000000000,USD
ADJ0004521,TK0011660,T0111075,refund,5.96,pickup_issue,2026-04-02 07:59:16.000000000,USD
ADJ0004522,TK0011662,T0111089,refund,4.81,pickup_issue,2026-01-06 06:12:36.000000000,USD
ADJ0004523,TK0011663,T0111099,appeasement_credit,18.73,service_recovery,2026-05-22 04:01:05.000000000,USD
ADJ0004524,TK0011664,T0111101,refund,14.67,payment_issue,2026-02-09 08:44:27.000000000,USD
ADJ0004525,TK0011666,T0111122,refund,2.14,cancellation_issue,2026-01-18 00:42:17.000000000,USD
ADJ0004526,TK0011669,T0111137,appeasement_credit,10.59,service_recovery,2026-05-23 08:07:09.000000000,USD
ADJ0004527,TK0011671,T0111185,refund,2.27,pickup_issue,2026-06-09 11:53:30.000000000,USD
ADJ0004528,TK0011672,T0111192,refund,14.92,vehicle_access_issue,2026-06-13 21:39:07.000000000,USD
ADJ0004529,TK0011673,T0111202,refund,6.44,safety_concern,2026-05-12 05:20:08.000000000,USD
ADJ0004530,TK0011678,T0111262,refund,2.05,pickup_issue,2026-05-09 23:40:24.000000000,USD
ADJ0004531,TK0011680,T0111273,refund,12.78,payment_issue,2026-02-13 09:44:15.000000000,USD
ADJ0004532,TK0011680,T0111273,appeasement_credit,11.39,service_recovery,2026-02-13 09:43:15.000000000,USD
ADJ0004533,TK0011681,T0111286,refund,2.34,trip_status_issue,2026-03-27 23:19:13.000000000,USD
ADJ0004534,TK0011681,T0111286,appeasement_credit,17.86,service_recovery,2026-03-27 23:42:13.000000000,USD
ADJ0004535,TK0011686,T0111315,refund,3.85,safety_concern,2026-05-12 14:29:07.000000000,USD
ADJ0004536,TK0011686,T0111315,appeasement_credit,6.25,service_recovery,2026-05-12 14:29:07.000000000,USD
ADJ0004537,TK0011691,T0111369,refund,13.2,payment_issue,2026-04-15 07:09:54.000000000,USD
ADJ0004538,TK0011692,T0111378,refund,8.55,pickup_issue,2026-03-05 07:11:49.000000000,USD
ADJ0004539,TK0011696,T0111403,appeasement_credit,19.12,service_recovery,2026-04-04 00:35:09.000000000,USD
ADJ0004540,TK0011698,T0111416,refund,10.59,payment_issue,2026-04-09 15:49:46.000000000,USD
ADJ0004541,TK0011699,T0111417,refund,4.46,trip_status_issue,2026-06-06 05:18:16.000000000,USD
ADJ0004542,TK0011705,T0111477,refund,1.45,pickup_issue,2026-04-08 00:41:54.000000000,USD
ADJ0004543,TK0011706,T0111487,refund,2.06,trip_status_issue,2026-05-04 12:12:53.000000000,USD
ADJ0004544,TK0011707,T0111493,refund,2.33,cancellation_issue,2026-01-18 01:10:42.000000000,USD
ADJ0004545,TK0011707,T0111493,appeasement_credit,9.02,service_recovery,2026-01-18 02:00:42.000000000,USD
ADJ0004546,TK0011708,T0111498,appeasement_credit,17.02,service_recovery,2026-06-29 02:22:54.000000000,USD
ADJ0004547,TK0011710,T0111516,refund,2.52,trip_status_issue,2026-06-11 17:23:39.000000000,USD
ADJ0004548,TK0011710,T0111516,appeasement_credit,9.92,service_recovery,2026-06-11 18:12:39.000000000,USD
ADJ0004549,TK0011715,T0111566,refund,4.16,pickup_issue,2026-03-18 00:34:46.000000000,USD
ADJ0004550,TK0011718,T0111600,appeasement_credit,12.02,service_recovery,2026-03-10 02:53:07.000000000,USD
ADJ0004551,TK0011720,T0111606,refund,10.01,payment_issue,2026-05-26 18:11:06.000000000,USD
ADJ0004552,TK0011721,T0111623,refund,5.59,payment_issue,2026-05-05 05:05:47.000000000,USD
ADJ0004553,TK0011722,T0111631,refund,5.98,trip_status_issue,2026-06-14 08:04:42.000000000,USD
ADJ0004554,TK0011724,T0111652,appeasement_credit,19.71,service_recovery,2026-01-28 12:15:33.000000000,USD
ADJ0004555,TK0011729,T0111680,refund,4.12,pickup_issue,2026-03-18 23:28:23.000000000,USD
ADJ0004556,TK0011731,T0111697,appeasement_credit,11.75,service_recovery,2026-02-23 23:39:29.000000000,USD
ADJ0004557,TK0011737,T0111788,refund,7.4,vehicle_access_issue,2026-04-19 22:28:39.000000000,USD
ADJ0004558,TK0011738,T0111792,appeasement_credit,6.09,service_recovery,2026-03-30 00:09:52.000000000,USD
ADJ0004559,TK0011739,T0111802,refund,2.23,cancellation_issue,2026-01-06 22:36:59.000000000,USD
ADJ0004560,TK0011742,T0111871,refund,6.51,cancellation_issue,2026-03-19 00:20:47.000000000,USD
ADJ0004561,TK0011743,T0111875,appeasement_credit,14.98,service_recovery,2026-04-03 06:03:08.000000000,USD
ADJ0004562,TK0011753,T0111963,appeasement_credit,10.8,service_recovery,2026-03-06 04:14:04.000000000,USD
ADJ0004563,TK0011758,T0112015,refund,6.21,route_issue,2026-01-09 06:25:46.000000000,USD
ADJ0004564,TK0011758,T0112015,appeasement_credit,12.31,service_recovery,2026-01-09 06:05:46.000000000,USD
ADJ0004565,TK0011765,T0112114,appeasement_credit,15.03,service_recovery,2026-06-02 11:01:18.000000000,USD
ADJ0004566,TK0011767,T0112136,refund,2.17,cancellation_issue,2026-01-25 03:56:45.000000000,USD
ADJ0004567,TK0011768,T0112145,refund,2.19,trip_status_issue,2026-03-24 04:26:29.000000000,USD
ADJ0004568,TK0011771,T0112167,refund,4.22,payment_issue,2026-06-29 15:17:25.000000000,USD
ADJ0004569,TK0011773,T0112208,refund,4.83,pickup_issue,2026-01-24 11:43:54.000000000,USD
ADJ0004570,TK0011775,T0112241,refund,13.06,payment_issue,2026-02-14 00:12:58.000000000,USD
ADJ0004571,TK0011778,T0112270,refund,1.75,route_issue,2026-02-15 08:08:13.000000000,USD
ADJ0004572,TK0011784,T0112333,refund,1.88,lost_item,2026-01-16 23:37:44.000000000,USD
ADJ0004573,TK0011785,T0112376,refund,2.28,dropoff_issue,2026-01-18 09:48:56.000000000,USD
ADJ0004574,TK0011787,T0112390,refund,2.69,safety_concern,2026-06-09 01:33:03.000000000,USD
ADJ0004575,TK0011787,T0112390,appeasement_credit,13.43,service_recovery,2026-06-09 01:28:03.000000000,USD
ADJ0004576,TK0011793,T0112437,refund,2.29,safety_concern,2026-03-04 06:50:17.000000000,USD
ADJ0004577,TK0011794,T0112441,refund,6.64,cancellation_issue,2026-03-01 21:43:17.000000000,USD
ADJ0004578,TK0011800,T0112488,refund,2.77,trip_status_issue,2026-03-04 00:12:52.000000000,USD
ADJ0004579,TK0011800,T0112488,appeasement_credit,16.48,service_recovery,2026-03-04 00:20:52.000000000,USD
ADJ0004580,TK0011801,T0112495,refund,1.88,route_issue,2026-05-17 15:47:21.000000000,USD
ADJ0004581,TK0011801,T0112495,appeasement_credit,19.49,service_recovery,2026-05-17 16:06:21.000000000,USD
ADJ0004582,TK0011803,T0112515,refund,5.65,vehicle_access_issue,2026-04-22 09:51:47.000000000,USD
ADJ0004583,TK0011803,T0112515,appeasement_credit,9.85,service_recovery,2026-04-22 10:18:47.000000000,USD
ADJ0004584,TK0011804,T0112522,refund,2.84,lost_item,2026-02-08 16:10:50.000000000,USD
ADJ0004585,TK0011804,T0112522,appeasement_credit,17.47,service_recovery,2026-02-08 17:08:50.000000000,USD
ADJ0004586,TK0011810,T0112617,refund,1.93,trip_status_issue,2026-04-24 16:02:03.000000000,USD
ADJ0004587,TK0011812,T0112624,refund,2.19,other,2026-03-27 11:34:10.000000000,USD
ADJ0004588,TK0011819,T0112660,refund,4.09,trip_status_issue,2026-03-09 17:02:11.000000000,USD
ADJ0004589,TK0011820,T0112663,refund,5.56,cancellation_issue,2026-06-21 13:38:52.000000000,USD
ADJ0004590,TK0011824,T0112691,refund,3.19,vehicle_access_issue,2026-04-27 15:48:47.000000000,USD
ADJ0004591,TK0011825,T0112694,refund,2.9,cancellation_issue,2026-06-17 23:55:10.000000000,USD
ADJ0004592,TK0011827,T0112717,refund,7.76,dropoff_issue,2026-02-13 02:46:08.000000000,USD
ADJ0004593,TK0011828,T0112739,refund,2.49,cancellation_issue,2026-04-26 19:53:24.000000000,USD
ADJ0004594,TK0011832,T0112772,refund,10.96,other,2026-01-08 11:08:45.000000000,USD
ADJ0004595,TK0011833,T0112776,refund,3.42,cancellation_issue,2026-04-18 04:39:29.000000000,USD
ADJ0004596,TK0011835,T0112794,appeasement_credit,4.38,service_recovery,2026-04-15 21:01:00.000000000,USD
ADJ0004597,TK0011839,T0112814,refund,6.11,pickup_issue,2026-01-09 13:28:36.000000000,USD
ADJ0004598,TK0011842,T0112832,refund,4.67,route_issue,2026-03-03 15:44:25.000000000,USD
ADJ0004599,TK0011843,T0112834,refund,5.16,pickup_issue,2026-01-30 00:38:19.000000000,USD
ADJ0004600,TK0011844,T0112846,refund,2.06,cancellation_issue,2026-05-09 21:41:56.000000000,USD
ADJ0004601,TK0011845,T0112847,refund,4.91,safety_concern,2026-03-04 18:50:57.000000000,USD
ADJ0004602,TK0011845,T0112847,appeasement_credit,9.44,service_recovery,2026-03-04 19:30:57.000000000,USD
ADJ0004603,TK0011846,T0112850,refund,5.3,payment_issue,2026-02-24 02:07:09.000000000,USD
ADJ0004604,TK0011846,T0112850,appeasement_credit,19.85,service_recovery,2026-02-24 01:37:09.000000000,USD
ADJ0004605,TK0011847,T0112857,refund,8.28,route_issue,2026-05-03 12:29:16.000000000,USD
ADJ0004606,TK0011848,T0112865,refund,8.39,lost_item,2026-04-10 15:04:55.000000000,USD
ADJ0004607,TK0011849,T0112867,refund,3.48,trip_status_issue,2026-05-23 17:19:03.000000000,USD
ADJ0004608,TK0011852,T0112894,appeasement_credit,5.27,service_recovery,2026-02-15 10:18:18.000000000,USD
ADJ0004609,TK0011861,T0112999,refund,8.33,payment_issue,2026-02-07 21:43:44.000000000,USD
ADJ0004610,TK0011862,T0113017,refund,1.4,payment_issue,2026-05-17 03:09:48.000000000,USD
ADJ0004611,TK0011864,T0113021,refund,13.34,pickup_issue,2026-01-05 09:03:44.000000000,USD
ADJ0004612,TK0011865,T0113022,appeasement_credit,19.25,service_recovery,2026-02-21 06:31:09.000000000,USD
ADJ0004613,TK0011870,T0113035,refund,1.91,safety_concern,2026-03-25 16:03:18.000000000,USD
ADJ0004614,TK0011871,T0113050,appeasement_credit,19.58,service_recovery,2026-06-01 13:10:48.000000000,USD
ADJ0004615,TK0011874,T0113078,refund,2.93,cancellation_issue,2026-02-07 22:52:02.000000000,USD
ADJ0004616,TK0011879,T0113111,appeasement_credit,6.37,service_recovery,2026-04-25 03:31:39.000000000,USD
ADJ0004617,TK0011881,T0113129,appeasement_credit,16.72,service_recovery,2026-05-02 12:02:01.000000000,USD
ADJ0004618,TK0011882,T0113136,refund,10.83,trip_status_issue,2026-06-14 00:32:10.000000000,USD
ADJ0004619,TK0011883,T0113149,refund,6.55,cancellation_issue,2026-03-28 09:56:15.000000000,USD
ADJ0004620,TK0011884,T0113154,appeasement_credit,4.48,service_recovery,2026-02-21 08:44:26.000000000,USD
ADJ0004621,TK0011886,T0113234,refund,8.96,safety_concern,2026-01-14 03:51:45.000000000,USD
ADJ0004622,TK0011888,T0113245,refund,4.48,trip_status_issue,2026-05-07 03:09:09.000000000,USD
ADJ0004623,TK0011890,T0113253,appeasement_credit,18.68,service_recovery,2026-03-01 19:17:22.000000000,USD
ADJ0004624,TK0011896,T0113302,refund,7.05,trip_status_issue,2026-06-07 00:57:36.000000000,USD
ADJ0004625,TK0011898,T0113318,refund,6.51,route_issue,2026-01-18 18:34:37.000000000,USD
ADJ0004626,TK0011898,T0113318,appeasement_credit,18.36,service_recovery,2026-01-18 18:52:37.000000000,USD
ADJ0004627,TK0011899,T0113319,refund,2.29,pickup_issue,2026-03-03 11:13:27.000000000,USD
ADJ0004628,TK0011899,T0113319,appeasement_credit,17.38,service_recovery,2026-03-03 10:29:27.000000000,USD
ADJ0004629,TK0011903,T0113347,refund,15.66,safety_concern,2026-04-14 08:06:24.000000000,USD
ADJ0004630,TK0011903,T0113347,appeasement_credit,14.92,service_recovery,2026-04-14 07:46:24.000000000,USD
ADJ0004631,TK0011904,T0113352,refund,6.29,safety_concern,2026-02-03 20:48:08.000000000,USD
ADJ0004632,TK0011905,T0113367,refund,12.4,payment_issue,2026-05-13 09:07:18.000000000,USD
ADJ0004633,TK0011908,T0113435,refund,3.27,payment_issue,2026-01-31 18:57:32.000000000,USD
ADJ0004634,TK0011910,T0113442,refund,6.82,pickup_issue,2026-02-19 19:47:49.000000000,USD
ADJ0004635,TK0011914,T0113502,refund,17.83,vehicle_access_issue,2026-01-11 20:05:22.000000000,USD
ADJ0004636,TK0011914,T0113502,appeasement_credit,14.99,service_recovery,2026-01-11 20:31:22.000000000,USD
ADJ0004637,TK0011915,T0113508,refund,3.09,trip_status_issue,2026-04-28 05:45:49.000000000,USD
ADJ0004638,TK0011916,T0113519,appeasement_credit,5.15,service_recovery,2026-05-29 05:59:43.000000000,USD
ADJ0004639,TK0011919,T0113542,refund,6.19,cancellation_issue,2026-04-16 09:47:26.000000000,USD
ADJ0004640,TK0011921,T0113546,refund,4.58,cancellation_issue,2026-06-10 20:30:01.000000000,USD
ADJ0004641,TK0011925,T0113592,refund,1.82,payment_issue,2026-05-22 01:57:59.000000000,USD
ADJ0004642,TK0011927,T0113597,refund,6.78,route_issue,2026-02-10 09:44:12.000000000,USD
ADJ0004643,TK0011929,T0113622,refund,5.75,safety_concern,2026-04-23 22:08:57.000000000,USD
ADJ0004644,TK0011933,T0113689,refund,2.28,pickup_issue,2026-04-12 14:37:55.000000000,USD
ADJ0004645,TK0011936,T0113737,refund,3.85,route_issue,2026-04-06 21:54:39.000000000,USD
ADJ0004646,TK0011937,T0113758,appeasement_credit,6.39,service_recovery,2026-05-16 12:55:56.000000000,USD
ADJ0004647,TK0011942,T0113797,appeasement_credit,17.14,service_recovery,2026-01-26 21:15:00.000000000,USD
ADJ0004648,TK0011943,T0113799,refund,8.29,vehicle_access_issue,2026-04-16 11:27:33.000000000,USD
ADJ0004649,TK0011945,T0113835,appeasement_credit,6.17,service_recovery,2026-01-02 14:49:17.000000000,USD
ADJ0004650,TK0011947,T0113847,appeasement_credit,11.89,service_recovery,2026-03-23 10:06:28.000000000,USD
ADJ0004651,TK0011955,T0113919,appeasement_credit,18.89,service_recovery,2026-03-17 15:56:52.000000000,USD
ADJ0004652,TK0011957,T0113939,refund,11.83,payment_issue,2026-02-23 00:31:01.000000000,USD
ADJ0004653,TK0011959,T0113947,appeasement_credit,13.52,service_recovery,2026-01-15 11:07:33.000000000,USD
ADJ0004654,TK0011960,T0113951,refund,7.86,pickup_issue,2026-04-16 15:36:52.000000000,USD
ADJ0004655,TK0011962,T0113972,refund,1.32,vehicle_access_issue,2026-06-14 05:43:54.000000000,USD
ADJ0004656,TK0011963,T0113973,refund,4.59,trip_status_issue,2026-01-19 23:45:59.000000000,USD
ADJ0004657,TK0011968,T0114000,appeasement_credit,12.78,service_recovery,2026-01-05 15:20:53.000000000,USD
ADJ0004658,TK0011971,T0114040,refund,1.77,safety_concern,2026-06-22 00:35:03.000000000,USD
ADJ0004659,TK0011974,T0114090,refund,13.49,payment_issue,2026-03-01 00:48:13.000000000,USD
ADJ0004660,TK0011975,T0114096,refund,1.49,pickup_issue,2026-06-16 14:49:32.000000000,USD
ADJ0004661,TK0011977,T0114115,appeasement_credit,10.67,service_recovery,2026-01-16 05:18:38.000000000,USD
ADJ0004662,TK0011978,T0114117,refund,4.56,dropoff_issue,2026-03-01 21:06:58.000000000,USD
ADJ0004663,TK0011987,T0114187,refund,2.72,payment_issue,2026-01-29 04:27:27.000000000,USD
ADJ0004664,TK0011988,T0114190,appeasement_credit,12.39,service_recovery,2026-01-25 00:47:28.000000000,USD
ADJ0004665,TK0011995,T0114235,refund,13.55,dropoff_issue,2026-05-20 23:54:26.000000000,USD
ADJ0004666,TK0011998,T0114250,refund,3.03,route_issue,2026-06-04 21:26:45.000000000,USD
ADJ0004667,TK0012001,T0114276,refund,2.49,payment_issue,2026-01-02 06:27:35.000000000,USD
ADJ0004668,TK0012002,T0114292,refund,6.79,trip_status_issue,2026-05-22 10:13:55.000000000,USD
ADJ0004669,TK0012003,T0114293,refund,2.58,vehicle_access_issue,2026-04-07 00:05:41.000000000,USD
ADJ0004670,TK0012005,T0114316,refund,4.83,pickup_issue,2026-03-31 13:16:31.000000000,USD
ADJ0004671,TK0012010,T0114385,appeasement_credit,4.96,service_recovery,2026-01-08 14:06:19.000000000,USD
ADJ0004672,TK0012011,T0114387,appeasement_credit,8.8,service_recovery,2026-01-17 01:28:03.000000000,USD
ADJ0004673,TK0012014,T0114419,refund,5.0,trip_status_issue,2026-06-12 02:44:53.000000000,USD
ADJ0004674,TK0012014,T0114419,appeasement_credit,12.75,service_recovery,2026-06-12 03:49:53.000000000,USD
ADJ0004675,TK0012015,T0114426,appeasement_credit,19.86,service_recovery,2026-01-28 15:10:52.000000000,USD
ADJ0004676,TK0012016,T0114436,refund,6.44,trip_status_issue,2026-01-07 19:24:56.000000000,USD
ADJ0004677,TK0012016,T0114436,appeasement_credit,17.39,service_recovery,2026-01-07 19:00:56.000000000,USD
ADJ0004678,TK0012018,T0114449,appeasement_credit,15.53,service_recovery,2026-06-11 19:42:57.000000000,USD
ADJ0004679,TK0012022,T0114485,refund,6.94,trip_status_issue,2026-06-19 03:42:24.000000000,USD
ADJ0004680,TK0012023,T0114498,refund,13.47,payment_issue,2026-04-15 07:43:36.000000000,USD
ADJ0004681,TK0012028,T0114533,refund,10.49,lost_item,2026-03-18 01:18:31.000000000,USD
ADJ0004682,TK0012029,T0114539,refund,3.92,trip_status_issue,2026-02-07 05:19:04.000000000,USD
ADJ0004683,TK0012030,T0114544,appeasement_credit,11.53,service_recovery,2026-06-14 21:04:04.000000000,USD
ADJ0004684,TK0012031,T0114550,refund,7.25,cancellation_issue,2026-05-30 17:41:36.000000000,USD
ADJ0004685,TK0012032,T0114561,refund,7.71,safety_concern,2026-02-02 13:42:48.000000000,USD
ADJ0004686,TK0012035,T0114573,refund,3.99,payment_issue,2026-06-23 02:16:23.000000000,USD
ADJ0004687,TK0012040,T0114592,refund,5.0,trip_status_issue,2026-05-26 08:55:04.000000000,USD
ADJ0004688,TK0012041,T0114594,refund,5.27,trip_status_issue,2026-04-02 01:00:06.000000000,USD
ADJ0004689,TK0012041,T0114594,appeasement_credit,18.21,service_recovery,2026-04-02 00:57:06.000000000,USD
ADJ0004690,TK0012043,T0114599,refund,7.03,vehicle_access_issue,2026-04-30 03:33:00.000000000,USD
ADJ0004691,TK0012046,T0114617,refund,2.33,cancellation_issue,2026-02-02 02:55:54.000000000,USD
ADJ0004692,TK0012047,T0114626,appeasement_credit,12.13,service_recovery,2026-05-16 05:43:57.000000000,USD
ADJ0004693,TK0012057,T0114731,refund,4.29,cancellation_issue,2026-04-02 10:33:26.000000000,USD
ADJ0004694,TK0012059,T0114765,refund,5.03,payment_issue,2026-02-04 06:49:19.000000000,USD
ADJ0004695,TK0012065,T0114821,appeasement_credit,13.01,service_recovery,2026-05-15 18:04:37.000000000,USD
ADJ0004696,TK0012069,T0114856,appeasement_credit,9.9,service_recovery,2026-03-14 05:46:39.000000000,USD
ADJ0004697,TK0012071,T0114865,refund,22.28,cancellation_issue,2026-02-03 00:11:41.000000000,USD
ADJ0004698,TK0012072,T0114871,refund,10.49,dropoff_issue,2026-04-25 12:03:31.000000000,USD
ADJ0004699,TK0012073,T0114873,refund,3.29,safety_concern,2026-03-25 19:40:40.000000000,USD
ADJ0004700,TK0012076,T0114901,refund,14.75,trip_status_issue,2026-07-01 01:01:24.000000000,USD
ADJ0004701,TK0012077,T0114920,refund,3.99,payment_issue,2026-06-26 12:26:45.000000000,USD
ADJ0004702,TK0012078,T0114926,appeasement_credit,6.87,service_recovery,2026-03-14 07:28:54.000000000,USD
ADJ0004703,TK0012080,T0114951,refund,1.73,trip_status_issue,2026-02-20 05:03:52.000000000,USD
ADJ0004704,TK0012080,T0114951,appeasement_credit,10.34,service_recovery,2026-02-20 05:52:52.000000000,USD
ADJ0004705,TK0012083,T0114968,appeasement_credit,16.7,service_recovery,2026-06-18 23:53:41.000000000,USD
ADJ0004706,TK0012087,T0115005,refund,6.53,cancellation_issue,2026-04-14 04:39:49.000000000,USD
ADJ0004707,TK0012087,T0115005,appeasement_credit,15.49,service_recovery,2026-04-14 05:24:49.000000000,USD
ADJ0004708,TK0012091,T0115024,refund,3.06,cancellation_issue,2026-03-22 12:29:40.000000000,USD
ADJ0004709,TK0012094,T0115052,appeasement_credit,10.02,service_recovery,2026-03-06 08:53:29.000000000,USD
ADJ0004710,TK0012095,T0115056,refund,12.72,cancellation_issue,2026-03-07 18:43:02.000000000,USD
ADJ0004711,TK0012097,T0115098,refund,4.52,pickup_issue,2026-02-12 09:36:33.000000000,USD
ADJ0004712,TK0012097,T0115098,appeasement_credit,14.75,service_recovery,2026-02-12 10:39:33.000000000,USD
ADJ0004713,TK0012100,T0115119,appeasement_credit,9.43,service_recovery,2026-01-12 12:44:50.000000000,USD
ADJ0004714,TK0012106,T0115176,refund,5.4,vehicle_access_issue,2026-06-05 20:45:36.000000000,USD
ADJ0004715,TK0012108,T0115190,refund,5.5,trip_status_issue,2026-04-16 17:43:54.000000000,USD
ADJ0004716,TK0012110,T0115224,appeasement_credit,16.72,service_recovery,2026-04-07 10:42:24.000000000,USD
ADJ0004717,TK0012112,T0115256,refund,7.3,payment_issue,2026-02-26 13:46:06.000000000,USD
ADJ0004718,TK0012113,T0115258,refund,3.18,cancellation_issue,2026-03-18 03:47:01.000000000,USD
ADJ0004719,TK0012114,T0115275,refund,10.61,safety_concern,2026-01-16 01:36:51.000000000,USD
ADJ0004720,TK0012116,T0115289,appeasement_credit,10.28,service_recovery,2026-05-20 18:23:48.000000000,USD
ADJ0004721,TK0012118,T0115307,refund,2.07,safety_concern,2026-05-12 22:24:52.000000000,USD
ADJ0004722,TK0012118,T0115307,appeasement_credit,15.45,service_recovery,2026-05-12 23:25:52.000000000,USD
ADJ0004723,TK0012123,T0115377,refund,5.89,lost_item,2026-06-29 15:01:46.000000000,USD
ADJ0004724,TK0012130,T0115441,refund,4.91,vehicle_access_issue,2026-01-26 08:23:21.000000000,USD
ADJ0004725,TK0012136,T0115493,appeasement_credit,4.09,service_recovery,2026-06-14 00:07:48.000000000,USD
ADJ0004726,TK0012138,T0115504,refund,2.61,route_issue,2026-02-16 22:21:55.000000000,USD
ADJ0004727,TK0012141,T0115568,refund,6.98,pickup_issue,2026-05-23 18:40:14.000000000,USD
ADJ0004728,TK0012143,T0115587,refund,6.93,other,2026-04-24 22:04:51.000000000,USD
ADJ0004729,TK0012143,T0115587,appeasement_credit,15.45,service_recovery,2026-04-24 23:05:51.000000000,USD
ADJ0004730,TK0012146,T0115597,refund,4.4,cancellation_issue,2026-03-29 05:20:36.000000000,USD
ADJ0004731,TK0012150,T0115637,refund,2.56,cancellation_issue,2026-04-26 12:32:08.000000000,USD
ADJ0004732,TK0012151,T0115647,refund,3.21,cancellation_issue,2026-04-28 02:13:58.000000000,USD
ADJ0004733,TK0012152,T0115659,refund,1.2,pickup_issue,2026-05-16 05:46:39.000000000,USD
ADJ0004734,TK0012153,T0115665,refund,12.04,pickup_issue,2026-05-20 14:51:02.000000000,USD
ADJ0004735,TK0012158,T0115708,refund,7.58,cancellation_issue,2026-06-16 00:50:10.000000000,USD
ADJ0004736,TK0012161,T0115723,refund,5.97,route_issue,2026-05-23 13:09:25.000000000,USD
ADJ0004737,TK0012161,T0115723,appeasement_credit,14.53,service_recovery,2026-05-23 13:59:25.000000000,USD
ADJ0004738,TK0012164,T0115786,refund,7.79,payment_issue,2026-03-16 07:49:28.000000000,USD
ADJ0004739,TK0012167,T0115840,refund,4.82,dropoff_issue,2026-03-13 18:18:20.000000000,USD
ADJ0004740,TK0012168,T0115843,appeasement_credit,7.35,service_recovery,2026-04-15 22:34:03.000000000,USD
ADJ0004741,TK0012169,T0115850,refund,4.9,payment_issue,2026-01-07 22:18:33.000000000,USD
ADJ0004742,TK0012173,T0115893,refund,4.61,trip_status_issue,2026-02-15 05:26:36.000000000,USD
ADJ0004743,TK0012175,T0115920,refund,9.69,vehicle_access_issue,2026-04-16 17:13:08.000000000,USD
ADJ0004744,TK0012181,T0116013,refund,4.39,safety_concern,2026-03-02 10:05:09.000000000,USD
ADJ0004745,TK0012185,T0116046,refund,3.55,safety_concern,2026-05-18 12:53:50.000000000,USD
ADJ0004746,TK0012187,T0116059,refund,10.73,vehicle_access_issue,2026-03-27 09:23:34.000000000,USD
ADJ0004747,TK0012187,T0116059,appeasement_credit,5.64,service_recovery,2026-03-27 10:10:34.000000000,USD
ADJ0004748,TK0012191,T0116124,appeasement_credit,12.46,service_recovery,2026-01-03 11:54:32.000000000,USD
ADJ0004749,TK0012192,T0116146,refund,1.14,trip_status_issue,2026-03-23 08:02:14.000000000,USD
ADJ0004750,TK0012192,T0116146,appeasement_credit,10.41,service_recovery,2026-03-23 07:56:14.000000000,USD
ADJ0004751,TK0012193,T0116157,appeasement_credit,18.0,service_recovery,2026-06-06 17:12:18.000000000,USD
ADJ0004752,TK0012195,T0116171,refund,1.06,safety_concern,2026-03-17 04:13:28.000000000,USD
ADJ0004753,TK0012197,T0116185,appeasement_credit,19.59,service_recovery,2026-01-08 18:26:15.000000000,USD
ADJ0004754,TK0012201,T0116233,refund,9.45,route_issue,2026-03-01 18:02:18.000000000,USD
ADJ0004755,TK0012201,T0116233,appeasement_credit,10.34,service_recovery,2026-03-01 18:12:18.000000000,USD
ADJ0004756,TK0012202,T0116235,refund,9.13,cancellation_issue,2026-05-22 06:24:21.000000000,USD
ADJ0004757,TK0012208,T0116267,refund,10.71,payment_issue,2026-05-24 23:13:57.000000000,USD
ADJ0004758,TK0012213,T0116322,refund,1.06,pickup_issue,2026-03-24 03:16:10.000000000,USD
ADJ0004759,TK0012216,T0116342,refund,8.52,trip_status_issue,2026-02-04 15:03:41.000000000,USD
ADJ0004760,TK0012223,T0116406,appeasement_credit,14.48,service_recovery,2026-03-24 17:55:18.000000000,USD
ADJ0004761,TK0012226,T0116419,refund,22.34,route_issue,2026-04-10 13:08:49.000000000,USD
ADJ0004762,TK0012227,T0116428,refund,15.08,payment_issue,2026-05-29 22:58:34.000000000,USD
ADJ0004763,TK0012233,T0116503,refund,1.77,payment_issue,2026-03-18 01:43:38.000000000,USD
ADJ0004764,TK0012234,T0116515,refund,4.75,cancellation_issue,2026-02-18 21:26:41.000000000,USD
ADJ0004765,TK0012236,T0116548,refund,2.89,cancellation_issue,2026-06-07 13:02:43.000000000,USD
ADJ0004766,TK0012237,T0116552,refund,2.22,cancellation_issue,2026-04-06 03:08:01.000000000,USD
ADJ0004767,TK0012238,T0116555,refund,13.23,payment_issue,2026-04-03 06:26:02.000000000,USD
ADJ0004768,TK0012239,T0116563,appeasement_credit,13.67,service_recovery,2026-03-06 13:59:26.000000000,USD
ADJ0004769,TK0012242,T0116613,refund,4.84,payment_issue,2026-02-16 23:44:34.000000000,USD
ADJ0004770,TK0012252,T0116756,refund,5.2,trip_status_issue,2026-06-22 18:07:15.000000000,USD
ADJ0004771,TK0012256,T0116788,refund,4.03,cancellation_issue,2026-04-04 17:26:40.000000000,USD
ADJ0004772,TK0012258,T0116818,refund,14.92,dropoff_issue,2026-04-28 06:42:07.000000000,USD
ADJ0004773,TK0012260,T0116837,refund,1.74,safety_concern,2026-06-27 08:03:56.000000000,USD
ADJ0004774,TK0012260,T0116837,appeasement_credit,16.89,service_recovery,2026-06-27 08:12:56.000000000,USD
ADJ0004775,TK0012263,T0116863,refund,15.38,trip_status_issue,2026-03-07 22:08:17.000000000,USD
ADJ0004776,TK0012263,T0116863,appeasement_credit,5.14,service_recovery,2026-03-07 22:52:17.000000000,USD
ADJ0004777,TK0012265,T0116871,refund,3.72,other,2026-03-22 01:33:30.000000000,USD
ADJ0004778,TK0012266,T0116878,refund,17.02,trip_status_issue,2026-06-30 21:59:37.000000000,USD
ADJ0004779,TK0012267,T0116893,refund,2.63,payment_issue,2026-06-18 23:32:42.000000000,USD
ADJ0004780,TK0012268,T0116896,refund,8.4,other,2026-02-08 14:53:33.000000000,USD
ADJ0004781,TK0012271,T0116905,refund,17.15,payment_issue,2026-05-16 21:45:23.000000000,USD
ADJ0004782,TK0012280,T0117000,refund,4.52,cancellation_issue,2026-03-23 18:36:46.000000000,USD
ADJ0004783,TK0012284,T0117029,refund,17.3,dropoff_issue,2026-02-11 00:56:05.000000000,USD
ADJ0004784,TK0012286,T0117058,refund,3.21,payment_issue,2026-06-06 20:56:19.000000000,USD
ADJ0004785,TK0012292,T0117117,refund,3.93,cancellation_issue,2026-03-08 18:22:52.000000000,USD
ADJ0004786,TK0012293,T0117135,refund,3.24,pickup_issue,2026-06-07 18:24:34.000000000,USD
ADJ0004787,TK0012294,T0117153,refund,9.3,route_issue,2026-04-30 19:57:45.000000000,USD
ADJ0004788,TK0012298,T0117254,refund,3.36,vehicle_access_issue,2026-01-23 21:18:24.000000000,USD
ADJ0004789,TK0012299,T0117277,refund,3.65,trip_status_issue,2026-02-17 08:17:26.000000000,USD
ADJ0004790,TK0012300,T0117287,refund,3.94,cancellation_issue,2026-05-10 22:28:04.000000000,USD
ADJ0004791,TK0012301,T0117289,refund,1.86,cancellation_issue,2026-01-22 03:49:46.000000000,USD
ADJ0004792,TK0012302,T0117292,refund,2.51,pickup_issue,2026-01-15 03:04:41.000000000,USD
ADJ0004793,TK0012303,T0117294,refund,2.26,pickup_issue,2026-06-21 11:41:15.000000000,USD
ADJ0004794,TK0012306,T0117311,appeasement_credit,7.68,service_recovery,2026-03-19 06:52:22.000000000,USD
ADJ0004795,TK0012308,T0117331,appeasement_credit,17.25,service_recovery,2026-06-04 14:03:23.000000000,USD
ADJ0004796,TK0012309,T0117361,refund,3.28,trip_status_issue,2026-02-25 07:51:18.000000000,USD
ADJ0004797,TK0012310,T0117365,refund,1.51,cancellation_issue,2026-01-02 09:17:56.000000000,USD
ADJ0004798,TK0012310,T0117365,appeasement_credit,14.58,service_recovery,2026-01-02 09:44:56.000000000,USD
ADJ0004799,TK0012311,T0117373,refund,1.67,trip_status_issue,2026-03-30 13:13:17.000000000,USD
ADJ0004800,TK0012313,T0117405,refund,3.57,route_issue,2026-05-26 16:13:19.000000000,USD
ADJ0004801,TK0012315,T0117427,refund,8.32,safety_concern,2026-06-11 10:56:52.000000000,USD
ADJ0004802,TK0012320,T0117482,refund,16.2,trip_status_issue,2026-05-11 22:18:09.000000000,USD
ADJ0004803,TK0012324,T0117506,refund,6.62,payment_issue,2026-05-29 20:54:18.000000000,USD
ADJ0004804,TK0012325,T0117514,appeasement_credit,15.85,service_recovery,2026-04-16 13:42:31.000000000,USD
ADJ0004805,TK0012327,T0117528,appeasement_credit,8.39,service_recovery,2026-05-04 15:37:52.000000000,USD
ADJ0004806,TK0012332,T0117570,refund,23.98,pickup_issue,2026-01-24 03:46:07.000000000,USD
ADJ0004807,TK0012333,T0117571,refund,6.77,vehicle_access_issue,2026-01-16 05:34:59.000000000,USD
ADJ0004808,TK0012336,T0117615,appeasement_credit,12.86,service_recovery,2026-05-27 06:32:35.000000000,USD
ADJ0004809,TK0012337,T0117626,refund,3.45,trip_status_issue,2026-04-26 03:10:45.000000000,USD
ADJ0004810,TK0012338,T0117647,refund,4.62,dropoff_issue,2026-06-21 05:39:54.000000000,USD
ADJ0004811,TK0012339,T0117655,refund,2.77,vehicle_access_issue,2026-02-14 06:04:44.000000000,USD
ADJ0004812,TK0012344,T0117720,appeasement_credit,8.47,service_recovery,2026-06-20 04:11:40.000000000,USD
ADJ0004813,TK0012348,T0117756,refund,6.07,pickup_issue,2026-01-10 20:14:35.000000000,USD
ADJ0004814,TK0012348,T0117756,appeasement_credit,19.29,service_recovery,2026-01-10 21:20:35.000000000,USD
ADJ0004815,TK0012350,T0117789,refund,11.22,payment_issue,2026-06-06 21:57:44.000000000,USD
ADJ0004816,TK0012353,T0117811,refund,2.66,payment_issue,2026-06-17 13:40:53.000000000,USD
ADJ0004817,TK0012356,T0117839,refund,3.89,payment_issue,2026-06-21 10:00:00.000000000,USD
ADJ0004818,TK0012360,T0117899,refund,8.46,payment_issue,2026-01-19 07:17:32.000000000,USD
ADJ0004819,TK0012363,T0117926,refund,4.54,other,2026-06-24 14:06:49.000000000,USD
ADJ0004820,TK0012364,T0117927,refund,2.63,trip_status_issue,2026-07-01 21:22:58.000000000,USD
ADJ0004821,TK0012364,T0117927,appeasement_credit,9.86,service_recovery,2026-07-01 21:05:58.000000000,USD
ADJ0004822,TK0012366,T0117943,appeasement_credit,5.92,service_recovery,2026-01-31 16:33:03.000000000,USD
ADJ0004823,TK0012373,T0118031,appeasement_credit,12.38,service_recovery,2026-03-10 00:40:55.000000000,USD
ADJ0004824,TK0012377,T0118086,refund,5.09,payment_issue,2026-03-30 13:09:13.000000000,USD
ADJ0004825,TK0012378,T0118092,refund,2.41,safety_concern,2026-06-07 00:03:07.000000000,USD
ADJ0004826,TK0012380,T0118103,appeasement_credit,17.74,service_recovery,2026-02-14 13:58:10.000000000,USD
ADJ0004827,TK0012382,T0118118,refund,8.95,route_issue,2026-04-24 10:33:36.000000000,USD
ADJ0004828,TK0012382,T0118118,appeasement_credit,13.21,service_recovery,2026-04-24 10:50:36.000000000,USD
ADJ0004829,TK0012383,T0118119,appeasement_credit,15.03,service_recovery,2026-05-19 20:48:52.000000000,USD
ADJ0004830,TK0012384,T0118128,refund,1.7,safety_concern,2026-06-04 20:00:30.000000000,USD
ADJ0004831,TK0012385,T0118135,refund,2.44,cancellation_issue,2026-04-23 10:21:39.000000000,USD
ADJ0004832,TK0012387,T0118195,refund,9.35,vehicle_access_issue,2026-06-15 04:22:27.000000000,USD
ADJ0004833,TK0012390,T0118233,refund,1.31,payment_issue,2026-03-06 07:02:41.000000000,USD
ADJ0004834,TK0012392,T0118251,refund,6.18,trip_status_issue,2026-02-07 11:01:09.000000000,USD
ADJ0004835,TK0012392,T0118251,appeasement_credit,9.74,service_recovery,2026-02-07 10:36:09.000000000,USD
ADJ0004836,TK0012393,T0118252,refund,10.54,route_issue,2026-02-08 09:10:55.000000000,USD
ADJ0004837,TK0012395,T0118266,refund,15.33,trip_status_issue,2026-03-18 03:50:57.000000000,USD
ADJ0004838,TK0012395,T0118266,appeasement_credit,18.29,service_recovery,2026-03-18 04:07:57.000000000,USD
ADJ0004839,TK0012398,T0118304,appeasement_credit,14.25,service_recovery,2026-04-25 04:42:47.000000000,USD
ADJ0004840,TK0012402,T0118336,refund,1.59,safety_concern,2026-01-16 15:48:12.000000000,USD
ADJ0004841,TK0012409,T0118428,appeasement_credit,4.95,service_recovery,2026-06-01 20:22:39.000000000,USD
ADJ0004842,TK0012413,T0118468,refund,0.77,trip_status_issue,2026-02-23 11:01:11.000000000,USD
ADJ0004843,TK0012417,T0118497,refund,3.69,dropoff_issue,2026-06-15 15:45:39.000000000,USD
ADJ0004844,TK0012417,T0118497,appeasement_credit,9.78,service_recovery,2026-06-15 15:27:39.000000000,USD
ADJ0004845,TK0012419,T0118512,appeasement_credit,11.97,service_recovery,2026-04-27 05:38:22.000000000,USD
ADJ0004846,TK0012420,T0118513,refund,4.44,route_issue,2026-01-02 07:23:33.000000000,USD
ADJ0004847,TK0012421,T0118527,refund,1.79,cancellation_issue,2026-01-24 06:02:05.000000000,USD
ADJ0004848,TK0012423,T0118537,refund,1.57,trip_status_issue,2026-06-27 04:06:56.000000000,USD
ADJ0004849,TK0012424,T0118540,appeasement_credit,17.74,service_recovery,2026-04-24 11:27:31.000000000,USD
ADJ0004850,TK0012426,T0118561,refund,4.87,vehicle_access_issue,2026-05-26 21:30:18.000000000,USD
ADJ0004851,TK0012431,T0118601,appeasement_credit,3.46,service_recovery,2026-04-10 08:57:39.000000000,USD
ADJ0004852,TK0012434,T0118618,refund,13.1,dropoff_issue,2026-06-04 16:36:21.000000000,USD
ADJ0004853,TK0012436,T0118633,refund,6.12,pickup_issue,2026-05-13 14:02:32.000000000,USD
ADJ0004854,TK0012438,T0118649,refund,9.81,pickup_issue,2026-06-20 09:49:01.000000000,USD
ADJ0004855,TK0012439,T0118660,refund,6.18,lost_item,2026-03-13 04:50:12.000000000,USD
ADJ0004856,TK0012440,T0118673,refund,3.22,pickup_issue,2026-02-24 08:20:09.000000000,USD
ADJ0004857,TK0012444,T0118734,refund,11.67,safety_concern,2026-06-21 11:00:06.000000000,USD
ADJ0004858,TK0012446,T0118755,appeasement_credit,12.73,service_recovery,2026-06-23 15:59:51.000000000,USD
ADJ0004859,TK0012449,T0118798,refund,5.81,dropoff_issue,2026-03-14 05:38:24.000000000,USD
ADJ0004860,TK0012458,T0118877,appeasement_credit,18.11,service_recovery,2026-01-31 22:56:18.000000000,USD
ADJ0004861,TK0012459,T0118884,appeasement_credit,17.67,service_recovery,2026-04-25 07:17:32.000000000,USD
ADJ0004862,TK0012460,T0118886,refund,1.11,payment_issue,2026-04-09 01:56:04.000000000,USD
ADJ0004863,TK0012465,T0118957,refund,21.67,route_issue,2026-02-26 23:22:45.000000000,USD
ADJ0004864,TK0012469,T0118998,refund,8.57,lost_item,2026-06-01 22:16:12.000000000,USD
ADJ0004865,TK0012470,T0119004,refund,4.03,cancellation_issue,2026-04-29 12:57:01.000000000,USD
ADJ0004866,TK0012481,T0119149,refund,1.62,dropoff_issue,2026-06-11 03:03:49.000000000,USD
ADJ0004867,TK0012482,T0119150,refund,4.94,payment_issue,2026-05-19 08:12:20.000000000,USD
ADJ0004868,TK0012487,T0119168,appeasement_credit,5.28,service_recovery,2026-05-23 08:30:00.000000000,USD
ADJ0004869,TK0012488,T0119172,refund,4.2,cancellation_issue,2026-06-20 11:24:50.000000000,USD
ADJ0004870,TK0012490,T0119188,refund,2.07,safety_concern,2026-05-18 21:37:41.000000000,USD
ADJ0004871,TK0012491,T0119190,refund,8.23,safety_concern,2026-03-09 08:52:43.000000000,USD
ADJ0004872,TK0012491,T0119190,appeasement_credit,13.32,service_recovery,2026-03-09 09:39:43.000000000,USD
ADJ0004873,TK0012495,T0119213,refund,7.29,dropoff_issue,2026-01-28 11:07:51.000000000,USD
ADJ0004874,TK0012497,T0119228,refund,8.03,dropoff_issue,2026-01-28 04:50:57.000000000,USD
ADJ0004875,TK0012500,T0119244,refund,14.06,safety_concern,2026-01-31 21:48:54.000000000,USD
ADJ0004876,TK0012501,T0119246,appeasement_credit,18.4,service_recovery,2026-04-29 07:14:45.000000000,USD
ADJ0004877,TK0012502,T0119254,refund,12.35,payment_issue,2026-02-08 12:38:11.000000000,USD
ADJ0004878,TK0012505,T0119268,appeasement_credit,11.42,service_recovery,2026-05-27 12:38:01.000000000,USD
ADJ0004879,TK0012509,T0119293,refund,1.82,trip_status_issue,2026-03-16 18:25:52.000000000,USD
ADJ0004880,TK0012509,T0119293,appeasement_credit,11.54,service_recovery,2026-03-16 19:20:52.000000000,USD
ADJ0004881,TK0012514,T0119377,refund,8.81,payment_issue,2026-06-11 08:38:17.000000000,USD
ADJ0004882,TK0012515,T0119379,refund,7.53,payment_issue,2026-04-10 16:29:59.000000000,USD
ADJ0004883,TK0012515,T0119379,appeasement_credit,7.51,service_recovery,2026-04-10 17:49:59.000000000,USD
ADJ0004884,TK0012516,T0119381,appeasement_credit,12.08,service_recovery,2026-03-30 15:11:50.000000000,USD
ADJ0004885,TK0012517,T0119386,refund,17.3,payment_issue,2026-05-01 03:50:31.000000000,USD
ADJ0004886,TK0012518,T0119397,refund,13.32,cancellation_issue,2026-05-11 16:16:28.000000000,USD
ADJ0004887,TK0012519,T0119407,appeasement_credit,12.13,service_recovery,2026-03-27 13:50:54.000000000,USD
ADJ0004888,TK0012522,T0119444,refund,2.39,cancellation_issue,2026-06-23 04:45:18.000000000,USD
ADJ0004889,TK0012523,T0119445,appeasement_credit,3.62,service_recovery,2026-05-17 16:26:04.000000000,USD
ADJ0004890,TK0012524,T0119447,refund,5.31,pickup_issue,2026-06-13 19:59:19.000000000,USD
ADJ0004891,TK0012525,T0119451,refund,1.61,vehicle_access_issue,2026-02-08 01:52:39.000000000,USD
ADJ0004892,TK0012527,T0119471,refund,11.38,trip_status_issue,2026-06-21 05:16:26.000000000,USD
ADJ0004893,TK0012527,T0119471,appeasement_credit,16.44,service_recovery,2026-06-21 05:35:26.000000000,USD
ADJ0004894,TK0012529,T0119491,refund,24.38,other,2026-04-07 12:30:39.000000000,USD
ADJ0004895,TK0012537,T0119538,refund,8.79,pickup_issue,2026-06-16 15:53:19.000000000,USD
ADJ0004896,TK0012542,T0119612,appeasement_credit,19.48,service_recovery,2026-01-28 20:35:34.000000000,USD
ADJ0004897,TK0012545,T0119632,refund,7.69,payment_issue,2026-06-13 21:27:06.000000000,USD
ADJ0004898,TK0012546,T0119647,refund,5.67,vehicle_access_issue,2026-03-14 06:11:30.000000000,USD
ADJ0004899,TK0012547,T0119654,refund,14.32,dropoff_issue,2026-01-29 14:20:32.000000000,USD
ADJ0004900,TK0012547,T0119654,appeasement_credit,4.11,service_recovery,2026-01-29 14:44:32.000000000,USD
ADJ0004901,TK0012549,T0119738,refund,3.35,pickup_issue,2026-05-25 09:27:43.000000000,USD
ADJ0004902,TK0012556,T0119827,refund,14.86,payment_issue,2026-04-01 09:53:16.000000000,USD
ADJ0004903,TK0012558,T0119840,appeasement_credit,3.55,service_recovery,2026-01-10 00:39:57.000000000,USD
ADJ0004904,TK0012559,T0119843,refund,13.71,trip_status_issue,2026-03-24 05:22:21.000000000,USD
ADJ0004905,TK0012562,T0119896,appeasement_credit,9.78,service_recovery,2026-01-10 16:39:02.000000000,USD
ADJ0004906,TK0012566,T0119917,refund,5.97,safety_concern,2026-06-03 08:06:42.000000000,USD
ADJ0004907,TK0012566,T0119917,appeasement_credit,6.41,service_recovery,2026-06-03 09:02:42.000000000,USD
ADJ0004908,TK0012571,T0119959,refund,17.67,cancellation_issue,2026-06-19 08:18:12.000000000,USD
ADJ0004909,TK0012573,T0119967,appeasement_credit,5.29,service_recovery,2026-02-25 07:55:16.000000000,USD
ADJ0004910,TK0012574,T0119985,refund,20.55,vehicle_access_issue,2026-02-19 19:41:49.000000000,USD
ADJ0004911,TK0012574,T0119985,appeasement_credit,5.42,service_recovery,2026-02-19 19:35:49.000000000,USD
ADJ0004912,TK0012577,T0000004,refund,1.7,payment_issue,2026-02-02 02:26:29.589504475,USD
ADJ0004913,TK0012578,T0000016,refund,6.98,route_issue,2026-03-28 01:45:26.223990310,USD
ADJ0004914,TK0012580,T0000073,refund,2.2,route_issue,2026-06-30 07:47:10.965441339,USD
ADJ0004915,TK0012581,T0000076,refund,9.85,safety_concern,2026-03-17 12:46:04.750576933,USD
ADJ0004916,TK0012585,T0000215,appeasement_credit,13.89,service_recovery,2026-03-09 21:54:18.805864220,USD
ADJ0004917,TK0012587,T0000457,appeasement_credit,19.91,service_recovery,2026-03-25 10:00:35.324300932,USD
ADJ0004918,TK0012588,T0000501,refund,7.56,cancellation_issue,2026-05-01 03:48:38.542935611,USD
ADJ0004919,TK0012588,T0000501,appeasement_credit,11.6,service_recovery,2026-05-01 03:49:38.542935611,USD
ADJ0004920,TK0012589,T0000550,refund,4.79,pickup_issue,2026-04-01 21:30:59.519919678,USD
ADJ0004921,TK0012590,T0000577,refund,3.3,cancellation_issue,2026-02-13 05:38:57.404544512,USD
ADJ0004922,TK0012591,T0000609,refund,6.73,cancellation_issue,2026-04-12 07:59:38.882707861,USD
ADJ0004923,TK0012594,T0001106,refund,2.3,pickup_issue,2026-05-10 05:00:37.225604563,USD
ADJ0004924,TK0012594,T0001106,appeasement_credit,6.15,service_recovery,2026-05-10 04:31:37.225604563,USD
ADJ0004925,TK0012595,T0001119,appeasement_credit,17.93,service_recovery,2026-04-20 07:01:21.519064639,USD
ADJ0004926,TK0012598,T0001366,appeasement_credit,10.46,service_recovery,2026-05-27 01:50:03.041291817,USD
ADJ0004927,TK0012600,T0001595,appeasement_credit,17.44,service_recovery,2026-01-26 05:18:08.040380946,USD
ADJ0004928,TK0012601,T0001656,refund,2.15,cancellation_issue,2026-06-12 09:05:00.020017123,USD
ADJ0004929,TK0012601,T0001656,appeasement_credit,7.23,service_recovery,2026-06-12 09:52:00.020017123,USD
ADJ0004930,TK0012602,T0001673,refund,21.16,trip_status_issue,2026-06-04 02:10:17.307606233,USD
ADJ0004931,TK0012604,T0001803,refund,1.52,cancellation_issue,2026-06-29 04:09:12.708616566,USD
ADJ0004932,TK0012607,T0002008,refund,7.55,payment_issue,2026-04-05 14:09:15.716058546,USD
ADJ0004933,TK0012612,T0002082,appeasement_credit,6.38,service_recovery,2026-04-14 07:33:52.785571972,USD
ADJ0004934,TK0012614,T0002126,refund,2.71,vehicle_access_issue,2026-06-04 09:23:21.338629104,USD
ADJ0004935,TK0012617,T0002206,appeasement_credit,9.77,service_recovery,2026-06-22 16:38:17.713678718,USD
ADJ0004936,TK0012620,T0002254,appeasement_credit,17.78,service_recovery,2026-01-18 13:43:11.361262599,USD
ADJ0004937,TK0012621,T0002310,refund,1.94,cancellation_issue,2026-06-13 12:55:37.947563419,USD
ADJ0004938,TK0012629,T0002906,refund,8.86,dropoff_issue,2026-02-22 20:56:40.375473543,USD
ADJ0004939,TK0012630,T0002932,refund,1.45,pickup_issue,2026-05-04 14:18:35.363253797,USD
ADJ0004940,TK0012632,T0002971,refund,9.39,trip_status_issue,2026-06-22 10:54:39.300510909,USD
ADJ0004941,TK0012633,T0002995,refund,5.34,cancellation_issue,2026-01-27 20:11:01.002402344,USD
ADJ0004942,TK0012633,T0002995,appeasement_credit,4.95,service_recovery,2026-01-27 20:05:01.002402344,USD
ADJ0004943,TK0012635,T0003108,refund,6.2,route_issue,2026-07-01 03:36:11.687958269,USD
ADJ0004944,TK0012635,T0003108,appeasement_credit,16.45,service_recovery,2026-07-01 04:07:11.687958269,USD
ADJ0004945,TK0012636,T0003224,appeasement_credit,12.92,service_recovery,2026-07-02 10:24:07.919335389,USD
ADJ0004946,TK0012645,T0003856,refund,1.5,safety_concern,2026-04-24 10:19:00.724607707,USD
ADJ0004947,TK0012652,T0004094,refund,10.96,pickup_issue,2026-02-23 18:16:01.892158352,USD
ADJ0004948,TK0012657,T0004402,refund,2.33,route_issue,2026-04-11 19:38:17.159817981,USD
ADJ0004949,TK0012663,T0004612,appeasement_credit,11.91,service_recovery,2026-01-25 13:31:51.706418458,USD
ADJ0004950,TK0012669,T0005023,appeasement_credit,11.58,service_recovery,2026-05-31 07:06:36.431444924,USD
ADJ0004951,TK0012672,T0005205,appeasement_credit,14.95,service_recovery,2026-04-26 10:16:23.078079784,USD
ADJ0004952,TK0012674,T0005293,appeasement_credit,17.65,service_recovery,2026-04-28 08:55:02.163601302,USD
ADJ0004953,TK0012675,T0005344,refund,10.16,trip_status_issue,2026-01-19 10:07:31.634227421,USD
ADJ0004954,TK0012676,T0005372,appeasement_credit,11.98,service_recovery,2026-01-24 23:58:49.746746401,USD
ADJ0004955,TK0012678,T0005462,appeasement_credit,18.97,service_recovery,2026-06-17 12:01:10.166017251,USD
ADJ0004956,TK0012679,T0005720,appeasement_credit,18.27,service_recovery,2026-06-10 10:10:30.455218766,USD
ADJ0004957,TK0012684,T0006100,refund,1.2,pickup_issue,2026-04-28 08:51:01.210355932,USD
ADJ0004958,TK0012686,T0006140,appeasement_credit,11.16,service_recovery,2026-02-04 04:43:33.807652009,USD
ADJ0004959,TK0012688,T0006221,appeasement_credit,17.43,service_recovery,2026-03-29 12:08:56.826260342,USD
ADJ0004960,TK0012697,T0006585,appeasement_credit,4.31,service_recovery,2026-02-03 18:49:28.209808063,USD
ADJ0004961,TK0012699,T0006660,appeasement_credit,13.26,service_recovery,2026-02-23 02:43:01.315251207,USD
ADJ0004962,TK0012700,T0006702,refund,4.25,pickup_issue,2026-01-08 20:25:29.766729213,USD
ADJ0004963,TK0012705,T0006911,refund,5.38,trip_status_issue,2026-04-22 15:32:50.111554919,USD
ADJ0004964,TK0012707,T0007015,refund,9.77,cancellation_issue,2026-05-10 04:52:39.571603165,USD
ADJ0004965,TK0012708,T0007042,appeasement_credit,14.82,service_recovery,2026-05-05 06:42:28.944291842,USD
ADJ0004966,TK0012709,T0007088,refund,1.99,payment_issue,2026-06-10 14:29:54.102925535,USD
ADJ0004967,TK0012709,T0007088,appeasement_credit,5.13,service_recovery,2026-06-10 14:54:54.102925535,USD
ADJ0004968,TK0012710,T0007116,appeasement_credit,11.52,service_recovery,2026-04-23 15:54:17.028031980,USD
ADJ0004969,TK0012712,T0007502,appeasement_credit,12.7,service_recovery,2026-03-17 22:53:03.383870432,USD
ADJ0004970,TK0012714,T0007508,refund,5.41,pickup_issue,2026-02-06 09:59:24.343870880,USD
ADJ0004971,TK0012716,T0007566,refund,20.84,trip_status_issue,2026-01-21 01:18:04.634264855,USD
ADJ0004972,TK0012720,T0007763,appeasement_credit,10.31,service_recovery,2026-06-25 15:11:30.045848886,USD
ADJ0004973,TK0012721,T0007816,refund,15.31,payment_issue,2026-01-22 05:22:25.174187015,USD
ADJ0004974,TK0012724,T0007863,refund,3.95,pickup_issue,2026-06-21 00:22:33.148011872,USD
ADJ0004975,TK0012725,T0007971,refund,4.75,trip_status_issue,2026-02-08 18:36:23.815990939,USD
ADJ0004976,TK0012726,T0007979,refund,5.44,pickup_issue,2026-03-29 18:42:20.809667323,USD
ADJ0004977,TK0012729,T0008108,refund,9.34,vehicle_access_issue,2026-06-25 16:51:30.123514143,USD
ADJ0004978,TK0012730,T0008134,refund,23.03,vehicle_access_issue,2026-01-11 12:38:10.815367732,USD
ADJ0004979,TK0012730,T0008134,appeasement_credit,3.18,service_recovery,2026-01-11 12:51:10.815367732,USD
ADJ0004980,TK0012731,T0008405,appeasement_credit,14.38,service_recovery,2026-06-12 05:56:54.702992759,USD
ADJ0004981,TK0012732,T0008434,appeasement_credit,3.88,service_recovery,2026-05-03 04:44:50.393593860,USD
ADJ0004982,TK0012734,T0008441,refund,12.6,dropoff_issue,2026-05-15 18:14:49.304152351,USD
ADJ0004983,TK0012736,T0008531,refund,6.03,pickup_issue,2026-01-30 13:54:59.195295416,USD
ADJ0004984,TK0012738,T0008560,refund,8.33,cancellation_issue,2026-01-26 00:43:27.592132367,USD
ADJ0004985,TK0012739,T0008623,appeasement_credit,8.54,service_recovery,2026-04-24 22:47:48.317054201,USD
ADJ0004986,TK0012740,T0008680,refund,7.52,cancellation_issue,2026-03-28 01:19:37.907532682,USD
ADJ0004987,TK0012744,T0008951,appeasement_credit,5.7,service_recovery,2026-04-14 23:00:56.862834591,USD
ADJ0004988,TK0012747,T0009088,refund,7.84,pickup_issue,2026-04-28 16:46:25.438907799,USD
ADJ0004989,TK0012749,T0009155,appeasement_credit,18.04,service_recovery,2026-02-21 13:08:17.919269557,USD
ADJ0004990,TK0012750,T0009244,refund,23.69,payment_issue,2026-06-04 20:50:15.865945309,USD
ADJ0004991,TK0012750,T0009244,appeasement_credit,7.79,service_recovery,2026-06-04 20:51:15.865945309,USD
ADJ0004992,TK0012751,T0009247,refund,4.86,dropoff_issue,2026-02-25 06:38:46.260912670,USD
ADJ0004993,TK0012757,T0009939,appeasement_credit,7.2,service_recovery,2026-05-30 22:23:08.477272513,USD
ADJ0004994,TK0012758,T0009960,refund,12.05,payment_issue,2026-04-23 10:41:12.969127055,USD
ADJ0004995,TK0012765,T0010239,refund,6.75,dropoff_issue,2026-06-02 14:55:25.696132096,USD
ADJ0004996,TK0012766,T0010379,refund,5.54,payment_issue,2026-03-13 03:03:00.504064413,USD
ADJ0004997,TK0012766,T0010379,appeasement_credit,16.84,service_recovery,2026-03-13 03:52:00.504064413,USD
ADJ0004998,TK0012767,T0010527,refund,3.84,pickup_issue,2026-03-29 08:37:09.412454006,USD
ADJ0004999,TK0012772,T0010829,refund,11.55,payment_issue,2026-03-13 04:28:09.255943368,USD
ADJ0005000,TK0012774,T0010884,refund,6.44,cancellation_issue,2026-01-09 19:54:09.208692265,USD
ADJ0005001,TK0012777,T0011008,refund,16.91,payment_issue,2026-01-23 03:25:05.965249328,USD
ADJ0005002,TK0012777,T0011008,appeasement_credit,13.85,service_recovery,2026-01-23 03:40:05.965249328,USD
ADJ0005003,TK0012779,T0011096,appeasement_credit,8.14,service_recovery,2026-02-15 05:35:11.791588098,USD
ADJ0005004,TK0012780,T0011133,appeasement_credit,15.98,service_recovery,2026-02-07 11:32:24.362387623,USD
ADJ0005005,TK0012782,T0011529,refund,19.86,payment_issue,2026-03-08 21:11:32.137730969,USD
ADJ0005006,TK0012783,T0011610,appeasement_credit,7.0,service_recovery,2026-01-27 20:01:05.004862213,USD
ADJ0005007,TK0012784,T0011690,refund,10.19,safety_concern,2026-02-17 21:51:58.806963905,USD
ADJ0005008,TK0012786,T0011694,appeasement_credit,19.06,service_recovery,2026-06-02 08:21:16.780512818,USD
ADJ0005009,TK0012787,T0011758,appeasement_credit,11.97,service_recovery,2026-02-16 19:37:42.835468529,USD
ADJ0005010,TK0012788,T0011795,refund,7.12,cancellation_issue,2026-06-23 04:27:25.261826660,USD
ADJ0005011,TK0012789,T0011807,refund,15.04,payment_issue,2026-06-24 18:56:44.843493013,USD
ADJ0005012,TK0012792,T0011859,refund,7.37,cancellation_issue,2026-04-28 04:42:03.060700120,USD
ADJ0005013,TK0012792,T0011859,appeasement_credit,13.65,service_recovery,2026-04-28 04:27:03.060700120,USD
ADJ0005014,TK0012796,T0011967,refund,11.1,safety_concern,2026-03-24 04:50:17.845789853,USD
ADJ0005015,TK0012797,T0011969,appeasement_credit,9.37,service_recovery,2026-05-09 16:25:13.683779630,USD
ADJ0005016,TK0012800,T0012133,appeasement_credit,18.16,service_recovery,2026-05-03 02:54:23.158790283,USD
ADJ0005017,TK0012803,T0012302,refund,2.93,pickup_issue,2026-04-12 12:31:41.937490636,USD
ADJ0005018,TK0012804,T0012377,appeasement_credit,19.66,service_recovery,2026-07-04 13:41:34.002558013,USD
ADJ0005019,TK0012805,T0012397,refund,4.83,payment_issue,2026-02-16 03:47:15.072069732,USD
ADJ0005020,TK0012807,T0012468,refund,3.24,cancellation_issue,2026-02-01 08:53:26.638166517,USD
ADJ0005021,TK0012807,T0012468,appeasement_credit,4.87,service_recovery,2026-02-01 09:04:26.638166517,USD
ADJ0005022,TK0012808,T0012568,appeasement_credit,8.69,service_recovery,2026-06-14 15:25:45.995260834,USD
ADJ0005023,TK0012813,T0012645,refund,6.9,cancellation_issue,2026-02-07 03:05:23.398462585,USD
ADJ0005024,TK0012814,T0012804,refund,11.75,pickup_issue,2026-05-30 22:26:41.714501428,USD
ADJ0005025,TK0012817,T0012990,appeasement_credit,7.6,service_recovery,2026-01-19 02:12:53.472849081,USD
ADJ0005026,TK0012820,T0013073,refund,5.63,vehicle_access_issue,2026-01-15 09:09:46.698254472,USD
ADJ0005027,TK0012821,T0013109,refund,9.12,pickup_issue,2026-07-04 00:20:04.988810558,USD
ADJ0005028,TK0012821,T0013109,appeasement_credit,13.39,service_recovery,2026-07-04 00:23:04.988810558,USD
ADJ0005029,TK0012823,T0013131,refund,9.68,payment_issue,2026-05-04 19:43:07.661153934,USD
ADJ0005030,TK0012824,T0013136,refund,6.22,dropoff_issue,2026-06-16 08:37:31.450810931,USD
ADJ0005031,TK0012826,T0013214,refund,8.77,payment_issue,2026-05-30 21:15:40.764660722,USD
ADJ0005032,TK0012829,T0013371,appeasement_credit,14.63,service_recovery,2026-05-07 06:02:40.375835672,USD
ADJ0005033,TK0012831,T0013460,appeasement_credit,6.64,service_recovery,2026-03-20 06:21:51.829438531,USD
ADJ0005034,TK0012832,T0013468,refund,2.03,route_issue,2026-05-16 13:33:39.107430646,USD
ADJ0005035,TK0012836,T0013613,refund,1.74,dropoff_issue,2026-03-25 13:18:10.921185335,USD
ADJ0005036,TK0012836,T0013613,appeasement_credit,18.33,service_recovery,2026-03-25 13:47:10.921185335,USD
ADJ0005037,TK0012841,T0013928,refund,4.38,vehicle_access_issue,2026-01-29 15:21:36.601964599,USD
ADJ0005038,TK0012843,T0013964,refund,2.6,trip_status_issue,2026-01-13 07:40:01.885622864,USD
ADJ0005039,TK0012843,T0013964,appeasement_credit,13.35,service_recovery,2026-01-13 08:08:01.885622864,USD
ADJ0005040,TK0012844,T0014042,refund,8.17,cancellation_issue,2026-04-02 01:55:19.883757495,USD
ADJ0005041,TK0012845,T0014043,appeasement_credit,5.05,service_recovery,2026-05-18 08:45:57.717219010,USD
ADJ0005042,TK0012848,T0014182,refund,2.33,route_issue,2026-02-24 22:03:44.274891455,USD
ADJ0005043,TK0012849,T0014302,refund,6.4,safety_concern,2026-03-07 12:57:06.588862044,USD
ADJ0005044,TK0012850,T0014388,refund,1.86,trip_status_issue,2026-03-27 08:43:21.956628873,USD
ADJ0005045,TK0012853,T0014609,refund,1.72,dropoff_issue,2026-02-05 02:11:52.666342622,USD
ADJ0005046,TK0012853,T0014609,appeasement_credit,4.53,service_recovery,2026-02-05 02:05:52.666342622,USD
ADJ0005047,TK0012855,T0014715,refund,14.07,payment_issue,2026-04-10 06:52:06.508724402,USD
ADJ0005048,TK0012856,T0014743,refund,2.61,route_issue,2026-05-17 07:25:54.792966214,USD
ADJ0005049,TK0012857,T0014749,refund,5.02,safety_concern,2026-02-25 03:00:48.209926109,USD
ADJ0005050,TK0012858,T0014781,refund,2.42,pickup_issue,2026-02-23 02:04:50.338630078,USD
ADJ0005051,TK0012859,T0014822,refund,8.99,trip_status_issue,2026-03-08 04:37:30.145252175,USD
ADJ0005052,TK0012859,T0014822,appeasement_credit,13.95,service_recovery,2026-03-08 05:47:30.145252175,USD
ADJ0005053,TK0012860,T0014880,refund,9.79,payment_issue,2026-05-31 06:00:37.870448645,USD
ADJ0005054,TK0012861,T0014931,appeasement_credit,14.43,service_recovery,2026-02-22 03:03:03.956641922,USD
ADJ0005055,TK0012862,T0014952,appeasement_credit,3.1,service_recovery,2026-01-28 11:05:42.562538141,USD
ADJ0005056,TK0012863,T0015126,appeasement_credit,5.8,service_recovery,2026-05-17 13:48:48.573323301,USD
ADJ0005057,TK0012864,T0015135,refund,2.42,pickup_issue,2026-02-13 14:12:07.740108832,USD
ADJ0005058,TK0012866,T0015224,refund,1.48,vehicle_access_issue,2026-05-25 02:03:30.638488339,USD
ADJ0005059,TK0012867,T0015266,refund,3.27,dropoff_issue,2026-05-12 04:38:03.346770204,USD
ADJ0005060,TK0012868,T0015287,refund,7.88,other,2026-03-03 06:11:38.265582838,USD
ADJ0005061,TK0012869,T0015295,refund,6.12,vehicle_access_issue,2026-01-19 07:36:43.268412504,USD
ADJ0005062,TK0012876,T0015693,refund,8.1,safety_concern,2026-01-20 19:10:44.946172829,USD
ADJ0005063,TK0012876,T0015693,appeasement_credit,18.14,service_recovery,2026-01-20 19:38:44.946172829,USD
ADJ0005064,TK0012879,T0015902,appeasement_credit,19.43,service_recovery,2026-03-27 02:09:43.566121793,USD
ADJ0005065,TK0012880,T0015998,refund,1.82,cancellation_issue,2026-01-12 00:09:08.056835669,USD
ADJ0005066,TK0012884,T0016072,refund,5.95,payment_issue,2026-01-12 09:42:01.186617044,USD
ADJ0005067,TK0012885,T0016076,refund,11.7,route_issue,2026-03-18 12:25:36.108963546,USD
ADJ0005068,TK0012888,T0016273,refund,5.03,pickup_issue,2026-05-05 14:47:14.710305624,USD
ADJ0005069,TK0012889,T0016278,refund,0.88,route_issue,2026-07-03 12:47:45.897980846,USD
ADJ0005070,TK0012889,T0016278,appeasement_credit,18.77,service_recovery,2026-07-03 12:06:45.897980846,USD
ADJ0005071,TK0012890,T0016337,refund,13.12,pickup_issue,2026-04-03 08:19:40.115188024,USD
ADJ0005072,TK0012891,T0016427,appeasement_credit,6.54,service_recovery,2026-06-25 22:19:51.674850243,USD
ADJ0005073,TK0012892,T0016429,refund,8.56,payment_issue,2026-05-24 08:11:18.655149581,USD
ADJ0005074,TK0012892,T0016429,appeasement_credit,4.84,service_recovery,2026-05-24 07:34:18.655149581,USD
ADJ0005075,TK0012893,T0016517,appeasement_credit,17.18,service_recovery,2026-06-14 05:14:18.832076063,USD
ADJ0005076,TK0012895,T0016642,refund,2.16,vehicle_access_issue,2026-01-13 04:22:48.395505560,USD
ADJ0005077,TK0012896,T0016661,refund,15.42,trip_status_issue,2026-02-13 12:05:27.143577926,USD
ADJ0005078,TK0012898,T0016729,refund,3.8,vehicle_access_issue,2026-04-01 13:22:37.019482563,USD
ADJ0005079,TK0012899,T0016775,appeasement_credit,7.35,service_recovery,2026-06-22 13:00:24.230102377,USD
ADJ0005080,TK0012903,T0016906,refund,2.81,cancellation_issue,2026-05-06 10:55:08.044602663,USD
ADJ0005081,TK0012903,T0016906,appeasement_credit,14.02,service_recovery,2026-05-06 11:46:08.044602663,USD
ADJ0005082,TK0012908,T0017042,appeasement_credit,13.41,service_recovery,2026-06-09 23:52:38.886900371,USD
ADJ0005083,TK0012909,T0017169,appeasement_credit,19.2,service_recovery,2026-04-14 01:59:05.987680562,USD
ADJ0005084,TK0012910,T0017184,refund,1.65,trip_status_issue,2026-06-01 21:16:15.968896115,USD
ADJ0005085,TK0012910,T0017184,appeasement_credit,3.11,service_recovery,2026-06-01 21:04:15.968896115,USD
ADJ0005086,TK0012911,T0017211,appeasement_credit,14.79,service_recovery,2026-05-30 04:12:46.528563500,USD
ADJ0005087,TK0012913,T0017406,refund,11.32,vehicle_access_issue,2026-05-11 20:05:29.588313187,USD
ADJ0005088,TK0012914,T0017494,refund,3.29,dropoff_issue,2026-05-20 03:16:27.145990479,USD
ADJ0005089,TK0012914,T0017494,appeasement_credit,9.46,service_recovery,2026-05-20 03:42:27.145990479,USD
ADJ0005090,TK0012915,T0017515,refund,4.25,safety_concern,2026-03-25 02:28:55.420652932,USD
ADJ0005091,TK0012916,T0017729,appeasement_credit,14.32,service_recovery,2026-04-18 11:55:57.100214029,USD
ADJ0005092,TK0012920,T0017904,refund,2.9,cancellation_issue,2026-01-14 01:29:00.616319575,USD
ADJ0005093,TK0012923,T0017928,appeasement_credit,12.72,service_recovery,2026-06-23 22:26:49.508387209,USD
ADJ0005094,TK0012925,T0018120,refund,2.12,payment_issue,2026-04-21 20:46:15.475184581,USD
ADJ0005095,TK0012927,T0018256,appeasement_credit,17.57,service_recovery,2026-03-08 03:14:30.416288960,USD
ADJ0005096,TK0012928,T0018299,appeasement_credit,18.35,service_recovery,2026-03-12 15:39:16.415603860,USD
ADJ0005097,TK0012929,T0018355,refund,2.25,dropoff_issue,2026-04-10 10:36:24.524153170,USD
ADJ0005098,TK0012929,T0018355,appeasement_credit,19.73,service_recovery,2026-04-10 11:22:24.524153170,USD
ADJ0005099,TK0012930,T0018361,refund,4.8,dropoff_issue,2026-06-25 16:39:47.251081684,USD
ADJ0005100,TK0012931,T0018413,appeasement_credit,15.83,service_recovery,2026-05-15 04:19:48.719407560,USD
ADJ0005101,TK0012932,T0018735,refund,8.63,safety_concern,2026-02-28 15:01:12.770480546,USD
ADJ0005102,TK0012932,T0018735,appeasement_credit,3.05,service_recovery,2026-02-28 16:03:12.770480546,USD
ADJ0005103,TK0012935,T0018813,appeasement_credit,11.15,service_recovery,2026-01-17 22:21:30.277223058,USD
ADJ0005104,TK0012940,T0019421,appeasement_credit,11.05,service_recovery,2026-05-14 14:54:30.671572237,USD
ADJ0005105,TK0012941,T0019432,refund,11.01,cancellation_issue,2026-05-26 10:16:45.316042265,USD
ADJ0005106,TK0012946,T0019657,refund,12.26,payment_issue,2026-01-08 10:07:49.322121703,USD
ADJ0005107,TK0012948,T0019838,appeasement_credit,5.05,service_recovery,2026-03-31 17:38:45.551024526,USD
ADJ0005108,TK0012949,T0020036,refund,1.83,pickup_issue,2026-06-24 16:25:59.908387186,USD
ADJ0005109,TK0012949,T0020036,appeasement_credit,19.6,service_recovery,2026-06-24 16:10:59.908387186,USD
ADJ0005110,TK0012950,T0020112,refund,10.1,trip_status_issue,2026-05-19 16:01:31.377997510,USD
ADJ0005111,TK0012951,T0020121,appeasement_credit,3.5,service_recovery,2026-01-20 16:05:04.527596916,USD
ADJ0005112,TK0012955,T0020509,refund,7.55,route_issue,2026-05-03 22:16:39.566397874,USD
ADJ0005113,TK0012959,T0020699,appeasement_credit,16.61,service_recovery,2026-02-25 06:29:53.151129198,USD
ADJ0005114,TK0012960,T0020777,refund,10.05,payment_issue,2026-03-08 17:34:51.416671014,USD
ADJ0005115,TK0012962,T0021046,refund,13.7,pickup_issue,2026-02-03 03:19:10.223616942,USD
ADJ0005116,TK0012963,T0021055,refund,4.6,trip_status_issue,2026-03-25 14:47:47.398365118,USD
ADJ0005117,TK0012963,T0021055,appeasement_credit,6.69,service_recovery,2026-03-25 14:24:47.398365118,USD
ADJ0005118,TK0012965,T0021172,refund,4.48,payment_issue,2026-01-06 06:13:20.854238363,USD
ADJ0005119,TK0012965,T0021172,appeasement_credit,7.95,service_recovery,2026-01-06 06:43:20.854238363,USD
ADJ0005120,TK0012966,T0021188,refund,4.16,dropoff_issue,2026-05-19 11:49:37.879599478,USD
ADJ0005121,TK0012969,T0021290,refund,5.37,trip_status_issue,2026-05-10 04:49:07.041289479,USD
ADJ0005122,TK0012971,T0021363,refund,6.92,safety_concern,2026-05-18 08:44:48.850378775,USD
ADJ0005123,TK0012973,T0021446,appeasement_credit,7.37,service_recovery,2026-04-01 21:14:20.578435543,USD
ADJ0005124,TK0012974,T0021511,refund,13.36,route_issue,2026-01-21 16:28:46.684010717,USD
ADJ0005125,TK0012975,T0021629,appeasement_credit,19.41,service_recovery,2026-05-06 08:42:28.015468771,USD
ADJ0005126,TK0012977,T0021709,appeasement_credit,18.08,service_recovery,2026-02-18 19:15:18.631391755,USD
ADJ0005127,TK0012978,T0021848,refund,5.25,payment_issue,2026-01-15 15:40:05.617016457,USD
ADJ0005128,TK0012979,T0022040,refund,6.48,trip_status_issue,2026-02-05 01:33:16.232075569,USD
ADJ0005129,TK0012982,T0022319,appeasement_credit,12.7,service_recovery,2026-02-11 16:02:06.540480306,USD
ADJ0005130,TK0012984,T0022483,appeasement_credit,6.69,service_recovery,2026-02-14 12:47:28.490405884,USD
ADJ0005131,TK0012989,T0022644,refund,9.82,payment_issue,2026-01-19 14:06:18.981295846,USD
ADJ0005132,TK0012990,T0022656,refund,3.33,safety_concern,2026-03-01 04:23:56.026564070,USD
ADJ0005133,TK0012992,T0022740,refund,6.07,trip_status_issue,2026-05-10 16:22:56.159729743,USD
ADJ0005134,TK0012992,T0022740,appeasement_credit,12.27,service_recovery,2026-05-10 17:24:56.159729743,USD
ADJ0005135,TK0012996,T0022932,appeasement_credit,7.5,service_recovery,2026-04-14 18:33:23.981354511,USD
ADJ0005136,TK0013000,T0023392,refund,12.39,payment_issue,2026-05-26 10:37:11.806877804,USD
ADJ0005137,TK0013002,T0023507,refund,3.21,trip_status_issue,2026-01-29 07:10:18.350509875,USD
ADJ0005138,TK0013004,T0023543,appeasement_credit,4.72,service_recovery,2026-05-22 16:51:50.583884973,USD
ADJ0005139,TK0013005,T0023638,appeasement_credit,19.88,service_recovery,2026-05-12 22:55:34.763499762,USD
ADJ0005140,TK0013009,T0023998,refund,8.99,route_issue,2026-06-21 13:06:18.549811142,USD
ADJ0005141,TK0013009,T0023998,appeasement_credit,7.61,service_recovery,2026-06-21 13:21:18.549811142,USD
ADJ0005142,TK0013011,T0024061,refund,1.11,cancellation_issue,2026-07-05 20:04:30.996509217,USD
ADJ0005143,TK0013011,T0024061,appeasement_credit,8.76,service_recovery,2026-07-05 19:58:30.996509217,USD
ADJ0005144,TK0013012,T0024090,appeasement_credit,6.43,service_recovery,2026-06-08 01:27:19.713689240,USD
ADJ0005145,TK0013023,T0024617,refund,6.59,payment_issue,2026-02-21 19:23:10.172449016,USD
ADJ0005146,TK0013024,T0024627,refund,6.09,trip_status_issue,2026-03-13 08:16:31.586241130,USD
ADJ0005147,TK0013024,T0024627,appeasement_credit,4.22,service_recovery,2026-03-13 08:08:31.586241130,USD
ADJ0005148,TK0013025,T0024729,refund,1.97,route_issue,2026-04-02 23:41:39.716871708,USD
ADJ0005149,TK0013026,T0024744,refund,7.38,pickup_issue,2026-04-22 15:29:46.783244815,USD
ADJ0005150,TK0013028,T0024908,appeasement_credit,10.97,service_recovery,2026-04-06 04:07:29.863920289,USD
ADJ0005151,TK0013029,T0024953,refund,1.19,payment_issue,2026-01-09 12:56:37.507087973,USD
ADJ0005152,TK0013030,T0024968,refund,8.97,cancellation_issue,2026-01-30 01:03:43.085093225,USD
ADJ0005153,TK0013030,T0024968,appeasement_credit,17.35,service_recovery,2026-01-30 00:31:43.085093225,USD
ADJ0005154,TK0013031,T0025044,refund,7.17,vehicle_access_issue,2026-03-19 22:03:50.338998390,USD
ADJ0005155,TK0013031,T0025044,appeasement_credit,10.09,service_recovery,2026-03-19 21:20:50.338998390,USD
ADJ0005156,TK0013032,T0025123,refund,5.46,safety_concern,2026-06-23 12:46:25.299873150,USD
ADJ0005157,TK0013034,T0025284,refund,4.09,payment_issue,2026-06-07 08:57:15.835757088,USD
ADJ0005158,TK0013035,T0025319,refund,5.09,cancellation_issue,2026-04-17 04:40:54.515234469,USD
ADJ0005159,TK0013037,T0025373,refund,11.24,route_issue,2026-04-25 02:10:10.289394894,USD
ADJ0005160,TK0013037,T0025373,appeasement_credit,11.37,service_recovery,2026-04-25 02:59:10.289394894,USD
ADJ0005161,TK0013039,T0025453,refund,2.63,pickup_issue,2026-02-16 23:51:17.967202242,USD
ADJ0005162,TK0013044,T0025739,appeasement_credit,8.31,service_recovery,2026-01-12 10:56:28.791261894,USD
ADJ0005163,TK0013045,T0025847,appeasement_credit,7.72,service_recovery,2026-04-17 20:58:54.687479494,USD
ADJ0005164,TK0013047,T0025946,appeasement_credit,17.96,service_recovery,2026-06-25 00:31:18.632330601,USD
ADJ0005165,TK0013049,T0026000,refund,8.85,trip_status_issue,2026-06-18 09:27:30.033806668,USD
ADJ0005166,TK0013050,T0026045,refund,26.22,dropoff_issue,2026-01-27 12:14:56.956476979,USD
ADJ0005167,TK0013050,T0026045,appeasement_credit,19.84,service_recovery,2026-01-27 13:00:56.956476979,USD
ADJ0005168,TK0013051,T0026107,refund,4.23,vehicle_access_issue,2026-01-17 21:48:07.306070803,USD
ADJ0005169,TK0013051,T0026107,appeasement_credit,15.9,service_recovery,2026-01-17 21:40:07.306070803,USD
ADJ0005170,TK0013052,T0026195,refund,8.17,route_issue,2026-02-18 01:08:00.868258883,USD
ADJ0005171,TK0013053,T0026199,refund,5.76,dropoff_issue,2026-03-14 23:13:09.117665036,USD
ADJ0005172,TK0013057,T0026269,refund,6.35,vehicle_access_issue,2026-06-20 06:53:46.917612059,USD
ADJ0005173,TK0013061,T0026595,refund,6.83,payment_issue,2026-01-20 15:02:19.256208969,USD
ADJ0005174,TK0013062,T0026673,refund,2.89,cancellation_issue,2026-01-14 09:14:26.727202777,USD
ADJ0005175,TK0013063,T0026677,appeasement_credit,9.01,service_recovery,2026-03-25 12:16:19.560305123,USD
ADJ0005176,TK0013065,T0026683,refund,3.14,cancellation_issue,2026-05-23 12:59:40.985217225,USD
ADJ0005177,TK0013066,T0026691,refund,4.23,trip_status_issue,2026-03-27 16:11:14.840068940,USD
ADJ0005178,TK0013069,T0026962,appeasement_credit,14.14,service_recovery,2026-01-25 20:57:24.319063419,USD
ADJ0005179,TK0013071,T0026998,refund,8.55,payment_issue,2026-04-26 15:36:30.274883762,USD
ADJ0005180,TK0013072,T0027028,appeasement_credit,17.44,service_recovery,2026-06-02 21:11:07.598836457,USD
ADJ0005181,TK0013074,T0027135,refund,7.23,dropoff_issue,2026-01-18 16:30:40.348178654,USD
ADJ0005182,TK0013076,T0027378,refund,8.84,payment_issue,2026-05-31 14:52:02.825245130,USD
ADJ0005183,TK0013076,T0027378,appeasement_credit,18.08,service_recovery,2026-05-31 14:01:02.825245130,USD
ADJ0005184,TK0013078,T0027445,refund,7.79,safety_concern,2026-02-25 12:51:40.641344598,USD
ADJ0005185,TK0013079,T0027476,refund,6.11,lost_item,2026-02-26 07:56:38.939899168,USD
ADJ0005186,TK0013080,T0027551,appeasement_credit,11.76,service_recovery,2026-03-23 02:49:44.765496665,USD
ADJ0005187,TK0013081,T0027566,refund,2.1,safety_concern,2026-02-09 10:22:55.754997456,USD
ADJ0005188,TK0013083,T0027609,refund,9.8,trip_status_issue,2026-04-24 02:21:59.510128405,USD
ADJ0005189,TK0013085,T0027778,refund,12.69,trip_status_issue,2026-04-20 10:56:09.592291406,USD
ADJ0005190,TK0013086,T0027887,refund,2.91,cancellation_issue,2026-05-15 12:31:04.496076927,USD
ADJ0005191,TK0013088,T0027962,refund,1.83,cancellation_issue,2026-06-17 15:19:15.458449960,USD
ADJ0005192,TK0013089,T0028017,refund,9.23,payment_issue,2026-03-06 02:27:23.733658877,USD
ADJ0005193,TK0013090,T0028030,refund,2.4,payment_issue,2026-03-04 06:36:45.103937993,USD
ADJ0005194,TK0013091,T0028097,refund,4.05,route_issue,2026-01-22 08:50:47.218187099,USD
ADJ0005195,TK0013093,T0028366,appeasement_credit,8.98,service_recovery,2026-04-30 21:35:04.281227976,USD
ADJ0005196,TK0013095,T0028528,refund,9.62,trip_status_issue,2026-05-06 22:33:46.709261819,USD
ADJ0005197,TK0013096,T0028564,refund,7.04,dropoff_issue,2026-04-19 11:56:39.331963347,USD
ADJ0005198,TK0013097,T0028678,appeasement_credit,3.94,service_recovery,2026-05-18 18:32:52.595940073,USD
ADJ0005199,TK0013098,T0028735,refund,10.63,trip_status_issue,2026-01-15 15:28:21.933699179,USD
ADJ0005200,TK0013101,T0028870,refund,1.43,dropoff_issue,2026-02-01 23:24:49.910081888,USD
ADJ0005201,TK0013102,T0028871,refund,6.85,payment_issue,2026-04-02 01:52:49.457593383,USD
ADJ0005202,TK0013104,T0028885,refund,6.71,cancellation_issue,2026-02-05 13:54:36.681124092,USD
ADJ0005203,TK0013105,T0028942,refund,2.83,safety_concern,2026-02-01 09:31:25.917016104,USD
ADJ0005204,TK0013106,T0029042,refund,1.96,safety_concern,2026-03-16 03:24:59.513667880,USD
ADJ0005205,TK0013107,T0029068,refund,3.03,dropoff_issue,2026-06-12 06:02:04.752796341,USD
ADJ0005206,TK0013113,T0029351,appeasement_credit,19.63,service_recovery,2026-06-16 21:44:04.660446360,USD
ADJ0005207,TK0013114,T0029366,refund,11.56,trip_status_issue,2026-03-06 18:24:23.292484901,USD
ADJ0005208,TK0013115,T0029407,refund,0.84,pickup_issue,2026-06-27 08:02:22.078927885,USD
ADJ0005209,TK0013115,T0029407,appeasement_credit,14.26,service_recovery,2026-06-27 08:33:22.078927885,USD
ADJ0005210,TK0013119,T0029628,refund,8.01,safety_concern,2026-06-02 07:53:04.520034617,USD
ADJ0005211,TK0013121,T0029653,refund,11.65,pickup_issue,2026-05-16 18:40:25.522630389,USD
ADJ0005212,TK0013125,T0029746,refund,5.3,cancellation_issue,2026-02-10 14:00:52.149649774,USD
ADJ0005213,TK0013129,T0029952,refund,8.77,payment_issue,2026-06-11 15:56:22.710139576,USD
ADJ0005214,TK0013132,T0030121,refund,3.68,safety_concern,2026-01-20 16:18:40.914463111,USD
ADJ0005215,TK0013135,T0030242,refund,5.06,pickup_issue,2026-02-15 19:43:22.736620044,USD
ADJ0005216,TK0013136,T0030251,refund,1.87,payment_issue,2026-06-03 02:00:01.136537723,USD
ADJ0005217,TK0013138,T0030268,refund,1.57,cancellation_issue,2026-06-24 17:30:06.012949529,USD
ADJ0005218,TK0013141,T0030495,refund,2.65,trip_status_issue,2026-01-12 04:56:31.045451143,USD
ADJ0005219,TK0013142,T0030509,appeasement_credit,13.61,service_recovery,2026-03-29 23:46:49.367899071,USD
ADJ0005220,TK0013143,T0030518,refund,1.37,lost_item,2026-06-27 11:43:28.372455132,USD
ADJ0005221,TK0013144,T0030629,refund,3.04,cancellation_issue,2026-01-19 02:36:07.002074187,USD
ADJ0005222,TK0013146,T0030786,refund,1.62,trip_status_issue,2026-04-26 08:29:25.752807118,USD
ADJ0005223,TK0013148,T0030997,appeasement_credit,10.73,service_recovery,2026-03-21 18:23:56.740705326,USD
ADJ0005224,TK0013150,T0031153,refund,7.6,payment_issue,2026-07-01 00:49:07.831638882,USD
ADJ0005225,TK0013150,T0031153,appeasement_credit,14.87,service_recovery,2026-07-01 01:28:07.831638882,USD
ADJ0005226,TK0013151,T0031171,appeasement_credit,14.02,service_recovery,2026-06-04 12:29:23.235917156,USD
ADJ0005227,TK0013153,T0031268,refund,2.36,pickup_issue,2026-02-09 23:33:35.924460297,USD
ADJ0005228,TK0013153,T0031268,appeasement_credit,13.69,service_recovery,2026-02-09 22:59:35.924460297,USD
ADJ0005229,TK0013154,T0031289,appeasement_credit,15.18,service_recovery,2026-06-04 12:54:27.153978712,USD
ADJ0005230,TK0013155,T0031447,appeasement_credit,11.76,service_recovery,2026-03-08 08:40:13.716027185,USD
ADJ0005231,TK0013157,T0031671,appeasement_credit,3.5,service_recovery,2026-04-18 12:41:26.112671061,USD
ADJ0005232,TK0013158,T0031672,refund,14.69,vehicle_access_issue,2026-02-05 08:21:32.285216716,USD
ADJ0005233,TK0013159,T0031694,appeasement_credit,6.96,service_recovery,2026-01-27 13:49:04.798863304,USD
ADJ0005234,TK0013160,T0031728,refund,2.65,pickup_issue,2026-04-19 18:07:22.997170154,USD
ADJ0005235,TK0013161,T0031740,refund,8.99,pickup_issue,2026-01-23 21:52:36.113901116,USD
ADJ0005236,TK0013162,T0031747,appeasement_credit,17.87,service_recovery,2026-06-06 02:12:16.516218971,USD
ADJ0005237,TK0013164,T0031785,refund,2.0,vehicle_access_issue,2026-03-06 13:04:26.894275481,USD
ADJ0005238,TK0013167,T0031820,refund,13.59,trip_status_issue,2026-01-22 01:52:23.724898634,USD
ADJ0005239,TK0013167,T0031820,appeasement_credit,15.07,service_recovery,2026-01-22 01:20:23.724898634,USD
ADJ0005240,TK0013168,T0031839,refund,2.18,trip_status_issue,2026-02-12 21:57:19.945440712,USD
ADJ0005241,TK0013169,T0032083,refund,12.04,payment_issue,2026-03-14 22:12:19.550176700,USD
ADJ0005242,TK0013170,T0032121,refund,9.86,trip_status_issue,2026-05-31 07:04:44.989189392,USD
ADJ0005243,TK0013171,T0032298,refund,9.9,trip_status_issue,2026-02-15 07:28:18.053621472,USD
ADJ0005244,TK0013172,T0032364,refund,8.39,cancellation_issue,2026-04-15 02:03:31.195308182,USD
ADJ0005245,TK0013178,T0032635,appeasement_credit,13.13,service_recovery,2026-03-18 03:48:24.174702871,USD
ADJ0005246,TK0013183,T0033061,refund,2.61,route_issue,2026-05-19 14:01:37.795068507,USD
ADJ0005247,TK0013184,T0033079,refund,3.16,trip_status_issue,2026-05-19 06:09:11.383922663,USD
ADJ0005248,TK0013185,T0033175,refund,3.79,vehicle_access_issue,2026-05-17 23:11:37.928147775,USD
ADJ0005249,TK0013186,T0033196,refund,4.39,dropoff_issue,2026-06-17 04:34:13.009191824,USD
ADJ0005250,TK0013187,T0033255,refund,11.85,trip_status_issue,2026-03-22 22:00:33.735192756,USD
ADJ0005251,TK0013188,T0033293,refund,8.54,safety_concern,2026-02-07 11:02:39.386029438,USD
ADJ0005252,TK0013189,T0033310,appeasement_credit,9.9,service_recovery,2026-01-15 14:06:00.746270170,USD
ADJ0005253,TK0013190,T0033334,refund,5.57,safety_concern,2026-04-12 15:22:47.934667800,USD
ADJ0005254,TK0013191,T0033468,refund,3.13,dropoff_issue,2026-01-23 12:58:35.391328987,USD
ADJ0005255,TK0013192,T0033521,appeasement_credit,6.62,service_recovery,2026-01-29 14:02:20.627387497,USD
ADJ0005256,TK0013195,T0033595,refund,7.49,pickup_issue,2026-01-22 04:43:09.077788137,USD
ADJ0005257,TK0013195,T0033595,appeasement_credit,10.74,service_recovery,2026-01-22 04:31:09.077788137,USD
ADJ0005258,TK0013198,T0033857,appeasement_credit,6.23,service_recovery,2026-06-04 01:44:44.881609949,USD
ADJ0005259,TK0013201,T0034040,refund,2.22,cancellation_issue,2026-04-25 02:57:10.848108776,USD
ADJ0005260,TK0013203,T0034215,refund,9.66,lost_item,2026-05-31 22:22:18.728180379,USD
ADJ0005261,TK0013203,T0034215,appeasement_credit,7.9,service_recovery,2026-05-31 21:45:18.728180379,USD
ADJ0005262,TK0013207,T0034362,refund,10.75,pickup_issue,2026-05-30 22:18:15.903941193,USD
ADJ0005263,TK0013208,T0034439,refund,3.87,trip_status_issue,2026-02-12 01:35:46.531144326,USD
ADJ0005264,TK0013212,T0034764,refund,5.72,pickup_issue,2026-04-07 09:01:44.203358998,USD
ADJ0005265,TK0013212,T0034764,appeasement_credit,19.54,service_recovery,2026-04-07 09:04:44.203358998,USD
ADJ0005266,TK0013213,T0034774,refund,3.37,cancellation_issue,2026-03-04 10:16:45.610127160,USD
ADJ0005267,TK0013215,T0034877,appeasement_credit,9.63,service_recovery,2026-03-22 13:20:21.856648804,USD
ADJ0005268,TK0013218,T0035080,refund,1.67,pickup_issue,2026-02-12 22:28:42.813214263,USD
ADJ0005269,TK0013218,T0035080,appeasement_credit,19.84,service_recovery,2026-02-12 23:11:42.813214263,USD
ADJ0005270,TK0013219,T0035192,refund,2.2,cancellation_issue,2026-01-09 17:43:00.807407673,USD
ADJ0005271,TK0013220,T0035266,refund,14.82,lost_item,2026-02-17 16:07:49.616823515,USD
ADJ0005272,TK0013223,T0035308,refund,9.41,trip_status_issue,2026-06-12 01:47:55.654987779,USD
ADJ0005273,TK0013225,T0035546,refund,4.16,safety_concern,2026-04-07 20:44:08.766152657,USD
ADJ0005274,TK0013226,T0035579,refund,1.68,cancellation_issue,2026-05-12 19:32:31.599033981,USD
ADJ0005275,TK0013227,T0035622,refund,3.08,trip_status_issue,2026-07-02 03:53:45.565777634,USD
ADJ0005276,TK0013229,T0035690,appeasement_credit,11.02,service_recovery,2026-02-18 12:49:50.071579025,USD
ADJ0005277,TK0013232,T0035829,appeasement_credit,16.17,service_recovery,2026-04-10 20:04:23.571551908,USD
ADJ0005278,TK0013233,T0035921,refund,3.3,cancellation_issue,2026-02-07 14:16:31.974993119,USD
ADJ0005279,TK0013234,T0035982,appeasement_credit,14.26,service_recovery,2026-05-13 14:11:35.269669496,USD
ADJ0005280,TK0013235,T0036051,refund,2.11,payment_issue,2026-02-17 22:56:10.094338436,USD
ADJ0005281,TK0013235,T0036051,appeasement_credit,3.48,service_recovery,2026-02-17 22:48:10.094338436,USD
ADJ0005282,TK0013237,T0036072,refund,1.62,trip_status_issue,2026-01-11 02:58:02.977316310,USD
ADJ0005283,TK0013238,T0036074,refund,18.33,payment_issue,2026-03-24 03:22:58.527446445,USD
ADJ0005284,TK0013239,T0036103,appeasement_credit,16.57,service_recovery,2026-04-13 20:00:54.851435451,USD
ADJ0005285,TK0013241,T0036175,refund,2.18,safety_concern,2026-02-16 21:10:53.471009846,USD
ADJ0005286,TK0013243,T0036332,refund,6.56,trip_status_issue,2026-01-07 16:49:06.441855093,USD
ADJ0005287,TK0013245,T0036707,appeasement_credit,16.23,service_recovery,2026-02-05 07:26:40.818464869,USD
ADJ0005288,TK0013246,T0036757,appeasement_credit,12.23,service_recovery,2026-04-29 03:36:22.051709025,USD
ADJ0005289,TK0013247,T0036825,appeasement_credit,4.93,service_recovery,2026-02-19 22:58:43.744185411,USD
ADJ0005290,TK0013248,T0036826,refund,6.45,route_issue,2026-06-09 07:58:32.694732885,USD
ADJ0005291,TK0013250,T0036928,refund,10.81,lost_item,2026-01-19 02:52:27.115410373,USD
ADJ0005292,TK0013251,T0037103,refund,3.54,trip_status_issue,2026-05-02 22:20:13.311618818,USD
ADJ0005293,TK0013251,T0037103,appeasement_credit,14.19,service_recovery,2026-05-02 22:08:13.311618818,USD
ADJ0005294,TK0013252,T0037191,appeasement_credit,19.83,service_recovery,2026-03-30 05:51:20.924509177,USD
ADJ0005295,TK0013253,T0037250,refund,1.36,trip_status_issue,2026-02-08 22:18:21.534894571,USD
ADJ0005296,TK0013254,T0037341,refund,2.05,trip_status_issue,2026-01-25 11:56:20.647503192,USD
ADJ0005297,TK0013257,T0037462,refund,8.97,trip_status_issue,2026-05-13 09:32:51.061285109,USD
ADJ0005298,TK0013260,T0037513,refund,4.83,safety_concern,2026-06-10 14:11:01.497555594,USD
ADJ0005299,TK0013261,T0037772,refund,2.82,trip_status_issue,2026-06-16 08:44:49.134505887,USD
ADJ0005300,TK0013269,T0038289,refund,3.68,payment_issue,2026-01-23 03:01:10.268311268,USD
ADJ0005301,TK0013270,T0038306,appeasement_credit,13.63,service_recovery,2026-01-25 16:42:22.848875513,USD
ADJ0005302,TK0013271,T0038432,refund,26.22,dropoff_issue,2026-01-27 07:56:57.211454716,USD
ADJ0005303,TK0013274,T0038633,refund,15.24,pickup_issue,2026-01-17 08:26:58.461275022,USD
ADJ0005304,TK0013276,T0038819,appeasement_credit,3.02,service_recovery,2026-03-04 15:38:42.620129141,USD
ADJ0005305,TK0013279,T0039073,appeasement_credit,19.71,service_recovery,2026-02-15 15:46:07.120731520,USD
ADJ0005306,TK0013281,T0039143,refund,0.96,dropoff_issue,2026-01-25 17:16:25.643078840,USD
ADJ0005307,TK0013282,T0039168,refund,2.69,pickup_issue,2026-05-13 15:45:11.727025769,USD
ADJ0005308,TK0013285,T0039283,refund,1.75,trip_status_issue,2026-05-23 15:46:35.490285511,USD
ADJ0005309,TK0013287,T0039419,appeasement_credit,13.73,service_recovery,2026-03-27 13:59:09.413632256,USD
ADJ0005310,TK0013288,T0039439,appeasement_credit,19.4,service_recovery,2026-01-08 07:45:03.139302052,USD
ADJ0005311,TK0013289,T0039481,refund,2.65,trip_status_issue,2026-01-28 18:38:57.050581766,USD
ADJ0005312,TK0013290,T0039523,refund,1.14,pickup_issue,2026-03-28 01:36:46.840672704,USD
ADJ0005313,TK0013291,T0039566,appeasement_credit,16.62,service_recovery,2026-02-28 03:43:42.708394416,USD
ADJ0005314,TK0013293,T0039569,appeasement_credit,18.41,service_recovery,2026-02-24 12:35:31.474459812,USD
ADJ0005315,TK0013298,T0039864,refund,4.01,cancellation_issue,2026-06-30 02:29:07.408604525,USD
ADJ0005316,TK0013300,T0039981,refund,1.08,route_issue,2026-05-08 10:49:52.896951393,USD
ADJ0005317,TK0013306,T0040119,appeasement_credit,14.82,service_recovery,2026-01-13 12:40:53.064468059,USD
ADJ0005318,TK0013308,T0040326,refund,1.53,cancellation_issue,2026-03-03 21:23:19.649731669,USD
ADJ0005319,TK0013309,T0040355,refund,4.85,trip_status_issue,2026-02-12 16:44:48.258632492,USD
ADJ0005320,TK0013313,T0040584,refund,21.55,cancellation_issue,2026-01-19 10:32:55.503705470,USD
ADJ0005321,TK0013313,T0040584,appeasement_credit,9.6,service_recovery,2026-01-19 11:05:55.503705470,USD
ADJ0005322,TK0013314,T0040611,refund,5.83,safety_concern,2026-07-07 06:26:14.184510292,USD
ADJ0005323,TK0013314,T0040611,appeasement_credit,18.11,service_recovery,2026-07-07 06:50:14.184510292,USD
ADJ0005324,TK0013315,T0040785,appeasement_credit,11.21,service_recovery,2026-04-02 15:09:26.099550267,USD
ADJ0005325,TK0013316,T0040895,appeasement_credit,19.98,service_recovery,2026-04-14 05:30:07.563429693,USD
ADJ0005326,TK0013317,T0040897,refund,9.11,pickup_issue,2026-03-23 05:17:10.820213057,USD
ADJ0005327,TK0013317,T0040897,appeasement_credit,4.52,service_recovery,2026-03-23 05:34:10.820213057,USD
ADJ0005328,TK0013319,T0040925,refund,4.2,other,2026-07-05 07:48:47.049622580,USD
ADJ0005329,TK0013320,T0040947,appeasement_credit,18.58,service_recovery,2026-03-15 03:37:37.496505251,USD
ADJ0005330,TK0013322,T0041057,appeasement_credit,12.34,service_recovery,2026-06-17 23:46:13.862958300,USD
ADJ0005331,TK0013324,T0041076,appeasement_credit,3.76,service_recovery,2026-04-19 13:18:09.097658720,USD
ADJ0005332,TK0013325,T0041107,appeasement_credit,18.85,service_recovery,2026-02-07 21:57:09.901280612,USD
ADJ0005333,TK0013330,T0041392,appeasement_credit,19.08,service_recovery,2026-05-05 20:10:15.777498595,USD
ADJ0005334,TK0013332,T0041417,refund,6.74,vehicle_access_issue,2026-02-28 12:39:48.417844696,USD
ADJ0005335,TK0013336,T0041540,refund,7.5,payment_issue,2026-01-24 00:33:27.344938299,USD
ADJ0005336,TK0013341,T0042235,appeasement_credit,11.3,service_recovery,2026-05-26 14:31:33.997299445,USD
ADJ0005337,TK0013342,T0042281,refund,4.25,cancellation_issue,2026-04-02 08:26:02.936223157,USD
ADJ0005338,TK0013346,T0042579,appeasement_credit,19.82,service_recovery,2026-05-06 19:10:21.004927667,USD
ADJ0005339,TK0013348,T0042726,refund,3.54,trip_status_issue,2026-06-20 00:50:11.348481337,USD
ADJ0005340,TK0013351,T0042924,refund,20.77,trip_status_issue,2026-03-08 05:23:45.876915650,USD
ADJ0005341,TK0013351,T0042924,appeasement_credit,15.27,service_recovery,2026-03-08 06:37:45.876915650,USD
ADJ0005342,TK0013354,T0043188,refund,1.17,cancellation_issue,2026-02-14 03:51:34.235738606,USD
ADJ0005343,TK0013356,T0043390,appeasement_credit,5.0,service_recovery,2026-04-21 01:00:20.613553558,USD
ADJ0005344,TK0013357,T0043395,refund,2.59,vehicle_access_issue,2026-02-14 23:35:19.953497221,USD
ADJ0005345,TK0013357,T0043395,appeasement_credit,17.41,service_recovery,2026-02-14 23:51:19.953497221,USD
ADJ0005346,TK0013359,T0043427,refund,11.46,payment_issue,2026-01-15 08:08:48.064228013,USD
ADJ0005347,TK0013362,T0043662,refund,6.1,dropoff_issue,2026-01-06 04:50:05.828533332,USD
ADJ0005348,TK0013364,T0043712,appeasement_credit,13.65,service_recovery,2026-03-27 21:28:11.260087826,USD
ADJ0005349,TK0013366,T0044021,refund,4.22,vehicle_access_issue,2026-04-03 20:47:08.065730404,USD
ADJ0005350,TK0013366,T0044021,appeasement_credit,3.43,service_recovery,2026-04-03 20:57:08.065730404,USD
ADJ0005351,TK0013367,T0044024,refund,2.73,cancellation_issue,2026-01-21 15:48:05.761548279,USD
ADJ0005352,TK0013369,T0044051,refund,13.95,cancellation_issue,2026-02-09 09:50:05.400266454,USD
ADJ0005353,TK0013370,T0044077,refund,2.07,pickup_issue,2026-06-08 17:19:17.870886937,USD
ADJ0005354,TK0013370,T0044077,appeasement_credit,6.45,service_recovery,2026-06-08 18:11:17.870886937,USD
ADJ0005355,TK0013371,T0044106,refund,3.74,pickup_issue,2026-03-24 17:34:54.278069772,USD
ADJ0005356,TK0013373,T0044232,refund,3.1,vehicle_access_issue,2026-06-26 23:11:15.257998826,USD
ADJ0005357,TK0013373,T0044232,appeasement_credit,11.24,service_recovery,2026-06-26 23:15:15.257998826,USD
ADJ0005358,TK0013376,T0044375,refund,4.15,cancellation_issue,2026-02-11 20:43:07.121935376,USD
ADJ0005359,TK0013377,T0044443,refund,2.68,payment_issue,2026-04-10 15:08:52.996447177,USD
ADJ0005360,TK0013379,T0044595,refund,3.95,pickup_issue,2026-04-03 09:18:26.709724864,USD
ADJ0005361,TK0013379,T0044595,appeasement_credit,7.4,service_recovery,2026-04-03 08:57:26.709724864,USD
ADJ0005362,TK0013380,T0044618,appeasement_credit,12.26,service_recovery,2026-06-24 07:31:41.671053056,USD
ADJ0005363,TK0013381,T0044686,refund,4.65,cancellation_issue,2026-06-17 17:31:52.882055479,USD
ADJ0005364,TK0013382,T0044717,refund,2.6,route_issue,2026-02-19 04:23:29.024449390,USD
ADJ0005365,TK0013383,T0044902,appeasement_credit,17.71,service_recovery,2026-02-03 07:30:01.477381725,USD
ADJ0005366,TK0013385,T0044979,refund,2.75,trip_status_issue,2026-03-10 20:34:51.479279264,USD
ADJ0005367,TK0013387,T0045027,refund,3.43,payment_issue,2026-04-08 14:03:02.450616339,USD
ADJ0005368,TK0013387,T0045027,appeasement_credit,8.71,service_recovery,2026-04-08 14:03:02.450616339,USD
ADJ0005369,TK0013388,T0045032,refund,2.16,cancellation_issue,2026-06-01 10:22:32.637810644,USD
ADJ0005370,TK0013389,T0045230,refund,10.12,other,2026-06-23 08:00:11.779655493,USD
ADJ0005371,TK0013393,T0045721,appeasement_credit,4.0,service_recovery,2026-05-24 09:45:28.656212771,USD
ADJ0005372,TK0013394,T0045758,appeasement_credit,6.43,service_recovery,2026-05-25 22:59:15.309099292,USD
ADJ0005373,TK0013395,T0045761,appeasement_credit,17.81,service_recovery,2026-06-05 01:21:50.825694912,USD
ADJ0005374,TK0013397,T0045795,refund,15.05,trip_status_issue,2026-02-13 18:33:48.359349213,USD
ADJ0005375,TK0013401,T0046039,refund,7.76,trip_status_issue,2026-05-25 13:52:09.574589285,USD
ADJ0005376,TK0013403,T0046126,refund,2.1,cancellation_issue,2026-06-09 01:54:07.583434896,USD
ADJ0005377,TK0013404,T0046141,refund,4.54,cancellation_issue,2026-03-08 06:39:00.614981101,USD
ADJ0005378,TK0013404,T0046141,appeasement_credit,13.95,service_recovery,2026-03-08 06:18:00.614981101,USD
ADJ0005379,TK0013405,T0046232,refund,6.92,vehicle_access_issue,2026-02-20 09:29:55.963336412,USD
ADJ0005380,TK0013408,T0046354,refund,4.03,cancellation_issue,2026-03-21 13:06:58.278287024,USD
ADJ0005381,TK0013410,T0046457,refund,3.72,cancellation_issue,2026-01-29 12:44:38.825004419,USD
ADJ0005382,TK0013414,T0046719,appeasement_credit,10.68,service_recovery,2026-02-28 09:33:05.902495990,USD
ADJ0005383,TK0013415,T0046787,refund,8.73,lost_item,2026-02-28 11:00:15.377225416,USD
ADJ0005384,TK0013416,T0046900,appeasement_credit,17.54,service_recovery,2026-01-19 11:59:43.707488552,USD
ADJ0005385,TK0013417,T0046912,appeasement_credit,14.19,service_recovery,2026-06-11 16:20:08.404842646,USD
ADJ0005386,TK0013419,T0047271,appeasement_credit,15.56,service_recovery,2026-02-07 20:03:36.247177807,USD
ADJ0005387,TK0013420,T0047306,refund,14.49,cancellation_issue,2026-06-01 14:12:57.347561488,USD
ADJ0005388,TK0013422,T0047421,refund,2.24,trip_status_issue,2026-06-14 12:48:08.227319741,USD
ADJ0005389,TK0013422,T0047421,appeasement_credit,5.36,service_recovery,2026-06-14 12:37:08.227319741,USD
ADJ0005390,TK0013423,T0047434,refund,2.63,cancellation_issue,2026-05-11 14:19:09.614223981,USD
ADJ0005391,TK0013424,T0047438,refund,5.4,pickup_issue,2026-02-17 19:09:14.669021481,USD
ADJ0005392,TK0013425,T0047477,refund,3.27,trip_status_issue,2026-06-24 13:33:13.393947497,USD
ADJ0005393,TK0013427,T0047497,refund,4.92,vehicle_access_issue,2026-04-14 20:14:59.021306027,USD
ADJ0005394,TK0013428,T0047502,appeasement_credit,4.42,service_recovery,2026-06-28 05:10:28.087884815,USD
ADJ0005395,TK0013430,T0047625,appeasement_credit,15.08,service_recovery,2026-04-04 01:34:36.473181611,USD
ADJ0005396,TK0013431,T0047683,appeasement_credit,7.0,service_recovery,2026-03-08 07:27:08.742752400,USD
ADJ0005397,TK0013435,T0047826,refund,6.49,pickup_issue,2026-06-20 07:10:42.103640504,USD
ADJ0005398,TK0013435,T0047826,appeasement_credit,5.72,service_recovery,2026-06-20 06:46:42.103640504,USD
ADJ0005399,TK0013436,T0047933,appeasement_credit,11.42,service_recovery,2026-01-25 10:28:40.126269359,USD
ADJ0005400,TK0013439,T0048288,refund,14.05,trip_status_issue,2026-05-24 09:07:29.864191773,USD
ADJ0005401,TK0013442,T0048460,refund,1.76,cancellation_issue,2026-04-29 05:36:30.733212196,USD
ADJ0005402,TK0013443,T0048496,appeasement_credit,7.48,service_recovery,2026-06-27 21:22:12.165737423,USD
ADJ0005403,TK0013444,T0048516,refund,1.07,pickup_issue,2026-03-03 19:36:09.518537955,USD
ADJ0005404,TK0013444,T0048516,appeasement_credit,11.53,service_recovery,2026-03-03 20:01:09.518537955,USD
ADJ0005405,TK0013446,T0048594,refund,2.72,payment_issue,2026-06-23 06:02:19.537890527,USD
ADJ0005406,TK0013447,T0048633,appeasement_credit,3.5,service_recovery,2026-05-18 05:08:01.841925753,USD
ADJ0005407,TK0013448,T0048693,appeasement_credit,9.21,service_recovery,2026-02-11 09:02:38.421797369,USD
ADJ0005408,TK0013449,T0048696,appeasement_credit,12.12,service_recovery,2026-06-09 18:23:24.880495288,USD
ADJ0005409,TK0013450,T0048700,appeasement_credit,17.37,service_recovery,2026-05-20 00:55:16.302009935,USD
ADJ0005410,TK0013453,T0049044,refund,2.51,route_issue,2026-03-11 19:38:13.105534907,USD
ADJ0005411,TK0013455,T0049093,refund,12.64,payment_issue,2026-03-10 23:41:11.665700172,USD
ADJ0005412,TK0013458,T0049221,appeasement_credit,9.68,service_recovery,2026-02-10 03:28:43.691851808,USD
ADJ0005413,TK0013459,T0049331,appeasement_credit,14.27,service_recovery,2026-06-16 04:19:37.147715828,USD
ADJ0005414,TK0013463,T0049580,appeasement_credit,7.42,service_recovery,2026-06-14 22:41:28.240499516,USD
ADJ0005415,TK0013466,T0049766,appeasement_credit,11.44,service_recovery,2026-06-18 18:21:44.496838700,USD
ADJ0005416,TK0013468,T0049828,refund,10.73,trip_status_issue,2026-06-21 00:31:09.314561992,USD
ADJ0005417,TK0013472,T0050101,appeasement_credit,19.12,service_recovery,2026-07-01 11:33:09.688833516,USD
ADJ0005418,TK0013473,T0050110,refund,15.72,safety_concern,2026-05-26 11:29:45.915351296,USD
ADJ0005419,TK0013473,T0050110,appeasement_credit,17.73,service_recovery,2026-05-26 11:59:45.915351296,USD
ADJ0005420,TK0013475,T0050190,refund,8.17,vehicle_access_issue,2026-06-05 21:54:42.159937014,USD
ADJ0005421,TK0013476,T0050345,appeasement_credit,19.88,service_recovery,2026-05-18 05:01:49.874282057,USD
ADJ0005422,TK0013485,T0050902,appeasement_credit,18.78,service_recovery,2026-06-11 19:23:52.369524704,USD
ADJ0005423,TK0013487,T0050959,refund,9.77,pickup_issue,2026-02-02 18:54:19.056902672,USD
ADJ0005424,TK0013488,T0051047,refund,1.73,cancellation_issue,2026-03-27 04:22:43.891286226,USD
ADJ0005425,TK0013488,T0051047,appeasement_credit,11.04,service_recovery,2026-03-27 04:23:43.891286226,USD
ADJ0005426,TK0013490,T0051177,refund,2.47,trip_status_issue,2026-06-16 08:25:10.440605821,USD
ADJ0005427,TK0013492,T0051283,refund,3.53,dropoff_issue,2026-01-18 21:21:41.641898958,USD
ADJ0005428,TK0013492,T0051283,appeasement_credit,16.92,service_recovery,2026-01-18 21:13:41.641898958,USD
ADJ0005429,TK0013496,T0051571,refund,3.88,dropoff_issue,2026-06-14 20:07:08.971136929,USD
ADJ0005430,TK0013498,T0051763,refund,9.35,trip_status_issue,2026-05-02 12:04:13.172524809,USD
ADJ0005431,TK0013498,T0051763,appeasement_credit,18.09,service_recovery,2026-05-02 11:10:13.172524809,USD
ADJ0005432,TK0013502,T0051857,appeasement_credit,11.03,service_recovery,2026-06-03 20:50:50.993050156,USD
ADJ0005433,TK0013505,T0052111,refund,3.09,trip_status_issue,2026-04-11 06:03:52.989366523,USD
ADJ0005434,TK0013508,T0052373,refund,8.66,cancellation_issue,2026-05-31 07:34:26.799045243,USD
ADJ0005435,TK0013508,T0052373,appeasement_credit,6.01,service_recovery,2026-05-31 08:18:26.799045243,USD
ADJ0005436,TK0013509,T0052421,refund,3.36,payment_issue,2026-05-23 03:55:21.134539163,USD
ADJ0005437,TK0013514,T0052680,appeasement_credit,10.36,service_recovery,2026-06-24 23:08:32.126115433,USD
ADJ0005438,TK0013516,T0052737,appeasement_credit,12.61,service_recovery,2026-07-05 20:40:09.374011241,USD
ADJ0005439,TK0013519,T0052821,refund,1.73,vehicle_access_issue,2026-01-28 15:09:17.792461115,USD
ADJ0005440,TK0013520,T0052916,refund,9.88,safety_concern,2026-03-02 16:58:58.293572379,USD
ADJ0005441,TK0013521,T0053017,appeasement_credit,4.99,service_recovery,2026-05-17 06:38:31.047869861,USD
ADJ0005442,TK0013522,T0053061,refund,2.83,dropoff_issue,2026-06-23 07:31:47.209246107,USD
ADJ0005443,TK0013523,T0053322,refund,7.9,pickup_issue,2026-05-11 17:34:17.020034204,USD
ADJ0005444,TK0013525,T0053359,refund,19.44,cancellation_issue,2026-06-25 07:45:13.296381459,USD
ADJ0005445,TK0013527,T0053444,refund,8.85,vehicle_access_issue,2026-01-19 20:40:58.744663153,USD
ADJ0005446,TK0013527,T0053444,appeasement_credit,4.75,service_recovery,2026-01-19 21:15:58.744663153,USD
ADJ0005447,TK0013536,T0053975,refund,2.15,cancellation_issue,2026-06-21 23:39:57.908015547,USD
ADJ0005448,TK0013536,T0053975,appeasement_credit,18.43,service_recovery,2026-06-21 23:50:57.908015547,USD
ADJ0005449,TK0013537,T0053977,refund,3.98,payment_issue,2026-02-13 15:13:21.787226781,USD
ADJ0005450,TK0013538,T0054004,refund,4.26,other,2026-04-24 17:36:53.304070112,USD
ADJ0005451,TK0013542,T0054193,refund,1.07,trip_status_issue,2026-06-01 11:19:51.172098552,USD
ADJ0005452,TK0013546,T0054323,appeasement_credit,10.48,service_recovery,2026-03-02 08:59:48.315381681,USD
ADJ0005453,TK0013547,T0054507,appeasement_credit,19.95,service_recovery,2026-01-18 11:18:41.329227739,USD
ADJ0005454,TK0013549,T0054580,refund,3.74,payment_issue,2026-03-28 17:53:20.608978045,USD
ADJ0005455,TK0013551,T0054623,refund,6.08,cancellation_issue,2026-02-20 13:47:06.289611430,USD
ADJ0005456,TK0013552,T0054673,refund,1.7,pickup_issue,2026-02-10 10:17:23.786804317,USD
ADJ0005457,TK0013553,T0054697,refund,9.19,pickup_issue,2026-03-08 08:12:20.020151426,USD
ADJ0005458,TK0013553,T0054697,appeasement_credit,5.9,service_recovery,2026-03-08 08:06:20.020151426,USD
ADJ0005459,TK0013556,T0055078,appeasement_credit,10.33,service_recovery,2026-01-08 03:07:13.347651986,USD
ADJ0005460,TK0013558,T0055167,refund,5.94,vehicle_access_issue,2026-05-31 05:49:49.665898194,USD
ADJ0005461,TK0013558,T0055167,appeasement_credit,3.86,service_recovery,2026-05-31 05:59:49.665898194,USD
ADJ0005462,TK0013559,T0055170,appeasement_credit,11.63,service_recovery,2026-04-19 10:29:51.466497112,USD
ADJ0005463,TK0013560,T0055273,refund,8.24,dropoff_issue,2026-04-26 06:07:40.833647337,USD
ADJ0005464,TK0013562,T0055489,appeasement_credit,19.12,service_recovery,2026-06-10 18:24:20.571676215,USD
ADJ0005465,TK0013563,T0055663,refund,11.31,payment_issue,2026-03-24 02:04:53.653720408,USD
ADJ0005466,TK0013563,T0055663,appeasement_credit,13.35,service_recovery,2026-03-24 01:51:53.653720408,USD
ADJ0005467,TK0013565,T0055735,appeasement_credit,4.74,service_recovery,2026-01-16 14:41:13.995183671,USD
ADJ0005468,TK0013566,T0055752,refund,5.03,safety_concern,2026-06-13 21:38:35.662500996,USD
ADJ0005469,TK0013569,T0055798,appeasement_credit,15.15,service_recovery,2026-02-06 15:47:56.011954456,USD
ADJ0005470,TK0013574,T0056009,appeasement_credit,15.1,service_recovery,2026-04-25 10:45:01.631190468,USD
ADJ0005471,TK0013579,T0056333,appeasement_credit,19.97,service_recovery,2026-04-04 19:22:03.488040850,USD
ADJ0005472,TK0013580,T0056357,refund,10.64,route_issue,2026-04-26 00:57:01.023189475,USD
ADJ0005473,TK0013582,T0056439,appeasement_credit,10.98,service_recovery,2026-03-14 18:33:02.884850465,USD
ADJ0005474,TK0013585,T0056532,appeasement_credit,12.98,service_recovery,2026-02-03 22:44:16.405708285,USD
ADJ0005475,TK0013586,T0056541,appeasement_credit,6.07,service_recovery,2026-03-08 07:38:47.768146148,USD
ADJ0005476,TK0013589,T0056621,appeasement_credit,7.56,service_recovery,2026-02-02 01:28:56.129568971,USD
ADJ0005477,TK0013591,T0056667,refund,1.83,cancellation_issue,2026-07-07 23:09:04.815150272,USD
ADJ0005478,TK0013595,T0056763,appeasement_credit,13.72,service_recovery,2026-05-15 17:26:32.757940505,USD
ADJ0005479,TK0013596,T0056789,refund,17.63,trip_status_issue,2026-04-06 10:04:50.198658745,USD
ADJ0005480,TK0013598,T0057022,appeasement_credit,8.68,service_recovery,2026-03-04 07:41:22.697261018,USD
ADJ0005481,TK0013601,T0057219,appeasement_credit,10.04,service_recovery,2026-05-06 04:51:35.513894682,USD
ADJ0005482,TK0013602,T0057238,refund,2.08,safety_concern,2026-07-03 02:08:29.226345900,USD
ADJ0005483,TK0013604,T0057331,refund,3.02,safety_concern,2026-02-12 06:46:05.411975218,USD
ADJ0005484,TK0013604,T0057331,appeasement_credit,8.92,service_recovery,2026-02-12 07:14:05.411975218,USD
ADJ0005485,TK0013606,T0057397,refund,6.14,payment_issue,2026-06-06 19:30:13.271578282,USD
ADJ0005486,TK0013613,T0057698,refund,41.37,payment_issue,2026-01-19 12:59:53.306481211,USD
ADJ0005487,TK0013615,T0057777,refund,0.73,pickup_issue,2026-04-18 07:27:02.114698694,USD
ADJ0005488,TK0013616,T0057794,refund,2.2,pickup_issue,2026-04-24 10:04:19.909071674,USD
ADJ0005489,TK0013619,T0057886,refund,13.87,pickup_issue,2026-05-11 15:17:36.180995814,USD
ADJ0005490,TK0013619,T0057886,appeasement_credit,8.72,service_recovery,2026-05-11 15:53:36.180995814,USD
ADJ0005491,TK0013621,T0058033,refund,1.46,cancellation_issue,2026-03-02 13:02:12.518593071,USD
ADJ0005492,TK0013623,T0058237,refund,2.64,cancellation_issue,2026-05-01 04:59:36.631185305,USD
ADJ0005493,TK0013625,T0058432,refund,5.63,dropoff_issue,2026-04-10 20:48:44.234791562,USD
ADJ0005494,TK0013626,T0058434,refund,3.91,route_issue,2026-02-05 01:39:03.076082281,USD
ADJ0005495,TK0013627,T0058445,appeasement_credit,17.73,service_recovery,2026-02-03 14:23:03.480481149,USD
ADJ0005496,TK0013628,T0058448,refund,4.5,cancellation_issue,2026-03-11 00:27:35.396198402,USD
ADJ0005497,TK0013629,T0058452,appeasement_credit,10.29,service_recovery,2026-05-02 03:02:08.169119823,USD
ADJ0005498,TK0013630,T0058499,refund,2.8,safety_concern,2026-03-31 01:26:40.005709179,USD
ADJ0005499,TK0013631,T0058530,refund,2.58,trip_status_issue,2026-02-22 01:56:40.415718229,USD
ADJ0005500,TK0013632,T0058596,refund,2.68,lost_item,2026-04-13 09:29:22.294418068,USD
ADJ0005501,TK0013633,T0058735,appeasement_credit,8.44,service_recovery,2026-05-16 20:01:48.776081126,USD
ADJ0005502,TK0013635,T0058854,refund,1.31,cancellation_issue,2026-04-25 20:52:03.210923791,USD
ADJ0005503,TK0013637,T0059028,refund,16.34,cancellation_issue,2026-01-11 16:21:26.606472320,USD
ADJ0005504,TK0013642,T0059399,refund,11.05,trip_status_issue,2026-05-25 03:16:10.390788613,USD
ADJ0005505,TK0013645,T0059542,refund,8.44,route_issue,2026-01-27 10:51:23.320182077,USD
ADJ0005506,TK0013645,T0059542,appeasement_credit,6.36,service_recovery,2026-01-27 10:49:23.320182077,USD
ADJ0005507,TK0013646,T0059611,refund,6.39,vehicle_access_issue,2026-02-04 15:39:28.393333993,USD
ADJ0005508,TK0013650,T0059811,refund,12.83,trip_status_issue,2026-06-17 11:07:54.057157580,USD
ADJ0005509,TK0013651,T0059820,appeasement_credit,9.88,service_recovery,2026-03-11 09:20:54.841152670,USD
ADJ0005510,TK0013652,T0059882,appeasement_credit,5.2,service_recovery,2026-06-11 10:19:10.179000304,USD
ADJ0005511,TK0013655,T0059990,appeasement_credit,19.47,service_recovery,2026-03-29 04:42:56.758905395,USD
ADJ0005512,TK0013659,T0060284,appeasement_credit,6.61,service_recovery,2026-03-22 13:41:46.304652208,USD
ADJ0005513,TK0013660,T0060306,refund,3.67,pickup_issue,2026-05-10 23:23:18.274555616,USD
ADJ0005514,TK0013665,T0060697,refund,10.75,payment_issue,2026-06-11 23:02:47.823036994,USD
ADJ0005515,TK0013666,T0060723,refund,6.26,trip_status_issue,2026-06-19 13:59:59.369241585,USD
ADJ0005516,TK0013672,T0060957,refund,18.2,cancellation_issue,2026-06-06 06:15:47.723211086,USD
ADJ0005517,TK0013673,T0060982,refund,1.3,trip_status_issue,2026-02-06 04:26:00.839007675,USD
ADJ0005518,TK0013675,T0061070,appeasement_credit,15.29,service_recovery,2026-03-28 07:52:15.543393476,USD
ADJ0005519,TK0013676,T0061131,refund,5.12,trip_status_issue,2026-02-09 00:30:44.288637754,USD
ADJ0005520,TK0013676,T0061131,appeasement_credit,17.25,service_recovery,2026-02-09 00:17:44.288637754,USD
ADJ0005521,TK0013677,T0061151,refund,16.73,dropoff_issue,2026-05-17 05:25:27.669292397,USD
ADJ0005522,TK0013680,T0061244,refund,5.72,pickup_issue,2026-02-23 13:55:12.672659736,USD
ADJ0005523,TK0013680,T0061244,appeasement_credit,14.81,service_recovery,2026-02-23 14:39:12.672659736,USD
ADJ0005524,TK0013681,T0061248,appeasement_credit,11.89,service_recovery,2026-03-28 21:45:54.719233673,USD
ADJ0005525,TK0013685,T0061364,refund,3.29,payment_issue,2026-04-30 01:25:32.286442793,USD
ADJ0005526,TK0013691,T0061895,appeasement_credit,8.83,service_recovery,2026-06-18 10:33:00.835970318,USD
ADJ0005527,TK0013692,T0061963,refund,3.96,vehicle_access_issue,2026-04-11 12:34:48.807176714,USD
ADJ0005528,TK0013696,T0062140,appeasement_credit,5.13,service_recovery,2026-01-27 05:22:56.876572529,USD
ADJ0005529,TK0013698,T0062248,refund,2.84,cancellation_issue,2026-04-03 10:01:08.338779920,USD
ADJ0005530,TK0013698,T0062248,appeasement_credit,7.35,service_recovery,2026-04-03 09:14:08.338779920,USD
ADJ0005531,TK0013699,T0062255,refund,4.53,cancellation_issue,2026-02-21 04:42:24.631274429,USD
ADJ0005532,TK0013699,T0062255,appeasement_credit,19.02,service_recovery,2026-02-21 04:48:24.631274429,USD
ADJ0005533,TK0013703,T0062491,refund,4.88,dropoff_issue,2026-02-14 00:46:46.064170463,USD
ADJ0005534,TK0013707,T0062901,refund,3.94,pickup_issue,2026-07-01 17:58:48.965637954,USD
ADJ0005535,TK0013707,T0062901,appeasement_credit,18.57,service_recovery,2026-07-01 18:38:48.965637954,USD
ADJ0005536,TK0013709,T0062973,appeasement_credit,14.4,service_recovery,2026-04-24 13:54:56.534772608,USD
ADJ0005537,TK0013713,T0063256,refund,2.31,trip_status_issue,2026-03-18 06:56:44.829616139,USD
ADJ0005538,TK0013713,T0063256,appeasement_credit,4.76,service_recovery,2026-03-18 06:36:44.829616139,USD
ADJ0005539,TK0013716,T0063422,refund,6.15,other,2026-03-22 09:19:42.537218487,USD
ADJ0005540,TK0013719,T0063587,refund,8.18,safety_concern,2026-06-23 13:23:14.954233524,USD
ADJ0005541,TK0013721,T0063648,refund,6.19,vehicle_access_issue,2026-07-02 08:06:01.528023337,USD
ADJ0005542,TK0013722,T0063654,appeasement_credit,18.02,service_recovery,2026-01-23 00:09:12.802794945,USD
ADJ0005543,TK0013726,T0064015,refund,18.49,payment_issue,2026-05-15 22:24:37.339128827,USD
ADJ0005544,TK0013730,T0064278,refund,6.99,safety_concern,2026-02-13 15:19:20.221152022,USD
ADJ0005545,TK0013731,T0064298,refund,9.56,vehicle_access_issue,2026-02-23 01:20:47.157748392,USD
ADJ0005546,TK0013731,T0064298,appeasement_credit,14.81,service_recovery,2026-02-23 01:42:47.157748392,USD
ADJ0005547,TK0013733,T0064327,refund,2.2,safety_concern,2026-06-13 02:57:33.209188300,USD
ADJ0005548,TK0013735,T0064376,appeasement_credit,3.52,service_recovery,2026-02-02 11:33:17.188355086,USD
ADJ0005549,TK0013737,T0064419,refund,5.85,safety_concern,2026-05-16 08:55:44.070535419,USD
ADJ0005550,TK0013739,T0064659,refund,2.85,dropoff_issue,2026-04-22 16:28:58.134940094,USD
ADJ0005551,TK0013740,T0064664,appeasement_credit,16.54,service_recovery,2026-03-10 16:25:08.872111053,USD
ADJ0005552,TK0013741,T0064671,appeasement_credit,11.1,service_recovery,2026-04-20 10:17:44.473983566,USD
ADJ0005553,TK0013742,T0064685,appeasement_credit,15.81,service_recovery,2026-02-24 07:36:37.606559048,USD
ADJ0005554,TK0013743,T0064711,refund,4.82,dropoff_issue,2026-02-14 13:29:28.775226205,USD
ADJ0005555,TK0013744,T0064745,refund,4.43,payment_issue,2026-02-08 06:18:37.280799754,USD
ADJ0005556,TK0013745,T0064753,appeasement_credit,6.26,service_recovery,2026-01-27 19:36:31.320936033,USD
ADJ0005557,TK0013748,T0065081,refund,2.6,cancellation_issue,2026-02-15 11:48:16.112253262,USD
ADJ0005558,TK0013749,T0065105,refund,2.56,payment_issue,2026-02-15 17:46:49.827383118,USD
ADJ0005559,TK0013750,T0065389,refund,10.71,pickup_issue,2026-04-19 01:20:30.567014741,USD
ADJ0005560,TK0013752,T0065480,refund,2.07,trip_status_issue,2026-03-14 20:30:48.727346280,USD
ADJ0005561,TK0013753,T0065493,refund,12.29,payment_issue,2026-01-05 03:41:39.537514221,USD
ADJ0005562,TK0013755,T0065537,refund,11.57,payment_issue,2026-01-20 06:16:47.024898231,USD
ADJ0005563,TK0013755,T0065537,appeasement_credit,14.96,service_recovery,2026-01-20 06:19:47.024898231,USD
ADJ0005564,TK0013758,T0065711,refund,1.62,trip_status_issue,2026-05-11 21:27:31.607922928,USD
ADJ0005565,TK0013760,T0065872,appeasement_credit,12.87,service_recovery,2026-02-28 13:10:52.680019265,USD
ADJ0005566,TK0013761,T0066134,appeasement_credit,19.26,service_recovery,2026-01-12 16:31:26.289694647,USD
ADJ0005567,TK0013762,T0066154,refund,10.56,route_issue,2026-05-26 21:28:55.418339952,USD
ADJ0005568,TK0013763,T0066162,refund,1.76,trip_status_issue,2026-04-10 16:01:05.060050854,USD
ADJ0005569,TK0013764,T0066169,refund,2.27,safety_concern,2026-02-22 12:21:59.837010458,USD
ADJ0005570,TK0013764,T0066169,appeasement_credit,19.94,service_recovery,2026-02-22 11:39:59.837010458,USD
ADJ0005571,TK0013768,T0066502,refund,1.96,safety_concern,2026-06-30 04:01:17.954023669,USD
ADJ0005572,TK0013770,T0066541,refund,1.38,safety_concern,2026-06-27 00:09:32.270320098,USD
ADJ0005573,TK0013770,T0066541,appeasement_credit,3.41,service_recovery,2026-06-26 23:49:32.270320098,USD
ADJ0005574,TK0013775,T0067072,appeasement_credit,15.4,service_recovery,2026-06-29 01:39:21.251006918,USD
ADJ0005575,TK0013776,T0067253,appeasement_credit,13.61,service_recovery,2026-03-08 20:12:28.454466342,USD
ADJ0005576,TK0013780,T0067935,refund,3.32,payment_issue,2026-03-03 13:40:54.674293046,USD
ADJ0005577,TK0013783,T0068142,refund,8.72,cancellation_issue,2026-02-13 04:53:44.535626117,USD
ADJ0005578,TK0013784,T0068226,refund,3.71,payment_issue,2026-04-06 07:12:16.099772549,USD
ADJ0005579,TK0013790,T0068447,refund,5.18,vehicle_access_issue,2026-05-18 19:04:14.677526081,USD
ADJ0005580,TK0013791,T0068510,appeasement_credit,9.7,service_recovery,2026-03-04 02:55:47.196493755,USD
ADJ0005581,TK0013793,T0068560,refund,2.24,payment_issue,2026-02-22 13:51:55.056678639,USD
ADJ0005582,TK0013797,T0068928,refund,6.54,trip_status_issue,2026-05-24 10:33:21.975013337,USD
ADJ0005583,TK0013798,T0068955,refund,2.18,cancellation_issue,2026-03-10 04:20:40.488211299,USD
ADJ0005584,TK0013799,T0068972,appeasement_credit,12.08,service_recovery,2026-02-01 16:33:48.212233478,USD
ADJ0005585,TK0013800,T0068979,refund,6.51,safety_concern,2026-01-23 07:13:52.483506973,USD
ADJ0005586,TK0013801,T0068983,appeasement_credit,3.91,service_recovery,2026-03-12 11:06:46.940409808,USD
ADJ0005587,TK0013802,T0069032,appeasement_credit,18.29,service_recovery,2026-06-21 00:38:33.638109606,USD
ADJ0005588,TK0013806,T0069180,appeasement_credit,5.34,service_recovery,2026-02-15 23:51:11.649028115,USD
ADJ0005589,TK0013807,T0069219,refund,9.47,trip_status_issue,2026-05-17 06:17:11.788509163,USD
ADJ0005590,TK0013808,T0069247,appeasement_credit,16.4,service_recovery,2026-04-20 11:34:10.639233601,USD
ADJ0005591,TK0013809,T0069257,appeasement_credit,13.06,service_recovery,2026-03-28 00:19:57.694224630,USD
ADJ0005592,TK0013810,T0069289,appeasement_credit,12.1,service_recovery,2026-03-06 06:28:02.993477754,USD
ADJ0005593,TK0013818,T0069714,refund,10.02,trip_status_issue,2026-02-25 15:44:25.104464855,USD
ADJ0005594,TK0013818,T0069714,appeasement_credit,7.65,service_recovery,2026-02-25 16:39:25.104464855,USD
ADJ0005595,TK0013819,T0069796,refund,7.93,pickup_issue,2026-02-25 18:05:34.451095432,USD
ADJ0005596,TK0013827,T0070237,refund,5.31,route_issue,2026-06-10 12:17:06.347066110,USD
ADJ0005597,TK0013828,T0070261,refund,3.48,cancellation_issue,2026-02-04 05:11:10.307942102,USD
ADJ0005598,TK0013829,T0070304,refund,7.82,payment_issue,2026-06-01 07:03:19.637614988,USD
ADJ0005599,TK0013833,T0070501,refund,3.61,trip_status_issue,2026-01-06 12:10:02.292793053,USD
ADJ0005600,TK0013833,T0070501,appeasement_credit,18.47,service_recovery,2026-01-06 12:07:02.292793053,USD
ADJ0005601,TK0013838,T0070720,appeasement_credit,5.9,service_recovery,2026-03-14 14:41:01.074678473,USD
ADJ0005602,TK0013840,T0070771,refund,2.87,cancellation_issue,2026-02-28 03:15:05.860294975,USD
ADJ0005603,TK0013840,T0070771,appeasement_credit,4.49,service_recovery,2026-02-28 03:49:05.860294975,USD
ADJ0005604,TK0013843,T0070928,refund,6.12,route_issue,2026-02-09 09:31:20.427858224,USD
ADJ0005605,TK0013847,T0071012,refund,2.5,safety_concern,2026-06-13 09:53:19.160827620,USD
ADJ0005606,TK0013847,T0071012,appeasement_credit,3.72,service_recovery,2026-06-13 09:59:19.160827620,USD
ADJ0005607,TK0013849,T0071076,refund,1.77,dropoff_issue,2026-02-04 06:52:23.455048122,USD
ADJ0005608,TK0013850,T0071080,appeasement_credit,14.16,service_recovery,2026-06-13 05:35:35.456938393,USD
ADJ0005609,TK0013851,T0071082,refund,9.32,trip_status_issue,2026-06-22 10:37:39.312048708,USD
ADJ0005610,TK0013853,T0071171,refund,1.96,safety_concern,2026-05-08 06:46:37.584141448,USD
ADJ0005611,TK0013854,T0071531,refund,9.19,pickup_issue,2026-04-02 17:45:42.650516346,USD
ADJ0005612,TK0013854,T0071531,appeasement_credit,13.96,service_recovery,2026-04-02 17:33:42.650516346,USD
ADJ0005613,TK0013858,T0071948,refund,6.32,trip_status_issue,2026-05-28 14:19:18.907488351,USD
ADJ0005614,TK0013860,T0071996,refund,1.85,trip_status_issue,2026-05-21 12:32:39.718012542,USD
ADJ0005615,TK0013860,T0071996,appeasement_credit,18.84,service_recovery,2026-05-21 12:48:39.718012542,USD
ADJ0005616,TK0013864,T0072410,refund,2.28,cancellation_issue,2026-02-28 17:48:58.631109004,USD
ADJ0005617,TK0013865,T0072447,refund,23.62,trip_status_issue,2026-04-17 18:25:26.606337842,USD
ADJ0005618,TK0013866,T0072466,refund,3.37,trip_status_issue,2026-06-01 18:17:15.224128350,USD
ADJ0005619,TK0013868,T0072488,appeasement_credit,17.15,service_recovery,2026-03-08 14:45:54.619033556,USD
ADJ0005620,TK0013869,T0072571,refund,9.46,pickup_issue,2026-05-18 09:49:53.371200982,USD
ADJ0005621,TK0013870,T0072655,refund,4.64,trip_status_issue,2026-01-19 16:55:58.961816852,USD
ADJ0005622,TK0013872,T0072842,refund,9.4,cancellation_issue,2026-05-22 08:37:32.053374472,USD
ADJ0005623,TK0013879,T0073112,appeasement_credit,17.75,service_recovery,2026-06-08 08:38:42.501079132,USD
ADJ0005624,TK0013883,T0073566,refund,10.51,dropoff_issue,2026-06-29 19:38:36.257945177,USD
ADJ0005625,TK0013883,T0073566,appeasement_credit,17.81,service_recovery,2026-06-29 20:14:36.257945177,USD
ADJ0005626,TK0013884,T0073673,refund,7.37,vehicle_access_issue,2026-06-30 23:05:58.638311072,USD
ADJ0005627,TK0013886,T0073816,refund,6.47,cancellation_issue,2026-02-21 07:22:11.601147711,USD
ADJ0005628,TK0013888,T0073878,refund,5.1,pickup_issue,2026-02-21 08:41:28.153266121,USD
ADJ0005629,TK0013888,T0073878,appeasement_credit,4.65,service_recovery,2026-02-21 09:28:28.153266121,USD
ADJ0005630,TK0013890,T0073946,appeasement_credit,4.9,service_recovery,2026-01-30 21:33:35.198231317,USD
ADJ0005631,TK0013891,T0073992,appeasement_credit,8.51,service_recovery,2026-01-11 01:40:57.812408642,USD
ADJ0005632,TK0013892,T0073996,refund,6.84,pickup_issue,2026-04-19 02:41:57.684469358,USD
ADJ0005633,TK0013893,T0074005,refund,5.87,dropoff_issue,2026-04-20 21:01:46.142901968,USD
ADJ0005634,TK0013894,T0074058,refund,7.03,trip_status_issue,2026-02-09 03:36:05.845023476,USD
ADJ0005635,TK0013896,T0074154,refund,7.57,cancellation_issue,2026-04-02 23:47:53.397142036,USD
ADJ0005636,TK0013896,T0074154,appeasement_credit,8.89,service_recovery,2026-04-03 00:20:53.397142036,USD
ADJ0005637,TK0013897,T0074158,appeasement_credit,7.51,service_recovery,2026-04-11 12:54:37.426004074,USD
ADJ0005638,TK0013898,T0074164,refund,11.62,trip_status_issue,2026-01-30 23:33:31.312692160,USD
ADJ0005639,TK0013898,T0074164,appeasement_credit,17.7,service_recovery,2026-01-30 23:57:31.312692160,USD
ADJ0005640,TK0013902,T0074299,appeasement_credit,9.56,service_recovery,2026-03-19 04:46:04.514782116,USD
ADJ0005641,TK0013903,T0074306,refund,3.23,cancellation_issue,2026-01-25 16:19:14.499867864,USD
ADJ0005642,TK0013905,T0074466,refund,6.7,trip_status_issue,2026-02-12 18:17:22.246419803,USD
ADJ0005643,TK0013905,T0074466,appeasement_credit,9.57,service_recovery,2026-02-12 18:56:22.246419803,USD
ADJ0005644,TK0013906,T0074498,appeasement_credit,12.37,service_recovery,2026-01-18 01:38:32.356863451,USD
ADJ0005645,TK0013907,T0074526,appeasement_credit,5.62,service_recovery,2026-04-13 20:26:04.903655844,USD
ADJ0005646,TK0013908,T0074603,refund,3.03,safety_concern,2026-05-15 03:20:06.831076122,USD
ADJ0005647,TK0013909,T0074666,refund,6.47,lost_item,2026-04-04 21:11:14.429641759,USD
ADJ0005648,TK0013909,T0074666,appeasement_credit,11.88,service_recovery,2026-04-04 21:54:14.429641759,USD
ADJ0005649,TK0013912,T0074733,refund,1.4,pickup_issue,2026-03-10 03:54:14.192807904,USD
ADJ0005650,TK0013913,T0074854,refund,18.67,payment_issue,2026-02-11 11:43:39.033673237,USD
ADJ0005651,TK0013913,T0074854,appeasement_credit,14.11,service_recovery,2026-02-11 12:42:39.033673237,USD
ADJ0005652,TK0013915,T0074917,appeasement_credit,11.59,service_recovery,2026-05-21 20:22:38.309562118,USD
ADJ0005653,TK0013916,T0074995,refund,2.41,other,2026-01-11 15:33:51.190936438,USD
ADJ0005654,TK0013916,T0074995,appeasement_credit,19.89,service_recovery,2026-01-11 15:00:51.190936438,USD
ADJ0005655,TK0013918,T0075028,refund,13.79,payment_issue,2026-04-30 10:17:07.002376669,USD
ADJ0005656,TK0013918,T0075028,appeasement_credit,3.35,service_recovery,2026-04-30 10:29:07.002376669,USD
ADJ0005657,TK0013919,T0075060,refund,13.14,cancellation_issue,2026-01-15 14:54:56.670334050,USD
ADJ0005658,TK0013919,T0075060,appeasement_credit,5.18,service_recovery,2026-01-15 14:31:56.670334050,USD
ADJ0005659,TK0013924,T0075327,refund,8.59,pickup_issue,2026-03-10 11:35:25.156666925,USD
ADJ0005660,TK0013924,T0075327,appeasement_credit,4.09,service_recovery,2026-03-10 11:31:25.156666925,USD
ADJ0005661,TK0013925,T0075422,refund,3.37,trip_status_issue,2026-03-12 23:12:48.275201719,USD
ADJ0005662,TK0013926,T0075453,refund,4.78,trip_status_issue,2026-04-24 22:59:44.048949693,USD
ADJ0005663,TK0013931,T0075591,refund,4.75,pickup_issue,2026-01-27 09:49:05.353999634,USD
ADJ0005664,TK0013936,T0076197,refund,2.85,other,2026-06-10 16:37:17.740612769,USD
ADJ0005665,TK0013938,T0076482,appeasement_credit,4.03,service_recovery,2026-02-16 06:04:40.557127600,USD
ADJ0005666,TK0013941,T0076800,refund,6.64,pickup_issue,2026-04-20 04:06:30.102475879,USD
ADJ0005667,TK0013942,T0076813,refund,4.42,trip_status_issue,2026-03-10 19:10:30.754897748,USD
ADJ0005668,TK0013946,T0077095,refund,5.61,safety_concern,2026-05-07 01:33:48.955682792,USD
ADJ0005669,TK0013947,T0077100,refund,5.89,pickup_issue,2026-06-15 21:22:31.455787907,USD
ADJ0005670,TK0013948,T0077116,refund,3.3,payment_issue,2026-04-17 13:58:23.133906410,USD
ADJ0005671,TK0013948,T0077116,appeasement_credit,9.91,service_recovery,2026-04-17 14:31:23.133906410,USD
ADJ0005672,TK0013949,T0077151,refund,21.58,cancellation_issue,2026-05-11 16:24:44.808982471,USD
ADJ0005673,TK0013949,T0077151,appeasement_credit,6.18,service_recovery,2026-05-11 17:27:44.808982471,USD
ADJ0005674,TK0013950,T0077154,refund,10.33,safety_concern,2026-03-09 15:10:41.579514198,USD
ADJ0005675,TK0013951,T0077280,appeasement_credit,14.75,service_recovery,2026-05-16 10:31:07.368677907,USD
ADJ0005676,TK0013952,T0077381,appeasement_credit,18.62,service_recovery,2026-06-11 10:49:54.349689704,USD
ADJ0005677,TK0013955,T0077672,refund,2.56,trip_status_issue,2026-02-24 15:49:20.865390578,USD
ADJ0005678,TK0013960,T0078061,refund,7.94,trip_status_issue,2026-06-23 13:36:46.859735104,USD
ADJ0005679,TK0013961,T0078065,appeasement_credit,16.82,service_recovery,2026-01-23 19:03:24.259971986,USD
ADJ0005680,TK0013963,T0078079,refund,11.76,pickup_issue,2026-07-06 08:54:52.351868309,USD
ADJ0005681,TK0013965,T0078114,appeasement_credit,17.18,service_recovery,2026-03-18 12:03:12.670101888,USD
ADJ0005682,TK0013966,T0078172,refund,6.18,cancellation_issue,2026-03-11 19:43:26.330015740,USD
ADJ0005683,TK0013968,T0078284,refund,6.74,trip_status_issue,2026-05-20 22:46:00.583643132,USD
ADJ0005684,TK0013968,T0078284,appeasement_credit,5.14,service_recovery,2026-05-20 23:02:00.583643132,USD
ADJ0005685,TK0013972,T0078695,refund,2.03,route_issue,2026-03-03 06:27:53.042065619,USD
ADJ0005686,TK0013975,T0078814,appeasement_credit,9.79,service_recovery,2026-04-16 04:29:10.165565506,USD
ADJ0005687,TK0013981,T0079208,refund,1.99,trip_status_issue,2026-03-30 17:20:50.183471490,USD
ADJ0005688,TK0013983,T0079263,refund,6.41,trip_status_issue,2026-04-21 03:25:27.137226833,USD
ADJ0005689,TK0013987,T0079415,refund,3.66,trip_status_issue,2026-02-05 08:07:07.558560079,USD
ADJ0005690,TK0013991,T0079613,refund,0.7,cancellation_issue,2026-02-14 22:32:58.775045157,USD
ADJ0005691,TK0013997,T0079966,appeasement_credit,6.82,service_recovery,2026-03-22 13:25:37.382038641,USD
ADJ0005692,TK0013998,T0079993,refund,7.01,cancellation_issue,2026-03-16 19:57:24.379805375,USD
ADJ0005693,TK0013999,T0080036,appeasement_credit,10.22,service_recovery,2026-05-05 13:45:31.614771467,USD
ADJ0005694,TK0014005,T0080379,refund,2.98,cancellation_issue,2026-04-22 09:21:21.636984316,USD
ADJ0005695,TK0014007,T0080555,appeasement_credit,7.91,service_recovery,2026-03-05 11:38:05.867219933,USD
ADJ0005696,TK0014008,T0080673,refund,0.5,cancellation_issue,2026-03-17 12:26:40.752066616,USD
ADJ0005697,TK0014012,T0080846,refund,3.14,dropoff_issue,2026-04-29 16:05:06.759721842,USD
ADJ0005698,TK0014014,T0080869,refund,1.54,dropoff_issue,2026-06-17 07:17:06.117918811,USD
ADJ0005699,TK0014015,T0080893,refund,2.53,trip_status_issue,2026-02-20 15:39:11.075489204,USD
ADJ0005700,TK0014016,T0080955,refund,17.33,vehicle_access_issue,2026-01-18 02:10:28.457046682,USD
ADJ0005701,TK0014019,T0081111,refund,8.72,trip_status_issue,2026-06-14 05:20:16.118818035,USD
ADJ0005702,TK0014019,T0081111,appeasement_credit,6.53,service_recovery,2026-06-14 05:47:16.118818035,USD
ADJ0005703,TK0014020,T0081153,appeasement_credit,19.74,service_recovery,2026-06-29 01:17:57.675308199,USD
ADJ0005704,TK0014021,T0081283,refund,0.72,safety_concern,2026-01-13 01:03:56.074172635,USD
ADJ0005705,TK0014023,T0081438,appeasement_credit,4.39,service_recovery,2026-06-23 09:42:49.929395616,USD
ADJ0005706,TK0014024,T0081446,refund,2.04,route_issue,2026-03-12 00:29:09.684418038,USD
ADJ0005707,TK0014025,T0081456,appeasement_credit,18.08,service_recovery,2026-06-26 10:30:55.876754719,USD
ADJ0005708,TK0014026,T0081536,refund,2.59,trip_status_issue,2026-01-22 07:38:16.282540232,USD
ADJ0005709,TK0014026,T0081536,appeasement_credit,16.19,service_recovery,2026-01-22 07:34:16.282540232,USD
ADJ0005710,TK0014034,T0081903,refund,8.42,dropoff_issue,2026-01-14 06:53:47.626681888,USD
ADJ0005711,TK0014034,T0081903,appeasement_credit,8.95,service_recovery,2026-01-14 07:24:47.626681888,USD
ADJ0005712,TK0014037,T0081949,refund,3.26,trip_status_issue,2026-02-04 14:17:30.933262614,USD
ADJ0005713,TK0014038,T0081950,refund,9.17,vehicle_access_issue,2026-03-10 12:07:09.127293638,USD
ADJ0005714,TK0014039,T0081951,refund,6.71,pickup_issue,2026-02-06 19:38:13.271130579,USD
ADJ0005715,TK0014039,T0081951,appeasement_credit,7.2,service_recovery,2026-02-06 20:24:13.271130579,USD
ADJ0005716,TK0014041,T0082075,refund,9.86,vehicle_access_issue,2026-02-26 07:45:41.259927368,USD
ADJ0005717,TK0014043,T0082352,refund,6.85,payment_issue,2026-04-26 09:03:37.803899710,USD
ADJ0005718,TK0014044,T0082365,refund,2.21,payment_issue,2026-03-02 22:01:29.681299293,USD
ADJ0005719,TK0014044,T0082365,appeasement_credit,13.14,service_recovery,2026-03-02 22:30:29.681299293,USD
ADJ0005720,TK0014045,T0082367,refund,9.27,payment_issue,2026-03-02 10:20:34.091989059,USD
ADJ0005721,TK0014047,T0082582,refund,7.94,cancellation_issue,2026-03-31 16:48:41.563877447,USD
ADJ0005722,TK0014048,T0082583,refund,10.93,route_issue,2026-01-29 22:26:07.484914266,USD
ADJ0005723,TK0014050,T0082595,appeasement_credit,18.67,service_recovery,2026-02-06 04:40:30.645084399,USD
ADJ0005724,TK0014051,T0082599,refund,1.77,safety_concern,2026-06-03 15:59:11.434067429,USD
ADJ0005725,TK0014052,T0082615,appeasement_credit,9.22,service_recovery,2026-02-21 20:20:05.795283893,USD
ADJ0005726,TK0014055,T0082800,refund,7.92,route_issue,2026-04-17 12:58:09.714729286,USD
ADJ0005727,TK0014063,T0083302,appeasement_credit,11.88,service_recovery,2026-02-23 14:19:06.120957875,USD
ADJ0005728,TK0014065,T0083487,appeasement_credit,17.16,service_recovery,2026-05-19 13:18:36.782735923,USD
ADJ0005729,TK0014071,T0083859,refund,3.98,pickup_issue,2026-06-11 02:30:15.652434301,USD
ADJ0005730,TK0014074,T0084010,refund,3.43,dropoff_issue,2026-04-05 17:54:33.578149944,USD
ADJ0005731,TK0014075,T0084025,appeasement_credit,16.91,service_recovery,2026-04-06 16:47:19.807799235,USD
ADJ0005732,TK0014077,T0084068,refund,10.97,vehicle_access_issue,2026-02-08 06:32:51.786351937,USD
ADJ0005733,TK0014079,T0084144,refund,6.69,dropoff_issue,2026-03-07 20:23:38.776570218,USD
ADJ0005734,TK0014080,T0084191,refund,3.87,trip_status_issue,2026-06-17 16:05:10.362365796,USD
ADJ0005735,TK0014082,T0084308,refund,6.02,vehicle_access_issue,2026-03-23 17:16:28.507219315,USD
ADJ0005736,TK0014083,T0084317,appeasement_credit,10.81,service_recovery,2026-04-28 01:42:09.458215641,USD
ADJ0005737,TK0014084,T0084352,appeasement_credit,3.62,service_recovery,2026-05-25 20:37:46.635602511,USD
ADJ0005738,TK0014085,T0084361,appeasement_credit,19.14,service_recovery,2026-04-25 11:24:32.243736890,USD
ADJ0005739,TK0014087,T0084379,refund,6.06,dropoff_issue,2026-02-24 19:13:21.877734076,USD
ADJ0005740,TK0014088,T0084419,refund,1.98,cancellation_issue,2026-02-08 10:38:10.738063865,USD
ADJ0005741,TK0014089,T0084489,appeasement_credit,6.97,service_recovery,2026-06-08 22:49:49.757560876,USD
ADJ0005742,TK0014092,T0084615,appeasement_credit,18.29,service_recovery,2026-05-14 23:41:57.220252763,USD
ADJ0005743,TK0014094,T0084631,refund,2.13,trip_status_issue,2026-06-14 23:36:51.291927691,USD
ADJ0005744,TK0014099,T0084901,refund,4.62,pickup_issue,2026-06-17 06:09:35.913010990,USD
ADJ0005745,TK0014099,T0084901,appeasement_credit,12.85,service_recovery,2026-06-17 06:22:35.913010990,USD
ADJ0005746,TK0014104,T0085116,appeasement_credit,3.31,service_recovery,2026-02-10 10:13:21.052215439,USD
ADJ0005747,TK0014106,T0085435,refund,2.73,safety_concern,2026-04-29 00:46:43.539571468,USD
ADJ0005748,TK0014109,T0085696,refund,7.93,payment_issue,2026-03-18 09:41:01.954529986,USD
ADJ0005749,TK0014109,T0085696,appeasement_credit,10.11,service_recovery,2026-03-18 10:49:01.954529986,USD
ADJ0005750,TK0014110,T0085699,refund,4.38,vehicle_access_issue,2026-04-10 01:56:06.976224049,USD
ADJ0005751,TK0014110,T0085699,appeasement_credit,4.02,service_recovery,2026-04-10 01:42:06.976224049,USD
ADJ0005752,TK0014111,T0085709,refund,20.17,pickup_issue,2026-06-03 08:14:24.793082741,USD
ADJ0005753,TK0014112,T0085730,refund,5.6,payment_issue,2026-03-08 15:10:44.266064217,USD
ADJ0005754,TK0014113,T0085867,refund,14.85,vehicle_access_issue,2026-06-14 10:30:48.134474018,USD
ADJ0005755,TK0014113,T0085867,appeasement_credit,17.8,service_recovery,2026-06-14 10:47:48.134474018,USD
ADJ0005756,TK0014118,T0086067,appeasement_credit,6.85,service_recovery,2026-06-10 03:31:43.764083097,USD
ADJ0005757,TK0014121,T0086283,appeasement_credit,7.55,service_recovery,2026-06-06 08:50:49.940081706,USD
ADJ0005758,TK0014122,T0086294,refund,5.67,payment_issue,2026-03-13 20:18:51.418567970,USD
ADJ0005759,TK0014122,T0086294,appeasement_credit,11.17,service_recovery,2026-03-13 20:27:51.418567970,USD
ADJ0005760,TK0014123,T0086330,appeasement_credit,5.2,service_recovery,2026-05-27 02:58:19.623048755,USD
ADJ0005761,TK0014124,T0086494,refund,3.55,pickup_issue,2026-04-30 23:19:38.956047198,USD
ADJ0005762,TK0014126,T0086548,refund,1.13,safety_concern,2026-03-07 07:11:46.237464014,USD
ADJ0005763,TK0014128,T0086903,refund,11.62,pickup_issue,2026-01-13 11:15:44.697949265,USD
ADJ0005764,TK0014132,T0087012,refund,2.87,payment_issue,2026-03-09 01:24:04.946068523,USD
ADJ0005765,TK0014136,T0087318,refund,4.22,safety_concern,2026-04-04 11:14:34.945587529,USD
ADJ0005766,TK0014139,T0087486,appeasement_credit,13.61,service_recovery,2026-05-07 10:14:04.308485092,USD
ADJ0005767,TK0014140,T0087539,refund,4.33,vehicle_access_issue,2026-01-18 15:55:22.900698498,USD
ADJ0005768,TK0014141,T0087572,refund,2.75,cancellation_issue,2026-04-18 13:10:14.915583957,USD
ADJ0005769,TK0014142,T0087634,refund,5.39,cancellation_issue,2026-06-02 14:46:08.553848905,USD
ADJ0005770,TK0014144,T0087929,refund,3.3,cancellation_issue,2026-01-17 16:53:54.941629993,USD
ADJ0005771,TK0014144,T0087929,appeasement_credit,4.54,service_recovery,2026-01-17 17:00:54.941629993,USD
ADJ0005772,TK0014145,T0088318,appeasement_credit,17.14,service_recovery,2026-05-21 18:03:43.640379608,USD
ADJ0005773,TK0014147,T0088409,appeasement_credit,15.04,service_recovery,2026-03-24 19:02:51.425883133,USD
ADJ0005774,TK0014148,T0088473,refund,7.04,vehicle_access_issue,2026-06-27 14:35:40.483294003,USD
ADJ0005775,TK0014148,T0088473,appeasement_credit,3.11,service_recovery,2026-06-27 13:51:40.483294003,USD
ADJ0005776,TK0014150,T0088561,refund,9.58,trip_status_issue,2026-04-17 19:47:31.171328202,USD
ADJ0005777,TK0014151,T0088677,refund,4.54,vehicle_access_issue,2026-02-24 07:57:33.328370722,USD
ADJ0005778,TK0014152,T0088755,refund,9.9,payment_issue,2026-05-16 17:25:49.706718608,USD
ADJ0005779,TK0014154,T0089032,appeasement_credit,5.07,service_recovery,2026-06-25 00:43:44.226732281,USD
ADJ0005780,TK0014156,T0089072,appeasement_credit,19.71,service_recovery,2026-06-27 06:00:18.967365345,USD
ADJ0005781,TK0014157,T0089082,refund,3.6,payment_issue,2026-01-31 10:47:48.031532085,USD
ADJ0005782,TK0014159,T0089142,appeasement_credit,10.16,service_recovery,2026-05-07 20:34:10.477644372,USD
ADJ0005783,TK0014161,T0089252,appeasement_credit,12.67,service_recovery,2026-05-09 16:39:48.195209389,USD
ADJ0005784,TK0014163,T0089270,refund,4.9,payment_issue,2026-01-25 20:57:58.993374651,USD
ADJ0005785,TK0014164,T0089276,refund,20.65,payment_issue,2026-01-07 21:22:22.752104468,USD
ADJ0005786,TK0014166,T0089378,appeasement_credit,4.98,service_recovery,2026-06-22 15:37:36.073612099,USD
ADJ0005787,TK0014172,T0089707,refund,5.98,cancellation_issue,2026-07-01 04:24:16.472879330,USD
ADJ0005788,TK0014172,T0089707,appeasement_credit,18.25,service_recovery,2026-07-01 03:51:16.472879330,USD
ADJ0005789,TK0014174,T0089824,refund,5.38,safety_concern,2026-01-23 05:08:08.182923795,USD
ADJ0005790,TK0014175,T0089836,refund,29.74,cancellation_issue,2026-03-11 23:27:42.495957203,USD
ADJ0005791,TK0014176,T0089900,refund,8.91,trip_status_issue,2026-03-19 12:40:49.909236588,USD
ADJ0005792,TK0014179,T0090074,refund,2.18,pickup_issue,2026-01-23 00:02:51.643267308,USD
ADJ0005793,TK0014179,T0090074,appeasement_credit,4.56,service_recovery,2026-01-22 23:47:51.643267308,USD
ADJ0005794,TK0014180,T0090088,appeasement_credit,13.47,service_recovery,2026-01-23 19:14:59.277346620,USD
ADJ0005795,TK0014181,T0090105,refund,3.31,cancellation_issue,2026-04-11 02:29:23.284579509,USD
ADJ0005796,TK0014183,T0090302,refund,2.14,safety_concern,2026-01-13 21:42:59.363792082,USD
ADJ0005797,TK0014183,T0090302,appeasement_credit,19.42,service_recovery,2026-01-13 22:20:59.363792082,USD
ADJ0005798,TK0014186,T0090435,appeasement_credit,12.32,service_recovery,2026-01-28 12:32:40.696824150,USD
ADJ0005799,TK0014188,T0090494,appeasement_credit,10.99,service_recovery,2026-06-09 09:19:00.395703117,USD
ADJ0005800,TK0014192,T0090651,refund,17.84,pickup_issue,2026-01-12 06:53:09.894188107,USD
ADJ0005801,TK0014193,T0090668,refund,7.48,pickup_issue,2026-01-24 12:56:57.642004497,USD
ADJ0005802,TK0014193,T0090668,appeasement_credit,4.97,service_recovery,2026-01-24 13:30:57.642004497,USD
ADJ0005803,TK0014194,T0090686,refund,2.39,pickup_issue,2026-05-29 23:47:53.185322472,USD
ADJ0005804,TK0014196,T0090737,refund,8.02,trip_status_issue,2026-05-23 14:05:50.731178718,USD
ADJ0005805,TK0014196,T0090737,appeasement_credit,3.17,service_recovery,2026-05-23 13:45:50.731178718,USD
ADJ0005806,TK0014197,T0090772,refund,3.8,route_issue,2026-02-05 05:08:12.595866228,USD
ADJ0005807,TK0014197,T0090772,appeasement_credit,19.22,service_recovery,2026-02-05 05:51:12.595866228,USD
ADJ0005808,TK0014198,T0090872,appeasement_credit,12.53,service_recovery,2026-02-27 20:30:29.466805538,USD
ADJ0005809,TK0014199,T0090957,appeasement_credit,7.34,service_recovery,2026-05-18 09:17:27.769033581,USD
ADJ0005810,TK0014200,T0091042,refund,1.26,trip_status_issue,2026-03-27 17:08:48.963485297,USD
ADJ0005811,TK0014202,T0091099,refund,5.8,pickup_issue,2026-06-28 10:13:54.822962944,USD
ADJ0005812,TK0014203,T0091126,refund,5.15,trip_status_issue,2026-01-19 03:20:42.496907853,USD
ADJ0005813,TK0014204,T0091177,refund,14.65,route_issue,2026-04-13 17:43:30.510019556,USD
ADJ0005814,TK0014206,T0091397,refund,5.63,cancellation_issue,2026-04-09 06:48:15.668745369,USD
ADJ0005815,TK0014209,T0091714,refund,5.52,route_issue,2026-02-03 21:40:41.023681306,USD
ADJ0005816,TK0014213,T0092148,refund,3.85,route_issue,2026-04-20 07:06:17.376047211,USD
ADJ0005817,TK0014213,T0092148,appeasement_credit,13.04,service_recovery,2026-04-20 07:28:17.376047211,USD
ADJ0005818,TK0014214,T0092207,refund,9.36,cancellation_issue,2026-06-01 13:23:55.244672851,USD
ADJ0005819,TK0014216,T0092394,appeasement_credit,10.88,service_recovery,2026-03-17 02:37:27.238012622,USD
ADJ0005820,TK0014217,T0092440,refund,4.15,pickup_issue,2026-06-26 22:34:39.791603522,USD
ADJ0005821,TK0014221,T0092693,refund,4.41,pickup_issue,2026-01-27 08:58:20.206353472,USD
ADJ0005822,TK0014222,T0092950,refund,15.45,payment_issue,2026-02-11 04:02:11.540015538,USD
ADJ0005823,TK0014224,T0093050,appeasement_credit,9.86,service_recovery,2026-05-24 12:24:18.648178152,USD
ADJ0005824,TK0014228,T0093278,refund,8.62,trip_status_issue,2026-02-18 09:26:13.092900341,USD
ADJ0005825,TK0014228,T0093278,appeasement_credit,5.8,service_recovery,2026-02-18 09:39:13.092900341,USD
ADJ0005826,TK0014229,T0093306,refund,9.46,other,2026-01-15 19:46:23.897994465,USD
ADJ0005827,TK0014233,T0093445,appeasement_credit,6.72,service_recovery,2026-05-01 13:20:00.353838541,USD
ADJ0005828,TK0014234,T0093463,appeasement_credit,4.45,service_recovery,2026-05-14 13:41:12.796863653,USD
ADJ0005829,TK0014235,T0093468,refund,1.99,trip_status_issue,2026-03-25 19:48:54.015622082,USD
ADJ0005830,TK0014236,T0093470,refund,8.95,payment_issue,2026-06-05 22:01:53.729325688,USD
ADJ0005831,TK0014238,T0093694,refund,5.35,trip_status_issue,2026-01-17 15:25:17.388104842,USD
ADJ0005832,TK0014239,T0093708,refund,3.31,pickup_issue,2026-06-29 08:06:35.160601984,USD
ADJ0005833,TK0014240,T0093740,appeasement_credit,16.39,service_recovery,2026-03-16 15:01:11.204976928,USD
ADJ0005834,TK0014241,T0093776,appeasement_credit,4.59,service_recovery,2026-06-27 21:51:45.661666184,USD
ADJ0005835,TK0014243,T0093833,refund,4.39,pickup_issue,2026-07-05 19:15:33.178548704,USD
ADJ0005836,TK0014245,T0094158,refund,4.09,route_issue,2026-02-08 20:04:15.010587080,USD
ADJ0005837,TK0014246,T0094293,appeasement_credit,13.34,service_recovery,2026-01-25 20:43:00.637016012,USD
ADJ0005838,TK0014250,T0094604,refund,5.95,route_issue,2026-06-30 04:02:47.156503250,USD
ADJ0005839,TK0014253,T0094738,refund,9.51,payment_issue,2026-03-20 23:17:06.048558164,USD
ADJ0005840,TK0014254,T0094845,refund,12.46,pickup_issue,2026-05-12 18:48:23.372002088,USD
ADJ0005841,TK0014255,T0094968,refund,15.28,payment_issue,2026-04-28 15:07:23.186332701,USD
ADJ0005842,TK0014258,T0095114,appeasement_credit,14.59,service_recovery,2026-05-19 00:06:23.641871740,USD
ADJ0005843,TK0014260,T0095320,appeasement_credit,18.85,service_recovery,2026-04-17 16:38:21.070951932,USD
ADJ0005844,TK0014264,T0095500,refund,5.73,cancellation_issue,2026-06-08 12:23:29.727623550,USD
ADJ0005845,TK0014265,T0095591,appeasement_credit,14.05,service_recovery,2026-02-03 02:29:11.327179313,USD
ADJ0005846,TK0014266,T0095643,refund,4.95,payment_issue,2026-03-13 10:04:35.917975758,USD
ADJ0005847,TK0014266,T0095643,appeasement_credit,8.74,service_recovery,2026-03-13 10:30:35.917975758,USD
ADJ0005848,TK0014268,T0095683,refund,13.71,vehicle_access_issue,2026-02-09 19:42:47.984851091,USD
ADJ0005849,TK0014268,T0095683,appeasement_credit,5.33,service_recovery,2026-02-09 20:32:47.984851091,USD
ADJ0005850,TK0014269,T0095886,refund,5.63,vehicle_access_issue,2026-03-29 13:11:59.811474672,USD
ADJ0005851,TK0014271,T0095961,appeasement_credit,6.7,service_recovery,2026-03-07 09:42:41.069973200,USD
ADJ0005852,TK0014274,T0096039,refund,3.76,dropoff_issue,2026-05-25 10:28:21.014900643,USD
ADJ0005853,TK0014274,T0096039,appeasement_credit,17.35,service_recovery,2026-05-25 10:39:21.014900643,USD
ADJ0005854,TK0014275,T0096087,refund,7.29,trip_status_issue,2026-05-04 17:25:35.338878226,USD
ADJ0005855,TK0014276,T0096089,appeasement_credit,10.97,service_recovery,2026-06-15 14:49:37.955178097,USD
ADJ0005856,TK0014278,T0096264,refund,3.35,safety_concern,2026-03-26 17:32:39.361319135,USD
ADJ0005857,TK0014278,T0096264,appeasement_credit,14.54,service_recovery,2026-03-26 17:54:39.361319135,USD
ADJ0005858,TK0014279,T0096378,refund,10.42,vehicle_access_issue,2026-01-26 17:56:43.842834578,USD
ADJ0005859,TK0014280,T0096469,appeasement_credit,7.64,service_recovery,2026-04-19 15:50:21.705815414,USD
ADJ0005860,TK0014282,T0096592,appeasement_credit,16.49,service_recovery,2026-06-02 01:42:47.344829535,USD
ADJ0005861,TK0014283,T0096666,appeasement_credit,8.11,service_recovery,2026-01-05 12:40:41.238387015,USD
ADJ0005862,TK0014286,T0096826,refund,5.05,dropoff_issue,2026-01-31 22:27:41.707776310,USD
ADJ0005863,TK0014288,T0096875,appeasement_credit,7.65,service_recovery,2026-02-08 17:15:20.167345735,USD
ADJ0005864,TK0014289,T0096924,appeasement_credit,13.59,service_recovery,2026-07-01 04:57:17.218848617,USD
ADJ0005865,TK0014290,T0097041,refund,30.09,cancellation_issue,2026-04-06 20:54:42.917750208,USD
ADJ0005866,TK0014292,T0097067,refund,2.37,safety_concern,2026-03-20 03:25:29.201731371,USD
ADJ0005867,TK0014294,T0097101,refund,3.05,cancellation_issue,2026-03-07 15:50:32.017050637,USD
ADJ0005868,TK0014295,T0097119,refund,5.93,trip_status_issue,2026-02-16 11:00:02.566615672,USD
ADJ0005869,TK0014296,T0097130,refund,5.58,other,2026-03-30 03:34:47.587478418,USD
ADJ0005870,TK0014297,T0097135,refund,3.36,vehicle_access_issue,2026-03-06 16:21:42.656644567,USD
ADJ0005871,TK0014298,T0097165,refund,2.17,pickup_issue,2026-03-26 23:14:33.942582089,USD
ADJ0005872,TK0014301,T0097240,appeasement_credit,4.95,service_recovery,2026-05-03 21:35:49.085931614,USD
ADJ0005873,TK0014305,T0097566,refund,1.22,safety_concern,2026-03-14 05:01:56.136518359,USD
ADJ0005874,TK0014311,T0097830,refund,6.49,trip_status_issue,2026-02-22 21:53:16.061958762,USD
ADJ0005875,TK0014312,T0097926,refund,0.69,cancellation_issue,2026-07-05 15:53:57.811723651,USD
ADJ0005876,TK0014313,T0098009,refund,4.61,safety_concern,2026-04-27 01:33:56.915567073,USD
ADJ0005877,TK0014314,T0098033,refund,2.97,pickup_issue,2026-04-24 09:32:31.000571115,USD
ADJ0005878,TK0014324,T0098716,refund,5.47,cancellation_issue,2026-04-16 02:00:59.202582265,USD
ADJ0005879,TK0014325,T0098887,appeasement_credit,15.88,service_recovery,2026-05-01 00:08:36.229113291,USD
ADJ0005880,TK0014328,T0099064,refund,1.46,cancellation_issue,2026-03-27 15:05:11.423677292,USD
ADJ0005881,TK0014331,T0099185,refund,2.07,safety_concern,2026-05-16 11:58:52.610092516,USD
ADJ0005882,TK0014332,T0099232,refund,1.97,route_issue,2026-05-09 00:57:01.785961898,USD
ADJ0005883,TK0014335,T0099363,appeasement_credit,18.69,service_recovery,2026-01-29 16:56:51.903742748,USD
ADJ0005884,TK0014337,T0099573,appeasement_credit,10.93,service_recovery,2026-01-17 06:01:10.071249736,USD
ADJ0005885,TK0014338,T0099647,refund,2.31,safety_concern,2026-06-04 23:05:43.071453927,USD
ADJ0005886,TK0014339,T0099737,refund,8.2,safety_concern,2026-02-03 13:59:24.054396263,USD
ADJ0005887,TK0014340,T0099739,appeasement_credit,3.63,service_recovery,2026-01-15 21:20:52.102402258,USD
ADJ0005888,TK0014342,T0099761,refund,12.61,payment_issue,2026-03-13 16:56:02.437084444,USD
ADJ0005889,TK0014344,T0099880,refund,3.66,dropoff_issue,2026-01-10 19:25:30.446569473,USD
ADJ0005890,TK0014344,T0099880,appeasement_credit,14.36,service_recovery,2026-01-10 19:20:30.446569473,USD
ADJ0005891,TK0014345,T0099950,refund,3.23,cancellation_issue,2026-02-25 17:44:56.013332911,USD
ADJ0005892,TK0014347,T0099971,refund,2.37,pickup_issue,2026-03-27 23:31:13.213399164,USD
ADJ0005893,TK0014348,T0099990,refund,2.06,pickup_issue,2026-06-27 05:17:42.415969616,USD
ADJ0005894,TK0014349,T0100035,refund,9.73,safety_concern,2026-02-22 15:14:42.491868954,USD
ADJ0005895,TK0014351,T0100135,refund,6.48,dropoff_issue,2026-01-29 02:48:32.648947842,USD
ADJ0005896,TK0014353,T0100213,appeasement_credit,6.88,service_recovery,2026-02-02 19:39:06.535955213,USD
ADJ0005897,TK0014354,T0100256,appeasement_credit,19.38,service_recovery,2026-04-16 18:26:44.784416901,USD
ADJ0005898,TK0014355,T0100297,refund,13.87,cancellation_issue,2026-01-12 04:41:19.974527223,USD
ADJ0005899,TK0014360,T0100707,refund,3.32,vehicle_access_issue,2026-06-19 06:28:20.156553176,USD
ADJ0005900,TK0014360,T0100707,appeasement_credit,13.23,service_recovery,2026-06-19 06:17:20.156553176,USD
ADJ0005901,TK0014363,T0100789,appeasement_credit,8.58,service_recovery,2026-05-13 19:53:24.932632189,USD
ADJ0005902,TK0014366,T0100943,refund,3.13,route_issue,2026-04-23 00:06:18.169701080,USD
ADJ0005903,TK0014367,T0100954,refund,14.74,payment_issue,2026-02-26 21:52:07.398541883,USD
ADJ0005904,TK0014367,T0100954,appeasement_credit,3.14,service_recovery,2026-02-26 22:02:07.398541883,USD
ADJ0005905,TK0014370,T0101033,refund,10.04,payment_issue,2026-04-26 12:57:36.693848332,USD
ADJ0005906,TK0014373,T0101358,refund,16.65,vehicle_access_issue,2026-03-30 16:14:51.707878431,USD
ADJ0005907,TK0014376,T0101516,refund,1.47,pickup_issue,2026-04-13 15:43:13.028920991,USD
ADJ0005908,TK0014377,T0101542,refund,3.37,trip_status_issue,2026-01-05 19:26:30.763096119,USD
ADJ0005909,TK0014382,T0101960,refund,16.3,payment_issue,2026-05-03 18:20:35.176365583,USD
ADJ0005910,TK0014383,T0102102,refund,7.91,trip_status_issue,2026-04-08 02:56:09.162228699,USD
ADJ0005911,TK0014385,T0102145,appeasement_credit,16.88,service_recovery,2026-01-08 07:04:17.162639766,USD
ADJ0005912,TK0014389,T0102352,refund,12.8,safety_concern,2026-02-12 23:51:26.204615759,USD
ADJ0005913,TK0014391,T0102735,refund,2.81,pickup_issue,2026-02-13 09:30:59.468134458,USD
ADJ0005914,TK0014393,T0102802,refund,4.77,trip_status_issue,2026-03-17 03:06:51.608487360,USD
ADJ0005915,TK0014395,T0102870,appeasement_credit,13.47,service_recovery,2026-06-08 11:16:48.788269762,USD
ADJ0005916,TK0014398,T0103108,appeasement_credit,16.26,service_recovery,2026-01-20 02:40:59.373883172,USD
ADJ0005917,TK0014399,T0103112,appeasement_credit,13.04,service_recovery,2026-05-17 12:49:33.652928268,USD
ADJ0005918,TK0014402,T0103309,refund,5.39,payment_issue,2026-01-09 15:55:58.120925978,USD
ADJ0005919,TK0014404,T0103568,refund,5.1,pickup_issue,2026-03-19 23:37:09.390382349,USD
ADJ0005920,TK0014409,T0103890,refund,3.41,trip_status_issue,2026-02-15 17:57:48.447898578,USD
ADJ0005921,TK0014409,T0103890,appeasement_credit,3.47,service_recovery,2026-02-15 17:36:48.447898578,USD
ADJ0005922,TK0014410,T0103914,appeasement_credit,9.26,service_recovery,2026-07-04 05:07:44.655998362,USD
ADJ0005923,TK0014415,T0104208,refund,3.0,cancellation_issue,2026-05-17 06:19:49.030901431,USD
ADJ0005924,TK0014418,T0104369,refund,2.67,pickup_issue,2026-04-30 15:34:43.211906885,USD
ADJ0005925,TK0014419,T0104386,refund,3.12,vehicle_access_issue,2026-06-12 22:26:46.257664085,USD
ADJ0005926,TK0014424,T0104653,refund,5.58,dropoff_issue,2026-04-26 19:57:43.580611057,USD
ADJ0005927,TK0014425,T0104807,refund,1.05,trip_status_issue,2026-02-20 15:11:11.460475471,USD
ADJ0005928,TK0014429,T0105098,refund,3.17,safety_concern,2026-02-03 22:27:08.797810377,USD
ADJ0005929,TK0014430,T0105105,refund,7.65,trip_status_issue,2026-01-18 21:56:51.931031615,USD
ADJ0005930,TK0014431,T0105113,refund,3.84,pickup_issue,2026-05-06 12:48:50.037232137,USD
ADJ0005931,TK0014432,T0105138,appeasement_credit,5.36,service_recovery,2026-03-31 17:49:15.951451744,USD
ADJ0005932,TK0014433,T0105156,refund,8.5,cancellation_issue,2026-06-23 21:27:09.358954636,USD
ADJ0005933,TK0014434,T0105210,refund,12.47,payment_issue,2026-03-08 23:22:13.747805775,USD
ADJ0005934,TK0014435,T0105213,refund,7.56,pickup_issue,2026-01-17 17:34:09.101404956,USD
ADJ0005935,TK0014435,T0105213,appeasement_credit,10.64,service_recovery,2026-01-17 16:57:09.101404956,USD
ADJ0005936,TK0014436,T0105218,refund,3.19,pickup_issue,2026-01-09 04:19:22.551196952,USD
ADJ0005937,TK0014439,T0105365,refund,7.93,trip_status_issue,2026-02-03 14:56:14.086059880,USD
ADJ0005938,TK0014439,T0105365,appeasement_credit,19.15,service_recovery,2026-02-03 14:35:14.086059880,USD
ADJ0005939,TK0014440,T0105415,refund,3.43,safety_concern,2026-04-18 23:25:51.163530474,USD
ADJ0005940,TK0014443,T0105604,appeasement_credit,16.2,service_recovery,2026-05-04 02:30:23.866110925,USD
ADJ0005941,TK0014444,T0105666,appeasement_credit,9.66,service_recovery,2026-02-15 06:11:55.499152030,USD
ADJ0005942,TK0014447,T0105807,refund,1.48,vehicle_access_issue,2026-05-11 06:05:14.125306622,USD
ADJ0005943,TK0014447,T0105807,appeasement_credit,18.5,service_recovery,2026-05-11 06:12:14.125306622,USD
ADJ0005944,TK0014450,T0106242,refund,1.53,safety_concern,2026-01-08 19:09:40.589129341,USD
ADJ0005945,TK0014453,T0106467,refund,13.69,route_issue,2026-05-13 08:08:20.943413349,USD
ADJ0005946,TK0014455,T0106559,refund,4.11,vehicle_access_issue,2026-01-07 00:56:35.083365245,USD
ADJ0005947,TK0014457,T0106569,refund,13.87,trip_status_issue,2026-04-29 10:47:14.309026472,USD
ADJ0005948,TK0014458,T0106571,refund,1.72,trip_status_issue,2026-05-08 02:06:20.237255617,USD
ADJ0005949,TK0014459,T0106639,appeasement_credit,6.1,service_recovery,2026-01-10 06:47:40.675864369,USD
ADJ0005950,TK0014462,T0106929,refund,4.5,payment_issue,2026-01-21 04:20:53.049418544,USD
ADJ0005951,TK0014464,T0107010,refund,2.87,dropoff_issue,2026-05-05 17:46:31.089974190,USD
ADJ0005952,TK0014466,T0107023,refund,7.81,dropoff_issue,2026-05-19 15:32:21.913554348,USD
ADJ0005953,TK0014467,T0107030,refund,19.96,safety_concern,2026-03-06 00:11:04.252677844,USD
ADJ0005954,TK0014467,T0107030,appeasement_credit,7.18,service_recovery,2026-03-06 00:46:04.252677844,USD
ADJ0005955,TK0014468,T0107034,refund,2.5,vehicle_access_issue,2026-04-10 03:12:23.936192742,USD
ADJ0005956,TK0014469,T0107048,refund,8.2,trip_status_issue,2026-02-13 14:03:03.881775159,USD
ADJ0005957,TK0014470,T0107087,appeasement_credit,16.3,service_recovery,2026-04-27 17:40:21.768261700,USD
ADJ0005958,TK0014472,T0107159,refund,8.97,pickup_issue,2026-02-05 17:28:35.417713238,USD
ADJ0005959,TK0014475,T0107338,refund,1.75,trip_status_issue,2026-02-12 07:16:40.541669374,USD
ADJ0005960,TK0014476,T0107360,appeasement_credit,17.6,service_recovery,2026-01-18 14:40:18.523788525,USD
ADJ0005961,TK0014479,T0107461,refund,5.94,payment_issue,2026-06-17 01:27:01.673150809,USD
ADJ0005962,TK0014482,T0107675,refund,5.35,pickup_issue,2026-03-17 11:40:10.757912572,USD
ADJ0005963,TK0014483,T0107803,appeasement_credit,12.57,service_recovery,2026-05-08 09:55:29.160532912,USD
ADJ0005964,TK0014485,T0107871,appeasement_credit,10.96,service_recovery,2026-06-15 20:45:37.787757453,USD
ADJ0005965,TK0014486,T0107980,refund,6.58,trip_status_issue,2026-04-11 20:10:10.567483207,USD
ADJ0005966,TK0014488,T0108016,appeasement_credit,13.48,service_recovery,2026-05-27 11:49:43.487921021,USD
ADJ0005967,TK0014490,T0108097,refund,2.13,cancellation_issue,2026-06-28 13:43:55.235995846,USD
ADJ0005968,TK0014491,T0108125,refund,2.97,trip_status_issue,2026-01-13 19:31:06.237422996,USD
ADJ0005969,TK0014496,T0108341,appeasement_credit,13.2,service_recovery,2026-04-20 18:41:39.973187000,USD
ADJ0005970,TK0014497,T0108446,appeasement_credit,5.6,service_recovery,2026-05-18 06:10:20.960217008,USD
ADJ0005971,TK0014498,T0108460,refund,8.45,dropoff_issue,2026-01-09 07:28:45.916698937,USD
ADJ0005972,TK0014499,T0108531,refund,6.85,vehicle_access_issue,2026-04-30 10:28:35.516574686,USD
ADJ0005973,TK0014500,T0108623,refund,3.11,pickup_issue,2026-04-18 19:33:34.277712818,USD
ADJ0005974,TK0014501,T0108683,refund,23.88,payment_issue,2026-04-19 09:54:36.514565629,USD
ADJ0005975,TK0014502,T0108711,appeasement_credit,7.29,service_recovery,2026-05-07 09:43:45.114525145,USD
ADJ0005976,TK0014510,T0109263,refund,6.52,route_issue,2026-04-28 07:52:36.387949392,USD
ADJ0005977,TK0014512,T0109278,refund,5.33,safety_concern,2026-02-03 10:39:55.672734914,USD
ADJ0005978,TK0014513,T0109340,refund,3.03,cancellation_issue,2026-04-28 18:41:37.304746022,USD
ADJ0005979,TK0014514,T0109426,refund,4.61,payment_issue,2026-05-24 00:49:51.005002554,USD
ADJ0005980,TK0014516,T0109459,appeasement_credit,13.46,service_recovery,2026-02-22 21:40:48.768984701,USD
ADJ0005981,TK0014517,T0109483,appeasement_credit,3.64,service_recovery,2026-01-14 04:25:56.181581623,USD
ADJ0005982,TK0014519,T0109573,appeasement_credit,18.69,service_recovery,2026-06-17 07:18:47.458875709,USD
ADJ0005983,TK0014520,T0109589,appeasement_credit,13.45,service_recovery,2026-05-12 02:57:33.226293680,USD
ADJ0005984,TK0014523,T0109828,refund,7.18,safety_concern,2026-04-25 14:49:35.699641385,USD
ADJ0005985,TK0014523,T0109828,appeasement_credit,9.27,service_recovery,2026-04-25 14:25:35.699641385,USD
ADJ0005986,TK0014525,T0109853,appeasement_credit,4.26,service_recovery,2026-02-23 19:45:26.790055883,USD
ADJ0005987,TK0014526,T0109959,appeasement_credit,19.96,service_recovery,2026-06-17 00:24:26.231301196,USD
ADJ0005988,TK0014528,T0109975,refund,2.08,cancellation_issue,2026-02-01 09:58:51.184709460,USD
ADJ0005989,TK0014528,T0109975,appeasement_credit,12.97,service_recovery,2026-02-01 10:25:51.184709460,USD
ADJ0005990,TK0014529,T0110006,refund,9.91,trip_status_issue,2026-02-21 02:02:46.021270333,USD
ADJ0005991,TK0014529,T0110006,appeasement_credit,15.91,service_recovery,2026-02-21 02:34:46.021270333,USD
ADJ0005992,TK0014531,T0110091,refund,5.37,safety_concern,2026-05-24 11:42:33.674705092,USD
ADJ0005993,TK0014534,T0110187,appeasement_credit,12.28,service_recovery,2026-05-30 06:39:49.076377757,USD
ADJ0005994,TK0014538,T0110634,refund,3.69,route_issue,2026-01-30 22:13:28.292600715,USD
ADJ0005995,TK0014538,T0110634,appeasement_credit,11.67,service_recovery,2026-01-30 22:05:28.292600715,USD
ADJ0005996,TK0014540,T0110757,refund,4.38,other,2026-06-03 16:55:34.198946698,USD
ADJ0005997,TK0014549,T0111413,refund,7.11,vehicle_access_issue,2026-02-13 19:13:22.597449203,USD
ADJ0005998,TK0014551,T0111436,refund,6.34,pickup_issue,2026-03-19 05:41:01.373142735,USD
ADJ0005999,TK0014551,T0111436,appeasement_credit,19.56,service_recovery,2026-03-19 06:10:01.373142735,USD
ADJ0006000,TK0014553,T0111746,appeasement_credit,4.82,service_recovery,2026-06-04 00:34:10.522687693,USD
ADJ0006001,TK0014554,T0111748,refund,8.68,route_issue,2026-05-19 08:16:29.311496916,USD
ADJ0006002,TK0014555,T0111788,appeasement_credit,16.31,service_recovery,2026-04-27 07:49:41.297092878,USD
ADJ0006003,TK0014556,T0111792,appeasement_credit,12.64,service_recovery,2026-04-02 14:48:38.093076157,USD
ADJ0006004,TK0014557,T0111802,refund,2.64,cancellation_issue,2026-01-14 02:35:26.472908455,USD
ADJ0006005,TK0014558,T0111830,refund,2.03,dropoff_issue,2026-01-06 21:18:53.036898277,USD
ADJ0006006,TK0014558,T0111830,appeasement_credit,12.14,service_recovery,2026-01-06 21:41:53.036898277,USD
ADJ0006007,TK0014559,T0111952,refund,18.03,cancellation_issue,2026-02-20 19:40:06.569853365,USD
ADJ0006008,TK0014563,T0112057,appeasement_credit,14.16,service_recovery,2026-04-08 08:10:28.251002688,USD
ADJ0006009,TK0014565,T0112208,refund,2.94,pickup_issue,2026-01-26 07:16:35.980218564,USD
ADJ0006010,TK0014566,T0112241,refund,11.8,payment_issue,2026-02-21 01:34:04.831876496,USD
ADJ0006011,TK0014566,T0112241,appeasement_credit,8.45,service_recovery,2026-02-21 01:10:04.831876496,USD
ADJ0006012,TK0014569,T0112293,appeasement_credit,8.41,service_recovery,2026-05-05 10:50:18.837993257,USD
ADJ0006013,TK0014570,T0112403,refund,2.18,pickup_issue,2026-04-25 15:46:00.311486500,USD
ADJ0006014,TK0014573,T0112617,refund,2.03,trip_status_issue,2026-04-26 23:32:36.030510685,USD
ADJ0006015,TK0014574,T0112628,refund,4.67,pickup_issue,2026-01-29 08:27:30.533273503,USD
ADJ0006016,TK0014574,T0112628,appeasement_credit,18.38,service_recovery,2026-01-29 09:13:30.533273503,USD
ADJ0006017,TK0014575,T0112871,appeasement_credit,18.16,service_recovery,2026-02-11 15:44:24.004953693,USD
ADJ0006018,TK0014577,T0113058,refund,17.08,cancellation_issue,2026-03-17 05:22:03.996731963,USD
ADJ0006019,TK0014578,T0113116,appeasement_credit,9.99,service_recovery,2026-01-03 16:44:43.598361896,USD
ADJ0006020,TK0014579,T0113302,refund,6.14,trip_status_issue,2026-06-09 11:45:20.109670988,USD
ADJ0006021,TK0014580,T0113352,refund,6.67,safety_concern,2026-02-06 21:54:59.858182431,USD
ADJ0006022,TK0014582,T0113613,appeasement_credit,3.29,service_recovery,2026-06-11 16:22:19.144363253,USD
ADJ0006023,TK0014585,T0113919,appeasement_credit,19.01,service_recovery,2026-03-21 16:36:12.668388999,USD
ADJ0006024,TK0014586,T0113951,refund,6.79,pickup_issue,2026-04-19 08:34:47.038929498,USD
ADJ0006025,TK0014587,T0114117,refund,3.64,dropoff_issue,2026-03-03 02:17:24.881704408,USD
ADJ0006026,TK0014588,T0114136,refund,3.1,trip_status_issue,2026-05-01 16:36:00.272150220,USD
ADJ0006027,TK0014590,T0114190,refund,10.46,cancellation_issue,2026-01-28 21:51:55.603309846,USD
ADJ0006028,TK0014593,T0114232,refund,6.25,vehicle_access_issue,2026-03-03 03:58:30.922163035,USD
ADJ0006029,TK0014593,T0114232,appeasement_credit,16.64,service_recovery,2026-03-03 04:04:30.922163035,USD
ADJ0006030,TK0014594,T0114264,appeasement_credit,3.41,service_recovery,2026-02-01 15:28:09.161980931,USD
ADJ0006031,TK0014597,T0114387,appeasement_credit,4.22,service_recovery,2026-01-22 21:40:00.518852045,USD
ADJ0006032,TK0014600,T0114550,refund,10.77,cancellation_issue,2026-06-01 17:40:30.028923861,USD
ADJ0006033,TK0014600,T0114550,appeasement_credit,5.58,service_recovery,2026-06-01 18:03:30.028923861,USD
ADJ0006034,TK0014602,T0114648,refund,6.76,vehicle_access_issue,2026-01-26 04:08:38.029272957,USD
ADJ0006035,TK0014602,T0114648,appeasement_credit,17.28,service_recovery,2026-01-26 03:31:38.029272957,USD
ADJ0006036,TK0014603,T0114821,appeasement_credit,8.47,service_recovery,2026-05-18 02:29:44.474161607,USD
ADJ0006037,TK0014604,T0114997,refund,5.74,dropoff_issue,2026-03-25 12:39:13.132764138,USD
ADJ0006038,TK0014609,T0115307,refund,6.31,safety_concern,2026-05-19 15:29:20.259468105,USD
ADJ0006039,TK0014609,T0115307,appeasement_credit,4.94,service_recovery,2026-05-19 16:00:20.259468105,USD
ADJ0006040,TK0014613,T0115432,refund,4.0,safety_concern,2026-03-26 03:12:54.035456662,USD
ADJ0006041,TK0014615,T0115446,refund,9.07,vehicle_access_issue,2026-01-24 05:24:15.788271127,USD
ADJ0006042,TK0014617,T0115493,appeasement_credit,13.49,service_recovery,2026-06-20 19:56:33.536691824,USD
ADJ0006043,TK0014621,T0115689,refund,5.38,cancellation_issue,2026-05-17 08:25:16.683006784,USD
ADJ0006044,TK0014623,T0115723,refund,6.33,route_issue,2026-05-31 06:19:46.760741972,USD
ADJ0006045,TK0014627,T0116013,refund,8.58,safety_concern,2026-03-05 04:19:30.614247983,USD
ADJ0006046,TK0014627,T0116013,appeasement_credit,13.82,service_recovery,2026-03-05 04:31:30.614247983,USD
ADJ0006047,TK0014630,T0116059,refund,7.34,vehicle_access_issue,2026-03-28 09:29:04.178702892,USD
ADJ0006048,TK0014633,T0116233,refund,8.97,route_issue,2026-03-04 14:22:16.909060953,USD
ADJ0006049,TK0014634,T0116322,appeasement_credit,12.57,service_recovery,2026-03-30 13:44:47.874932136,USD
ADJ0006050,TK0014635,T0116344,refund,7.2,payment_issue,2026-01-24 05:21:44.955272631,USD
ADJ0006051,TK0014636,T0116385,appeasement_credit,3.07,service_recovery,2026-02-13 05:21:42.539893259,USD
ADJ0006052,TK0014637,T0116419,refund,23.98,route_issue,2026-04-15 15:57:27.516734166,USD
ADJ0006053,TK0014637,T0116419,appeasement_credit,18.05,service_recovery,2026-04-15 16:03:27.516734166,USD
ADJ0006054,TK0014638,T0116548,refund,2.44,cancellation_issue,2026-06-08 02:53:18.013968408,USD
ADJ0006055,TK0014639,T0116624,refund,16.14,lost_item,2026-02-06 17:23:30.023720650,USD
ADJ0006056,TK0014639,T0116624,appeasement_credit,14.5,service_recovery,2026-02-06 17:54:30.023720650,USD
ADJ0006057,TK0014640,T0116756,refund,7.15,trip_status_issue,2026-06-24 11:36:59.023846200,USD
ADJ0006058,TK0014642,T0117135,appeasement_credit,5.33,service_recovery,2026-06-11 07:42:54.458770662,USD
ADJ0006059,TK0014643,T0117287,refund,3.36,cancellation_issue,2026-05-12 18:04:11.098179673,USD
ADJ0006060,TK0014643,T0117287,appeasement_credit,16.17,service_recovery,2026-05-12 18:50:11.098179673,USD
ADJ0006061,TK0014646,T0117373,refund,3.15,trip_status_issue,2026-04-05 08:59:06.166904101,USD
ADJ0006062,TK0014651,T0117626,refund,2.93,trip_status_issue,2026-04-29 20:22:02.867397426,USD
ADJ0006063,TK0014654,T0117822,appeasement_credit,19.36,service_recovery,2026-06-16 11:39:02.109052238,USD
ADJ0006064,TK0014660,T0118262,appeasement_credit,9.67,service_recovery,2026-05-01 07:16:37.135596556,USD
ADJ0006065,TK0014666,T0118496,appeasement_credit,12.86,service_recovery,2026-04-08 22:31:12.715278934,USD
ADJ0006066,TK0014668,T0118673,refund,2.28,pickup_issue,2026-03-03 14:45:25.067735191,USD
ADJ0006067,TK0014672,T0119071,refund,7.19,trip_status_issue,2026-01-20 19:16:55.664824828,USD
ADJ0006068,TK0014674,T0119107,appeasement_credit,14.32,service_recovery,2026-03-03 04:19:34.117513081,USD
ADJ0006069,TK0014675,T0119152,refund,2.79,dropoff_issue,2026-02-15 03:55:22.426821902,USD
ADJ0006070,TK0014676,T0119153,refund,2.54,cancellation_issue,2026-04-21 17:21:19.607408403,USD
ADJ0006071,TK0014676,T0119153,appeasement_credit,16.81,service_recovery,2026-04-21 17:40:19.607408403,USD
ADJ0006072,TK0014677,T0119159,refund,7.13,payment_issue,2026-03-03 14:15:25.808915883,USD
ADJ0006073,TK0014677,T0119159,appeasement_credit,6.32,service_recovery,2026-03-03 13:41:25.808915883,USD
ADJ0006074,TK0014678,T0119208,refund,8.68,payment_issue,2026-01-19 03:44:14.926459520,USD
ADJ0006075,TK0014680,T0119244,refund,20.59,safety_concern,2026-02-07 12:52:35.572735462,USD
ADJ0006076,TK0014681,T0119256,refund,9.03,payment_issue,2026-02-12 03:26:47.758503697,USD
ADJ0006077,TK0014684,T0119451,appeasement_credit,6.11,service_recovery,2026-02-11 08:16:20.353813916,USD
ADJ0006078,TK0014687,T0119491,refund,32.19,other,2026-04-09 11:01:50.257224310,USD
ADJ0006079,TK0014690,T0119820,refund,1.49,trip_status_issue,2026-04-19 18:47:52.071694952,USD
ADJ0006080,TK0014690,T0119820,appeasement_credit,5.61,service_recovery,2026-04-19 18:54:52.071694952,USD
ADJ0006081,TK0014691,T0119837,refund,3.3,pickup_issue,2026-06-12 15:49:12.754105417,USD
ADJ0003323,TK0008609,T0081288,refund,4.49,cancellation_issue,2026-04-14 11:18:48.000000000,USD
ADJ0000297,TK0000779,T0007012,appeasement_credit,11.43,service_recovery,2026-02-11 05:32:34.000000000,USD
ADJ0000347,TK0000889,T0008030,refund,5.62,payment_issue,2026-04-04 21:25:21.000000000,USD
ADJ0003008,TK0007820,T0073719,appeasement_credit,12.58,service_recovery,2026-03-11 03:44:58.000000000,USD
ADJ0000545,TK0001395,T0012738,refund,1.44,trip_status_issue,2026-03-05 07:45:13.000000000,USD
ADJ0005202,TK0013104,T0028885,refund,6.71,cancellation_issue,2026-02-05 13:54:36.681124092,USD
ADJ0006074,TK0014678,T0119208,refund,8.68,payment_issue,2026-01-19 03:44:14.926459520,USD
ADJ0001685,TK0004439,T0041174,refund,8.58,cancellation_issue,2026-04-10 05:35:59.000000000,USD
ADJ0003378,TK0008746,T0082694,appeasement_credit,14.62,service_recovery,2026-06-10 13:01:52.000000000,USD
ADJ0004074,TK0010531,T0100244,appeasement_credit,10.5,service_recovery,2026-05-31 03:16:50.000000000,USD
ADJ0002058,TK0005361,T0050188,refund,15.35,payment_issue,2026-02-20 12:40:29.000000000,USD
ADJ0003880,TK0010055,T0095500,refund,5.55,cancellation_issue,2026-06-05 19:59:16.000000000,USD
ADJ0002224,TK0005865,T0055075,appeasement_credit,9.86,service_recovery,2026-02-15 01:48:28.000000000,USD
ADJ0004995,TK0012765,T0010239,refund,6.75,dropoff_issue,2026-06-02 14:55:25.696132096,USD
ADJ0001143,TK0002988,T0027815,refund,8.0,payment_issue,2026-05-27 14:15:33.000000000,USD
ADJ0002918,TK0007591,T0071432,refund,1.85,cancellation_issue,2026-06-03 00:49:45.000000000,USD
ADJ0003456,TK0008961,T0084691,refund,3.66,other,2026-04-24 12:46:03.000000000,USD
ADJ0000748,TK0001955,T0018204,refund,2.7,safety_concern,2026-04-03 06:59:53.000000000,USD
ADJ0000587,TK0001514,T0013868,refund,20.73,cancellation_issue,2026-03-27 02:43:51.000000000,USD
ADJ0001269,TK0003297,T0030489,appeasement_credit,16.66,service_recovery,2026-04-04 04:47:18.000000000,USD
ADJ0003579,TK0009301,T0087923,refund,5.49,route_issue,2026-02-02 12:33:02.000000000,USD
ADJ0001324,TK0003453,T0031918,refund,2.39,trip_status_issue,2026-04-05 05:40:22.000000000,USD
ADJ0003536,TK0009201,T0086904,appeasement_credit,18.95,service_recovery,2026-03-22 03:40:29.000000000,USD
ADJ0003196,TK0008273,T0078079,appeasement_credit,4.28,service_recovery,2026-06-28 15:54:38.000000000,USD
ADJ0003297,TK0008557,T0080753,refund,13.6,trip_status_issue,2026-03-05 19:20:17.000000000,USD
