rider_id,signup_date,home_city,customer_segment
R000001,2024-03-09,Metroville,Frequent
R000002,2025-11-29,Riverton,Frequent
R000003,2025-01-18,Metroville,Occasional
R000004,2025-12-26,Riverton,Frequent
R000005,2024-10-30,Lakewood,Occasional
R000006,2025-09-01,Hillview,Frequent
R000007,2024-08-30,Metroville,Regular
R000008,2024-11-20,Metroville,Regular
R000009,2024-09-10,Metroville,Occasional
R000010,2025-02-04,Lakewood,Occasional
R000011,2024-06-12,Hillview,Regular
R000012,2025-01-03,Metroville,Occasional
R000013,2025-09-06,Hillview,Regular
R000014,2024-04-23,Metroville,Occasional
R000015,2025-08-03,Riverton,Occasional
R000016,2025-09-17,Riverton,Occasional
R000017,2024-01-26,Hillview,Occasional
R000018,2025-05-09,Lakewood,Occasional
R000019,2024-12-21,Riverton,Regular
R000020,2025-04-11,Metroville,Occasional
R000021,2024-08-03,Lakewood,Occasional
R000022,2024-06-10,Riverton,Occasional
R000023,2024-07-29,Metroville,Regular
R000024,2024-04-22,Riverton,Occasional
R000025,2024-10-23,Metroville,Regular
R000026,2025-10-01,Lakewood,Regular
R000027,2025-07-23,Riverton,Occasional
R000028,2024-05-11,Metroville,Frequent
R000029,2025-02-12,Riverton,Regular
R000030,2024-02-23,Hillview,Frequent
R000031,2024-02-13,Metroville,Occasional
R000032,2025-04-02,Metroville,Regular
R000033,2024-08-09,Metroville,Regular
R000034,2025-05-30,Lakewood,Occasional
R000035,2024-04-24,Riverton,Frequent
R000036,2024-03-28,Hillview,Frequent
R000037,2025-06-07,Lakewood,Regular
R000038,2024-05-31,Metroville,Frequent
R000039,2024-02-12,Metroville,Occasional
R000040,2025-07-31,Metroville,Regular
R000041,2025-05-31,Lakewood,Occasional
R000042,2025-11-11,Hillview,Frequent
R000043,2025-03-14,Metroville,Regular
R000044,2024-12-14,Riverton,Frequent
R000045,2025-05-05,Lakewood,Occasional
R000046,2025-08-02,Hillview,Occasional
R000047,2025-04-05,Hillview,Regular
R000048,2024-08-21,Hillview,Occasional
R000049,2025-10-13,Lakewood,Occasional
R000050,2025-05-29,Metroville,Regular
R000051,2025-10-04,Metroville,Occasional
R000052,2025-02-11,Metroville,Regular
R000053,2024-11-25,Riverton,Frequent
R000054,2025-09-09,Hillview,Regular
R000055,2025-03-23,Riverton,Regular
R000056,2025-07-21,Lakewood,Occasional
R000057,2025-10-13,Metroville,Occasional
R000058,2024-07-26,Riverton,Occasional
R000059,2024-05-21,Metroville,Frequent
R000060,2024-04-19,Metroville,Occasional
R000061,2025-03-15,Metroville,Frequent
R000062,2025-08-14,Hillview,Occasional
R000063,2025-12-15,Lakewood,Frequent
R000064,2024-01-25,Hillview,Occasional
R000065,2024-01-02,Lakewood,Frequent
R000066,2025-05-12,Riverton,Frequent
R000067,2024-07-16,Hillview,Occasional
R000068,2024-12-14,Hillview,Frequent
R000069,2024-02-27,Metroville,Occasional
R000070,2024-02-25,Metroville,Occasional
R000071,2025-01-21,Metroville,Frequent
R000072,2025-05-19,Lakewood,Occasional
R000073,2025-10-10,Metroville,Occasional
R000074,2024-12-19,Riverton,Occasional
R000075,2025-04-17,Lakewood,Frequent
R000076,2025-09-21,Hillview,Frequent
R000077,2024-11-12,Riverton,Occasional
R000078,2024-06-01,Riverton,Occasional
R000079,2025-08-27,Riverton,Regular
R000080,2024-01-02,Metroville,Regular
R000081,2024-07-21,Metroville,Occasional
R000082,2024-04-05,Lakewood,Occasional
R000083,2025-04-16,Hillview,Regular
R000084,2024-07-16,Metroville,Occasional
R000085,2024-09-09,Lakewood,Regular
R000086,2025-04-22,Riverton,Regular
R000087,2024-08-04,Metroville,Regular
R000088,2024-09-22,Hillview,Regular
R000089,2024-12-31,Hillview,Regular
R000090,2024-03-27,Metroville,Regular
R000091,2025-11-15,Riverton,Frequent
R000092,2025-12-19,Metroville,Regular
R000093,2025-06-05,Lakewood,Occasional
R000094,2024-03-20,Hillview,Regular
R000095,2024-12-11,Metroville,Occasional
R000096,2024-09-16,Hillview,Occasional
R000097,2024-05-01,Hillview,Regular
R000098,2025-10-03,Riverton,Frequent
R000099,2024-10-30,Lakewood,Regular
R000100,2025-04-22,Metroville,Regular
R000101,2025-05-20,Lakewood,Regular
R000102,2024-08-22,Metroville,Regular
R000103,2024-09-12,Metroville,Occasional
R000104,2025-12-11,Metroville,Occasional
R000105,2025-08-26,Riverton,Occasional
R000106,2025-01-01,Metroville,Frequent
R000107,2025-01-25,Metroville,Occasional
R000108,2024-01-06,Riverton,Regular
R000109,2024-05-29,Metroville,Regular
R000110,2024-01-05,Metroville,Occasional
R000111,2025-08-12,Metroville,Occasional
R000112,2025-11-19,Metroville,Frequent
R000113,2024-04-28,Metroville,Occasional
R000114,2024-07-24,Metroville,Occasional
R000115,2024-09-14,Lakewood,Occasional
R000116,2025-08-17,Metroville,Occasional
R000117,2024-10-25,Metroville,Regular
R000118,2024-02-01,Riverton,Frequent
R000119,2025-03-04,Riverton,Occasional
R000120,2024-04-17,Lakewood,Occasional
R000121,2025-04-17,Hillview,Regular
R000122,2025-09-19,Riverton,Occasional
R000123,2024-02-19,Riverton,Occasional
R000124,2025-12-28,Lakewood,Regular
R000125,2025-04-30,Metroville,Regular
R000126,2024-02-08,Lakewood,Frequent
R000127,2024-06-10,Lakewood,Regular
R000128,2024-05-02,Hillview,Occasional
R000129,2025-10-08,Hillview,Regular
R000130,2025-06-13,Metroville,Occasional
R000131,2024-09-29,Hillview,Occasional
R000132,2025-01-22,Riverton,Occasional
R000133,2024-09-12,Riverton,Occasional
R000134,2024-10-24,Hillview,Regular
R000135,2025-04-12,Metroville,Occasional
R000136,2024-05-22,Lakewood,Frequent
R000137,2025-07-10,Hillview,Occasional
R000138,2025-11-23,Metroville,Regular
R000139,2025-12-13,Riverton,Regular
R000140,2024-05-06,Riverton,Frequent
R000141,2024-10-28,Hillview,Regular
R000142,2024-07-13,Metroville,Frequent
R000143,2025-04-09,Riverton,Occasional
R000144,2024-08-25,Metroville,Occasional
R000145,2024-10-15,Hillview,Occasional
R000146,2024-04-11,Lakewood,Regular
R000147,2025-02-13,Riverton,Occasional
R000148,2025-01-27,Hillview,Occasional
R000149,2025-02-07,Lakewood,Occasional
R000150,2024-09-06,Lakewood,Regular
R000151,2025-07-07,Lakewood,Occasional
R000152,2025-03-20,Riverton,Regular
R000153,2024-05-09,Riverton,Regular
R000154,2024-09-26,Riverton,Frequent
R000155,2025-04-28,Metroville,Frequent
R000156,2024-03-26,Metroville,Occasional
R000157,2024-09-14,Lakewood,Occasional
R000158,2025-09-30,Metroville,Occasional
R000159,2024-11-19,Riverton,Frequent
R000160,2025-01-08,Lakewood,Occasional
R000161,2025-05-13,Metroville,Occasional
R000162,2024-08-23,Riverton,Occasional
R000163,2025-08-27,Metroville,Regular
R000164,2024-01-12,Riverton,Occasional
R000165,2024-12-11,Metroville,Regular
R000166,2025-03-13,Metroville,Regular
R000167,2024-06-23,Metroville,Frequent
R000168,2025-07-26,Lakewood,Frequent
R000169,2024-02-28,Riverton,Regular
R000170,2025-04-20,Riverton,Occasional
R000171,2025-04-08,Metroville,Occasional
R000172,2025-07-30,Lakewood,Occasional
R000173,2024-05-31,Lakewood,Regular
R000174,2024-04-23,Riverton,Occasional
R000175,2025-02-28,Metroville,Occasional
R000176,2025-12-12,Riverton,Occasional
R000177,2025-07-28,Riverton,Occasional
R000178,2024-06-03,Riverton,Occasional
R000179,2024-10-25,Lakewood,Occasional
R000180,2024-07-14,Metroville,Occasional
R000181,2025-07-24,Metroville,Frequent
R000182,2025-01-10,Hillview,Regular
R000183,2024-11-16,Riverton,Occasional
R000184,2024-01-04,Lakewood,Frequent
R000185,2025-04-08,Lakewood,Regular
R000186,2024-11-19,Metroville,Occasional
R000187,2024-01-30,Metroville,Regular
R000188,2024-05-23,Riverton,Occasional
R000189,2025-06-15,Metroville,Frequent
R000190,2025-07-02,Hillview,Occasional
R000191,2024-12-27,Metroville,Occasional
R000192,2025-07-08,Riverton,Regular
R000193,2025-06-24,Metroville,Frequent
R000194,2025-03-26,Hillview,Regular
R000195,2024-06-01,Hillview,Frequent
R000196,2024-11-04,Metroville,Occasional
R000197,2025-08-20,Lakewood,Frequent
R000198,2024-08-15,Hillview,Occasional
R000199,2025-04-28,Riverton,Occasional
R000200,2025-08-28,Metroville,Regular
R000201,2025-01-25,Riverton,Occasional
R000202,2025-01-06,Lakewood,Occasional
R000203,2024-05-17,Metroville,Regular
R000204,2024-12-29,Hillview,Occasional
R000205,2024-01-31,Hillview,Frequent
R000206,2024-03-24,Metroville,Frequent
R000207,2025-01-31,Lakewood,Frequent
R000208,2024-06-08,Metroville,Regular
R000209,2024-09-11,Hillview,Occasional
R000210,2024-09-20,Hillview,Frequent
R000211,2024-12-12,Hillview,Occasional
R000212,2025-05-26,Metroville,Occasional
R000213,2024-11-22,Metroville,Regular
R000214,2025-09-10,Lakewood,Regular
R000215,2024-12-18,Metroville,Occasional
R000216,2025-12-27,Metroville,Occasional
R000217,2026-01-01,Metroville,Occasional
R000218,2024-11-08,Riverton,Occasional
R000219,2025-07-14,Riverton,Occasional
R000220,2024-11-27,Riverton,Frequent
R000221,2025-10-02,Metroville,Regular
R000222,2025-07-14,Riverton,Occasional
R000223,2024-09-04,Lakewood,Occasional
R000224,2024-08-23,Metroville,Frequent
R000225,2025-10-06,Riverton,Regular
R000226,2025-01-30,Riverton,Regular
R000227,2025-05-23,Metroville,Frequent
R000228,2025-05-10,Riverton,Frequent
R000229,2024-05-01,Lakewood,Occasional
R000230,2024-06-21,Riverton,Regular
R000231,2025-10-21,Hillview,Regular
R000232,2024-07-23,Riverton,Frequent
R000233,2025-09-27,Lakewood,Regular
R000234,2024-09-17,Metroville,Regular
R000235,2025-09-11,Lakewood,Occasional
R000236,2025-02-26,Hillview,Occasional
R000237,2024-03-13,Hillview,Regular
R000238,2024-07-16,Riverton,Occasional
R000239,2025-11-28,Riverton,Regular
R000240,2024-06-01,Riverton,Regular
R000241,2024-06-15,Riverton,Frequent
R000242,2024-04-19,Metroville,Regular
R000243,2025-03-22,Lakewood,Regular
R000244,2025-08-15,Lakewood,Regular
R000245,2025-11-16,Lakewood,Frequent
R000246,2025-10-10,Lakewood,Occasional
R000247,2025-10-09,Hillview,Regular
R000248,2025-10-24,Hillview,Frequent
R000249,2025-02-19,Hillview,Occasional
R000250,2025-08-24,Hillview,Regular
R000251,2025-04-09,Riverton,Occasional
R000252,2024-04-10,Riverton,Occasional
R000253,2024-01-18,Metroville,Frequent
R000254,2024-03-12,Hillview,Occasional
R000255,2024-09-10,Metroville,Occasional
R000256,2024-12-31,Riverton,Occasional
R000257,2025-04-12,Metroville,Regular
R000258,2025-01-16,Lakewood,Occasional
R000259,2024-09-25,Metroville,Regular
R000260,2025-06-20,Riverton,Regular
R000261,2025-09-22,Hillview,Regular
R000262,2024-06-12,Metroville,Frequent
R000263,2024-07-10,Metroville,Regular
R000264,2025-11-12,Hillview,Occasional
R000265,2025-12-11,Metroville,Frequent
R000266,2024-08-14,Riverton,Regular
R000267,2025-01-07,Riverton,Frequent
R000268,2025-02-26,Riverton,Frequent
R000269,2025-04-09,Metroville,Occasional
R000270,2025-09-24,Riverton,Occasional
R000271,2024-03-18,Hillview,Regular
R000272,2025-01-18,Lakewood,Occasional
R000273,2024-06-07,Riverton,Occasional
R000274,2025-07-05,Metroville,Frequent
R000275,2025-03-12,Hillview,Regular
R000276,2025-07-02,Metroville,Occasional
R000277,2025-10-24,Metroville,Occasional
R000278,2025-08-01,Metroville,Regular
R000279,2025-09-17,Hillview,Frequent
R000280,2025-08-16,Lakewood,Frequent
R000281,2025-04-02,Metroville,Occasional
R000282,2024-10-14,Metroville,Occasional
R000283,2024-09-03,Hillview,Frequent
R000284,2024-09-23,Metroville,Frequent
R000285,2025-03-20,Riverton,Occasional
R000286,2025-08-11,Riverton,Occasional
R000287,2024-09-25,Riverton,Regular
R000288,2025-02-28,Riverton,Occasional
R000289,2024-10-29,Hillview,Regular
R000290,2025-03-20,Metroville,Occasional
R000291,2025-08-22,Lakewood,Frequent
R000292,2024-10-28,Metroville,Occasional
R000293,2024-10-17,Lakewood,Occasional
R000294,2024-05-27,Lakewood,Occasional
R000295,2024-12-31,Lakewood,Occasional
R000296,2024-11-30,Hillview,Regular
R000297,2024-04-27,Hillview,Occasional
R000298,2025-12-10,Metroville,Occasional
R000299,2025-09-21,Riverton,Regular
R000300,2024-07-31,Riverton,Regular
R000301,2025-11-22,Hillview,Regular
R000302,2024-07-18,Metroville,Occasional
R000303,2024-11-02,Riverton,Frequent
R000304,2024-04-05,Lakewood,Frequent
R000305,2025-03-24,Metroville,Occasional
R000306,2024-12-18,Riverton,Regular
R000307,2024-07-14,Metroville,Frequent
R000308,2024-07-30,Metroville,Frequent
R000309,2025-11-15,Riverton,Frequent
R000310,2025-05-17,Metroville,Occasional
R000311,2024-04-21,Metroville,Occasional
R000312,2024-04-08,Lakewood,Frequent
R000313,2024-02-21,Riverton,Occasional
R000314,2024-06-30,Riverton,Regular
R000315,2025-06-24,Hillview,Occasional
R000316,2024-02-15,Lakewood,Occasional
R000317,2024-07-01,Metroville,Occasional
R000318,2024-01-31,Metroville,Occasional
R000319,2025-04-20,Lakewood,Occasional
R000320,2025-08-18,Lakewood,Regular
R000321,2025-01-22,Hillview,Regular
R000322,2025-10-25,Lakewood,Regular
R000323,2025-05-18,Lakewood,Frequent
R000324,2025-07-13,Hillview,Occasional
R000325,2024-08-17,Riverton,Regular
R000326,2025-09-25,Riverton,Occasional
R000327,2025-04-06,Lakewood,Occasional
R000328,2024-03-04,Metroville,Occasional
R000329,2024-03-01,Lakewood,Frequent
R000330,2025-10-19,Metroville,Occasional
R000331,2024-07-20,Lakewood,Occasional
R000332,2024-12-07,Hillview,Occasional
R000333,2025-07-10,Lakewood,Occasional
R000334,2025-07-16,Metroville,Occasional
R000335,2024-01-20,Metroville,Occasional
R000336,2025-03-26,Hillview,Regular
R000337,2025-10-30,Metroville,Regular
R000338,2024-09-13,Lakewood,Regular
R000339,2025-02-01,Riverton,Frequent
R000340,2024-07-12,Metroville,Frequent
R000341,2025-06-11,Riverton,Occasional
R000342,2024-03-27,Metroville,Occasional
R000343,2025-01-15,Riverton,Frequent
R000344,2024-10-29,Metroville,Regular
R000345,2025-04-14,Metroville,Occasional
R000346,2024-12-27,Metroville,Occasional
R000347,2025-12-19,Hillview,Frequent
R000348,2025-12-20,Lakewood,Frequent
R000349,2024-07-26,Hillview,Occasional
R000350,2024-01-28,Lakewood,Occasional
R000351,2024-12-26,Riverton,Regular
R000352,2025-03-07,Lakewood,Occasional
R000353,2025-07-04,Lakewood,Frequent
R000354,2025-01-19,Riverton,Occasional
R000355,2025-03-05,Metroville,Regular
R000356,2024-01-17,Hillview,Regular
R000357,2025-07-12,Hillview,Frequent
R000358,2024-08-29,Metroville,Regular
R000359,2024-10-08,Hillview,Regular
R000360,2024-11-05,Metroville,Regular
R000361,2024-02-22,Riverton,Frequent
R000362,2024-12-27,Hillview,Occasional
R000363,2024-10-06,Metroville,Regular
R000364,2024-06-19,Metroville,Regular
R000365,2024-06-28,Riverton,Frequent
R000366,2024-01-25,Lakewood,Occasional
R000367,2025-10-11,Lakewood,Frequent
R000368,2024-08-03,Riverton,Regular
R000369,2025-10-02,Metroville,Occasional
R000370,2025-09-04,Metroville,Frequent
R000371,2024-11-30,Hillview,Occasional
R000372,2025-08-14,Riverton,Frequent
R000373,2024-06-03,Riverton,Regular
R000374,2024-05-12,Metroville,Regular
R000375,2025-10-20,Hillview,Frequent
R000376,2025-04-18,Metroville,Frequent
R000377,2025-05-19,Metroville,Frequent
R000378,2025-11-07,Metroville,Regular
R000379,2024-01-11,Riverton,Regular
R000380,2024-05-05,Metroville,Regular
R000381,2025-12-04,Metroville,Occasional
R000382,2024-04-04,Lakewood,Occasional
R000383,2024-11-24,Riverton,Frequent
R000384,2024-01-17,Metroville,Regular
R000385,2024-08-26,Riverton,Occasional
R000386,2024-05-06,Lakewood,Frequent
R000387,2024-07-06,Metroville,Regular
R000388,2025-08-18,Metroville,Frequent
R000389,2024-07-20,Hillview,Occasional
R000390,2025-08-18,Riverton,Frequent
R000391,2025-10-17,Metroville,Occasional
R000392,2025-01-30,Lakewood,Occasional
R000393,2025-01-29,Metroville,Occasional
R000394,2024-09-01,Lakewood,Regular
R000395,2025-05-03,Riverton,Occasional
R000396,2025-08-13,Metroville,Regular
R000397,2025-09-23,Hillview,Regular
R000398,2024-05-22,Lakewood,Regular
R000399,2025-05-17,Metroville,Occasional
R000400,2024-04-12,Metroville,Occasional
R000401,2024-12-24,Metroville,Regular
R000402,2024-03-06,Hillview,Regular
R000403,2025-02-06,Lakewood,Occasional
R000404,2025-09-15,Riverton,Regular
R000405,2025-08-21,Metroville,Occasional
R000406,2025-06-07,Metroville,Occasional
R000407,2025-02-26,Lakewood,Frequent
R000408,2025-04-02,Lakewood,Occasional
R000409,2024-03-14,Metroville,Occasional
R000410,2025-06-16,Metroville,Occasional
R000411,2025-05-13,Hillview,Regular
R000412,2024-04-15,Riverton,Frequent
R000413,2025-04-07,Metroville,Regular
R000414,2024-10-08,Riverton,Frequent
R000415,2025-01-07,Lakewood,Regular
R000416,2025-08-18,Riverton,Occasional
R000417,2024-08-23,Hillview,Regular
R000418,2025-11-02,Metroville,Occasional
R000419,2024-11-01,Hillview,Occasional
R000420,2025-01-10,Metroville,Occasional
R000421,2024-01-22,Metroville,Occasional
R000422,2024-03-30,Riverton,Occasional
R000423,2024-07-25,Riverton,Occasional
R000424,2025-12-17,Metroville,Frequent
R000425,2024-07-09,Metroville,Regular
R000426,2024-10-16,Metroville,Occasional
R000427,2025-09-17,Metroville,Regular
R000428,2024-08-21,Metroville,Occasional
R000429,2025-08-18,Metroville,Occasional
R000430,2024-03-28,Hillview,Regular
R000431,2024-04-07,Riverton,Occasional
R000432,2024-01-10,Hillview,Occasional
R000433,2024-04-01,Metroville,Occasional
R000434,2025-03-17,Metroville,Regular
R000435,2024-03-07,Lakewood,Regular
R000436,2025-03-24,Riverton,Regular
R000437,2025-03-14,Riverton,Occasional
R000438,2024-06-20,Metroville,Occasional
R000439,2024-01-28,Hillview,Occasional
R000440,2024-04-28,Lakewood,Frequent
R000441,2024-04-14,Lakewood,Regular
R000442,2025-01-21,Lakewood,Occasional
R000443,2025-11-12,Metroville,Occasional
R000444,2024-11-14,Metroville,Occasional
R000445,2025-04-08,Hillview,Frequent
R000446,2024-08-10,Lakewood,Frequent
R000447,2024-03-08,Metroville,Occasional
R000448,2024-06-08,Metroville,Regular
R000449,2024-12-16,Metroville,Occasional
R000450,2025-09-21,Hillview,Occasional
R000451,2024-06-30,Riverton,Regular
R000452,2025-12-21,Lakewood,Regular
R000453,2025-04-12,Hillview,Regular
R000454,2024-09-17,Lakewood,Occasional
R000455,2025-03-31,Hillview,Regular
R000456,2025-05-26,Lakewood,Occasional
R000457,2025-05-17,Hillview,Regular
R000458,2025-09-25,Hillview,Occasional
R000459,2025-04-29,Lakewood,Occasional
R000460,2024-01-20,Metroville,Regular
R000461,2024-10-03,Metroville,Frequent
R000462,2025-10-26,Metroville,Occasional
R000463,2024-05-31,Metroville,Regular
R000464,2024-12-31,Lakewood,Regular
R000465,2025-01-01,Lakewood,Regular
R000466,2025-02-11,Metroville,Occasional
R000467,2025-09-28,Hillview,Regular
R000468,2025-01-30,Metroville,Occasional
R000469,2024-01-01,Metroville,Occasional
R000470,2024-06-26,Metroville,Occasional
R000471,2025-04-06,Hillview,Regular
R000472,2025-07-26,Lakewood,Occasional
R000473,2025-04-18,Metroville,Frequent
R000474,2025-06-20,Metroville,Regular
R000475,2024-06-25,Lakewood,Occasional
R000476,2024-03-11,Hillview,Occasional
R000477,2025-11-25,Lakewood,Occasional
R000478,2025-02-15,Lakewood,Regular
R000479,2025-06-24,Lakewood,Regular
R000480,2025-12-01,Metroville,Occasional
R000481,2024-05-13,Lakewood,Occasional
R000482,2025-09-29,Lakewood,Occasional
R000483,2024-09-25,Riverton,Occasional
R000484,2025-04-03,Metroville,Occasional
R000485,2024-10-10,Metroville,Frequent
R000486,2024-05-25,Lakewood,Frequent
R000487,2025-10-05,Riverton,Regular
R000488,2024-09-11,Lakewood,Occasional
R000489,2024-01-19,Riverton,Frequent
R000490,2024-04-20,Hillview,Regular
R000491,2025-12-04,Hillview,Occasional
R000492,2025-08-24,Lakewood,Regular
R000493,2025-05-01,Hillview,Occasional
R000494,2025-07-23,Riverton,Occasional
R000495,2025-04-19,Riverton,Regular
R000496,2025-10-28,Lakewood,Occasional
R000497,2024-03-13,Metroville,Regular
R000498,2024-02-16,Lakewood,Regular
R000499,2025-05-23,Riverton,Frequent
R000500,2025-12-07,Hillview,Occasional
R000501,2025-03-01,Lakewood,Occasional
R000502,2025-12-08,Hillview,Regular
R000503,2024-10-20,Metroville,Regular
R000504,2025-05-08,Hillview,Regular
R000505,2025-01-07,Lakewood,Frequent
R000506,2025-10-07,Riverton,Regular
R000507,2025-04-18,Lakewood,Frequent
R000508,2024-11-16,Hillview,Occasional
R000509,2024-06-28,Metroville,Regular
R000510,2024-08-17,Lakewood,Frequent
R000511,2024-02-24,Hillview,Occasional
R000512,2024-04-22,Metroville,Occasional
R000513,2025-01-07,Lakewood,Regular
R000514,2024-01-24,Lakewood,Regular
R000515,2024-12-11,Riverton,Regular
R000516,2024-01-31,Hillview,Frequent
R000517,2024-04-28,Metroville,Occasional
R000518,2025-05-21,Riverton,Frequent
R000519,2024-01-22,Lakewood,Frequent
R000520,2024-09-03,Riverton,Occasional
R000521,2024-05-19,Metroville,Occasional
R000522,2024-02-09,Metroville,Regular
R000523,2024-06-01,Lakewood,Occasional
R000524,2024-03-23,Metroville,Regular
R000525,2024-02-28,Riverton,Regular
R000526,2025-05-01,Metroville,Frequent
R000527,2024-04-01,Hillview,Occasional
R000528,2025-11-18,Hillview,Regular
R000529,2024-12-22,Riverton,Frequent
R000530,2024-10-25,Hillview,Regular
R000531,2025-10-03,Hillview,Occasional
R000532,2025-07-23,Riverton,Occasional
R000533,2024-11-03,Riverton,Occasional
R000534,2025-12-13,Lakewood,Occasional
R000535,2025-01-23,Riverton,Occasional
R000536,2025-06-02,Riverton,Regular
R000537,2025-12-10,Lakewood,Regular
R000538,2025-06-13,Lakewood,Occasional
R000539,2025-03-08,Metroville,Occasional
R000540,2025-03-26,Riverton,Regular
R000541,2025-04-23,Hillview,Regular
R000542,2025-12-16,Metroville,Regular
R000543,2025-05-28,Metroville,Occasional
R000544,2024-08-07,Hillview,Occasional
R000545,2024-01-17,Metroville,Regular
R000546,2025-07-27,Riverton,Frequent
R000547,2024-12-23,Lakewood,Regular
R000548,2024-10-30,Lakewood,Occasional
R000549,2025-11-15,Metroville,Occasional
R000550,2024-04-23,Metroville,Regular
R000551,2024-01-28,Lakewood,Frequent
R000552,2025-06-25,Lakewood,Regular
R000553,2025-11-07,Riverton,Occasional
R000554,2025-08-30,Hillview,Occasional
R000555,2025-09-29,Riverton,Occasional
R000556,2025-09-24,Lakewood,Regular
R000557,2025-05-16,Lakewood,Occasional
R000558,2025-11-05,Metroville,Occasional
R000559,2024-09-06,Riverton,Occasional
R000560,2025-06-29,Lakewood,Frequent
R000561,2024-03-08,Hillview,Occasional
R000562,2025-01-21,Riverton,Occasional
R000563,2024-07-31,Metroville,Occasional
R000564,2025-11-18,Lakewood,Regular
R000565,2024-11-15,Riverton,Occasional
R000566,2024-06-02,Hillview,Regular
R000567,2025-02-20,Lakewood,Regular
R000568,2024-02-26,Riverton,Occasional
R000569,2024-04-02,Metroville,Frequent
R000570,2024-11-11,Hillview,Occasional
R000571,2025-04-06,Lakewood,Regular
R000572,2025-03-02,Riverton,Regular
R000573,2024-02-10,Lakewood,Occasional
R000574,2025-05-12,Hillview,Occasional
R000575,2024-02-12,Riverton,Regular
R000576,2025-08-19,Metroville,Occasional
R000577,2024-01-29,Lakewood,Regular
R000578,2024-01-20,Metroville,Regular
R000579,2025-01-13,Hillview,Regular
R000580,2025-08-10,Riverton,Occasional
R000581,2025-07-14,Lakewood,Occasional
R000582,2025-03-15,Metroville,Regular
R000583,2024-05-10,Hillview,Regular
R000584,2025-11-28,Hillview,Occasional
R000585,2024-01-16,Lakewood,Occasional
R000586,2024-09-11,Riverton,Frequent
R000587,2025-07-05,Metroville,Occasional
R000588,2025-03-27,Metroville,Regular
R000589,2025-08-01,Hillview,Frequent
R000590,2025-07-15,Riverton,Occasional
R000591,2025-11-18,Metroville,Occasional
R000592,2025-01-13,Lakewood,Regular
R000593,2025-08-23,Lakewood,Regular
R000594,2024-04-24,Metroville,Frequent
R000595,2024-05-07,Hillview,Occasional
R000596,2024-02-06,Metroville,Occasional
R000597,2024-05-29,Metroville,Occasional
R000598,2024-03-22,Hillview,Occasional
R000599,2025-08-26,Metroville,Occasional
R000600,2024-12-28,Lakewood,Frequent
R000601,2024-11-21,Riverton,Occasional
R000602,2025-04-13,Metroville,Occasional
R000603,2024-09-20,Lakewood,Occasional
R000604,2025-02-21,Lakewood,Frequent
R000605,2024-01-03,Hillview,Occasional
R000606,2025-06-05,Hillview,Regular
R000607,2025-09-29,Metroville,Regular
R000608,2024-01-29,Lakewood,Regular
R000609,2024-02-28,Riverton,Occasional
R000610,2024-04-09,Metroville,Regular
R000611,2025-03-21,Metroville,Occasional
R000612,2025-07-11,Lakewood,Occasional
R000613,2025-08-25,Lakewood,Frequent
R000614,2025-07-25,Hillview,Regular
R000615,2025-02-26,Metroville,Regular
R000616,2025-05-29,Metroville,Regular
R000617,2024-07-23,Hillview,Regular
R000618,2025-06-29,Hillview,Frequent
R000619,2024-05-13,Lakewood,Regular
R000620,2025-12-06,Riverton,Regular
R000621,2024-01-31,Hillview,Occasional
R000622,2025-11-22,Metroville,Regular
R000623,2024-12-03,Riverton,Occasional
R000624,2025-04-16,Riverton,Regular
R000625,2024-04-26,Lakewood,Regular
R000626,2024-08-21,Hillview,Occasional
R000627,2025-09-23,Hillview,Frequent
R000628,2024-01-11,Lakewood,Occasional
R000629,2024-05-20,Metroville,Regular
R000630,2025-04-07,Hillview,Occasional
R000631,2025-08-11,Lakewood,Regular
R000632,2024-11-11,Metroville,Regular
R000633,2024-03-05,Riverton,Occasional
R000634,2024-04-17,Riverton,Occasional
R000635,2025-10-13,Metroville,Frequent
R000636,2024-06-06,Metroville,Occasional
R000637,2025-02-27,Hillview,Occasional
R000638,2025-11-16,Hillview,Frequent
R000639,2024-10-01,Lakewood,Regular
R000640,2024-02-18,Metroville,Frequent
R000641,2025-08-18,Lakewood,Frequent
R000642,2025-07-30,Lakewood,Occasional
R000643,2025-04-21,Metroville,Frequent
R000644,2025-10-22,Riverton,Occasional
R000645,2025-07-21,Metroville,Frequent
R000646,2025-05-18,Riverton,Regular
R000647,2024-09-01,Hillview,Frequent
R000648,2024-02-14,Riverton,Regular
R000649,2025-06-15,Metroville,Regular
R000650,2025-09-11,Riverton,Frequent
R000651,2025-05-23,Lakewood,Occasional
R000652,2025-04-23,Lakewood,Occasional
R000653,2025-06-09,Riverton,Frequent
R000654,2024-07-21,Hillview,Frequent
R000655,2024-03-26,Hillview,Regular
R000656,2025-04-05,Metroville,Occasional
R000657,2025-11-21,Riverton,Occasional
R000658,2024-04-09,Metroville,Regular
R000659,2024-02-22,Riverton,Frequent
R000660,2025-06-01,Lakewood,Occasional
R000661,2024-11-05,Riverton,Occasional
R000662,2025-10-22,Hillview,Occasional
R000663,2024-12-11,Metroville,Occasional
R000664,2025-01-16,Hillview,Regular
R000665,2024-02-15,Riverton,Occasional
R000666,2025-11-27,Lakewood,Regular
R000667,2024-08-30,Lakewood,Occasional
R000668,2024-11-16,Metroville,Frequent
R000669,2025-04-05,Metroville,Regular
R000670,2025-09-19,Metroville,Regular
R000671,2025-08-05,Riverton,Frequent
R000672,2025-07-20,Metroville,Occasional
R000673,2024-03-18,Lakewood,Frequent
R000674,2024-03-05,Hillview,Occasional
R000675,2025-08-31,Riverton,Occasional
R000676,2025-10-30,Metroville,Occasional
R000677,2025-04-01,Riverton,Frequent
R000678,2025-10-28,Metroville,Regular
R000679,2024-08-20,Riverton,Occasional
R000680,2024-09-14,Metroville,Occasional
R000681,2024-05-04,Metroville,Frequent
R000682,2025-08-03,Hillview,Occasional
R000683,2025-05-05,Metroville,Occasional
R000684,2024-06-13,Metroville,Occasional
R000685,2026-01-01,Metroville,Occasional
R000686,2024-01-23,Lakewood,Frequent
R000687,2025-07-17,Hillview,Regular
R000688,2024-06-01,Metroville,Occasional
R000689,2025-07-27,Metroville,Frequent
R000690,2024-12-20,Hillview,Frequent
R000691,2024-06-20,Metroville,Frequent
R000692,2024-02-12,Metroville,Occasional
R000693,2025-03-30,Metroville,Occasional
R000694,2024-04-27,Hillview,Frequent
R000695,2024-11-25,Lakewood,Occasional
R000696,2025-11-26,Riverton,Occasional
R000697,2025-10-11,Riverton,Frequent
R000698,2024-12-27,Lakewood,Occasional
R000699,2025-06-19,Riverton,Regular
R000700,2025-08-25,Hillview,Frequent
R000701,2025-03-19,Riverton,Regular
R000702,2024-05-31,Hillview,Frequent
R000703,2025-08-16,Metroville,Regular
R000704,2024-03-05,Lakewood,Frequent
R000705,2025-01-17,Riverton,Regular
R000706,2025-07-25,Metroville,Occasional
R000707,2025-02-21,Metroville,Occasional
R000708,2024-09-12,Metroville,Frequent
R000709,2024-10-31,Metroville,Occasional
R000710,2024-12-02,Hillview,Occasional
R000711,2025-06-28,Metroville,Regular
R000712,2025-12-27,Riverton,Occasional
R000713,2025-07-23,Metroville,Frequent
R000714,2024-08-19,Lakewood,Frequent
R000715,2024-03-22,Metroville,Occasional
R000716,2024-12-12,Metroville,Occasional
R000717,2025-09-20,Lakewood,Regular
R000718,2025-04-09,Metroville,Occasional
R000719,2024-08-23,Lakewood,Occasional
R000720,2024-03-06,Riverton,Occasional
R000721,2024-07-03,Hillview,Occasional
R000722,2025-06-08,Riverton,Regular
R000723,2025-05-05,Lakewood,Occasional
R000724,2024-11-26,Lakewood,Regular
R000725,2024-09-01,Lakewood,Regular
R000726,2024-05-08,Lakewood,Occasional
R000727,2025-12-12,Lakewood,Occasional
R000728,2024-11-11,Lakewood,Occasional
R000729,2025-07-15,Riverton,Regular
R000730,2024-12-03,Lakewood,Occasional
R000731,2025-02-20,Metroville,Frequent
R000732,2025-04-14,Riverton,Frequent
R000733,2024-09-17,Riverton,Regular
R000734,2025-11-16,Riverton,Frequent
R000735,2024-11-30,Metroville,Occasional
R000736,2025-07-14,Riverton,Occasional
R000737,2025-11-01,Hillview,Occasional
R000738,2024-10-06,Metroville,Regular
R000739,2024-06-20,Lakewood,Occasional
R000740,2025-12-10,Metroville,Frequent
R000741,2025-07-29,Riverton,Frequent
R000742,2025-08-01,Metroville,Regular
R000743,2025-11-23,Riverton,Regular
R000744,2024-01-21,Metroville,Occasional
R000745,2025-11-22,Metroville,Occasional
R000746,2024-03-26,Metroville,Occasional
R000747,2024-04-16,Metroville,Regular
R000748,2024-06-08,Hillview,Occasional
R000749,2024-03-23,Metroville,Frequent
R000750,2024-03-02,Metroville,Frequent
R000751,2024-04-01,Hillview,Occasional
R000752,2024-12-21,Lakewood,Regular
R000753,2024-09-29,Lakewood,Occasional
R000754,2024-09-06,Metroville,Regular
R000755,2024-05-05,Hillview,Regular
R000756,2025-12-13,Lakewood,Regular
R000757,2024-08-31,Metroville,Regular
R000758,2024-12-12,Riverton,Occasional
R000759,2024-04-14,Lakewood,Occasional
R000760,2024-06-04,Lakewood,Frequent
R000761,2024-06-20,Lakewood,Frequent
R000762,2025-12-11,Lakewood,Regular
R000763,2024-05-09,Riverton,Occasional
R000764,2025-01-11,Metroville,Regular
R000765,2025-02-02,Riverton,Regular
R000766,2024-02-23,Metroville,Regular
R000767,2024-09-13,Riverton,Occasional
R000768,2024-02-29,Metroville,Frequent
R000769,2024-05-08,Lakewood,Frequent
R000770,2025-05-09,Lakewood,Frequent
R000771,2025-02-20,Riverton,Frequent
R000772,2024-12-28,Riverton,Occasional
R000773,2024-06-05,Lakewood,Occasional
R000774,2025-04-01,Hillview,Regular
R000775,2025-10-24,Hillview,Regular
R000776,2025-09-13,Hillview,Frequent
R000777,2024-05-06,Metroville,Occasional
R000778,2025-05-13,Metroville,Occasional
R000779,2024-06-27,Riverton,Regular
R000780,2025-09-22,Metroville,Occasional
R000781,2024-12-12,Riverton,Occasional
R000782,2025-06-27,Metroville,Regular
R000783,2025-01-29,Riverton,Frequent
R000784,2025-05-08,Metroville,Occasional
R000785,2025-11-15,Hillview,Occasional
R000786,2024-04-08,Riverton,Regular
R000787,2025-10-23,Metroville,Regular
R000788,2024-12-19,Lakewood,Regular
R000789,2024-04-14,Lakewood,Regular
R000790,2024-11-13,Hillview,Occasional
R000791,2024-02-10,Lakewood,Occasional
R000792,2025-01-30,Lakewood,Regular
R000793,2024-12-11,Metroville,Occasional
R000794,2024-10-13,Riverton,Frequent
R000795,2024-11-21,Metroville,Frequent
R000796,2025-03-30,Hillview,Occasional
R000797,2025-08-28,Riverton,Occasional
R000798,2024-10-14,Hillview,Regular
R000799,2024-01-13,Riverton,Regular
R000800,2025-02-12,Metroville,Occasional
R000801,2025-11-22,Metroville,Regular
R000802,2024-10-16,Metroville,Occasional
R000803,2024-03-30,Metroville,Occasional
R000804,2025-10-22,Metroville,Occasional
R000805,2024-11-02,Hillview,Occasional
R000806,2024-09-30,Lakewood,Occasional
R000807,2024-08-04,Lakewood,Regular
R000808,2025-06-19,Lakewood,Occasional
R000809,2024-04-16,Metroville,Occasional
R000810,2025-03-25,Lakewood,Regular
R000811,2024-09-12,Metroville,Frequent
R000812,2024-10-09,Hillview,Regular
R000813,2024-06-06,Riverton,Regular
R000814,2025-08-14,Metroville,Occasional
R000815,2024-11-27,Riverton,Frequent
R000816,2025-11-09,Lakewood,Occasional
R000817,2025-08-29,Metroville,Occasional
R000818,2025-07-10,Metroville,Occasional
R000819,2024-11-25,Metroville,Occasional
R000820,2025-11-25,Riverton,Regular
R000821,2025-03-04,Hillview,Frequent
R000822,2024-11-15,Riverton,Regular
R000823,2024-09-11,Metroville,Occasional
R000824,2025-10-30,Metroville,Frequent
R000825,2024-07-05,Lakewood,Occasional
R000826,2025-10-03,Metroville,Regular
R000827,2024-06-16,Lakewood,Occasional
R000828,2025-07-12,Metroville,Regular
R000829,2024-07-25,Metroville,Occasional
R000830,2025-09-03,Lakewood,Frequent
R000831,2025-09-03,Metroville,Occasional
R000832,2025-06-18,Riverton,Regular
R000833,2025-12-27,Riverton,Occasional
R000834,2025-01-10,Riverton,Regular
R000835,2025-09-05,Hillview,Regular
R000836,2025-02-08,Riverton,Regular
R000837,2024-01-29,Riverton,Occasional
R000838,2024-11-01,Riverton,Regular
R000839,2024-01-24,Riverton,Regular
R000840,2025-05-01,Lakewood,Occasional
R000841,2024-04-21,Lakewood,Occasional
R000842,2024-08-25,Metroville,Regular
R000843,2025-09-29,Lakewood,Occasional
R000844,2025-06-25,Lakewood,Occasional
R000845,2024-09-02,Hillview,Regular
R000846,2025-01-04,Riverton,Regular
R000847,2025-03-01,Metroville,Occasional
R000848,2024-09-15,Lakewood,Occasional
R000849,2025-07-02,Riverton,Occasional
R000850,2024-04-17,Riverton,Occasional
R000851,2024-11-08,Riverton,Frequent
R000852,2024-07-06,Metroville,Occasional
R000853,2025-05-12,Hillview,Occasional
R000854,2025-04-13,Hillview,Regular
R000855,2025-08-13,Hillview,Regular
R000856,2024-09-27,Riverton,Frequent
R000857,2024-06-17,Metroville,Regular
R000858,2024-01-25,Hillview,Frequent
R000859,2025-09-21,Metroville,Occasional
R000860,2024-08-29,Metroville,Regular
R000861,2025-07-06,Riverton,Occasional
R000862,2024-09-25,Lakewood,Occasional
R000863,2024-08-31,Riverton,Occasional
R000864,2024-06-20,Riverton,Regular
R000865,2025-07-25,Metroville,Regular
R000866,2024-07-28,Riverton,Occasional
R000867,2024-08-04,Hillview,Occasional
R000868,2025-05-31,Hillview,Regular
R000869,2025-01-14,Metroville,Regular
R000870,2025-06-30,Metroville,Regular
R000871,2024-03-16,Metroville,Regular
R000872,2025-12-02,Riverton,Regular
R000873,2024-06-22,Riverton,Occasional
R000874,2024-03-27,Lakewood,Regular
R000875,2024-03-21,Metroville,Occasional
R000876,2024-08-16,Riverton,Regular
R000877,2024-11-06,Riverton,Occasional
R000878,2024-02-26,Lakewood,Regular
R000879,2025-03-31,Metroville,Regular
R000880,2025-03-24,Lakewood,Occasional
R000881,2025-07-22,Hillview,Frequent
R000882,2024-01-12,Lakewood,Occasional
R000883,2024-03-11,Riverton,Occasional
R000884,2024-05-30,Metroville,Regular
R000885,2024-11-16,Metroville,Frequent
R000886,2025-03-05,Metroville,Occasional
R000887,2024-05-27,Metroville,Occasional
R000888,2024-09-19,Metroville,Regular
R000889,2025-01-10,Lakewood,Occasional
R000890,2025-02-02,Lakewood,Regular
R000891,2025-01-20,Hillview,Frequent
R000892,2025-04-13,Lakewood,Occasional
R000893,2025-07-07,Metroville,Occasional
R000894,2025-09-06,Metroville,Regular
R000895,2025-12-07,Metroville,Regular
R000896,2024-10-14,Riverton,Regular
R000897,2024-08-28,Riverton,Regular
R000898,2024-07-23,Riverton,Frequent
R000899,2024-09-13,Hillview,Occasional
R000900,2025-01-29,Metroville,Frequent
R000901,2025-03-18,Lakewood,Regular
R000902,2024-02-21,Metroville,Frequent
R000903,2026-01-01,Metroville,Regular
R000904,2024-01-31,Lakewood,Frequent
R000905,2024-10-20,Riverton,Frequent
R000906,2024-11-27,Hillview,Occasional
R000907,2024-09-09,Metroville,Regular
R000908,2024-06-08,Lakewood,Regular
R000909,2025-01-23,Hillview,Regular
R000910,2024-01-06,Riverton,Occasional
R000911,2025-06-28,Riverton,Occasional
R000912,2025-05-12,Lakewood,Occasional
R000913,2025-07-18,Metroville,Regular
R000914,2025-08-20,Riverton,Regular
R000915,2025-10-11,Metroville,Regular
R000916,2024-04-18,Lakewood,Occasional
R000917,2025-09-03,Metroville,Frequent
R000918,2025-02-16,Riverton,Regular
R000919,2024-03-31,Lakewood,Frequent
R000920,2025-12-21,Metroville,Frequent
R000921,2025-08-17,Lakewood,Frequent
R000922,2024-07-15,Metroville,Regular
R000923,2025-10-13,Riverton,Occasional
R000924,2025-06-18,Hillview,Regular
R000925,2024-11-23,Metroville,Occasional
R000926,2024-04-28,Metroville,Frequent
R000927,2025-06-19,Hillview,Regular
R000928,2025-11-13,Hillview,Regular
R000929,2024-05-21,Riverton,Regular
R000930,2024-01-01,Lakewood,Regular
R000931,2024-06-16,Metroville,Regular
R000932,2024-08-03,Hillview,Occasional
R000933,2024-10-04,Lakewood,Occasional
R000934,2025-12-15,Lakewood,Frequent
R000935,2025-12-06,Riverton,Regular
R000936,2025-05-05,Riverton,Occasional
R000937,2024-06-08,Metroville,Occasional
R000938,2024-06-04,Hillview,Regular
R000939,2024-02-29,Lakewood,Frequent
R000940,2025-08-02,Metroville,Frequent
R000941,2024-06-10,Metroville,Occasional
R000942,2025-10-19,Lakewood,Occasional
R000943,2025-03-15,Lakewood,Occasional
R000944,2024-12-22,Metroville,Occasional
R000945,2025-11-11,Lakewood,Occasional
R000946,2024-04-24,Lakewood,Regular
R000947,2024-12-05,Lakewood,Frequent
R000948,2024-07-08,Hillview,Occasional
R000949,2024-05-12,Metroville,Occasional
R000950,2025-11-21,Hillview,Regular
R000951,2025-03-19,Metroville,Regular
R000952,2024-04-27,Metroville,Occasional
R000953,2024-03-19,Metroville,Occasional
R000954,2024-08-16,Hillview,Regular
R000955,2025-09-02,Metroville,Occasional
R000956,2024-04-16,Metroville,Regular
R000957,2025-06-26,Metroville,Frequent
R000958,2024-03-18,Riverton,Occasional
R000959,2024-09-03,Lakewood,Regular
R000960,2025-01-17,Metroville,Frequent
R000961,2024-04-04,Lakewood,Regular
R000962,2024-10-17,Hillview,Occasional
R000963,2024-07-15,Hillview,Occasional
R000964,2024-02-03,Hillview,Regular
R000965,2024-01-01,Metroville,Occasional
R000966,2024-04-16,Metroville,Frequent
R000967,2025-07-01,Metroville,Frequent
R000968,2024-01-28,Hillview,Frequent
R000969,2025-01-05,Riverton,Frequent
R000970,2024-01-18,Riverton,Frequent
R000971,2024-06-06,Lakewood,Frequent
R000972,2024-05-10,Lakewood,Regular
R000973,2024-09-05,Lakewood,Occasional
R000974,2025-06-28,Lakewood,Occasional
R000975,2024-11-04,Lakewood,Occasional
R000976,2024-01-11,Metroville,Occasional
R000977,2024-04-15,Metroville,Frequent
R000978,2024-08-10,Metroville,Frequent
R000979,2024-07-22,Hillview,Occasional
R000980,2025-02-17,Hillview,Frequent
R000981,2024-09-13,Riverton,Regular
R000982,2025-06-28,Hillview,Regular
R000983,2024-07-03,Metroville,Frequent
R000984,2025-05-11,Metroville,Frequent
R000985,2024-03-14,Metroville,Regular
R000986,2025-12-24,Metroville,Regular
R000987,2025-12-23,Riverton,Occasional
R000988,2024-07-20,Metroville,Occasional
R000989,2024-06-20,Hillview,Regular
R000990,2024-01-01,Riverton,Frequent
R000991,2025-12-15,Metroville,Regular
R000992,2024-01-28,Riverton,Regular
R000993,2024-01-02,Hillview,Occasional
R000994,2024-03-12,Lakewood,Occasional
R000995,2024-08-03,Metroville,Regular
R000996,2025-12-14,Lakewood,Frequent
R000997,2024-05-01,Lakewood,Regular
R000998,2025-02-21,Riverton,Occasional
R000999,2025-04-21,Metroville,Frequent
R001000,2025-08-08,Hillview,Occasional
R001001,2025-05-26,Metroville,Regular
R001002,2025-12-22,Hillview,Regular
R001003,2025-04-29,Metroville,Frequent
R001004,2025-09-10,Hillview,Occasional
R001005,2024-08-22,Metroville,Regular
R001006,2024-10-25,Riverton,Occasional
R001007,2025-06-23,Hillview,Occasional
R001008,2025-10-03,Metroville,Occasional
R001009,2024-01-04,Metroville,Occasional
R001010,2024-11-13,Hillview,Frequent
R001011,2025-08-10,Hillview,Regular
R001012,2024-03-24,Riverton,Frequent
R001013,2024-09-15,Lakewood,Frequent
R001014,2025-02-05,Metroville,Occasional
R001015,2024-03-01,Lakewood,Occasional
R001016,2025-11-01,Riverton,Occasional
R001017,2024-09-26,Metroville,Occasional
R001018,2025-07-28,Metroville,Occasional
R001019,2024-11-08,Hillview,Occasional
R001020,2024-10-21,Riverton,Occasional
R001021,2025-12-08,Riverton,Occasional
R001022,2025-09-17,Hillview,Occasional
R001023,2025-01-12,Lakewood,Occasional
R001024,2024-12-05,Metroville,Regular
R001025,2025-07-25,Hillview,Occasional
R001026,2025-05-16,Hillview,Occasional
R001027,2025-12-17,Metroville,Regular
R001028,2024-08-31,Metroville,Frequent
R001029,2024-03-23,Lakewood,Occasional
R001030,2024-05-22,Metroville,Regular
R001031,2025-01-21,Metroville,Occasional
R001032,2024-08-17,Metroville,Regular
R001033,2025-08-15,Riverton,Occasional
R001034,2025-10-02,Metroville,Regular
R001035,2024-05-16,Hillview,Regular
R001036,2025-12-25,Lakewood,Occasional
R001037,2025-04-07,Lakewood,Frequent
R001038,2024-07-12,Riverton,Occasional
R001039,2024-05-27,Riverton,Occasional
R001040,2024-05-01,Riverton,Regular
R001041,2024-12-10,Hillview,Occasional
R001042,2024-02-22,Riverton,Occasional
R001043,2024-04-05,Riverton,Occasional
R001044,2025-07-05,Riverton,Regular
R001045,2024-12-23,Lakewood,Frequent
R001046,2025-01-21,Riverton,Regular
R001047,2024-08-25,Lakewood,Frequent
R001048,2025-02-11,Hillview,Regular
R001049,2024-09-08,Lakewood,Occasional
R001050,2024-02-03,Metroville,Regular
R001051,2025-02-19,Lakewood,Regular
R001052,2024-02-29,Lakewood,Occasional
R001053,2025-05-19,Lakewood,Occasional
R001054,2025-10-31,Lakewood,Occasional
R001055,2025-05-03,Hillview,Occasional
R001056,2025-02-26,Metroville,Regular
R001057,2025-12-06,Hillview,Regular
R001058,2024-06-09,Riverton,Occasional
R001059,2025-07-20,Metroville,Occasional
R001060,2024-05-31,Metroville,Regular
R001061,2024-01-01,Hillview,Occasional
R001062,2024-06-25,Riverton,Occasional
R001063,2025-01-02,Metroville,Regular
R001064,2024-02-16,Lakewood,Regular
R001065,2024-07-23,Metroville,Regular
R001066,2024-02-06,Riverton,Occasional
R001067,2024-06-27,Metroville,Frequent
R001068,2025-06-11,Lakewood,Frequent
R001069,2024-04-21,Lakewood,Frequent
R001070,2024-07-12,Lakewood,Occasional
R001071,2024-04-09,Metroville,Occasional
R001072,2024-10-08,Riverton,Regular
R001073,2025-07-11,Riverton,Occasional
R001074,2025-01-28,Riverton,Occasional
R001075,2024-05-26,Hillview,Regular
R001076,2024-08-22,Riverton,Frequent
R001077,2025-05-05,Metroville,Regular
R001078,2024-12-16,Metroville,Occasional
R001079,2024-12-02,Riverton,Occasional
R001080,2025-09-25,Riverton,Occasional
R001081,2025-08-22,Hillview,Occasional
R001082,2024-06-27,Metroville,Occasional
R001083,2025-05-30,Metroville,Occasional
R001084,2025-08-02,Hillview,Occasional
R001085,2025-10-20,Hillview,Occasional
R001086,2024-07-12,Lakewood,Frequent
R001087,2025-06-16,Lakewood,Regular
R001088,2024-05-16,Hillview,Frequent
R001089,2024-11-21,Lakewood,Regular
R001090,2024-02-23,Riverton,Regular
R001091,2025-03-18,Hillview,Regular
R001092,2025-05-15,Metroville,Regular
R001093,2024-11-23,Metroville,Occasional
R001094,2024-10-28,Hillview,Regular
R001095,2024-06-26,Lakewood,Occasional
R001096,2025-07-17,Metroville,Regular
R001097,2025-10-28,Lakewood,Occasional
R001098,2024-04-07,Riverton,Occasional
R001099,2024-07-20,Metroville,Regular
R001100,2025-03-17,Riverton,Occasional
R001101,2024-09-24,Metroville,Frequent
R001102,2024-01-10,Metroville,Regular
R001103,2024-01-16,Metroville,Regular
R001104,2024-06-20,Lakewood,Occasional
R001105,2025-12-09,Hillview,Regular
R001106,2025-03-22,Lakewood,Occasional
R001107,2024-07-05,Hillview,Occasional
R001108,2024-02-11,Metroville,Regular
R001109,2025-07-07,Lakewood,Occasional
R001110,2024-10-03,Lakewood,Regular
R001111,2024-10-15,Riverton,Regular
R001112,2025-02-15,Riverton,Frequent
R001113,2024-06-16,Riverton,Regular
R001114,2025-06-16,Metroville,Occasional
R001115,2024-08-17,Hillview,Frequent
R001116,2025-05-31,Riverton,Regular
R001117,2025-01-13,Hillview,Occasional
R001118,2024-04-18,Metroville,Occasional
R001119,2025-04-01,Metroville,Occasional
R001120,2024-02-25,Riverton,Occasional
R001121,2025-06-07,Lakewood,Regular
R001122,2024-10-02,Riverton,Frequent
R001123,2025-05-05,Metroville,Occasional
R001124,2024-06-25,Lakewood,Occasional
R001125,2024-10-25,Metroville,Occasional
R001126,2024-08-11,Lakewood,Regular
R001127,2024-07-02,Metroville,Occasional
R001128,2024-09-07,Hillview,Occasional
R001129,2024-02-09,Metroville,Regular
R001130,2024-10-17,Lakewood,Regular
R001131,2024-03-31,Metroville,Occasional
R001132,2025-01-14,Metroville,Regular
R001133,2024-03-07,Lakewood,Occasional
R001134,2024-01-07,Metroville,Regular
R001135,2024-11-17,Lakewood,Regular
R001136,2024-08-06,Metroville,Occasional
R001137,2025-10-03,Riverton,Frequent
R001138,2024-07-12,Hillview,Regular
R001139,2024-10-19,Riverton,Frequent
R001140,2024-06-21,Metroville,Occasional
R001141,2025-10-13,Lakewood,Frequent
R001142,2025-07-31,Metroville,Regular
R001143,2024-05-05,Lakewood,Occasional
R001144,2024-07-02,Hillview,Regular
R001145,2024-05-16,Metroville,Frequent
R001146,2024-04-20,Metroville,Frequent
R001147,2024-06-25,Hillview,Occasional
R001148,2025-09-15,Lakewood,Occasional
R001149,2024-12-01,Metroville,Occasional
R001150,2024-10-07,Hillview,Frequent
R001151,2024-05-19,Metroville,Frequent
R001152,2024-05-14,Riverton,Occasional
R001153,2025-02-10,Metroville,Occasional
R001154,2025-07-03,Hillview,Regular
R001155,2025-02-12,Riverton,Occasional
R001156,2025-04-26,Metroville,Occasional
R001157,2024-07-10,Hillview,Regular
R001158,2025-11-22,Metroville,Occasional
R001159,2025-08-25,Hillview,Regular
R001160,2025-10-04,Riverton,Frequent
R001161,2025-05-03,Metroville,Occasional
R001162,2025-05-23,Lakewood,Regular
R001163,2024-02-21,Metroville,Regular
R001164,2024-04-27,Lakewood,Regular
R001165,2024-04-06,Lakewood,Frequent
R001166,2024-12-19,Lakewood,Occasional
R001167,2025-03-06,Hillview,Frequent
R001168,2024-03-27,Hillview,Regular
R001169,2025-07-04,Lakewood,Occasional
R001170,2025-02-06,Riverton,Regular
R001171,2025-03-11,Metroville,Regular
R001172,2025-11-02,Hillview,Occasional
R001173,2025-03-03,Hillview,Frequent
R001174,2024-01-03,Hillview,Occasional
R001175,2025-07-16,Riverton,Occasional
R001176,2025-10-03,Metroville,Regular
R001177,2024-03-02,Metroville,Regular
R001178,2025-01-29,Lakewood,Regular
R001179,2024-12-09,Metroville,Regular
R001180,2024-04-20,Lakewood,Regular
R001181,2024-07-21,Lakewood,Regular
R001182,2025-09-18,Riverton,Occasional
R001183,2024-10-13,Riverton,Occasional
R001184,2025-01-28,Metroville,Occasional
R001185,2025-07-22,Riverton,Frequent
R001186,2024-11-24,Metroville,Occasional
R001187,2025-10-14,Metroville,Regular
R001188,2024-12-31,Lakewood,Regular
R001189,2025-12-22,Metroville,Occasional
R001190,2024-04-17,Metroville,Occasional
R001191,2025-10-12,Metroville,Occasional
R001192,2024-03-23,Metroville,Regular
R001193,2025-08-18,Metroville,Occasional
R001194,2025-04-29,Lakewood,Occasional
R001195,2025-02-13,Hillview,Frequent
R001196,2025-10-06,Metroville,Regular
R001197,2025-04-14,Metroville,Occasional
R001198,2025-05-23,Metroville,Occasional
R001199,2025-07-06,Metroville,Occasional
R001200,2025-09-07,Lakewood,Occasional
R001201,2024-06-18,Lakewood,Occasional
R001202,2025-09-10,Riverton,Frequent
R001203,2025-03-07,Riverton,Regular
R001204,2024-01-24,Hillview,Frequent
R001205,2025-11-03,Hillview,Regular
R001206,2025-07-18,Metroville,Occasional
R001207,2025-10-14,Metroville,Regular
R001208,2025-07-19,Lakewood,Occasional
R001209,2024-09-09,Lakewood,Occasional
R001210,2024-09-13,Lakewood,Occasional
R001211,2024-07-21,Lakewood,Frequent
R001212,2024-10-27,Hillview,Regular
R001213,2024-01-26,Lakewood,Regular
R001214,2025-06-29,Hillview,Regular
R001215,2025-07-04,Hillview,Occasional
R001216,2025-12-23,Lakewood,Regular
R001217,2025-02-07,Metroville,Occasional
R001218,2025-12-24,Metroville,Occasional
R001219,2024-06-02,Lakewood,Occasional
R001220,2024-12-12,Hillview,Occasional
R001221,2025-07-26,Hillview,Regular
R001222,2025-07-31,Metroville,Regular
R001223,2025-07-20,Metroville,Regular
R001224,2024-12-07,Hillview,Frequent
R001225,2024-02-23,Lakewood,Occasional
R001226,2025-09-25,Riverton,Regular
R001227,2024-10-06,Metroville,Occasional
R001228,2025-04-20,Metroville,Occasional
R001229,2024-04-07,Metroville,Frequent
R001230,2025-11-16,Metroville,Regular
R001231,2024-07-06,Lakewood,Regular
R001232,2025-12-30,Metroville,Occasional
R001233,2025-06-07,Lakewood,Frequent
R001234,2024-08-29,Riverton,Regular
R001235,2024-09-27,Metroville,Occasional
R001236,2025-12-17,Hillview,Occasional
R001237,2025-03-10,Metroville,Regular
R001238,2025-05-21,Riverton,Occasional
R001239,2025-03-24,Metroville,Occasional
R001240,2024-06-23,Hillview,Occasional
R001241,2024-04-06,Metroville,Occasional
R001242,2024-01-03,Lakewood,Occasional
R001243,2024-10-23,Hillview,Regular
R001244,2025-05-15,Metroville,Regular
R001245,2024-08-08,Riverton,Occasional
R001246,2024-06-11,Riverton,Frequent
R001247,2024-10-11,Metroville,Occasional
R001248,2024-06-18,Metroville,Regular
R001249,2024-11-14,Hillview,Regular
R001250,2025-02-08,Hillview,Regular
R001251,2024-07-18,Metroville,Occasional
R001252,2024-01-23,Hillview,Regular
R001253,2024-03-15,Hillview,Regular
R001254,2024-10-31,Lakewood,Occasional
R001255,2024-05-09,Riverton,Occasional
R001256,2025-08-08,Metroville,Occasional
R001257,2024-04-30,Lakewood,Occasional
R001258,2024-01-20,Hillview,Occasional
R001259,2025-03-29,Riverton,Occasional
R001260,2025-04-01,Metroville,Regular
R001261,2025-05-06,Riverton,Regular
R001262,2024-04-25,Metroville,Regular
R001263,2025-05-13,Metroville,Regular
R001264,2025-09-23,Metroville,Occasional
R001265,2025-03-18,Metroville,Occasional
R001266,2024-10-12,Lakewood,Regular
R001267,2024-12-18,Metroville,Occasional
R001268,2025-08-17,Riverton,Regular
R001269,2024-04-14,Hillview,Regular
R001270,2025-06-13,Lakewood,Regular
R001271,2024-07-16,Metroville,Occasional
R001272,2025-10-04,Hillview,Occasional
R001273,2024-04-12,Metroville,Regular
R001274,2025-01-13,Lakewood,Occasional
R001275,2024-10-20,Metroville,Occasional
R001276,2024-12-21,Hillview,Occasional
R001277,2024-10-06,Metroville,Regular
R001278,2024-01-28,Hillview,Frequent
R001279,2025-09-19,Hillview,Regular
R001280,2025-01-25,Hillview,Occasional
R001281,2025-03-15,Riverton,Regular
R001282,2025-01-17,Riverton,Occasional
R001283,2025-01-22,Hillview,Occasional
R001284,2025-03-19,Metroville,Frequent
R001285,2024-11-03,Riverton,Frequent
R001286,2024-04-05,Metroville,Regular
R001287,2024-01-22,Lakewood,Occasional
R001288,2025-01-30,Lakewood,Occasional
R001289,2024-05-16,Hillview,Occasional
R001290,2024-11-28,Metroville,Regular
R001291,2025-03-19,Lakewood,Occasional
R001292,2025-03-12,Riverton,Occasional
R001293,2024-05-03,Riverton,Frequent
R001294,2025-04-28,Metroville,Frequent
R001295,2025-11-19,Lakewood,Occasional
R001296,2024-09-21,Riverton,Regular
R001297,2024-03-27,Hillview,Frequent
R001298,2025-01-03,Hillview,Frequent
R001299,2025-03-27,Metroville,Regular
R001300,2024-10-16,Metroville,Occasional
R001301,2025-03-14,Riverton,Regular
R001302,2025-07-14,Lakewood,Regular
R001303,2025-02-27,Riverton,Occasional
R001304,2025-08-05,Hillview,Frequent
R001305,2024-04-16,Metroville,Regular
R001306,2024-08-02,Hillview,Frequent
R001307,2025-02-10,Metroville,Occasional
R001308,2024-07-08,Hillview,Regular
R001309,2025-12-28,Lakewood,Regular
R001310,2025-05-11,Hillview,Occasional
R001311,2024-10-28,Metroville,Frequent
R001312,2025-07-20,Lakewood,Regular
R001313,2025-12-20,Metroville,Regular
R001314,2024-01-08,Riverton,Frequent
R001315,2025-02-11,Hillview,Regular
R001316,2024-11-08,Hillview,Regular
R001317,2025-07-06,Riverton,Occasional
R001318,2024-08-13,Metroville,Regular
R001319,2024-08-26,Hillview,Occasional
R001320,2025-07-15,Metroville,Regular
R001321,2025-10-13,Riverton,Occasional
R001322,2024-04-15,Metroville,Frequent
R001323,2025-03-26,Hillview,Frequent
R001324,2025-07-23,Lakewood,Regular
R001325,2024-04-30,Lakewood,Regular
R001326,2025-04-29,Metroville,Occasional
R001327,2025-12-18,Lakewood,Regular
R001328,2025-09-09,Metroville,Regular
R001329,2024-05-22,Hillview,Regular
R001330,2025-12-25,Riverton,Regular
R001331,2024-09-18,Hillview,Occasional
R001332,2024-12-14,Lakewood,Regular
R001333,2024-08-01,Riverton,Occasional
R001334,2025-05-26,Lakewood,Occasional
R001335,2024-04-02,Hillview,Occasional
R001336,2025-06-03,Metroville,Regular
R001337,2024-02-10,Metroville,Occasional
R001338,2025-09-10,Lakewood,Regular
R001339,2024-08-26,Lakewood,Frequent
R001340,2025-01-14,Hillview,Occasional
R001341,2024-06-15,Metroville,Regular
R001342,2024-03-19,Riverton,Frequent
R001343,2024-01-18,Metroville,Frequent
R001344,2025-12-17,Metroville,Regular
R001345,2024-04-09,Hillview,Regular
R001346,2024-02-11,Riverton,Occasional
R001347,2025-01-11,Hillview,Frequent
R001348,2025-12-05,Lakewood,Frequent
R001349,2024-03-01,Riverton,Occasional
R001350,2024-07-05,Riverton,Occasional
R001351,2025-02-10,Riverton,Occasional
R001352,2024-12-26,Metroville,Occasional
R001353,2024-04-16,Metroville,Occasional
R001354,2025-11-26,Metroville,Regular
R001355,2024-09-19,Riverton,Regular
R001356,2025-05-10,Riverton,Frequent
R001357,2024-12-01,Riverton,Frequent
R001358,2025-03-04,Metroville,Occasional
R001359,2025-10-24,Riverton,Regular
R001360,2024-08-26,Metroville,Regular
R001361,2025-08-19,Hillview,Regular
R001362,2024-08-02,Lakewood,Regular
R001363,2024-08-19,Riverton,Frequent
R001364,2024-01-24,Metroville,Occasional
R001365,2024-09-10,Metroville,Regular
R001366,2025-03-05,Lakewood,Occasional
R001367,2025-04-13,Lakewood,Regular
R001368,2024-11-10,Metroville,Frequent
R001369,2024-09-17,Lakewood,Regular
R001370,2024-06-13,Metroville,Frequent
R001371,2025-10-23,Hillview,Frequent
R001372,2024-10-08,Lakewood,Regular
R001373,2024-08-11,Lakewood,Occasional
R001374,2025-11-19,Lakewood,Occasional
R001375,2025-04-11,Riverton,Frequent
R001376,2025-09-13,Metroville,Regular
R001377,2024-10-11,Riverton,Regular
R001378,2024-11-11,Hillview,Occasional
R001379,2025-06-18,Lakewood,Occasional
R001380,2025-12-18,Metroville,Regular
R001381,2025-07-31,Metroville,Occasional
R001382,2024-12-04,Hillview,Occasional
R001383,2025-03-13,Metroville,Frequent
R001384,2024-09-12,Metroville,Occasional
R001385,2024-11-29,Hillview,Regular
R001386,2024-10-10,Hillview,Occasional
R001387,2024-03-13,Lakewood,Regular
R001388,2025-10-02,Metroville,Regular
R001389,2024-04-10,Lakewood,Occasional
R001390,2024-07-14,Riverton,Regular
R001391,2024-07-04,Metroville,Regular
R001392,2024-06-11,Metroville,Frequent
R001393,2024-12-30,Hillview,Occasional
R001394,2025-12-04,Riverton,Frequent
R001395,2024-08-28,Lakewood,Regular
R001396,2025-06-21,Hillview,Occasional
R001397,2025-06-20,Riverton,Occasional
R001398,2025-07-13,Hillview,Frequent
R001399,2025-03-31,Metroville,Occasional
R001400,2025-06-25,Lakewood,Regular
R001401,2025-07-11,Riverton,Frequent
R001402,2025-05-14,Lakewood,Frequent
R001403,2025-02-12,Metroville,Occasional
R001404,2024-03-07,Riverton,Occasional
R001405,2025-01-06,Riverton,Occasional
R001406,2025-07-05,Metroville,Occasional
R001407,2024-09-07,Lakewood,Regular
R001408,2024-07-01,Riverton,Regular
R001409,2025-03-10,Riverton,Regular
R001410,2024-04-06,Lakewood,Regular
R001411,2025-06-10,Metroville,Occasional
R001412,2025-12-20,Metroville,Occasional
R001413,2024-12-20,Hillview,Regular
R001414,2024-01-21,Hillview,Frequent
R001415,2024-07-17,Riverton,Frequent
R001416,2024-01-24,Lakewood,Frequent
R001417,2024-12-02,Metroville,Regular
R001418,2024-08-14,Lakewood,Frequent
R001419,2025-07-20,Lakewood,Frequent
R001420,2025-09-09,Lakewood,Regular
R001421,2024-11-14,Metroville,Regular
R001422,2025-12-16,Metroville,Occasional
R001423,2024-11-25,Hillview,Frequent
R001424,2024-03-27,Lakewood,Regular
R001425,2025-10-26,Hillview,Frequent
R001426,2024-10-16,Riverton,Occasional
R001427,2025-10-10,Hillview,Occasional
R001428,2025-06-21,Metroville,Occasional
R001429,2025-11-18,Metroville,Frequent
R001430,2025-04-17,Riverton,Frequent
R001431,2025-03-09,Lakewood,Regular
R001432,2024-06-19,Metroville,Occasional
R001433,2024-07-23,Riverton,Occasional
R001434,2024-08-28,Metroville,Frequent
R001435,2024-08-14,Metroville,Occasional
R001436,2025-03-11,Hillview,Occasional
R001437,2025-09-28,Lakewood,Frequent
R001438,2024-01-26,Metroville,Occasional
R001439,2025-03-28,Metroville,Occasional
R001440,2025-07-09,Hillview,Regular
R001441,2024-11-20,Hillview,Regular
R001442,2024-07-20,Metroville,Frequent
R001443,2024-11-12,Lakewood,Frequent
R001444,2025-08-29,Riverton,Occasional
R001445,2025-10-31,Metroville,Occasional
R001446,2025-05-15,Lakewood,Regular
R001447,2024-12-21,Metroville,Occasional
R001448,2025-04-17,Metroville,Frequent
R001449,2025-05-10,Riverton,Occasional
R001450,2025-07-15,Metroville,Occasional
R001451,2024-04-15,Lakewood,Occasional
R001452,2024-02-24,Metroville,Occasional
R001453,2024-09-09,Lakewood,Occasional
R001454,2024-07-09,Hillview,Regular
R001455,2025-03-26,Lakewood,Frequent
R001456,2025-01-16,Lakewood,Frequent
R001457,2025-11-03,Lakewood,Occasional
R001458,2025-07-22,Hillview,Occasional
R001459,2024-04-18,Riverton,Regular
R001460,2025-09-13,Metroville,Occasional
R001461,2025-07-18,Metroville,Regular
R001462,2024-10-06,Lakewood,Regular
R001463,2024-02-12,Riverton,Frequent
R001464,2025-08-03,Metroville,Occasional
R001465,2024-05-21,Lakewood,Occasional
R001466,2024-06-10,Riverton,Occasional
R001467,2024-12-10,Lakewood,Regular
R001468,2024-03-01,Riverton,Occasional
R001469,2024-10-19,Metroville,Occasional
R001470,2024-06-29,Riverton,Occasional
R001471,2024-02-08,Riverton,Occasional
R001472,2025-10-23,Hillview,Frequent
R001473,2024-07-09,Riverton,Frequent
R001474,2025-02-02,Lakewood,Regular
R001475,2025-08-20,Riverton,Frequent
R001476,2024-12-18,Riverton,Occasional
R001477,2024-08-02,Lakewood,Frequent
R001478,2025-06-28,Lakewood,Regular
R001479,2025-05-21,Metroville,Occasional
R001480,2024-01-08,Riverton,Regular
R001481,2025-08-22,Lakewood,Regular
R001482,2024-03-27,Metroville,Regular
R001483,2025-06-23,Lakewood,Frequent
R001484,2024-03-13,Hillview,Occasional
R001485,2024-02-17,Metroville,Frequent
R001486,2024-03-30,Lakewood,Frequent
R001487,2025-06-26,Hillview,Occasional
R001488,2024-11-27,Hillview,Regular
R001489,2025-03-16,Metroville,Occasional
R001490,2024-07-24,Metroville,Regular
R001491,2024-03-28,Lakewood,Occasional
R001492,2025-07-29,Metroville,Occasional
R001493,2025-09-01,Lakewood,Occasional
R001494,2025-09-06,Lakewood,Occasional
R001495,2024-02-17,Riverton,Frequent
R001496,2025-11-08,Riverton,Frequent
R001497,2025-01-31,Hillview,Occasional
R001498,2024-05-23,Riverton,Occasional
R001499,2024-05-25,Lakewood,Frequent
R001500,2025-01-03,Metroville,Occasional
R001501,2025-03-17,Riverton,Frequent
R001502,2024-02-05,Riverton,Regular
R001503,2024-12-29,Metroville,Regular
R001504,2024-06-24,Metroville,Occasional
R001505,2025-11-02,Riverton,Occasional
R001506,2025-03-26,Metroville,Frequent
R001507,2024-09-29,Riverton,Occasional
R001508,2024-11-05,Metroville,Frequent
R001509,2025-09-04,Lakewood,Regular
R001510,2025-05-20,Metroville,Frequent
R001511,2024-10-10,Lakewood,Regular
R001512,2025-09-06,Riverton,Regular
R001513,2025-03-31,Metroville,Frequent
R001514,2024-02-13,Metroville,Frequent
R001515,2025-04-06,Metroville,Frequent
R001516,2025-11-18,Metroville,Occasional
R001517,2025-09-23,Lakewood,Frequent
R001518,2024-02-01,Metroville,Regular
R001519,2025-10-07,Lakewood,Regular
R001520,2025-12-19,Riverton,Frequent
R001521,2024-04-29,Hillview,Occasional
R001522,2025-04-11,Metroville,Regular
R001523,2025-07-06,Hillview,Occasional
R001524,2024-02-01,Hillview,Regular
R001525,2025-08-28,Riverton,Occasional
R001526,2024-10-15,Riverton,Occasional
R001527,2024-08-07,Lakewood,Regular
R001528,2024-07-08,Metroville,Occasional
R001529,2025-01-05,Hillview,Occasional
R001530,2025-08-07,Hillview,Occasional
R001531,2025-08-24,Metroville,Occasional
R001532,2024-06-14,Metroville,Regular
R001533,2025-08-28,Metroville,Occasional
R001534,2025-08-27,Lakewood,Occasional
R001535,2024-02-14,Hillview,Occasional
R001536,2024-08-16,Metroville,Occasional
R001537,2024-01-12,Riverton,Occasional
R001538,2025-12-25,Hillview,Occasional
R001539,2024-12-11,Lakewood,Occasional
R001540,2024-07-16,Riverton,Regular
R001541,2025-10-16,Lakewood,Regular
R001542,2025-05-16,Metroville,Occasional
R001543,2025-11-19,Lakewood,Occasional
R001544,2025-08-08,Metroville,Frequent
R001545,2025-11-30,Riverton,Frequent
R001546,2024-06-07,Metroville,Regular
R001547,2024-05-29,Riverton,Occasional
R001548,2024-02-25,Lakewood,Frequent
R001549,2024-09-07,Hillview,Occasional
R001550,2025-02-07,Riverton,Occasional
R001551,2025-02-17,Riverton,Regular
R001552,2025-05-10,Metroville,Occasional
R001553,2025-06-20,Lakewood,Frequent
R001554,2025-08-21,Riverton,Regular
R001555,2025-01-15,Riverton,Frequent
R001556,2024-07-18,Riverton,Occasional
R001557,2024-11-17,Metroville,Occasional
R001558,2025-09-30,Metroville,Frequent
R001559,2025-08-20,Metroville,Regular
R001560,2025-11-01,Metroville,Regular
R001561,2025-01-30,Riverton,Occasional
R001562,2025-07-24,Lakewood,Occasional
R001563,2024-10-29,Lakewood,Regular
R001564,2024-01-06,Metroville,Occasional
R001565,2025-06-28,Riverton,Frequent
R001566,2024-03-04,Metroville,Occasional
R001567,2025-04-09,Metroville,Occasional
R001568,2025-12-31,Riverton,Regular
R001569,2024-01-19,Riverton,Occasional
R001570,2025-06-21,Metroville,Occasional
R001571,2025-09-27,Metroville,Occasional
R001572,2025-04-03,Lakewood,Regular
R001573,2025-05-20,Riverton,Occasional
R001574,2025-10-21,Metroville,Regular
R001575,2025-07-22,Lakewood,Frequent
R001576,2024-01-30,Lakewood,Occasional
R001577,2025-07-20,Lakewood,Occasional
R001578,2025-07-08,Riverton,Occasional
R001579,2024-06-16,Hillview,Regular
R001580,2025-04-24,Metroville,Regular
R001581,2025-09-08,Metroville,Frequent
R001582,2025-09-12,Metroville,Frequent
R001583,2025-09-29,Metroville,Occasional
R001584,2025-07-23,Metroville,Occasional
R001585,2024-03-30,Metroville,Occasional
R001586,2024-12-20,Hillview,Regular
R001587,2024-06-19,Hillview,Occasional
R001588,2024-02-21,Riverton,Frequent
R001589,2024-07-11,Lakewood,Regular
R001590,2025-10-27,Riverton,Occasional
R001591,2025-03-13,Lakewood,Regular
R001592,2025-07-12,Riverton,Occasional
R001593,2025-01-03,Metroville,Frequent
R001594,2024-09-17,Hillview,Regular
R001595,2024-12-19,Metroville,Regular
R001596,2025-12-21,Metroville,Occasional
R001597,2024-07-29,Lakewood,Regular
R001598,2024-08-15,Metroville,Regular
R001599,2025-09-12,Hillview,Frequent
R001600,2024-09-28,Riverton,Frequent
R001601,2025-10-23,Hillview,Frequent
R001602,2025-12-14,Hillview,Regular
R001603,2024-02-18,Lakewood,Regular
R001604,2025-05-04,Riverton,Occasional
R001605,2024-03-09,Hillview,Regular
R001606,2025-10-05,Metroville,Occasional
R001607,2024-03-25,Metroville,Occasional
R001608,2025-10-11,Lakewood,Occasional
R001609,2025-07-17,Riverton,Regular
R001610,2025-01-27,Riverton,Occasional
R001611,2024-06-01,Metroville,Occasional
R001612,2024-07-14,Hillview,Occasional
R001613,2024-11-11,Riverton,Regular
R001614,2025-09-12,Lakewood,Occasional
R001615,2025-10-19,Riverton,Regular
R001616,2025-01-02,Hillview,Frequent
R001617,2024-06-19,Metroville,Regular
R001618,2025-02-17,Lakewood,Occasional
R001619,2025-08-31,Riverton,Regular
R001620,2025-01-31,Lakewood,Frequent
R001621,2025-10-13,Metroville,Regular
R001622,2024-01-08,Hillview,Occasional
R001623,2025-01-02,Metroville,Regular
R001624,2024-02-03,Metroville,Regular
R001625,2025-03-23,Hillview,Frequent
R001626,2025-03-27,Riverton,Occasional
R001627,2024-08-16,Lakewood,Frequent
R001628,2025-08-04,Lakewood,Regular
R001629,2025-11-27,Metroville,Regular
R001630,2024-11-30,Metroville,Regular
R001631,2024-11-14,Hillview,Occasional
R001632,2024-05-19,Metroville,Occasional
R001633,2024-01-21,Metroville,Occasional
R001634,2024-10-24,Riverton,Regular
R001635,2024-11-19,Hillview,Regular
R001636,2025-07-16,Riverton,Frequent
R001637,2025-09-23,Metroville,Occasional
R001638,2024-03-20,Metroville,Regular
R001639,2024-04-21,Hillview,Occasional
R001640,2025-02-14,Riverton,Regular
R001641,2024-10-01,Hillview,Occasional
R001642,2025-05-29,Lakewood,Occasional
R001643,2024-08-24,Riverton,Occasional
R001644,2024-10-31,Hillview,Frequent
R001645,2024-11-21,Lakewood,Regular
R001646,2025-03-16,Metroville,Regular
R001647,2024-02-21,Metroville,Occasional
R001648,2025-10-08,Riverton,Occasional
R001649,2024-09-05,Metroville,Frequent
R001650,2024-06-04,Metroville,Regular
R001651,2025-04-13,Riverton,Occasional
R001652,2024-04-08,Riverton,Frequent
R001653,2025-03-07,Lakewood,Occasional
R001654,2024-02-14,Hillview,Regular
R001655,2024-07-12,Metroville,Occasional
R001656,2025-06-15,Lakewood,Frequent
R001657,2024-09-29,Riverton,Frequent
R001658,2025-10-21,Riverton,Occasional
R001659,2024-09-17,Riverton,Frequent
R001660,2025-05-20,Riverton,Frequent
R001661,2024-01-22,Riverton,Regular
R001662,2025-12-15,Riverton,Regular
R001663,2025-03-26,Hillview,Regular
R001664,2025-06-02,Hillview,Occasional
R001665,2024-08-26,Lakewood,Occasional
R001666,2024-07-30,Riverton,Occasional
R001667,2024-11-15,Lakewood,Occasional
R001668,2024-07-06,Riverton,Regular
R001669,2024-01-16,Metroville,Occasional
R001670,2025-05-03,Lakewood,Regular
R001671,2025-06-08,Hillview,Regular
R001672,2025-05-09,Riverton,Occasional
R001673,2025-02-09,Metroville,Occasional
R001674,2025-01-18,Lakewood,Regular
R001675,2025-12-22,Lakewood,Frequent
R001676,2025-01-20,Riverton,Regular
R001677,2025-05-31,Metroville,Frequent
R001678,2024-10-31,Riverton,Frequent
R001679,2024-01-25,Riverton,Regular
R001680,2024-09-13,Lakewood,Regular
R001681,2025-06-12,Metroville,Regular
R001682,2025-04-09,Riverton,Occasional
R001683,2025-05-22,Riverton,Occasional
R001684,2025-07-01,Lakewood,Occasional
R001685,2024-06-08,Metroville,Occasional
R001686,2025-08-18,Riverton,Occasional
R001687,2025-06-06,Lakewood,Occasional
R001688,2024-08-13,Metroville,Regular
R001689,2025-01-03,Lakewood,Occasional
R001690,2025-09-19,Lakewood,Regular
R001691,2024-05-02,Hillview,Occasional
R001692,2024-08-09,Hillview,Occasional
R001693,2024-05-20,Riverton,Occasional
R001694,2024-08-11,Metroville,Regular
R001695,2024-05-29,Metroville,Occasional
R001696,2025-08-12,Metroville,Frequent
R001697,2025-12-26,Riverton,Regular
R001698,2025-12-10,Lakewood,Regular
R001699,2024-09-19,Hillview,Occasional
R001700,2025-11-13,Lakewood,Frequent
R001701,2024-02-29,Metroville,Occasional
R001702,2024-03-22,Lakewood,Frequent
R001703,2024-08-26,Lakewood,Occasional
R001704,2024-07-30,Metroville,Frequent
R001705,2025-11-02,Lakewood,Frequent
R001706,2025-07-10,Metroville,Occasional
R001707,2025-07-05,Metroville,Occasional
R001708,2025-08-13,Lakewood,Frequent
R001709,2025-06-14,Riverton,Regular
R001710,2025-01-04,Hillview,Occasional
R001711,2024-02-13,Metroville,Regular
R001712,2024-01-12,Lakewood,Frequent
R001713,2025-12-15,Hillview,Frequent
R001714,2025-01-02,Hillview,Occasional
R001715,2025-11-28,Hillview,Regular
R001716,2024-01-23,Lakewood,Regular
R001717,2025-04-10,Hillview,Occasional
R001718,2024-07-24,Riverton,Occasional
R001719,2024-09-23,Metroville,Occasional
R001720,2025-04-25,Metroville,Occasional
R001721,2024-12-28,Hillview,Regular
R001722,2024-04-08,Hillview,Occasional
R001723,2026-01-01,Lakewood,Regular
R001724,2025-06-05,Riverton,Regular
R001725,2024-09-21,Metroville,Occasional
R001726,2025-03-30,Riverton,Occasional
R001727,2024-04-20,Lakewood,Occasional
R001728,2024-11-10,Metroville,Regular
R001729,2024-11-06,Lakewood,Occasional
R001730,2024-09-29,Lakewood,Regular
R001731,2024-12-20,Hillview,Regular
R001732,2025-10-31,Hillview,Regular
R001733,2024-01-06,Metroville,Occasional
R001734,2025-02-08,Metroville,Frequent
R001735,2025-11-19,Metroville,Occasional
R001736,2025-10-12,Metroville,Regular
R001737,2025-10-19,Lakewood,Regular
R001738,2024-10-28,Lakewood,Frequent
R001739,2025-02-19,Metroville,Regular
R001740,2025-03-11,Hillview,Regular
R001741,2025-09-05,Riverton,Regular
R001742,2025-11-29,Metroville,Regular
R001743,2024-07-05,Riverton,Regular
R001744,2024-03-31,Metroville,Regular
R001745,2024-07-12,Riverton,Regular
R001746,2024-07-11,Lakewood,Regular
R001747,2024-08-07,Metroville,Regular
R001748,2025-11-02,Lakewood,Occasional
R001749,2024-06-06,Hillview,Regular
R001750,2024-11-04,Riverton,Regular
R001751,2024-09-18,Riverton,Regular
R001752,2024-07-18,Hillview,Regular
R001753,2024-05-23,Hillview,Occasional
R001754,2025-12-31,Hillview,Occasional
R001755,2025-04-03,Metroville,Regular
R001756,2024-03-15,Metroville,Occasional
R001757,2025-04-24,Riverton,Occasional
R001758,2025-03-23,Hillview,Frequent
R001759,2024-09-19,Lakewood,Occasional
R001760,2025-07-30,Hillview,Occasional
R001761,2025-08-10,Riverton,Occasional
R001762,2025-07-29,Metroville,Occasional
R001763,2025-04-12,Hillview,Occasional
R001764,2024-11-19,Hillview,Occasional
R001765,2024-05-31,Lakewood,Occasional
R001766,2024-02-02,Riverton,Frequent
R001767,2025-11-03,Lakewood,Regular
R001768,2025-09-07,Riverton,Occasional
R001769,2024-05-27,Lakewood,Frequent
R001770,2025-08-10,Lakewood,Frequent
R001771,2024-02-04,Riverton,Occasional
R001772,2024-06-22,Metroville,Occasional
R001773,2024-04-19,Metroville,Occasional
R001774,2024-09-06,Metroville,Regular
R001775,2024-08-21,Lakewood,Regular
R001776,2025-01-10,Lakewood,Regular
R001777,2024-12-01,Lakewood,Regular
R001778,2024-03-24,Lakewood,Occasional
R001779,2024-04-19,Metroville,Occasional
R001780,2025-08-23,Riverton,Regular
R001781,2025-02-05,Riverton,Occasional
R001782,2025-11-05,Riverton,Occasional
R001783,2024-04-05,Metroville,Occasional
R001784,2024-08-13,Riverton,Regular
R001785,2024-04-25,Lakewood,Regular
R001786,2025-11-07,Riverton,Occasional
R001787,2024-04-26,Metroville,Occasional
R001788,2025-08-09,Riverton,Regular
R001789,2024-05-20,Hillview,Regular
R001790,2025-06-16,Hillview,Regular
R001791,2024-11-29,Hillview,Regular
R001792,2025-12-10,Metroville,Regular
R001793,2024-02-21,Lakewood,Occasional
R001794,2024-08-25,Metroville,Regular
R001795,2025-06-13,Lakewood,Occasional
R001796,2025-11-01,Riverton,Regular
R001797,2025-01-29,Riverton,Frequent
R001798,2024-03-13,Hillview,Occasional
R001799,2025-04-05,Hillview,Occasional
R001800,2024-12-15,Metroville,Regular
R001801,2025-07-21,Hillview,Regular
R001802,2025-02-08,Hillview,Occasional
R001803,2025-10-19,Riverton,Occasional
R001804,2024-03-30,Metroville,Occasional
R001805,2025-04-01,Metroville,Occasional
R001806,2025-06-23,Lakewood,Frequent
R001807,2024-10-24,Metroville,Regular
R001808,2024-12-13,Metroville,Regular
R001809,2025-05-23,Metroville,Frequent
R001810,2024-11-29,Lakewood,Occasional
R001811,2024-10-14,Riverton,Frequent
R001812,2025-03-01,Metroville,Frequent
R001813,2025-08-11,Hillview,Occasional
R001814,2024-04-08,Metroville,Frequent
R001815,2025-10-01,Lakewood,Regular
R001816,2024-05-26,Lakewood,Occasional
R001817,2024-03-12,Lakewood,Occasional
R001818,2024-05-12,Metroville,Occasional
R001819,2024-02-26,Riverton,Regular
R001820,2025-11-27,Metroville,Occasional
R001821,2024-08-01,Metroville,Occasional
R001822,2025-07-19,Lakewood,Regular
R001823,2024-05-13,Metroville,Regular
R001824,2025-01-22,Hillview,Occasional
R001825,2024-11-07,Lakewood,Occasional
R001826,2025-04-27,Metroville,Regular
R001827,2025-12-24,Riverton,Occasional
R001828,2025-04-20,Riverton,Regular
R001829,2025-05-28,Lakewood,Occasional
R001830,2024-07-11,Hillview,Occasional
R001831,2024-03-30,Lakewood,Frequent
R001832,2024-03-04,Metroville,Occasional
R001833,2024-08-07,Riverton,Occasional
R001834,2025-02-10,Hillview,Occasional
R001835,2024-02-14,Metroville,Occasional
R001836,2024-07-11,Metroville,Occasional
R001837,2025-04-07,Riverton,Frequent
R001838,2025-10-01,Riverton,Occasional
R001839,2025-12-25,Metroville,Regular
R001840,2024-06-21,Hillview,Occasional
R001841,2024-03-15,Metroville,Occasional
R001842,2025-02-23,Riverton,Regular
R001843,2025-11-17,Hillview,Regular
R001844,2024-11-03,Metroville,Occasional
R001845,2025-10-23,Lakewood,Occasional
R001846,2025-06-27,Metroville,Occasional
R001847,2025-10-19,Riverton,Frequent
R001848,2025-11-26,Lakewood,Regular
R001849,2024-03-19,Riverton,Frequent
R001850,2024-10-28,Lakewood,Occasional
R001851,2024-02-06,Lakewood,Regular
R001852,2024-02-02,Metroville,Regular
R001853,2024-12-13,Metroville,Frequent
R001854,2025-04-29,Lakewood,Regular
R001855,2025-10-10,Hillview,Occasional
R001856,2024-04-04,Riverton,Occasional
R001857,2024-01-25,Lakewood,Frequent
R001858,2024-03-17,Hillview,Regular
R001859,2025-11-09,Metroville,Frequent
R001860,2025-04-29,Hillview,Regular
R001861,2024-12-18,Metroville,Occasional
R001862,2024-03-16,Metroville,Occasional
R001863,2024-09-28,Hillview,Occasional
R001864,2024-04-04,Lakewood,Occasional
R001865,2024-01-23,Hillview,Regular
R001866,2024-11-17,Riverton,Occasional
R001867,2025-01-02,Metroville,Occasional
R001868,2024-11-27,Metroville,Occasional
R001869,2025-09-29,Lakewood,Frequent
R001870,2025-10-30,Lakewood,Regular
R001871,2024-03-30,Lakewood,Occasional
R001872,2024-07-21,Metroville,Regular
R001873,2025-01-01,Metroville,Frequent
R001874,2024-10-20,Lakewood,Regular
R001875,2024-11-15,Metroville,Occasional
R001876,2025-06-01,Lakewood,Occasional
R001877,2024-05-11,Metroville,Regular
R001878,2025-08-28,Hillview,Occasional
R001879,2024-07-12,Riverton,Occasional
R001880,2024-09-12,Metroville,Occasional
R001881,2024-06-11,Riverton,Occasional
R001882,2025-04-06,Lakewood,Occasional
R001883,2025-05-24,Lakewood,Occasional
R001884,2025-04-01,Metroville,Occasional
R001885,2024-12-27,Lakewood,Regular
R001886,2024-08-09,Hillview,Frequent
R001887,2025-05-18,Metroville,Occasional
R001888,2024-03-27,Riverton,Regular
R001889,2024-08-16,Metroville,Occasional
R001890,2025-05-14,Lakewood,Regular
R001891,2025-05-21,Lakewood,Occasional
R001892,2024-07-15,Metroville,Frequent
R001893,2024-09-06,Metroville,Occasional
R001894,2024-08-20,Lakewood,Occasional
R001895,2025-10-11,Lakewood,Regular
R001896,2025-02-22,Hillview,Regular
R001897,2024-03-27,Riverton,Regular
R001898,2024-04-27,Hillview,Occasional
R001899,2024-02-20,Hillview,Regular
R001900,2024-06-25,Metroville,Frequent
R001901,2024-06-11,Hillview,Regular
R001902,2024-11-22,Hillview,Occasional
R001903,2025-07-01,Lakewood,Frequent
R001904,2025-10-05,Riverton,Regular
R001905,2025-02-12,Metroville,Regular
R001906,2025-07-19,Metroville,Occasional
R001907,2025-04-24,Metroville,Occasional
R001908,2024-08-20,Metroville,Regular
R001909,2025-03-23,Lakewood,Regular
R001910,2024-08-09,Riverton,Occasional
R001911,2024-08-14,Metroville,Regular
R001912,2025-12-23,Metroville,Occasional
R001913,2025-10-28,Metroville,Frequent
R001914,2025-04-23,Hillview,Occasional
R001915,2025-03-10,Riverton,Frequent
R001916,2025-05-16,Metroville,Regular
R001917,2025-07-05,Riverton,Regular
R001918,2024-02-10,Hillview,Occasional
R001919,2024-09-19,Riverton,Occasional
R001920,2024-03-17,Hillview,Frequent
R001921,2025-01-22,Lakewood,Frequent
R001922,2024-08-03,Metroville,Regular
R001923,2024-08-29,Hillview,Occasional
R001924,2025-09-08,Hillview,Regular
R001925,2024-05-29,Metroville,Regular
R001926,2025-10-28,Lakewood,Regular
R001927,2024-11-04,Lakewood,Regular
R001928,2024-05-19,Lakewood,Regular
R001929,2024-04-14,Riverton,Regular
R001930,2025-06-06,Metroville,Frequent
R001931,2025-10-22,Lakewood,Frequent
R001932,2025-10-01,Metroville,Occasional
R001933,2024-05-04,Metroville,Regular
R001934,2025-10-05,Lakewood,Regular
R001935,2024-06-14,Lakewood,Regular
R001936,2024-12-01,Lakewood,Occasional
R001937,2024-01-05,Metroville,Regular
R001938,2024-07-08,Lakewood,Occasional
R001939,2024-08-22,Metroville,Occasional
R001940,2025-11-30,Metroville,Occasional
R001941,2024-07-22,Riverton,Regular
R001942,2024-07-21,Riverton,Occasional
R001943,2024-07-19,Lakewood,Regular
R001944,2024-07-03,Riverton,Frequent
R001945,2025-01-30,Metroville,Regular
R001946,2024-05-30,Metroville,Frequent
R001947,2024-07-31,Lakewood,Occasional
R001948,2025-01-24,Riverton,Occasional
R001949,2025-07-07,Riverton,Occasional
R001950,2024-03-19,Riverton,Frequent
R001951,2024-09-12,Hillview,Regular
R001952,2025-02-21,Metroville,Occasional
R001953,2025-11-02,Hillview,Frequent
R001954,2025-11-21,Riverton,Regular
R001955,2025-09-30,Lakewood,Frequent
R001956,2025-01-04,Lakewood,Occasional
R001957,2024-03-12,Lakewood,Frequent
R001958,2025-12-07,Metroville,Regular
R001959,2025-03-31,Metroville,Occasional
R001960,2025-10-24,Metroville,Occasional
R001961,2025-11-04,Metroville,Regular
R001962,2025-08-02,Metroville,Regular
R001963,2024-11-03,Metroville,Occasional
R001964,2025-03-21,Hillview,Occasional
R001965,2025-05-20,Metroville,Occasional
R001966,2025-10-06,Hillview,Occasional
R001967,2024-06-14,Lakewood,Frequent
R001968,2025-02-10,Metroville,Frequent
R001969,2025-03-12,Metroville,Occasional
R001970,2024-05-31,Metroville,Frequent
R001971,2024-10-21,Lakewood,Regular
R001972,2025-11-08,Metroville,Occasional
R001973,2024-01-12,Hillview,Regular
R001974,2025-01-02,Lakewood,Occasional
R001975,2025-03-22,Lakewood,Occasional
R001976,2025-10-26,Lakewood,Regular
R001977,2024-07-26,Riverton,Frequent
R001978,2024-10-14,Hillview,Occasional
R001979,2024-02-28,Lakewood,Regular
R001980,2024-09-02,Metroville,Frequent
R001981,2025-12-31,Hillview,Frequent
R001982,2025-07-14,Hillview,Occasional
R001983,2024-11-09,Riverton,Occasional
R001984,2025-04-09,Riverton,Occasional
R001985,2025-12-07,Lakewood,Occasional
R001986,2024-11-17,Lakewood,Frequent
R001987,2024-08-03,Lakewood,Occasional
R001988,2025-10-05,Riverton,Frequent
R001989,2025-09-14,Hillview,Occasional
R001990,2025-01-13,Lakewood,Occasional
R001991,2024-01-09,Lakewood,Occasional
R001992,2024-01-10,Riverton,Regular
R001993,2024-03-27,Metroville,Occasional
R001994,2025-05-22,Riverton,Frequent
R001995,2024-05-08,Riverton,Occasional
R001996,2024-02-16,Metroville,Frequent
R001997,2025-05-14,Metroville,Occasional
R001998,2024-12-18,Metroville,Regular
R001999,2025-01-23,Metroville,Regular
R002000,2024-05-20,Lakewood,Regular
R002001,2024-06-06,Riverton,Regular
R002002,2024-06-26,Lakewood,Occasional
R002003,2025-04-16,Riverton,Occasional
R002004,2025-12-18,Metroville,Occasional
R002005,2025-11-01,Hillview,Regular
R002006,2024-03-24,Lakewood,Frequent
R002007,2025-05-12,Riverton,Occasional
R002008,2025-07-08,Metroville,Occasional
R002009,2024-01-30,Riverton,Occasional
R002010,2025-04-11,Lakewood,Regular
R002011,2024-11-21,Hillview,Occasional
R002012,2024-05-22,Lakewood,Regular
R002013,2025-08-01,Hillview,Regular
R002014,2025-11-15,Lakewood,Regular
R002015,2025-03-13,Metroville,Regular
R002016,2024-05-27,Riverton,Occasional
R002017,2024-11-09,Metroville,Frequent
R002018,2025-01-12,Riverton,Regular
R002019,2025-10-22,Metroville,Frequent
R002020,2025-08-01,Riverton,Regular
R002021,2025-05-05,Lakewood,Regular
R002022,2025-07-12,Lakewood,Frequent
R002023,2025-05-23,Riverton,Frequent
R002024,2024-08-22,Riverton,Occasional
R002025,2024-04-07,Riverton,Regular
R002026,2025-09-06,Riverton,Occasional
R002027,2025-02-09,Lakewood,Occasional
R002028,2025-12-05,Riverton,Frequent
R002029,2025-05-13,Metroville,Frequent
R002030,2024-12-12,Metroville,Regular
R002031,2025-04-18,Riverton,Occasional
R002032,2025-04-22,Lakewood,Regular
R002033,2025-12-19,Hillview,Frequent
R002034,2024-09-23,Hillview,Frequent
R002035,2024-10-05,Hillview,Frequent
R002036,2024-09-16,Lakewood,Regular
R002037,2024-03-19,Riverton,Occasional
R002038,2024-12-09,Metroville,Occasional
R002039,2024-11-21,Metroville,Occasional
R002040,2024-05-24,Riverton,Occasional
R002041,2025-08-19,Riverton,Occasional
R002042,2025-05-19,Metroville,Regular
R002043,2024-06-25,Hillview,Frequent
R002044,2024-05-01,Hillview,Regular
R002045,2025-03-28,Metroville,Occasional
R002046,2024-01-04,Metroville,Occasional
R002047,2024-04-20,Hillview,Frequent
R002048,2024-11-17,Metroville,Frequent
R002049,2025-12-26,Metroville,Frequent
R002050,2024-02-25,Lakewood,Frequent
R002051,2025-01-21,Riverton,Occasional
R002052,2025-02-15,Riverton,Regular
R002053,2024-07-03,Riverton,Occasional
R002054,2025-01-15,Hillview,Occasional
R002055,2025-04-09,Riverton,Regular
R002056,2024-04-10,Riverton,Frequent
R002057,2025-11-29,Metroville,Occasional
R002058,2024-06-29,Lakewood,Occasional
R002059,2024-09-26,Lakewood,Frequent
R002060,2024-01-18,Metroville,Occasional
R002061,2025-03-10,Lakewood,Regular
R002062,2025-03-10,Metroville,Regular
R002063,2024-03-26,Metroville,Occasional
R002064,2024-08-02,Lakewood,Occasional
R002065,2025-07-15,Metroville,Occasional
R002066,2025-06-05,Metroville,Regular
R002067,2024-08-12,Riverton,Regular
R002068,2025-04-06,Riverton,Occasional
R002069,2025-06-30,Riverton,Regular
R002070,2024-09-30,Metroville,Occasional
R002071,2024-05-08,Riverton,Regular
R002072,2024-01-16,Riverton,Regular
R002073,2025-11-29,Metroville,Frequent
R002074,2024-08-22,Metroville,Regular
R002075,2025-08-13,Lakewood,Regular
R002076,2024-08-25,Lakewood,Occasional
R002077,2025-06-05,Metroville,Regular
R002078,2024-08-31,Metroville,Occasional
R002079,2025-03-20,Lakewood,Regular
R002080,2025-11-28,Lakewood,Occasional
R002081,2025-07-05,Lakewood,Frequent
R002082,2024-04-30,Hillview,Occasional
R002083,2025-01-18,Metroville,Frequent
R002084,2024-07-16,Riverton,Occasional
R002085,2024-06-09,Lakewood,Regular
R002086,2025-09-01,Riverton,Occasional
R002087,2025-12-20,Riverton,Frequent
R002088,2025-11-08,Riverton,Regular
R002089,2025-09-06,Riverton,Occasional
R002090,2024-12-08,Riverton,Occasional
R002091,2025-01-20,Riverton,Regular
R002092,2025-01-30,Metroville,Frequent
R002093,2025-06-22,Lakewood,Regular
R002094,2024-02-08,Hillview,Regular
R002095,2025-08-28,Lakewood,Frequent
R002096,2025-08-14,Metroville,Regular
R002097,2025-12-29,Hillview,Occasional
R002098,2025-03-11,Hillview,Occasional
R002099,2024-11-30,Lakewood,Regular
R002100,2024-12-16,Lakewood,Frequent
R002101,2025-03-29,Metroville,Regular
R002102,2024-08-09,Lakewood,Occasional
R002103,2025-07-22,Hillview,Regular
R002104,2024-11-20,Metroville,Occasional
R002105,2024-07-25,Metroville,Frequent
R002106,2025-06-22,Hillview,Occasional
R002107,2024-09-03,Lakewood,Frequent
R002108,2024-02-29,Hillview,Occasional
R002109,2025-01-17,Metroville,Regular
R002110,2025-01-05,Metroville,Regular
R002111,2024-08-01,Hillview,Frequent
R002112,2024-01-26,Metroville,Regular
R002113,2024-12-14,Riverton,Regular
R002114,2025-07-19,Metroville,Occasional
R002115,2025-08-09,Riverton,Occasional
R002116,2024-06-03,Metroville,Regular
R002117,2024-11-11,Riverton,Occasional
R002118,2025-10-23,Hillview,Regular
R002119,2024-09-09,Metroville,Regular
R002120,2024-12-14,Lakewood,Occasional
R002121,2025-05-12,Riverton,Occasional
R002122,2024-11-30,Hillview,Regular
R002123,2025-09-07,Lakewood,Occasional
R002124,2024-09-20,Hillview,Occasional
R002125,2024-12-26,Hillview,Occasional
R002126,2025-01-12,Riverton,Occasional
R002127,2025-06-28,Lakewood,Occasional
R002128,2024-09-04,Lakewood,Occasional
R002129,2024-07-20,Riverton,Occasional
R002130,2024-09-20,Riverton,Frequent
R002131,2024-06-19,Metroville,Regular
R002132,2024-05-23,Lakewood,Occasional
R002133,2025-08-22,Hillview,Regular
R002134,2024-09-09,Lakewood,Regular
R002135,2024-07-16,Lakewood,Regular
R002136,2025-08-17,Metroville,Regular
R002137,2025-07-31,Metroville,Frequent
R002138,2024-06-28,Metroville,Frequent
R002139,2024-08-11,Lakewood,Occasional
R002140,2025-08-24,Riverton,Regular
R002141,2024-07-22,Riverton,Regular
R002142,2025-09-22,Metroville,Occasional
R002143,2025-03-28,Metroville,Frequent
R002144,2025-05-02,Riverton,Frequent
R002145,2025-01-25,Metroville,Regular
R002146,2024-01-23,Hillview,Occasional
R002147,2025-08-26,Riverton,Occasional
R002148,2025-02-14,Hillview,Occasional
R002149,2024-05-06,Riverton,Regular
R002150,2025-09-01,Hillview,Occasional
R002151,2024-08-02,Riverton,Regular
R002152,2024-09-24,Metroville,Frequent
R002153,2025-04-12,Riverton,Occasional
R002154,2024-07-26,Metroville,Frequent
R002155,2024-01-05,Lakewood,Regular
R002156,2024-08-23,Lakewood,Occasional
R002157,2025-05-15,Riverton,Occasional
R002158,2024-11-05,Riverton,Occasional
R002159,2025-06-05,Hillview,Regular
R002160,2024-02-21,Metroville,Regular
R002161,2024-07-07,Hillview,Regular
R002162,2024-06-22,Riverton,Occasional
R002163,2024-02-16,Lakewood,Regular
R002164,2025-04-18,Metroville,Regular
R002165,2024-06-02,Metroville,Occasional
R002166,2024-12-11,Metroville,Occasional
R002167,2025-12-26,Riverton,Regular
R002168,2024-06-30,Metroville,Frequent
R002169,2024-05-22,Lakewood,Frequent
R002170,2025-11-12,Riverton,Frequent
R002171,2024-09-18,Lakewood,Occasional
R002172,2024-08-04,Hillview,Regular
R002173,2025-06-10,Metroville,Occasional
R002174,2024-04-04,Lakewood,Occasional
R002175,2024-10-03,Hillview,Occasional
R002176,2024-05-25,Lakewood,Regular
R002177,2025-10-14,Lakewood,Regular
R002178,2024-08-05,Hillview,Regular
R002179,2025-02-18,Lakewood,Regular
R002180,2025-01-17,Hillview,Occasional
R002181,2024-12-26,Hillview,Regular
R002182,2024-02-18,Metroville,Occasional
R002183,2024-07-11,Riverton,Occasional
R002184,2025-09-17,Riverton,Regular
R002185,2025-02-05,Hillview,Frequent
R002186,2025-10-04,Lakewood,Frequent
R002187,2025-02-13,Riverton,Frequent
R002188,2024-08-21,Metroville,Occasional
R002189,2024-09-09,Riverton,Regular
R002190,2025-07-21,Riverton,Frequent
R002191,2024-06-23,Hillview,Occasional
R002192,2025-03-14,Metroville,Occasional
R002193,2025-11-15,Metroville,Occasional
R002194,2025-09-10,Hillview,Frequent
R002195,2024-10-10,Riverton,Regular
R002196,2024-07-21,Metroville,Frequent
R002197,2025-03-31,Lakewood,Occasional
R002198,2025-03-22,Hillview,Occasional
R002199,2025-06-12,Hillview,Regular
R002200,2024-02-23,Metroville,Occasional
R002201,2025-01-30,Riverton,Frequent
R002202,2024-01-07,Lakewood,Regular
R002203,2025-12-26,Lakewood,Regular
R002204,2025-10-02,Riverton,Occasional
R002205,2025-06-25,Metroville,Regular
R002206,2024-08-03,Lakewood,Frequent
R002207,2025-06-30,Metroville,Frequent
R002208,2024-11-22,Metroville,Regular
R002209,2025-04-20,Lakewood,Regular
R002210,2024-06-18,Hillview,Regular
R002211,2024-12-13,Lakewood,Occasional
R002212,2025-10-03,Riverton,Frequent
R002213,2024-05-18,Metroville,Occasional
R002214,2024-10-08,Hillview,Occasional
R002215,2024-08-01,Riverton,Frequent
R002216,2024-05-11,Hillview,Regular
R002217,2024-10-17,Metroville,Regular
R002218,2025-03-21,Lakewood,Occasional
R002219,2024-02-10,Metroville,Frequent
R002220,2024-05-30,Metroville,Regular
R002221,2025-08-21,Lakewood,Regular
R002222,2024-07-09,Riverton,Occasional
R002223,2024-09-02,Metroville,Occasional
R002224,2025-05-07,Riverton,Occasional
R002225,2025-06-30,Riverton,Occasional
R002226,2025-12-03,Lakewood,Regular
R002227,2024-04-26,Riverton,Frequent
R002228,2025-07-06,Lakewood,Occasional
R002229,2025-06-13,Hillview,Occasional
R002230,2024-03-31,Riverton,Frequent
R002231,2025-10-03,Hillview,Regular
R002232,2024-08-16,Lakewood,Regular
R002233,2024-11-05,Riverton,Regular
R002234,2025-08-05,Hillview,Occasional
R002235,2025-01-18,Metroville,Regular
R002236,2024-07-20,Lakewood,Frequent
R002237,2024-08-23,Hillview,Regular
R002238,2025-06-25,Lakewood,Frequent
R002239,2024-05-14,Lakewood,Regular
R002240,2024-12-11,Riverton,Occasional
R002241,2025-07-01,Hillview,Occasional
R002242,2025-10-09,Metroville,Occasional
R002243,2025-08-27,Lakewood,Frequent
R002244,2024-09-19,Lakewood,Frequent
R002245,2024-05-25,Metroville,Occasional
R002246,2025-11-15,Metroville,Occasional
R002247,2025-03-13,Riverton,Frequent
R002248,2024-10-25,Hillview,Regular
R002249,2025-10-22,Hillview,Regular
R002250,2025-06-15,Hillview,Occasional
R002251,2024-12-14,Hillview,Occasional
R002252,2024-05-22,Metroville,Occasional
R002253,2024-02-29,Lakewood,Regular
R002254,2025-01-23,Metroville,Frequent
R002255,2024-03-24,Riverton,Regular
R002256,2024-08-15,Hillview,Occasional
R002257,2025-05-13,Metroville,Occasional
R002258,2024-01-10,Lakewood,Frequent
R002259,2025-12-25,Lakewood,Regular
R002260,2024-11-16,Metroville,Regular
R002261,2025-09-28,Hillview,Occasional
R002262,2024-05-06,Lakewood,Regular
R002263,2024-12-03,Lakewood,Occasional
R002264,2025-12-02,Hillview,Occasional
R002265,2025-04-07,Metroville,Regular
R002266,2025-08-14,Lakewood,Regular
R002267,2025-05-16,Riverton,Occasional
R002268,2025-06-25,Lakewood,Occasional
R002269,2024-09-23,Riverton,Occasional
R002270,2024-11-27,Lakewood,Occasional
R002271,2024-02-06,Metroville,Occasional
R002272,2024-07-08,Metroville,Regular
R002273,2024-02-17,Hillview,Occasional
R002274,2024-08-25,Metroville,Regular
R002275,2025-06-15,Hillview,Regular
R002276,2024-05-29,Metroville,Frequent
R002277,2024-12-16,Hillview,Regular
R002278,2025-02-07,Hillview,Frequent
R002279,2024-04-29,Metroville,Frequent
R002280,2025-08-16,Riverton,Occasional
R002281,2025-07-18,Riverton,Occasional
R002282,2024-05-17,Riverton,Occasional
R002283,2024-01-27,Hillview,Regular
R002284,2024-01-04,Metroville,Occasional
R002285,2024-08-02,Hillview,Occasional
R002286,2024-04-01,Lakewood,Occasional
R002287,2024-01-13,Metroville,Occasional
R002288,2024-12-03,Lakewood,Occasional
R002289,2025-01-19,Metroville,Frequent
R002290,2024-01-14,Lakewood,Occasional
R002291,2025-03-14,Metroville,Occasional
R002292,2024-10-22,Hillview,Frequent
R002293,2024-05-26,Lakewood,Frequent
R002294,2024-03-22,Lakewood,Frequent
R002295,2025-07-09,Hillview,Frequent
R002296,2024-03-19,Hillview,Occasional
R002297,2024-05-26,Riverton,Occasional
R002298,2025-06-05,Metroville,Frequent
R002299,2025-04-05,Hillview,Occasional
R002300,2026-01-01,Metroville,Occasional
R002301,2024-01-30,Lakewood,Regular
R002302,2024-05-22,Hillview,Occasional
R002303,2025-04-29,Metroville,Occasional
R002304,2024-06-17,Metroville,Regular
R002305,2024-10-05,Lakewood,Occasional
R002306,2024-08-04,Lakewood,Occasional
R002307,2025-08-14,Lakewood,Regular
R002308,2025-07-28,Riverton,Occasional
R002309,2025-08-12,Hillview,Frequent
R002310,2025-01-05,Hillview,Occasional
R002311,2024-12-23,Metroville,Occasional
R002312,2025-02-21,Riverton,Frequent
R002313,2024-02-19,Hillview,Occasional
R002314,2025-02-04,Metroville,Frequent
R002315,2024-07-21,Lakewood,Frequent
R002316,2025-11-17,Metroville,Occasional
R002317,2024-05-14,Metroville,Regular
R002318,2024-01-26,Metroville,Occasional
R002319,2025-12-06,Riverton,Frequent
R002320,2024-04-25,Riverton,Frequent
R002321,2025-01-13,Metroville,Occasional
R002322,2024-10-06,Lakewood,Frequent
R002323,2024-07-16,Metroville,Occasional
R002324,2024-12-23,Metroville,Regular
R002325,2025-06-20,Hillview,Occasional
R002326,2024-03-24,Lakewood,Occasional
R002327,2025-04-29,Riverton,Occasional
R002328,2025-10-15,Metroville,Occasional
R002329,2024-07-31,Metroville,Occasional
R002330,2025-05-11,Hillview,Regular
R002331,2025-11-04,Metroville,Frequent
R002332,2025-11-13,Metroville,Frequent
R002333,2025-04-19,Riverton,Occasional
R002334,2025-11-19,Lakewood,Occasional
R002335,2025-07-22,Hillview,Frequent
R002336,2025-01-10,Hillview,Regular
R002337,2024-04-02,Metroville,Occasional
R002338,2025-09-16,Metroville,Occasional
R002339,2024-07-28,Riverton,Frequent
R002340,2025-06-23,Metroville,Regular
R002341,2025-04-17,Lakewood,Occasional
R002342,2024-09-20,Lakewood,Frequent
R002343,2025-07-21,Hillview,Regular
R002344,2025-04-26,Hillview,Frequent
R002345,2025-06-29,Metroville,Occasional
R002346,2025-11-28,Metroville,Frequent
R002347,2024-07-20,Hillview,Frequent
R002348,2025-07-13,Metroville,Regular
R002349,2024-01-30,Metroville,Frequent
R002350,2025-06-03,Metroville,Occasional
R002351,2024-04-23,Metroville,Regular
R002352,2024-06-11,Metroville,Regular
R002353,2024-05-23,Metroville,Regular
R002354,2025-08-31,Metroville,Regular
R002355,2024-09-30,Riverton,Frequent
R002356,2024-10-12,Metroville,Regular
R002357,2024-09-21,Riverton,Regular
R002358,2025-04-01,Riverton,Occasional
R002359,2025-11-01,Lakewood,Regular
R002360,2025-05-11,Hillview,Regular
R002361,2024-03-15,Lakewood,Frequent
R002362,2025-01-12,Metroville,Frequent
R002363,2024-03-19,Lakewood,Regular
R002364,2024-05-01,Metroville,Occasional
R002365,2024-05-23,Metroville,Regular
R002366,2025-05-25,Hillview,Regular
R002367,2025-10-02,Hillview,Occasional
R002368,2024-06-29,Lakewood,Occasional
R002369,2025-11-20,Lakewood,Frequent
R002370,2024-07-13,Lakewood,Occasional
R002371,2024-08-12,Metroville,Frequent
R002372,2024-04-02,Metroville,Occasional
R002373,2024-02-04,Lakewood,Frequent
R002374,2025-03-29,Metroville,Regular
R002375,2024-10-25,Metroville,Regular
R002376,2024-03-26,Riverton,Regular
R002377,2025-02-17,Lakewood,Regular
R002378,2024-09-09,Metroville,Regular
R002379,2024-10-14,Hillview,Occasional
R002380,2025-10-13,Riverton,Regular
R002381,2024-10-22,Lakewood,Frequent
R002382,2024-11-27,Metroville,Frequent
R002383,2025-05-18,Riverton,Frequent
R002384,2025-10-16,Riverton,Frequent
R002385,2025-06-24,Lakewood,Regular
R002386,2024-12-26,Riverton,Frequent
R002387,2024-08-11,Metroville,Regular
R002388,2024-05-10,Metroville,Occasional
R002389,2024-03-31,Hillview,Regular
R002390,2025-07-09,Metroville,Occasional
R002391,2025-06-23,Lakewood,Occasional
R002392,2024-09-15,Hillview,Regular
R002393,2025-11-18,Metroville,Frequent
R002394,2025-12-08,Hillview,Occasional
R002395,2025-03-30,Hillview,Regular
R002396,2024-07-10,Riverton,Regular
R002397,2025-01-05,Riverton,Frequent
R002398,2025-08-24,Hillview,Regular
R002399,2025-01-06,Metroville,Regular
R002400,2024-12-27,Riverton,Occasional
R002401,2025-01-24,Metroville,Occasional
R002402,2025-09-08,Hillview,Regular
R002403,2024-10-27,Lakewood,Regular
R002404,2024-05-13,Riverton,Occasional
R002405,2025-01-11,Metroville,Regular
R002406,2025-04-08,Metroville,Regular
R002407,2025-11-15,Hillview,Occasional
R002408,2024-03-23,Lakewood,Occasional
R002409,2025-11-21,Lakewood,Occasional
R002410,2025-08-12,Riverton,Frequent
R002411,2025-06-04,Metroville,Frequent
R002412,2024-06-21,Metroville,Occasional
R002413,2024-05-31,Metroville,Regular
R002414,2024-11-08,Hillview,Occasional
R002415,2024-05-13,Metroville,Regular
R002416,2025-04-25,Lakewood,Occasional
R002417,2025-07-04,Hillview,Regular
R002418,2024-12-16,Hillview,Regular
R002419,2025-05-21,Riverton,Occasional
R002420,2025-07-24,Lakewood,Occasional
R002421,2025-10-30,Hillview,Regular
R002422,2025-05-18,Hillview,Occasional
R002423,2024-06-20,Hillview,Frequent
R002424,2024-04-05,Riverton,Occasional
R002425,2025-11-19,Riverton,Occasional
R002426,2025-07-20,Riverton,Regular
R002427,2025-09-13,Riverton,Occasional
R002428,2024-11-05,Riverton,Regular
R002429,2024-04-25,Metroville,Regular
R002430,2025-03-13,Riverton,Regular
R002431,2025-04-13,Lakewood,Occasional
R002432,2024-06-07,Metroville,Frequent
R002433,2024-12-09,Metroville,Occasional
R002434,2024-11-05,Metroville,Regular
R002435,2024-07-09,Lakewood,Frequent
R002436,2025-08-21,Metroville,Occasional
R002437,2024-12-21,Riverton,Frequent
R002438,2025-11-09,Hillview,Regular
R002439,2024-01-01,Metroville,Occasional
R002440,2025-11-18,Metroville,Regular
R002441,2025-04-29,Metroville,Frequent
R002442,2025-05-27,Riverton,Frequent
R002443,2024-07-29,Metroville,Occasional
R002444,2024-02-27,Metroville,Frequent
R002445,2024-06-18,Metroville,Occasional
R002446,2024-11-20,Metroville,Occasional
R002447,2024-09-04,Riverton,Occasional
R002448,2024-05-21,Riverton,Regular
R002449,2024-01-10,Metroville,Occasional
R002450,2025-05-25,Lakewood,Frequent
R002451,2025-05-03,Riverton,Occasional
R002452,2024-04-28,Hillview,Occasional
R002453,2025-07-27,Riverton,Regular
R002454,2025-12-16,Riverton,Regular
R002455,2026-01-01,Hillview,Occasional
R002456,2024-05-22,Lakewood,Frequent
R002457,2024-11-08,Metroville,Occasional
R002458,2024-02-08,Riverton,Regular
R002459,2024-01-10,Metroville,Frequent
R002460,2025-09-09,Lakewood,Frequent
R002461,2025-12-09,Riverton,Regular
R002462,2024-05-28,Lakewood,Occasional
R002463,2024-12-05,Lakewood,Occasional
R002464,2024-01-18,Lakewood,Regular
R002465,2025-08-20,Metroville,Frequent
R002466,2025-02-05,Metroville,Occasional
R002467,2024-08-01,Lakewood,Frequent
R002468,2025-12-10,Metroville,Frequent
R002469,2024-04-09,Hillview,Frequent
R002470,2024-07-14,Lakewood,Occasional
R002471,2025-07-01,Hillview,Occasional
R002472,2024-10-26,Hillview,Occasional
R002473,2025-05-27,Lakewood,Regular
R002474,2024-06-22,Lakewood,Frequent
R002475,2025-04-26,Hillview,Frequent
R002476,2025-02-12,Metroville,Occasional
R002477,2024-02-04,Lakewood,Frequent
R002478,2024-08-24,Metroville,Frequent
R002479,2024-08-05,Riverton,Occasional
R002480,2025-03-08,Hillview,Regular
R002481,2024-11-16,Riverton,Frequent
R002482,2024-12-15,Lakewood,Frequent
R002483,2024-05-04,Lakewood,Frequent
R002484,2025-11-10,Lakewood,Regular
R002485,2025-07-02,Riverton,Regular
R002486,2025-05-05,Hillview,Frequent
R002487,2024-07-20,Metroville,Occasional
R002488,2025-05-14,Metroville,Frequent
R002489,2024-06-20,Metroville,Occasional
R002490,2024-12-22,Riverton,Regular
R002491,2024-07-15,Hillview,Regular
R002492,2024-08-09,Metroville,Occasional
R002493,2025-04-20,Lakewood,Occasional
R002494,2024-08-17,Hillview,Occasional
R002495,2025-06-18,Metroville,Occasional
R002496,2025-01-03,Hillview,Occasional
R002497,2025-12-19,Hillview,Occasional
R002498,2024-05-20,Riverton,Regular
R002499,2025-11-22,Metroville,Occasional
R002500,2024-04-06,Riverton,Occasional
R002501,2025-02-06,Metroville,Occasional
R002502,2024-09-29,Metroville,Regular
R002503,2025-07-04,Metroville,Occasional
R002504,2024-04-05,Metroville,Occasional
R002505,2024-07-05,Hillview,Regular
R002506,2024-06-17,Riverton,Frequent
R002507,2025-11-04,Metroville,Occasional
R002508,2025-01-26,Lakewood,Occasional
R002509,2024-04-30,Riverton,Occasional
R002510,2025-08-01,Metroville,Frequent
R002511,2024-07-28,Metroville,Regular
R002512,2024-06-13,Lakewood,Regular
R002513,2024-12-27,Hillview,Regular
R002514,2025-08-02,Metroville,Regular
R002515,2025-09-06,Hillview,Frequent
R002516,2024-01-12,Riverton,Occasional
R002517,2025-10-19,Lakewood,Occasional
R002518,2025-12-30,Metroville,Frequent
R002519,2024-08-22,Lakewood,Occasional
R002520,2025-01-13,Lakewood,Occasional
R002521,2024-10-02,Metroville,Occasional
R002522,2024-12-14,Hillview,Frequent
R002523,2025-04-22,Lakewood,Frequent
R002524,2025-04-21,Metroville,Regular
R002525,2024-12-13,Metroville,Frequent
R002526,2024-12-13,Metroville,Occasional
R002527,2024-12-23,Hillview,Regular
R002528,2024-10-25,Metroville,Regular
R002529,2024-03-31,Lakewood,Occasional
R002530,2024-09-28,Riverton,Regular
R002531,2025-06-07,Metroville,Regular
R002532,2025-12-16,Lakewood,Regular
R002533,2025-08-17,Riverton,Frequent
R002534,2025-09-22,Hillview,Occasional
R002535,2025-07-27,Riverton,Occasional
R002536,2025-01-02,Metroville,Frequent
R002537,2025-05-14,Metroville,Regular
R002538,2025-09-04,Lakewood,Occasional
R002539,2024-06-12,Lakewood,Regular
R002540,2024-04-19,Hillview,Frequent
R002541,2024-07-13,Metroville,Occasional
R002542,2025-01-22,Metroville,Occasional
R002543,2025-07-29,Lakewood,Regular
R002544,2024-11-25,Metroville,Occasional
R002545,2025-12-20,Lakewood,Frequent
R002546,2024-08-25,Metroville,Occasional
R002547,2024-12-04,Hillview,Regular
R002548,2025-11-03,Metroville,Regular
R002549,2024-05-04,Lakewood,Occasional
R002550,2025-09-01,Riverton,Occasional
R002551,2024-04-20,Metroville,Occasional
R002552,2025-10-25,Lakewood,Regular
R002553,2024-08-24,Lakewood,Occasional
R002554,2025-04-09,Riverton,Frequent
R002555,2025-06-04,Lakewood,Regular
R002556,2024-10-02,Lakewood,Occasional
R002557,2025-02-06,Lakewood,Occasional
R002558,2025-07-07,Lakewood,Occasional
R002559,2025-10-03,Riverton,Frequent
R002560,2024-03-20,Metroville,Frequent
R002561,2024-12-28,Lakewood,Regular
R002562,2025-09-16,Hillview,Regular
R002563,2025-02-10,Riverton,Occasional
R002564,2024-01-22,Lakewood,Regular
R002565,2024-04-01,Riverton,Frequent
R002566,2025-08-21,Lakewood,Occasional
R002567,2024-11-05,Lakewood,Frequent
R002568,2025-05-30,Metroville,Occasional
R002569,2025-10-15,Metroville,Occasional
R002570,2024-03-05,Metroville,Frequent
R002571,2024-11-29,Riverton,Regular
R002572,2024-04-17,Lakewood,Occasional
R002573,2025-09-08,Hillview,Occasional
R002574,2024-11-27,Metroville,Occasional
R002575,2025-10-03,Metroville,Occasional
R002576,2024-08-07,Riverton,Frequent
R002577,2024-04-16,Metroville,Regular
R002578,2025-09-26,Lakewood,Occasional
R002579,2025-03-24,Metroville,Frequent
R002580,2024-05-21,Metroville,Occasional
R002581,2025-05-23,Lakewood,Occasional
R002582,2024-11-01,Lakewood,Occasional
R002583,2024-02-04,Metroville,Occasional
R002584,2024-07-09,Metroville,Occasional
R002585,2025-07-03,Metroville,Regular
R002586,2024-04-03,Metroville,Occasional
R002587,2024-09-04,Hillview,Occasional
R002588,2024-07-09,Riverton,Regular
R002589,2025-06-20,Metroville,Regular
R002590,2025-09-21,Lakewood,Frequent
R002591,2025-07-30,Metroville,Frequent
R002592,2025-06-07,Metroville,Occasional
R002593,2024-03-06,Hillview,Occasional
R002594,2025-10-31,Metroville,Regular
R002595,2024-04-28,Hillview,Regular
R002596,2024-10-23,Hillview,Frequent
R002597,2025-08-28,Riverton,Frequent
R002598,2024-06-24,Lakewood,Regular
R002599,2024-06-07,Metroville,Frequent
R002600,2024-01-20,Hillview,Occasional
R002601,2024-09-19,Hillview,Regular
R002602,2024-12-28,Lakewood,Regular
R002603,2024-12-08,Metroville,Regular
R002604,2024-01-30,Metroville,Occasional
R002605,2024-05-30,Metroville,Occasional
R002606,2024-01-04,Metroville,Occasional
R002607,2024-06-13,Lakewood,Occasional
R002608,2025-03-18,Hillview,Regular
R002609,2024-01-07,Riverton,Occasional
R002610,2024-04-30,Riverton,Frequent
R002611,2025-02-02,Riverton,Regular
R002612,2025-02-13,Riverton,Regular
R002613,2025-10-18,Lakewood,Occasional
R002614,2025-02-23,Riverton,Occasional
R002615,2025-11-08,Metroville,Regular
R002616,2025-06-13,Hillview,Occasional
R002617,2025-02-06,Metroville,Frequent
R002618,2024-10-07,Riverton,Regular
R002619,2024-03-22,Lakewood,Occasional
R002620,2025-05-31,Lakewood,Regular
R002621,2025-11-17,Lakewood,Frequent
R002622,2024-09-24,Metroville,Frequent
R002623,2024-09-17,Riverton,Frequent
R002624,2024-03-12,Lakewood,Frequent
R002625,2025-03-13,Lakewood,Occasional
R002626,2024-08-14,Hillview,Regular
R002627,2024-01-08,Lakewood,Regular
R002628,2024-01-06,Hillview,Frequent
R002629,2024-09-02,Metroville,Frequent
R002630,2024-12-04,Metroville,Regular
R002631,2024-11-30,Metroville,Occasional
R002632,2025-06-25,Hillview,Regular
R002633,2025-01-21,Riverton,Frequent
R002634,2025-07-28,Hillview,Regular
R002635,2024-08-05,Lakewood,Occasional
R002636,2024-06-18,Metroville,Occasional
R002637,2025-01-29,Lakewood,Regular
R002638,2024-03-18,Lakewood,Frequent
R002639,2025-07-13,Metroville,Occasional
R002640,2024-05-15,Riverton,Regular
R002641,2025-10-31,Hillview,Occasional
R002642,2025-12-21,Metroville,Occasional
R002643,2025-01-28,Riverton,Occasional
R002644,2024-08-16,Lakewood,Regular
R002645,2024-09-04,Metroville,Frequent
R002646,2024-11-10,Metroville,Frequent
R002647,2024-12-16,Lakewood,Regular
R002648,2024-02-25,Riverton,Regular
R002649,2024-05-24,Lakewood,Frequent
R002650,2025-07-31,Metroville,Frequent
R002651,2024-02-08,Metroville,Regular
R002652,2024-11-24,Riverton,Regular
R002653,2025-10-02,Lakewood,Regular
R002654,2024-03-04,Riverton,Regular
R002655,2025-11-08,Metroville,Occasional
R002656,2024-12-12,Riverton,Frequent
R002657,2024-11-05,Metroville,Regular
R002658,2025-06-06,Metroville,Regular
R002659,2025-07-22,Lakewood,Occasional
R002660,2024-12-12,Riverton,Regular
R002661,2024-03-01,Hillview,Occasional
R002662,2025-12-10,Hillview,Occasional
R002663,2024-01-07,Lakewood,Frequent
R002664,2025-09-30,Riverton,Frequent
R002665,2024-11-13,Lakewood,Frequent
R002666,2025-01-11,Lakewood,Occasional
R002667,2025-07-14,Metroville,Regular
R002668,2025-11-19,Riverton,Occasional
R002669,2024-04-20,Hillview,Occasional
R002670,2025-08-16,Metroville,Occasional
R002671,2025-04-28,Metroville,Regular
R002672,2024-09-26,Metroville,Occasional
R002673,2024-11-07,Lakewood,Occasional
R002674,2025-07-18,Lakewood,Occasional
R002675,2024-04-12,Lakewood,Occasional
R002676,2025-01-05,Lakewood,Frequent
R002677,2025-06-12,Riverton,Occasional
R002678,2025-01-29,Metroville,Regular
R002679,2024-11-23,Riverton,Occasional
R002680,2025-01-16,Riverton,Occasional
R002681,2025-01-09,Lakewood,Occasional
R002682,2025-08-11,Metroville,Frequent
R002683,2025-08-23,Hillview,Frequent
R002684,2025-11-03,Lakewood,Frequent
R002685,2024-02-22,Metroville,Occasional
R002686,2024-08-21,Metroville,Regular
R002687,2025-10-03,Hillview,Frequent
R002688,2025-04-14,Metroville,Occasional
R002689,2024-10-02,Lakewood,Occasional
R002690,2025-04-04,Riverton,Occasional
R002691,2024-12-05,Lakewood,Frequent
R002692,2025-10-11,Riverton,Occasional
R002693,2025-02-12,Metroville,Occasional
R002694,2024-11-23,Riverton,Regular
R002695,2025-04-01,Metroville,Occasional
R002696,2024-05-19,Metroville,Occasional
R002697,2025-07-18,Metroville,Occasional
R002698,2024-05-28,Lakewood,Regular
R002699,2024-01-18,Metroville,Occasional
R002700,2024-02-07,Lakewood,Regular
R002701,2024-02-18,Metroville,Regular
R002702,2024-03-14,Lakewood,Regular
R002703,2024-02-07,Metroville,Regular
R002704,2024-08-08,Lakewood,Regular
R002705,2025-12-04,Riverton,Regular
R002706,2024-03-16,Metroville,Occasional
R002707,2025-05-09,Riverton,Frequent
R002708,2025-09-29,Lakewood,Regular
R002709,2025-08-15,Metroville,Regular
R002710,2024-09-21,Metroville,Regular
R002711,2024-02-08,Metroville,Occasional
R002712,2024-09-26,Riverton,Regular
R002713,2025-03-16,Metroville,Occasional
R002714,2025-07-08,Hillview,Regular
R002715,2024-04-13,Riverton,Frequent
R002716,2024-08-08,Lakewood,Regular
R002717,2025-03-16,Hillview,Occasional
R002718,2025-06-07,Metroville,Frequent
R002719,2024-08-15,Riverton,Regular
R002720,2025-08-25,Metroville,Occasional
R002721,2025-08-09,Lakewood,Regular
R002722,2024-09-20,Metroville,Occasional
R002723,2025-01-27,Hillview,Occasional
R002724,2024-12-15,Lakewood,Regular
R002725,2025-05-04,Lakewood,Frequent
R002726,2024-08-23,Hillview,Occasional
R002727,2024-08-29,Metroville,Regular
R002728,2024-11-05,Hillview,Regular
R002729,2024-06-06,Lakewood,Frequent
R002730,2025-03-01,Riverton,Occasional
R002731,2025-12-02,Lakewood,Occasional
R002732,2024-09-12,Riverton,Frequent
R002733,2025-09-22,Hillview,Frequent
R002734,2024-12-05,Lakewood,Regular
R002735,2024-05-01,Riverton,Occasional
R002736,2024-12-29,Hillview,Frequent
R002737,2024-12-31,Riverton,Regular
R002738,2024-01-18,Hillview,Occasional
R002739,2024-12-16,Riverton,Frequent
R002740,2024-04-29,Metroville,Regular
R002741,2025-08-04,Hillview,Occasional
R002742,2025-01-31,Riverton,Regular
R002743,2024-08-10,Metroville,Frequent
R002744,2024-01-02,Metroville,Frequent
R002745,2025-02-21,Metroville,Occasional
R002746,2025-05-30,Riverton,Occasional
R002747,2024-11-06,Riverton,Regular
R002748,2025-10-24,Hillview,Regular
R002749,2024-05-23,Metroville,Frequent
R002750,2025-07-06,Metroville,Regular
R002751,2024-12-28,Metroville,Occasional
R002752,2024-08-17,Riverton,Occasional
R002753,2024-07-29,Hillview,Occasional
R002754,2024-11-25,Hillview,Regular
R002755,2024-02-28,Metroville,Regular
R002756,2025-04-21,Riverton,Regular
R002757,2024-10-26,Riverton,Regular
R002758,2025-05-13,Hillview,Occasional
R002759,2025-01-12,Riverton,Frequent
R002760,2025-12-16,Lakewood,Occasional
R002761,2024-03-01,Riverton,Occasional
R002762,2024-12-26,Metroville,Occasional
R002763,2025-01-27,Riverton,Occasional
R002764,2024-07-01,Riverton,Frequent
R002765,2025-05-07,Hillview,Frequent
R002766,2024-09-22,Metroville,Regular
R002767,2025-07-12,Hillview,Occasional
R002768,2025-11-06,Metroville,Occasional
R002769,2025-09-16,Riverton,Regular
R002770,2025-04-08,Hillview,Occasional
R002771,2025-06-09,Metroville,Occasional
R002772,2025-09-24,Riverton,Frequent
R002773,2025-12-18,Riverton,Regular
R002774,2025-06-14,Riverton,Frequent
R002775,2025-10-30,Metroville,Regular
R002776,2025-12-07,Hillview,Regular
R002777,2024-05-08,Hillview,Regular
R002778,2025-01-01,Riverton,Frequent
R002779,2024-09-18,Lakewood,Occasional
R002780,2025-11-26,Riverton,Occasional
R002781,2025-06-28,Metroville,Regular
R002782,2025-10-10,Riverton,Regular
R002783,2024-09-12,Metroville,Regular
R002784,2025-09-09,Metroville,Frequent
R002785,2024-02-29,Metroville,Frequent
R002786,2025-11-18,Riverton,Occasional
R002787,2024-06-17,Lakewood,Regular
R002788,2025-01-19,Riverton,Regular
R002789,2025-06-08,Metroville,Regular
R002790,2025-06-27,Lakewood,Frequent
R002791,2024-06-04,Lakewood,Occasional
R002792,2025-02-10,Riverton,Occasional
R002793,2025-01-23,Metroville,Regular
R002794,2025-07-22,Riverton,Occasional
R002795,2024-08-22,Lakewood,Occasional
R002796,2025-07-13,Hillview,Occasional
R002797,2025-03-27,Lakewood,Frequent
R002798,2025-07-09,Metroville,Frequent
R002799,2025-10-02,Metroville,Regular
R002800,2024-11-09,Metroville,Regular
R002801,2024-11-12,Metroville,Occasional
R002802,2025-08-05,Riverton,Frequent
R002803,2025-07-26,Riverton,Occasional
R002804,2025-10-03,Metroville,Regular
R002805,2025-02-06,Hillview,Regular
R002806,2025-04-10,Metroville,Occasional
R002807,2024-02-13,Riverton,Regular
R002808,2024-11-28,Metroville,Regular
R002809,2024-06-29,Lakewood,Regular
R002810,2025-09-16,Riverton,Regular
R002811,2024-03-30,Metroville,Occasional
R002812,2025-07-23,Metroville,Frequent
R002813,2025-09-04,Riverton,Regular
R002814,2024-12-09,Riverton,Regular
R002815,2025-05-04,Hillview,Occasional
R002816,2025-02-28,Riverton,Regular
R002817,2025-05-19,Metroville,Regular
R002818,2025-05-17,Riverton,Occasional
R002819,2024-07-04,Hillview,Occasional
R002820,2025-05-18,Metroville,Regular
R002821,2025-10-22,Metroville,Regular
R002822,2024-08-15,Riverton,Occasional
R002823,2024-08-12,Riverton,Frequent
R002824,2024-08-02,Lakewood,Frequent
R002825,2025-10-29,Riverton,Regular
R002826,2025-10-11,Metroville,Occasional
R002827,2024-09-11,Lakewood,Regular
R002828,2025-11-16,Riverton,Frequent
R002829,2025-07-11,Metroville,Occasional
R002830,2024-10-21,Metroville,Occasional
R002831,2025-08-27,Riverton,Regular
R002832,2025-10-30,Metroville,Occasional
R002833,2025-09-27,Hillview,Regular
R002834,2024-12-10,Hillview,Frequent
R002835,2024-06-07,Riverton,Occasional
R002836,2024-05-02,Riverton,Regular
R002837,2025-08-28,Hillview,Regular
R002838,2025-06-20,Riverton,Regular
R002839,2025-06-02,Riverton,Occasional
R002840,2024-02-03,Metroville,Regular
R002841,2025-12-07,Hillview,Regular
R002842,2024-03-24,Metroville,Occasional
R002843,2025-02-28,Metroville,Frequent
R002844,2025-11-19,Lakewood,Regular
R002845,2024-06-26,Metroville,Regular
R002846,2025-01-13,Metroville,Regular
R002847,2025-09-07,Riverton,Regular
R002848,2024-07-13,Metroville,Occasional
R002849,2024-03-15,Hillview,Regular
R002850,2024-12-17,Hillview,Occasional
R002851,2025-08-04,Riverton,Occasional
R002852,2025-02-27,Metroville,Occasional
R002853,2024-11-20,Lakewood,Regular
R002854,2025-04-12,Metroville,Regular
R002855,2024-02-07,Riverton,Occasional
R002856,2024-09-11,Metroville,Occasional
R002857,2025-10-04,Lakewood,Frequent
R002858,2024-10-10,Metroville,Occasional
R002859,2025-12-07,Hillview,Occasional
R002860,2025-02-06,Metroville,Frequent
R002861,2025-11-14,Lakewood,Occasional
R002862,2025-04-03,Metroville,Occasional
R002863,2024-11-02,Lakewood,Occasional
R002864,2025-11-05,Hillview,Regular
R002865,2024-07-16,Metroville,Regular
R002866,2024-10-14,Metroville,Occasional
R002867,2025-06-12,Metroville,Regular
R002868,2025-10-02,Lakewood,Occasional
R002869,2024-05-21,Riverton,Occasional
R002870,2025-12-28,Hillview,Frequent
R002871,2024-11-11,Hillview,Frequent
R002872,2024-09-05,Metroville,Regular
R002873,2024-04-04,Hillview,Regular
R002874,2024-01-20,Hillview,Regular
R002875,2025-02-12,Riverton,Occasional
R002876,2025-03-18,Metroville,Regular
R002877,2024-03-09,Riverton,Regular
R002878,2025-10-23,Riverton,Regular
R002879,2025-02-02,Lakewood,Regular
R002880,2024-02-09,Metroville,Occasional
R002881,2025-09-07,Lakewood,Regular
R002882,2024-05-24,Lakewood,Frequent
R002883,2025-05-07,Metroville,Regular
R002884,2025-05-09,Hillview,Occasional
R002885,2025-08-16,Metroville,Occasional
R002886,2025-08-15,Metroville,Regular
R002887,2025-12-22,Lakewood,Regular
R002888,2024-03-04,Riverton,Occasional
R002889,2024-09-24,Metroville,Regular
R002890,2024-09-23,Riverton,Frequent
R002891,2024-10-02,Lakewood,Occasional
R002892,2024-06-23,Metroville,Regular
R002893,2024-06-20,Metroville,Occasional
R002894,2025-12-07,Lakewood,Occasional
R002895,2025-10-19,Lakewood,Regular
R002896,2025-05-14,Metroville,Occasional
R002897,2025-02-10,Lakewood,Regular
R002898,2024-12-14,Lakewood,Regular
R002899,2025-05-14,Hillview,Occasional
R002900,2025-09-23,Riverton,Occasional
R002901,2024-11-08,Metroville,Frequent
R002902,2025-01-28,Lakewood,Frequent
R002903,2025-10-29,Metroville,Occasional
R002904,2025-10-29,Lakewood,Frequent
R002905,2024-06-17,Metroville,Frequent
R002906,2024-06-23,Hillview,Occasional
R002907,2024-05-29,Lakewood,Regular
R002908,2024-01-21,Hillview,Occasional
R002909,2025-05-23,Lakewood,Occasional
R002910,2024-11-09,Lakewood,Occasional
R002911,2024-01-24,Metroville,Occasional
R002912,2024-05-29,Metroville,Regular
R002913,2025-01-24,Riverton,Occasional
R002914,2025-09-03,Hillview,Occasional
R002915,2025-04-30,Metroville,Frequent
R002916,2025-01-25,Lakewood,Regular
R002917,2024-05-16,Metroville,Frequent
R002918,2024-07-30,Lakewood,Occasional
R002919,2025-07-26,Hillview,Regular
R002920,2025-07-20,Metroville,Occasional
R002921,2025-09-27,Metroville,Regular
R002922,2025-01-20,Riverton,Regular
R002923,2024-07-18,Metroville,Occasional
R002924,2025-01-03,Metroville,Regular
R002925,2025-10-18,Lakewood,Regular
R002926,2024-05-12,Riverton,Occasional
R002927,2025-09-11,Hillview,Occasional
R002928,2025-12-29,Hillview,Occasional
R002929,2025-08-23,Lakewood,Frequent
R002930,2025-04-27,Riverton,Frequent
R002931,2024-10-26,Lakewood,Occasional
R002932,2025-09-17,Lakewood,Occasional
R002933,2024-04-27,Metroville,Occasional
R002934,2025-07-10,Metroville,Regular
R002935,2024-10-21,Lakewood,Occasional
R002936,2025-01-03,Hillview,Frequent
R002937,2024-12-05,Riverton,Occasional
R002938,2024-01-08,Hillview,Regular
R002939,2025-12-23,Metroville,Occasional
R002940,2025-05-03,Metroville,Occasional
R002941,2025-03-15,Hillview,Occasional
R002942,2024-03-14,Metroville,Occasional
R002943,2025-07-24,Lakewood,Frequent
R002944,2025-12-04,Metroville,Regular
R002945,2025-08-19,Hillview,Regular
R002946,2024-07-01,Metroville,Occasional
R002947,2024-05-12,Hillview,Occasional
R002948,2024-09-25,Metroville,Frequent
R002949,2024-01-17,Metroville,Occasional
R002950,2025-02-07,Hillview,Regular
R002951,2024-12-01,Lakewood,Frequent
R002952,2025-01-02,Metroville,Regular
R002953,2025-12-25,Lakewood,Occasional
R002954,2025-04-24,Metroville,Occasional
R002955,2024-11-01,Metroville,Occasional
R002956,2025-07-27,Metroville,Occasional
R002957,2024-09-27,Lakewood,Regular
R002958,2025-07-08,Metroville,Frequent
R002959,2025-11-13,Hillview,Regular
R002960,2025-10-26,Riverton,Occasional
R002961,2025-01-14,Metroville,Occasional
R002962,2024-12-09,Lakewood,Occasional
R002963,2024-10-18,Lakewood,Frequent
R002964,2025-01-26,Riverton,Occasional
R002965,2025-11-16,Lakewood,Regular
R002966,2025-10-01,Riverton,Frequent
R002967,2025-03-19,Metroville,Frequent
R002968,2024-07-25,Lakewood,Occasional
R002969,2024-10-02,Metroville,Frequent
R002970,2024-06-29,Hillview,Occasional
R002971,2024-05-16,Lakewood,Frequent
R002972,2024-01-07,Riverton,Occasional
R002973,2025-07-20,Lakewood,Occasional
R002974,2025-06-24,Metroville,Frequent
R002975,2024-05-11,Metroville,Regular
R002976,2025-05-18,Metroville,Frequent
R002977,2024-05-01,Riverton,Occasional
R002978,2024-07-21,Riverton,Occasional
R002979,2024-07-08,Metroville,Regular
R002980,2024-04-05,Lakewood,Regular
R002981,2025-06-17,Lakewood,Occasional
R002982,2024-02-01,Lakewood,Regular
R002983,2024-10-23,Metroville,Occasional
R002984,2024-12-23,Hillview,Occasional
R002985,2025-02-26,Lakewood,Occasional
R002986,2024-05-21,Lakewood,Occasional
R002987,2024-12-11,Riverton,Occasional
R002988,2025-08-03,Riverton,Regular
R002989,2024-09-30,Lakewood,Occasional
R002990,2025-11-26,Metroville,Occasional
R002991,2024-11-10,Metroville,Regular
R002992,2025-07-22,Metroville,Frequent
R002993,2024-03-24,Riverton,Frequent
R002994,2025-09-15,Riverton,Regular
R002995,2024-12-17,Metroville,Regular
R002996,2025-12-26,Metroville,Occasional
R002997,2025-05-27,Riverton,Regular
R002998,2025-06-26,Lakewood,Regular
R002999,2024-04-18,Riverton,Occasional
R003000,2025-02-19,Riverton,Frequent
R003001,2025-06-24,Metroville,Regular
R003002,2025-08-15,Riverton,Occasional
R003003,2024-10-02,Lakewood,Frequent
R003004,2025-02-16,Lakewood,Frequent
R003005,2024-05-06,Lakewood,Occasional
R003006,2024-11-12,Riverton,Regular
R003007,2024-12-14,Metroville,Frequent
R003008,2024-01-24,Metroville,Regular
R003009,2025-11-01,Metroville,Frequent
R003010,2025-04-15,Riverton,Occasional
R003011,2024-05-13,Riverton,Frequent
R003012,2025-10-18,Metroville,Regular
R003013,2025-05-21,Metroville,Occasional
R003014,2025-05-22,Metroville,Occasional
R003015,2025-11-13,Riverton,Regular
R003016,2024-10-22,Lakewood,Occasional
R003017,2024-09-16,Riverton,Occasional
R003018,2025-03-27,Riverton,Occasional
R003019,2025-10-12,Hillview,Occasional
R003020,2025-08-18,Lakewood,Occasional
R003021,2025-07-29,Hillview,Regular
R003022,2025-07-13,Lakewood,Regular
R003023,2024-01-26,Riverton,Occasional
R003024,2024-12-25,Lakewood,Regular
R003025,2024-09-17,Hillview,Occasional
R003026,2024-09-21,Lakewood,Frequent
R003027,2025-09-18,Riverton,Frequent
R003028,2024-10-17,Lakewood,Frequent
R003029,2025-09-04,Hillview,Occasional
R003030,2025-10-26,Metroville,Frequent
R003031,2024-11-29,Lakewood,Regular
R003032,2024-05-04,Metroville,Regular
R003033,2025-05-26,Hillview,Frequent
R003034,2025-09-23,Riverton,Occasional
R003035,2024-10-24,Riverton,Regular
R003036,2024-05-22,Lakewood,Occasional
R003037,2025-01-16,Riverton,Occasional
R003038,2025-12-19,Lakewood,Frequent
R003039,2025-01-13,Metroville,Regular
R003040,2024-11-24,Riverton,Regular
R003041,2024-11-18,Lakewood,Occasional
R003042,2025-06-20,Metroville,Frequent
R003043,2024-09-06,Riverton,Regular
R003044,2025-06-17,Metroville,Occasional
R003045,2025-12-23,Riverton,Occasional
R003046,2025-07-19,Lakewood,Occasional
R003047,2025-11-10,Riverton,Regular
R003048,2025-07-31,Metroville,Occasional
R003049,2025-09-09,Riverton,Occasional
R003050,2024-01-29,Riverton,Occasional
R003051,2024-09-15,Riverton,Occasional
R003052,2024-07-19,Lakewood,Regular
R003053,2025-09-23,Riverton,Frequent
R003054,2024-06-17,Lakewood,Frequent
R003055,2025-12-09,Metroville,Frequent
R003056,2025-05-26,Metroville,Regular
R003057,2024-03-31,Lakewood,Frequent
R003058,2025-05-15,Riverton,Occasional
R003059,2024-09-07,Metroville,Occasional
R003060,2024-08-05,Riverton,Frequent
R003061,2025-12-28,Riverton,Frequent
R003062,2025-08-03,Lakewood,Occasional
R003063,2025-07-12,Metroville,Occasional
R003064,2024-08-16,Lakewood,Occasional
R003065,2025-04-29,Lakewood,Occasional
R003066,2024-09-08,Metroville,Frequent
R003067,2025-03-17,Riverton,Occasional
R003068,2024-10-18,Hillview,Regular
R003069,2025-03-22,Metroville,Occasional
R003070,2025-06-29,Metroville,Regular
R003071,2024-08-18,Riverton,Regular
R003072,2024-01-09,Hillview,Occasional
R003073,2024-03-11,Hillview,Occasional
R003074,2025-10-25,Hillview,Occasional
R003075,2025-12-03,Lakewood,Regular
R003076,2025-05-21,Hillview,Occasional
R003077,2024-03-19,Lakewood,Regular
R003078,2025-03-05,Metroville,Occasional
R003079,2024-11-12,Riverton,Frequent
R003080,2024-06-22,Lakewood,Frequent
R003081,2024-10-04,Riverton,Regular
R003082,2025-07-28,Riverton,Occasional
R003083,2025-12-30,Hillview,Occasional
R003084,2025-09-30,Metroville,Occasional
R003085,2024-05-29,Metroville,Occasional
R003086,2025-01-02,Riverton,Occasional
R003087,2025-01-21,Lakewood,Regular
R003088,2024-08-02,Metroville,Frequent
R003089,2024-11-14,Lakewood,Occasional
R003090,2024-10-05,Riverton,Frequent
R003091,2024-02-20,Hillview,Occasional
R003092,2024-10-31,Riverton,Occasional
R003093,2024-09-23,Riverton,Occasional
R003094,2024-08-11,Riverton,Occasional
R003095,2025-03-25,Metroville,Regular
R003096,2025-06-05,Lakewood,Occasional
R003097,2024-02-04,Lakewood,Regular
R003098,2024-09-07,Hillview,Regular
R003099,2024-01-23,Metroville,Occasional
R003100,2025-08-24,Hillview,Occasional
R003101,2025-11-09,Riverton,Frequent
R003102,2024-12-05,Metroville,Occasional
R003103,2025-11-22,Lakewood,Regular
R003104,2025-04-05,Metroville,Regular
R003105,2025-09-28,Riverton,Frequent
R003106,2025-11-24,Lakewood,Occasional
R003107,2025-03-05,Riverton,Frequent
R003108,2024-11-22,Lakewood,Occasional
R003109,2025-06-27,Riverton,Regular
R003110,2024-05-04,Lakewood,Regular
R003111,2024-08-05,Hillview,Frequent
R003112,2025-02-06,Hillview,Regular
R003113,2024-05-27,Riverton,Regular
R003114,2024-12-29,Metroville,Frequent
R003115,2025-09-18,Hillview,Occasional
R003116,2025-07-26,Riverton,Regular
R003117,2025-10-14,Hillview,Regular
R003118,2025-09-21,Metroville,Occasional
R003119,2024-08-31,Hillview,Occasional
R003120,2025-06-05,Metroville,Regular
R003121,2024-09-29,Lakewood,Occasional
R003122,2025-12-12,Riverton,Frequent
R003123,2024-05-09,Lakewood,Regular
R003124,2024-07-16,Metroville,Regular
R003125,2025-11-20,Lakewood,Occasional
R003126,2024-06-24,Metroville,Frequent
R003127,2025-03-29,Riverton,Frequent
R003128,2024-08-01,Metroville,Regular
R003129,2024-07-27,Lakewood,Occasional
R003130,2025-05-06,Lakewood,Regular
R003131,2025-08-04,Hillview,Occasional
R003132,2024-06-19,Lakewood,Occasional
R003133,2025-12-20,Lakewood,Occasional
R003134,2024-03-05,Hillview,Occasional
R003135,2024-03-14,Hillview,Frequent
R003136,2025-12-16,Riverton,Regular
R003137,2024-02-10,Lakewood,Regular
R003138,2024-08-18,Metroville,Regular
R003139,2024-03-29,Riverton,Occasional
R003140,2024-06-11,Hillview,Frequent
R003141,2024-02-24,Hillview,Regular
R003142,2024-09-19,Metroville,Occasional
R003143,2024-08-04,Metroville,Regular
R003144,2024-04-25,Hillview,Regular
R003145,2025-06-10,Hillview,Regular
R003146,2024-01-27,Riverton,Occasional
R003147,2024-12-13,Metroville,Regular
R003148,2024-08-11,Riverton,Occasional
R003149,2025-04-20,Lakewood,Frequent
R003150,2024-09-04,Lakewood,Regular
R003151,2024-12-12,Metroville,Regular
R003152,2025-08-16,Metroville,Regular
R003153,2024-04-15,Lakewood,Frequent
R003154,2024-11-14,Metroville,Occasional
R003155,2025-02-15,Lakewood,Regular
R003156,2025-06-23,Metroville,Regular
R003157,2025-01-27,Lakewood,Regular
R003158,2025-06-22,Hillview,Regular
R003159,2025-08-05,Riverton,Frequent
R003160,2025-07-31,Metroville,Regular
R003161,2025-03-26,Riverton,Regular
R003162,2025-11-03,Metroville,Regular
R003163,2024-01-17,Lakewood,Regular
R003164,2024-12-30,Metroville,Regular
R003165,2025-08-10,Hillview,Regular
R003166,2024-03-17,Metroville,Frequent
R003167,2025-08-21,Hillview,Regular
R003168,2024-01-29,Riverton,Regular
R003169,2025-07-29,Lakewood,Regular
R003170,2024-05-16,Hillview,Occasional
R003171,2025-05-03,Lakewood,Occasional
R003172,2025-08-29,Riverton,Occasional
R003173,2025-08-18,Riverton,Regular
R003174,2025-02-24,Metroville,Regular
R003175,2025-10-26,Metroville,Occasional
R003176,2024-04-12,Hillview,Regular
R003177,2024-06-22,Metroville,Frequent
R003178,2024-04-07,Hillview,Occasional
R003179,2025-06-10,Metroville,Occasional
R003180,2025-10-14,Lakewood,Occasional
R003181,2025-11-12,Lakewood,Regular
R003182,2025-01-15,Lakewood,Regular
R003183,2024-04-06,Hillview,Occasional
R003184,2024-05-05,Metroville,Frequent
R003185,2025-04-03,Riverton,Occasional
R003186,2025-10-18,Metroville,Occasional
R003187,2025-12-24,Metroville,Regular
R003188,2025-06-11,Metroville,Occasional
R003189,2025-10-06,Lakewood,Regular
R003190,2024-12-15,Riverton,Occasional
R003191,2024-05-23,Metroville,Occasional
R003192,2024-12-06,Hillview,Occasional
R003193,2024-03-13,Lakewood,Frequent
R003194,2025-05-07,Hillview,Occasional
R003195,2024-08-29,Metroville,Frequent
R003196,2024-09-04,Riverton,Regular
R003197,2024-01-03,Metroville,Regular
R003198,2026-01-01,Lakewood,Regular
R003199,2024-11-08,Hillview,Frequent
R003200,2025-07-28,Riverton,Occasional
R003201,2025-01-15,Lakewood,Occasional
R003202,2025-04-14,Riverton,Frequent
R003203,2024-12-08,Lakewood,Occasional
R003204,2025-05-18,Metroville,Regular
R003205,2024-05-26,Riverton,Frequent
R003206,2025-12-30,Hillview,Frequent
R003207,2024-11-09,Metroville,Frequent
R003208,2024-01-08,Riverton,Occasional
R003209,2025-11-28,Hillview,Regular
R003210,2024-01-17,Lakewood,Regular
R003211,2024-12-11,Lakewood,Occasional
R003212,2025-07-28,Metroville,Regular
R003213,2024-09-28,Metroville,Frequent
R003214,2024-06-02,Lakewood,Regular
R003215,2024-06-25,Riverton,Regular
R003216,2025-05-16,Metroville,Regular
R003217,2025-02-24,Lakewood,Occasional
R003218,2025-01-03,Lakewood,Regular
R003219,2025-01-11,Metroville,Regular
R003220,2024-08-21,Riverton,Regular
R003221,2025-11-15,Riverton,Regular
R003222,2024-06-18,Lakewood,Occasional
R003223,2025-09-05,Lakewood,Occasional
R003224,2025-07-22,Lakewood,Regular
R003225,2024-01-05,Lakewood,Frequent
R003226,2024-05-05,Riverton,Occasional
R003227,2025-02-08,Riverton,Regular
R003228,2024-04-26,Riverton,Regular
R003229,2025-09-16,Metroville,Regular
R003230,2024-11-19,Riverton,Frequent
R003231,2025-09-04,Metroville,Frequent
R003232,2024-03-28,Metroville,Frequent
R003233,2024-01-18,Metroville,Occasional
R003234,2025-04-14,Hillview,Occasional
R003235,2025-08-10,Riverton,Occasional
R003236,2025-12-27,Hillview,Regular
R003237,2025-07-30,Lakewood,Occasional
R003238,2025-07-01,Hillview,Frequent
R003239,2024-02-12,Lakewood,Frequent
R003240,2025-03-17,Riverton,Regular
R003241,2025-06-06,Metroville,Regular
R003242,2024-10-15,Riverton,Occasional
R003243,2026-01-01,Lakewood,Frequent
R003244,2025-12-24,Metroville,Occasional
R003245,2025-09-18,Metroville,Occasional
R003246,2025-10-06,Metroville,Frequent
R003247,2025-02-19,Metroville,Frequent
R003248,2025-08-23,Riverton,Occasional
R003249,2024-02-22,Lakewood,Regular
R003250,2024-06-17,Hillview,Regular
R003251,2025-05-01,Lakewood,Frequent
R003252,2024-03-31,Riverton,Regular
R003253,2025-08-18,Riverton,Occasional
R003254,2024-05-10,Riverton,Regular
R003255,2024-09-12,Metroville,Frequent
R003256,2024-07-08,Lakewood,Occasional
R003257,2025-01-31,Metroville,Regular
R003258,2024-02-29,Riverton,Occasional
R003259,2025-08-17,Metroville,Occasional
R003260,2025-10-12,Lakewood,Regular
R003261,2025-06-30,Hillview,Regular
R003262,2024-05-15,Riverton,Frequent
R003263,2024-07-31,Metroville,Regular
R003264,2024-06-14,Lakewood,Frequent
R003265,2025-03-16,Riverton,Regular
R003266,2025-10-12,Hillview,Occasional
R003267,2025-10-05,Riverton,Occasional
R003268,2025-12-02,Metroville,Occasional
R003269,2025-05-19,Hillview,Regular
R003270,2024-06-11,Metroville,Regular
R003271,2024-10-18,Metroville,Occasional
R003272,2024-08-03,Metroville,Regular
R003273,2024-02-16,Metroville,Regular
R003274,2025-08-08,Lakewood,Occasional
R003275,2025-02-27,Metroville,Occasional
R003276,2025-12-11,Metroville,Frequent
R003277,2025-09-07,Metroville,Frequent
R003278,2025-04-20,Hillview,Occasional
R003279,2024-02-02,Riverton,Regular
R003280,2024-11-19,Riverton,Occasional
R003281,2024-12-13,Riverton,Frequent
R003282,2025-05-08,Riverton,Regular
R003283,2025-02-19,Metroville,Regular
R003284,2025-07-25,Hillview,Occasional
R003285,2024-01-17,Lakewood,Occasional
R003286,2024-03-23,Lakewood,Frequent
R003287,2025-11-28,Hillview,Occasional
R003288,2024-11-14,Metroville,Occasional
R003289,2025-08-25,Metroville,Regular
R003290,2025-09-19,Hillview,Regular
R003291,2024-03-29,Lakewood,Occasional
R003292,2025-05-31,Lakewood,Occasional
R003293,2024-05-07,Hillview,Occasional
R003294,2024-04-22,Hillview,Occasional
R003295,2024-06-27,Hillview,Frequent
R003296,2025-07-06,Metroville,Regular
R003297,2024-03-09,Hillview,Frequent
R003298,2025-05-03,Riverton,Occasional
R003299,2024-10-06,Riverton,Regular
R003300,2024-07-12,Metroville,Regular
R003301,2024-06-24,Lakewood,Occasional
R003302,2024-09-08,Metroville,Regular
R003303,2024-09-12,Hillview,Occasional
R003304,2024-08-18,Lakewood,Frequent
R003305,2025-01-14,Riverton,Regular
R003306,2025-12-28,Metroville,Occasional
R003307,2024-11-26,Lakewood,Occasional
R003308,2024-05-14,Lakewood,Occasional
R003309,2025-03-23,Riverton,Occasional
R003310,2025-08-30,Riverton,Occasional
R003311,2025-03-14,Metroville,Regular
R003312,2025-01-23,Lakewood,Regular
R003313,2025-05-04,Metroville,Frequent
R003314,2025-10-06,Lakewood,Occasional
R003315,2024-02-26,Lakewood,Occasional
R003316,2025-12-19,Metroville,Regular
R003317,2025-10-15,Metroville,Occasional
R003318,2025-12-04,Riverton,Regular
R003319,2024-12-30,Lakewood,Regular
R003320,2025-09-17,Metroville,Occasional
R003321,2024-02-29,Lakewood,Occasional
R003322,2024-10-29,Lakewood,Occasional
R003323,2025-10-05,Metroville,Occasional
R003324,2024-07-17,Metroville,Regular
R003325,2025-07-12,Metroville,Occasional
R003326,2024-08-21,Riverton,Regular
R003327,2025-03-07,Metroville,Regular
R003328,2025-04-23,Hillview,Occasional
R003329,2025-10-04,Lakewood,Occasional
R003330,2024-09-07,Riverton,Frequent
R003331,2025-07-30,Hillview,Occasional
R003332,2024-11-14,Metroville,Occasional
R003333,2024-10-14,Lakewood,Regular
R003334,2024-02-28,Metroville,Occasional
R003335,2024-02-25,Metroville,Regular
R003336,2025-07-18,Riverton,Occasional
R003337,2024-03-17,Metroville,Occasional
R003338,2024-03-22,Hillview,Regular
R003339,2024-05-15,Riverton,Occasional
R003340,2024-09-03,Riverton,Occasional
R003341,2024-04-29,Lakewood,Frequent
R003342,2025-03-08,Hillview,Occasional
R003343,2025-08-24,Metroville,Regular
R003344,2025-01-23,Riverton,Frequent
R003345,2025-05-01,Metroville,Regular
R003346,2025-10-15,Metroville,Regular
R003347,2025-10-16,Metroville,Regular
R003348,2025-04-27,Metroville,Occasional
R003349,2024-02-19,Metroville,Frequent
R003350,2025-07-31,Riverton,Occasional
R003351,2025-07-08,Lakewood,Regular
R003352,2024-08-10,Hillview,Regular
R003353,2024-04-28,Riverton,Regular
R003354,2024-04-06,Hillview,Regular
R003355,2024-07-21,Hillview,Regular
R003356,2025-06-28,Riverton,Regular
R003357,2025-11-23,Metroville,Regular
R003358,2024-04-22,Metroville,Regular
R003359,2024-10-30,Lakewood,Occasional
R003360,2025-09-02,Metroville,Regular
R003361,2024-03-03,Hillview,Frequent
R003362,2025-11-21,Lakewood,Occasional
R003363,2024-01-14,Hillview,Occasional
R003364,2024-07-26,Lakewood,Frequent
R003365,2024-01-24,Hillview,Occasional
R003366,2025-07-11,Metroville,Regular
R003367,2024-11-08,Lakewood,Regular
R003368,2024-11-16,Hillview,Regular
R003369,2025-02-04,Lakewood,Occasional
R003370,2024-08-06,Riverton,Regular
R003371,2025-07-08,Lakewood,Regular
R003372,2024-11-11,Hillview,Regular
R003373,2025-08-05,Riverton,Regular
R003374,2025-04-18,Riverton,Frequent
R003375,2025-05-09,Lakewood,Frequent
R003376,2025-12-24,Riverton,Occasional
R003377,2025-01-05,Lakewood,Occasional
R003378,2024-08-07,Lakewood,Occasional
R003379,2025-06-16,Riverton,Frequent
R003380,2025-05-31,Metroville,Occasional
R003381,2024-12-19,Riverton,Regular
R003382,2024-09-02,Lakewood,Regular
R003383,2025-11-11,Metroville,Regular
R003384,2024-07-03,Riverton,Regular
R003385,2024-02-27,Riverton,Occasional
R003386,2025-04-07,Riverton,Regular
R003387,2024-02-29,Hillview,Occasional
R003388,2025-07-11,Lakewood,Occasional
R003389,2025-09-08,Hillview,Occasional
R003390,2025-06-09,Lakewood,Frequent
R003391,2024-06-21,Lakewood,Occasional
R003392,2025-11-20,Riverton,Occasional
R003393,2024-03-05,Metroville,Occasional
R003394,2024-03-19,Hillview,Occasional
R003395,2024-08-10,Lakewood,Occasional
R003396,2025-01-30,Metroville,Regular
R003397,2025-06-03,Riverton,Regular
R003398,2024-07-31,Metroville,Regular
R003399,2025-11-01,Metroville,Frequent
R003400,2025-08-21,Metroville,Occasional
R003401,2024-06-17,Hillview,Regular
R003402,2024-02-15,Metroville,Regular
R003403,2025-05-28,Lakewood,Regular
R003404,2024-05-08,Lakewood,Occasional
R003405,2024-07-25,Hillview,Occasional
R003406,2025-07-19,Hillview,Occasional
R003407,2024-05-18,Hillview,Occasional
R003408,2024-09-16,Lakewood,Regular
R003409,2025-11-09,Lakewood,Occasional
R003410,2025-05-14,Hillview,Frequent
R003411,2025-03-29,Metroville,Frequent
R003412,2025-12-31,Metroville,Occasional
R003413,2025-07-18,Hillview,Frequent
R003414,2024-12-02,Metroville,Regular
R003415,2025-05-01,Lakewood,Occasional
R003416,2025-01-25,Metroville,Frequent
R003417,2024-09-23,Metroville,Occasional
R003418,2025-12-14,Hillview,Occasional
R003419,2025-03-10,Metroville,Occasional
R003420,2025-06-30,Lakewood,Regular
R003421,2024-10-27,Metroville,Occasional
R003422,2024-05-24,Lakewood,Regular
R003423,2024-03-30,Riverton,Frequent
R003424,2025-08-11,Riverton,Frequent
R003425,2025-01-16,Lakewood,Frequent
R003426,2025-01-12,Lakewood,Occasional
R003427,2024-03-29,Metroville,Regular
R003428,2025-07-30,Lakewood,Frequent
R003429,2024-07-11,Hillview,Occasional
R003430,2025-03-14,Hillview,Frequent
R003431,2024-09-13,Metroville,Regular
R003432,2024-06-15,Hillview,Frequent
R003433,2024-04-29,Hillview,Occasional
R003434,2025-08-19,Riverton,Occasional
R003435,2024-03-10,Riverton,Frequent
R003436,2024-01-02,Hillview,Occasional
R003437,2024-08-12,Metroville,Frequent
R003438,2025-10-12,Lakewood,Occasional
R003439,2025-05-28,Hillview,Occasional
R003440,2025-08-22,Lakewood,Regular
R003441,2024-05-29,Riverton,Frequent
R003442,2025-12-11,Lakewood,Regular
R003443,2024-03-27,Metroville,Regular
R003444,2024-01-27,Hillview,Occasional
R003445,2024-12-15,Lakewood,Occasional
R003446,2024-11-16,Lakewood,Regular
R003447,2024-08-01,Metroville,Regular
R003448,2024-05-03,Hillview,Frequent
R003449,2024-08-23,Metroville,Occasional
R003450,2024-09-30,Hillview,Occasional
R003451,2025-03-16,Metroville,Regular
R003452,2024-09-20,Hillview,Regular
R003453,2024-06-27,Lakewood,Regular
R003454,2025-03-13,Hillview,Occasional
R003455,2025-03-02,Lakewood,Frequent
R003456,2024-11-16,Metroville,Occasional
R003457,2024-03-21,Metroville,Regular
R003458,2025-12-07,Riverton,Occasional
R003459,2025-01-15,Riverton,Occasional
R003460,2024-07-22,Lakewood,Occasional
R003461,2025-06-15,Metroville,Occasional
R003462,2024-11-02,Hillview,Occasional
R003463,2024-04-30,Riverton,Occasional
R003464,2025-05-27,Riverton,Regular
R003465,2024-03-08,Lakewood,Regular
R003466,2024-07-21,Lakewood,Occasional
R003467,2025-04-30,Lakewood,Occasional
R003468,2025-06-13,Metroville,Regular
R003469,2025-12-26,Hillview,Occasional
R003470,2025-06-02,Lakewood,Occasional
R003471,2024-06-18,Lakewood,Occasional
R003472,2025-06-05,Lakewood,Occasional
R003473,2025-07-04,Lakewood,Regular
R003474,2025-05-09,Riverton,Regular
R003475,2025-06-30,Riverton,Occasional
R003476,2025-08-21,Riverton,Occasional
R003477,2025-02-19,Metroville,Occasional
R003478,2025-12-29,Hillview,Frequent
R003479,2025-04-16,Hillview,Occasional
R003480,2024-02-10,Hillview,Occasional
R003481,2024-05-06,Metroville,Regular
R003482,2024-12-29,Lakewood,Occasional
R003483,2024-11-14,Hillview,Occasional
R003484,2025-08-18,Riverton,Frequent
R003485,2025-05-07,Metroville,Regular
R003486,2024-01-01,Hillview,Occasional
R003487,2024-11-29,Hillview,Occasional
R003488,2025-02-03,Riverton,Regular
R003489,2025-12-18,Lakewood,Occasional
R003490,2025-04-27,Riverton,Regular
R003491,2024-05-12,Riverton,Occasional
R003492,2024-05-20,Lakewood,Occasional
R003493,2024-08-19,Riverton,Occasional
R003494,2024-10-20,Metroville,Occasional
R003495,2024-03-20,Metroville,Regular
R003496,2025-07-31,Hillview,Regular
R003497,2024-02-19,Metroville,Occasional
R003498,2024-02-18,Metroville,Occasional
R003499,2024-04-03,Hillview,Regular
R003500,2024-04-08,Riverton,Occasional
R003501,2025-02-16,Riverton,Regular
R003502,2025-08-21,Metroville,Occasional
R003503,2025-11-20,Riverton,Regular
R003504,2025-08-15,Metroville,Occasional
R003505,2025-05-16,Metroville,Occasional
R003506,2025-03-08,Metroville,Regular
R003507,2024-08-14,Lakewood,Occasional
R003508,2024-10-31,Riverton,Occasional
R003509,2025-09-30,Metroville,Occasional
R003510,2024-03-18,Hillview,Occasional
R003511,2025-08-27,Hillview,Frequent
R003512,2025-08-16,Metroville,Occasional
R003513,2024-02-12,Hillview,Occasional
R003514,2024-06-25,Riverton,Occasional
R003515,2024-08-14,Lakewood,Frequent
R003516,2025-10-30,Lakewood,Frequent
R003517,2024-11-17,Riverton,Frequent
R003518,2025-07-21,Metroville,Frequent
R003519,2025-03-15,Riverton,Frequent
R003520,2024-02-29,Metroville,Frequent
R003521,2025-05-03,Metroville,Occasional
R003522,2025-04-10,Lakewood,Regular
R003523,2025-09-29,Metroville,Occasional
R003524,2025-11-04,Riverton,Frequent
R003525,2025-03-05,Riverton,Occasional
R003526,2025-10-05,Metroville,Regular
R003527,2024-04-12,Hillview,Occasional
R003528,2025-03-24,Metroville,Regular
R003529,2025-02-26,Riverton,Regular
R003530,2024-05-05,Metroville,Regular
R003531,2025-01-29,Metroville,Frequent
R003532,2025-05-12,Hillview,Occasional
R003533,2024-10-30,Hillview,Regular
R003534,2025-05-02,Lakewood,Frequent
R003535,2025-06-29,Metroville,Regular
R003536,2025-03-06,Riverton,Regular
R003537,2024-10-18,Metroville,Occasional
R003538,2024-07-13,Hillview,Regular
R003539,2025-04-28,Metroville,Occasional
R003540,2025-10-21,Metroville,Occasional
R003541,2024-12-04,Metroville,Occasional
R003542,2025-01-02,Metroville,Occasional
R003543,2025-10-29,Hillview,Occasional
R003544,2024-08-05,Riverton,Frequent
R003545,2025-08-14,Metroville,Regular
R003546,2024-07-05,Metroville,Frequent
R003547,2024-07-07,Metroville,Regular
R003548,2024-07-24,Riverton,Frequent
R003549,2024-02-08,Lakewood,Occasional
R003550,2024-12-03,Metroville,Regular
R003551,2024-09-15,Riverton,Occasional
R003552,2024-06-17,Riverton,Occasional
R003553,2025-07-07,Hillview,Occasional
R003554,2025-01-13,Lakewood,Regular
R003555,2024-05-23,Metroville,Regular
R003556,2024-05-20,Metroville,Occasional
R003557,2025-08-15,Hillview,Frequent
R003558,2024-07-17,Metroville,Frequent
R003559,2024-10-15,Metroville,Frequent
R003560,2024-03-28,Lakewood,Regular
R003561,2025-08-11,Lakewood,Regular
R003562,2024-09-18,Lakewood,Occasional
R003563,2025-05-30,Riverton,Regular
R003564,2024-10-24,Metroville,Occasional
R003565,2025-08-09,Riverton,Frequent
R003566,2024-10-22,Hillview,Regular
R003567,2025-10-17,Metroville,Occasional
R003568,2025-06-14,Metroville,Occasional
R003569,2024-12-17,Hillview,Occasional
R003570,2024-12-19,Metroville,Occasional
R003571,2025-03-30,Lakewood,Regular
R003572,2025-05-22,Metroville,Regular
R003573,2025-06-01,Lakewood,Regular
R003574,2024-01-25,Riverton,Regular
R003575,2024-07-12,Riverton,Frequent
R003576,2024-11-15,Lakewood,Occasional
R003577,2025-01-28,Metroville,Regular
R003578,2024-03-06,Lakewood,Regular
R003579,2024-05-26,Lakewood,Frequent
R003580,2024-12-04,Riverton,Occasional
R003581,2024-11-23,Riverton,Occasional
R003582,2025-03-26,Hillview,Occasional
R003583,2024-02-20,Metroville,Frequent
R003584,2025-08-06,Metroville,Occasional
R003585,2024-08-08,Riverton,Occasional
R003586,2025-02-06,Lakewood,Frequent
R003587,2025-11-24,Metroville,Frequent
R003588,2024-10-04,Hillview,Regular
R003589,2024-08-17,Riverton,Occasional
R003590,2024-07-12,Lakewood,Regular
R003591,2025-04-22,Riverton,Occasional
R003592,2025-12-01,Lakewood,Occasional
R003593,2025-02-13,Lakewood,Regular
R003594,2024-05-25,Metroville,Frequent
R003595,2025-11-23,Lakewood,Occasional
R003596,2024-02-01,Lakewood,Regular
R003597,2024-10-27,Riverton,Occasional
R003598,2024-04-02,Lakewood,Occasional
R003599,2024-01-25,Metroville,Occasional
R003600,2025-12-31,Riverton,Occasional
R003601,2024-03-03,Metroville,Occasional
R003602,2025-10-25,Hillview,Occasional
R003603,2025-02-02,Riverton,Occasional
R003604,2024-08-22,Lakewood,Occasional
R003605,2025-09-23,Lakewood,Occasional
R003606,2024-01-03,Metroville,Occasional
R003607,2025-05-20,Riverton,Regular
R003608,2025-07-15,Metroville,Regular
R003609,2024-09-23,Riverton,Occasional
R003610,2024-08-07,Metroville,Frequent
R003611,2024-01-07,Lakewood,Occasional
R003612,2024-01-17,Metroville,Regular
R003613,2024-02-02,Metroville,Occasional
R003614,2024-11-30,Lakewood,Occasional
R003615,2025-01-23,Riverton,Occasional
R003616,2024-11-06,Metroville,Occasional
R003617,2025-05-29,Lakewood,Regular
R003618,2024-09-21,Riverton,Occasional
R003619,2025-08-01,Lakewood,Frequent
R003620,2025-04-23,Lakewood,Occasional
R003621,2025-11-16,Metroville,Regular
R003622,2025-06-15,Metroville,Occasional
R003623,2024-04-03,Metroville,Frequent
R003624,2025-02-13,Hillview,Occasional
R003625,2025-04-26,Metroville,Occasional
R003626,2024-01-11,Metroville,Regular
R003627,2024-02-02,Metroville,Occasional
R003628,2024-01-17,Riverton,Regular
R003629,2024-05-05,Lakewood,Occasional
R003630,2025-10-07,Riverton,Frequent
R003631,2024-06-24,Lakewood,Frequent
R003632,2024-05-16,Riverton,Occasional
R003633,2024-11-22,Hillview,Regular
R003634,2024-10-18,Lakewood,Occasional
R003635,2025-12-28,Hillview,Frequent
R003636,2024-03-16,Hillview,Occasional
R003637,2025-09-07,Metroville,Occasional
R003638,2024-06-16,Lakewood,Frequent
R003639,2024-08-14,Riverton,Occasional
R003640,2024-12-21,Hillview,Frequent
R003641,2025-12-15,Riverton,Regular
R003642,2024-06-21,Riverton,Regular
R003643,2024-09-08,Metroville,Occasional
R003644,2025-04-27,Hillview,Regular
R003645,2025-05-05,Metroville,Regular
R003646,2024-09-25,Riverton,Occasional
R003647,2024-04-06,Metroville,Occasional
R003648,2025-07-31,Riverton,Regular
R003649,2025-10-21,Riverton,Occasional
R003650,2025-03-16,Metroville,Regular
R003651,2025-09-30,Riverton,Occasional
R003652,2024-07-04,Hillview,Frequent
R003653,2025-09-24,Metroville,Regular
R003654,2025-08-14,Lakewood,Occasional
R003655,2025-10-22,Metroville,Frequent
R003656,2025-11-13,Metroville,Frequent
R003657,2024-09-09,Riverton,Frequent
R003658,2024-03-28,Metroville,Occasional
R003659,2025-07-02,Riverton,Occasional
R003660,2025-05-05,Metroville,Occasional
R003661,2025-04-19,Metroville,Frequent
R003662,2025-04-06,Riverton,Regular
R003663,2024-01-30,Lakewood,Occasional
R003664,2025-05-05,Hillview,Occasional
R003665,2024-12-20,Metroville,Frequent
R003666,2024-01-23,Riverton,Occasional
R003667,2025-09-18,Riverton,Regular
R003668,2024-01-21,Riverton,Occasional
R003669,2024-06-19,Riverton,Occasional
R003670,2024-08-03,Metroville,Occasional
R003671,2025-07-27,Riverton,Occasional
R003672,2024-02-28,Lakewood,Occasional
R003673,2024-10-08,Riverton,Occasional
R003674,2024-09-24,Metroville,Occasional
R003675,2024-10-30,Metroville,Frequent
R003676,2025-09-30,Lakewood,Regular
R003677,2024-08-26,Lakewood,Occasional
R003678,2024-09-16,Metroville,Occasional
R003679,2024-10-26,Metroville,Occasional
R003680,2024-10-14,Metroville,Occasional
R003681,2025-11-29,Metroville,Regular
R003682,2024-07-14,Metroville,Regular
R003683,2024-03-24,Riverton,Regular
R003684,2024-11-04,Hillview,Occasional
R003685,2024-03-02,Lakewood,Occasional
R003686,2025-08-06,Metroville,Occasional
R003687,2025-10-15,Metroville,Occasional
R003688,2025-08-31,Riverton,Occasional
R003689,2025-08-12,Hillview,Occasional
R003690,2024-11-04,Metroville,Occasional
R003691,2025-05-26,Metroville,Occasional
R003692,2024-10-17,Metroville,Frequent
R003693,2025-09-17,Lakewood,Occasional
R003694,2024-05-22,Metroville,Regular
R003695,2024-04-12,Riverton,Frequent
R003696,2025-12-15,Metroville,Frequent
R003697,2024-09-20,Metroville,Frequent
R003698,2024-08-15,Riverton,Regular
R003699,2025-05-04,Riverton,Occasional
R003700,2024-09-07,Metroville,Occasional
R003701,2025-07-01,Riverton,Occasional
R003702,2024-11-10,Metroville,Regular
R003703,2025-07-27,Metroville,Occasional
R003704,2024-02-28,Metroville,Occasional
R003705,2025-06-16,Metroville,Occasional
R003706,2024-08-28,Metroville,Occasional
R003707,2024-11-05,Riverton,Frequent
R003708,2025-11-12,Hillview,Regular
R003709,2024-12-19,Metroville,Occasional
R003710,2024-02-24,Metroville,Frequent
R003711,2024-12-01,Metroville,Regular
R003712,2024-06-25,Lakewood,Frequent
R003713,2024-12-13,Hillview,Frequent
R003714,2024-06-08,Metroville,Regular
R003715,2025-04-15,Riverton,Frequent
R003716,2024-06-21,Lakewood,Occasional
R003717,2024-12-06,Hillview,Regular
R003718,2025-11-29,Metroville,Occasional
R003719,2025-04-11,Metroville,Frequent
R003720,2025-06-02,Metroville,Regular
R003721,2025-07-19,Riverton,Occasional
R003722,2025-11-04,Lakewood,Regular
R003723,2025-10-10,Lakewood,Occasional
R003724,2025-09-19,Metroville,Regular
R003725,2024-09-06,Metroville,Regular
R003726,2025-04-02,Lakewood,Occasional
R003727,2025-08-21,Metroville,Regular
R003728,2025-02-13,Hillview,Regular
R003729,2024-04-03,Riverton,Frequent
R003730,2025-01-07,Metroville,Frequent
R003731,2024-06-07,Lakewood,Occasional
R003732,2025-05-19,Metroville,Occasional
R003733,2025-09-21,Hillview,Occasional
R003734,2025-05-28,Lakewood,Occasional
R003735,2025-02-07,Metroville,Occasional
R003736,2025-03-14,Riverton,Regular
R003737,2025-01-29,Metroville,Frequent
R003738,2024-11-24,Metroville,Regular
R003739,2024-06-15,Metroville,Regular
R003740,2025-05-09,Metroville,Occasional
R003741,2024-09-12,Metroville,Occasional
R003742,2024-04-24,Hillview,Occasional
R003743,2025-08-08,Lakewood,Occasional
R003744,2025-02-07,Hillview,Regular
R003745,2025-01-15,Metroville,Frequent
R003746,2025-01-15,Hillview,Frequent
R003747,2024-02-26,Riverton,Frequent
R003748,2025-01-26,Riverton,Occasional
R003749,2025-02-01,Riverton,Occasional
R003750,2025-01-08,Lakewood,Occasional
R003751,2024-01-06,Riverton,Occasional
R003752,2025-07-03,Hillview,Occasional
R003753,2025-03-25,Metroville,Regular
R003754,2025-07-08,Metroville,Regular
R003755,2025-01-03,Hillview,Frequent
R003756,2024-08-29,Hillview,Occasional
R003757,2025-09-01,Lakewood,Regular
R003758,2024-09-13,Riverton,Regular
R003759,2024-11-27,Hillview,Regular
R003760,2024-01-13,Lakewood,Regular
R003761,2024-04-29,Metroville,Occasional
R003762,2024-03-23,Lakewood,Occasional
R003763,2024-11-06,Lakewood,Occasional
R003764,2024-07-11,Metroville,Occasional
R003765,2024-08-31,Hillview,Occasional
R003766,2025-07-14,Riverton,Regular
R003767,2025-05-14,Riverton,Frequent
R003768,2025-08-07,Lakewood,Occasional
R003769,2025-08-20,Metroville,Occasional
R003770,2024-06-30,Lakewood,Occasional
R003771,2025-03-26,Riverton,Occasional
R003772,2025-09-28,Lakewood,Occasional
R003773,2024-08-11,Metroville,Regular
R003774,2024-10-02,Riverton,Occasional
R003775,2025-01-24,Metroville,Occasional
R003776,2025-08-07,Lakewood,Frequent
R003777,2024-04-17,Lakewood,Regular
R003778,2024-12-07,Hillview,Occasional
R003779,2024-06-26,Metroville,Occasional
R003780,2025-06-05,Metroville,Frequent
R003781,2024-06-26,Hillview,Frequent
R003782,2024-09-17,Hillview,Regular
R003783,2024-09-10,Metroville,Occasional
R003784,2024-02-21,Hillview,Regular
R003785,2025-05-04,Hillview,Regular
R003786,2024-07-04,Metroville,Occasional
R003787,2024-12-25,Riverton,Occasional
R003788,2025-05-25,Metroville,Occasional
R003789,2025-07-29,Hillview,Occasional
R003790,2025-11-02,Metroville,Regular
R003791,2024-04-02,Riverton,Regular
R003792,2025-04-04,Riverton,Frequent
R003793,2024-08-28,Metroville,Frequent
R003794,2025-07-16,Riverton,Frequent
R003795,2024-10-11,Metroville,Occasional
R003796,2024-01-11,Metroville,Regular
R003797,2025-09-18,Hillview,Occasional
R003798,2025-07-10,Hillview,Regular
R003799,2024-08-29,Riverton,Occasional
R003800,2025-09-03,Hillview,Regular
R003801,2024-10-27,Metroville,Occasional
R003802,2024-10-29,Lakewood,Regular
R003803,2024-08-07,Hillview,Regular
R003804,2024-12-27,Hillview,Occasional
R003805,2025-12-28,Lakewood,Frequent
R003806,2024-02-08,Metroville,Occasional
R003807,2025-03-10,Riverton,Occasional
R003808,2024-05-07,Metroville,Regular
R003809,2024-03-31,Riverton,Occasional
R003810,2024-02-11,Metroville,Frequent
R003811,2024-07-19,Lakewood,Regular
R003812,2025-06-19,Metroville,Occasional
R003813,2025-06-22,Riverton,Regular
R003814,2025-08-08,Hillview,Frequent
R003815,2024-04-16,Lakewood,Occasional
R003816,2024-03-20,Hillview,Occasional
R003817,2025-12-19,Lakewood,Frequent
R003818,2025-11-05,Metroville,Frequent
R003819,2025-05-27,Hillview,Frequent
R003820,2025-09-06,Metroville,Occasional
R003821,2025-08-11,Metroville,Regular
R003822,2025-02-25,Riverton,Occasional
R003823,2024-12-14,Metroville,Regular
R003824,2025-12-17,Hillview,Occasional
R003825,2025-05-10,Lakewood,Occasional
R003826,2025-10-07,Metroville,Frequent
R003827,2024-05-31,Lakewood,Occasional
R003828,2024-06-11,Metroville,Occasional
R003829,2025-04-05,Riverton,Regular
R003830,2025-11-29,Metroville,Regular
R003831,2025-03-30,Hillview,Occasional
R003832,2024-11-20,Metroville,Regular
R003833,2024-01-19,Metroville,Frequent
R003834,2024-04-23,Riverton,Regular
R003835,2024-06-17,Lakewood,Occasional
R003836,2024-05-26,Lakewood,Regular
R003837,2025-05-29,Lakewood,Occasional
R003838,2025-05-15,Metroville,Occasional
R003839,2024-10-04,Lakewood,Occasional
R003840,2025-12-23,Hillview,Occasional
R003841,2024-10-15,Metroville,Occasional
R003842,2024-11-21,Lakewood,Occasional
R003843,2025-01-20,Metroville,Occasional
R003844,2025-02-23,Hillview,Frequent
R003845,2024-05-19,Metroville,Occasional
R003846,2024-08-07,Metroville,Frequent
R003847,2025-05-18,Lakewood,Occasional
R003848,2025-09-10,Riverton,Regular
R003849,2024-11-05,Metroville,Frequent
R003850,2024-03-25,Riverton,Occasional
R003851,2025-09-15,Metroville,Regular
R003852,2025-03-02,Hillview,Regular
R003853,2024-11-15,Hillview,Regular
R003854,2025-03-05,Riverton,Occasional
R003855,2025-08-25,Riverton,Regular
R003856,2024-01-01,Riverton,Occasional
R003857,2024-09-20,Riverton,Occasional
R003858,2025-11-19,Metroville,Occasional
R003859,2024-08-08,Riverton,Regular
R003860,2025-12-14,Lakewood,Frequent
R003861,2024-07-25,Riverton,Occasional
R003862,2024-12-08,Lakewood,Regular
R003863,2024-02-21,Riverton,Frequent
R003864,2025-06-15,Metroville,Occasional
R003865,2024-06-24,Lakewood,Frequent
R003866,2025-09-13,Lakewood,Occasional
R003867,2024-04-05,Riverton,Occasional
R003868,2024-03-26,Metroville,Occasional
R003869,2024-12-09,Hillview,Frequent
R003870,2024-03-02,Hillview,Regular
R003871,2024-08-28,Hillview,Occasional
R003872,2025-05-19,Hillview,Occasional
R003873,2025-01-04,Lakewood,Occasional
R003874,2025-02-13,Hillview,Frequent
R003875,2024-03-07,Lakewood,Occasional
R003876,2025-05-12,Metroville,Occasional
R003877,2024-03-07,Metroville,Occasional
R003878,2025-02-22,Metroville,Regular
R003879,2025-08-01,Metroville,Occasional
R003880,2025-06-15,Lakewood,Frequent
R003881,2024-09-15,Hillview,Frequent
R003882,2024-04-23,Metroville,Regular
R003883,2025-08-31,Hillview,Regular
R003884,2024-06-06,Riverton,Occasional
R003885,2024-12-28,Hillview,Occasional
R003886,2024-06-22,Riverton,Occasional
R003887,2024-01-22,Hillview,Regular
R003888,2024-10-31,Metroville,Occasional
R003889,2025-02-06,Lakewood,Regular
R003890,2025-07-09,Metroville,Regular
R003891,2025-06-15,Metroville,Frequent
R003892,2025-08-31,Lakewood,Regular
R003893,2025-08-18,Lakewood,Regular
R003894,2024-10-20,Hillview,Occasional
R003895,2024-09-06,Metroville,Frequent
R003896,2025-03-16,Hillview,Occasional
R003897,2024-12-17,Metroville,Occasional
R003898,2024-08-04,Riverton,Regular
R003899,2024-01-24,Metroville,Frequent
R003900,2024-12-14,Hillview,Occasional
R003901,2024-12-09,Riverton,Frequent
R003902,2025-11-19,Metroville,Occasional
R003903,2025-08-17,Hillview,Regular
R003904,2024-07-16,Metroville,Regular
R003905,2024-03-21,Hillview,Regular
R003906,2025-07-30,Metroville,Frequent
R003907,2024-12-22,Metroville,Occasional
R003908,2024-01-31,Metroville,Regular
R003909,2025-07-05,Riverton,Regular
R003910,2024-09-09,Riverton,Regular
R003911,2024-05-05,Riverton,Frequent
R003912,2025-04-27,Metroville,Occasional
R003913,2025-07-28,Lakewood,Occasional
R003914,2025-07-22,Lakewood,Regular
R003915,2024-07-19,Lakewood,Occasional
R003916,2025-03-09,Lakewood,Occasional
R003917,2024-12-06,Lakewood,Regular
R003918,2025-09-28,Lakewood,Occasional
R003919,2024-05-18,Riverton,Frequent
R003920,2025-08-23,Metroville,Occasional
R003921,2024-09-10,Hillview,Occasional
R003922,2025-03-28,Hillview,Regular
R003923,2025-01-02,Riverton,Occasional
R003924,2024-09-11,Riverton,Regular
R003925,2024-06-18,Lakewood,Occasional
R003926,2024-09-23,Hillview,Regular
R003927,2025-03-20,Lakewood,Occasional
R003928,2025-03-26,Lakewood,Regular
R003929,2025-04-01,Riverton,Occasional
R003930,2025-04-25,Hillview,Frequent
R003931,2024-02-07,Lakewood,Occasional
R003932,2024-10-15,Hillview,Occasional
R003933,2024-08-18,Riverton,Occasional
R003934,2024-10-17,Lakewood,Occasional
R003935,2024-10-06,Hillview,Occasional
R003936,2024-05-09,Lakewood,Occasional
R003937,2025-12-07,Hillview,Regular
R003938,2024-01-01,Riverton,Regular
R003939,2025-03-11,Metroville,Occasional
R003940,2024-12-03,Hillview,Occasional
R003941,2025-05-29,Metroville,Occasional
R003942,2025-08-31,Riverton,Regular
R003943,2025-04-19,Riverton,Occasional
R003944,2025-07-15,Riverton,Occasional
R003945,2024-07-19,Hillview,Occasional
R003946,2025-12-28,Riverton,Regular
R003947,2024-03-04,Metroville,Occasional
R003948,2025-05-05,Lakewood,Regular
R003949,2024-04-17,Riverton,Regular
R003950,2024-06-20,Lakewood,Regular
R003951,2025-08-27,Metroville,Occasional
R003952,2025-05-10,Lakewood,Occasional
R003953,2025-04-08,Hillview,Frequent
R003954,2025-08-29,Riverton,Regular
R003955,2024-07-22,Hillview,Occasional
R003956,2025-04-14,Lakewood,Regular
R003957,2024-05-27,Hillview,Regular
R003958,2024-12-18,Riverton,Frequent
R003959,2024-10-23,Lakewood,Regular
R003960,2025-03-28,Lakewood,Regular
R003961,2024-02-17,Hillview,Occasional
R003962,2024-01-19,Hillview,Regular
R003963,2024-01-24,Lakewood,Occasional
R003964,2024-07-13,Hillview,Frequent
R003965,2025-02-25,Hillview,Regular
R003966,2024-04-25,Metroville,Regular
R003967,2025-12-26,Lakewood,Regular
R003968,2024-10-29,Riverton,Occasional
R003969,2024-08-09,Metroville,Occasional
R003970,2025-10-15,Riverton,Regular
R003971,2024-05-08,Metroville,Regular
R003972,2024-05-17,Lakewood,Frequent
R003973,2024-10-05,Lakewood,Regular
R003974,2024-02-21,Riverton,Occasional
R003975,2025-05-13,Metroville,Regular
R003976,2025-07-22,Lakewood,Regular
R003977,2024-09-15,Metroville,Regular
R003978,2025-09-27,Metroville,Regular
R003979,2024-01-06,Hillview,Regular
R003980,2025-01-23,Metroville,Frequent
R003981,2025-06-18,Metroville,Occasional
R003982,2024-10-02,Metroville,Frequent
R003983,2025-11-23,Lakewood,Occasional
R003984,2024-11-11,Metroville,Frequent
R003985,2025-11-03,Lakewood,Occasional
R003986,2025-04-27,Riverton,Regular
R003987,2024-06-17,Metroville,Regular
R003988,2025-08-31,Metroville,Occasional
R003989,2024-01-23,Lakewood,Occasional
R003990,2024-05-18,Hillview,Regular
R003991,2025-07-24,Metroville,Occasional
R003992,2025-10-22,Riverton,Occasional
R003993,2024-10-11,Hillview,Regular
R003994,2025-04-26,Metroville,Regular
R003995,2025-05-25,Metroville,Occasional
R003996,2025-06-24,Riverton,Regular
R003997,2025-10-24,Hillview,Frequent
R003998,2024-03-04,Metroville,Occasional
R003999,2024-05-20,Riverton,Occasional
R004000,2025-11-03,Riverton,Regular
R004001,2025-02-02,Lakewood,Occasional
R004002,2025-01-21,Riverton,Frequent
R004003,2024-10-21,Lakewood,Occasional
R004004,2024-09-22,Hillview,Regular
R004005,2024-06-28,Lakewood,Regular
R004006,2024-10-19,Lakewood,Regular
R004007,2024-02-23,Riverton,Frequent
R004008,2024-08-02,Metroville,Regular
R004009,2025-12-28,Lakewood,Frequent
R004010,2024-04-29,Metroville,Regular
R004011,2025-06-19,Riverton,Frequent
R004012,2024-01-26,Lakewood,Occasional
R004013,2025-06-21,Hillview,Frequent
R004014,2024-07-12,Riverton,Regular
R004015,2025-05-29,Lakewood,Frequent
R004016,2024-12-29,Riverton,Occasional
R004017,2025-07-21,Metroville,Regular
R004018,2025-05-03,Lakewood,Regular
R004019,2025-02-12,Metroville,Regular
R004020,2025-06-20,Metroville,Regular
R004021,2025-12-08,Riverton,Frequent
R004022,2025-03-11,Hillview,Occasional
R004023,2024-05-07,Lakewood,Regular
R004024,2024-03-25,Metroville,Frequent
R004025,2025-02-04,Metroville,Regular
R004026,2024-11-11,Metroville,Occasional
R004027,2025-03-21,Hillview,Regular
R004028,2025-05-03,Lakewood,Regular
R004029,2024-05-16,Hillview,Frequent
R004030,2025-06-28,Lakewood,Occasional
R004031,2025-12-26,Lakewood,Occasional
R004032,2024-08-25,Riverton,Occasional
R004033,2025-11-10,Metroville,Occasional
R004034,2025-11-10,Riverton,Occasional
R004035,2024-11-02,Riverton,Regular
R004036,2025-08-05,Metroville,Occasional
R004037,2025-11-13,Metroville,Occasional
R004038,2025-09-15,Lakewood,Frequent
R004039,2024-10-11,Hillview,Frequent
R004040,2025-05-02,Hillview,Regular
R004041,2025-03-09,Metroville,Occasional
R004042,2024-10-29,Riverton,Regular
R004043,2025-04-13,Riverton,Frequent
R004044,2025-11-14,Hillview,Frequent
R004045,2024-01-20,Metroville,Occasional
R004046,2025-10-21,Hillview,Frequent
R004047,2024-09-26,Hillview,Occasional
R004048,2025-08-29,Riverton,Frequent
R004049,2024-03-19,Metroville,Frequent
R004050,2025-10-14,Metroville,Occasional
R004051,2024-11-23,Metroville,Occasional
R004052,2025-11-01,Hillview,Regular
R004053,2024-11-09,Riverton,Occasional
R004054,2025-06-30,Hillview,Frequent
R004055,2025-03-12,Lakewood,Occasional
R004056,2024-05-26,Hillview,Frequent
R004057,2024-07-01,Hillview,Occasional
R004058,2025-01-29,Metroville,Frequent
R004059,2024-12-22,Metroville,Regular
R004060,2025-03-26,Riverton,Occasional
R004061,2025-08-13,Riverton,Occasional
R004062,2025-07-20,Metroville,Occasional
R004063,2024-02-12,Riverton,Regular
R004064,2024-12-28,Metroville,Frequent
R004065,2024-04-18,Riverton,Regular
R004066,2025-01-10,Hillview,Regular
R004067,2025-01-27,Metroville,Regular
R004068,2025-12-29,Metroville,Frequent
R004069,2024-10-11,Riverton,Regular
R004070,2024-11-27,Riverton,Regular
R004071,2025-01-09,Metroville,Occasional
R004072,2024-04-05,Lakewood,Occasional
R004073,2024-02-13,Lakewood,Occasional
R004074,2025-06-03,Riverton,Frequent
R004075,2024-08-08,Riverton,Regular
R004076,2024-09-22,Metroville,Frequent
R004077,2025-12-27,Metroville,Occasional
R004078,2024-06-30,Metroville,Occasional
R004079,2025-10-23,Metroville,Occasional
R004080,2025-04-05,Metroville,Occasional
R004081,2024-07-13,Riverton,Frequent
R004082,2025-11-29,Hillview,Occasional
R004083,2025-03-31,Metroville,Frequent
R004084,2024-08-16,Hillview,Occasional
R004085,2024-11-26,Lakewood,Occasional
R004086,2024-09-29,Riverton,Occasional
R004087,2025-09-10,Hillview,Occasional
R004088,2024-12-06,Metroville,Regular
R004089,2024-01-27,Riverton,Frequent
R004090,2025-05-18,Metroville,Frequent
R004091,2025-07-08,Hillview,Occasional
R004092,2024-10-16,Metroville,Regular
R004093,2025-11-05,Riverton,Occasional
R004094,2024-11-07,Metroville,Occasional
R004095,2024-07-12,Lakewood,Regular
R004096,2025-05-28,Lakewood,Occasional
R004097,2024-04-03,Riverton,Occasional
R004098,2025-12-22,Metroville,Frequent
R004099,2025-05-15,Metroville,Regular
R004100,2024-08-19,Metroville,Regular
R004101,2024-02-29,Metroville,Regular
R004102,2025-03-04,Metroville,Occasional
R004103,2025-03-05,Lakewood,Occasional
R004104,2025-08-04,Lakewood,Occasional
R004105,2024-07-26,Hillview,Frequent
R004106,2024-06-04,Lakewood,Regular
R004107,2024-10-29,Metroville,Regular
R004108,2025-08-22,Riverton,Regular
R004109,2025-10-26,Metroville,Frequent
R004110,2024-09-16,Hillview,Occasional
R004111,2024-02-04,Lakewood,Frequent
R004112,2024-03-22,Metroville,Occasional
R004113,2025-02-02,Hillview,Occasional
R004114,2024-01-19,Lakewood,Frequent
R004115,2025-06-13,Hillview,Occasional
R004116,2024-01-25,Lakewood,Regular
R004117,2024-11-06,Lakewood,Regular
R004118,2025-08-06,Lakewood,Occasional
R004119,2024-12-08,Lakewood,Frequent
R004120,2025-05-09,Riverton,Occasional
R004121,2024-09-01,Metroville,Occasional
R004122,2025-08-03,Lakewood,Occasional
R004123,2024-11-08,Metroville,Frequent
R004124,2025-07-05,Lakewood,Frequent
R004125,2025-11-27,Metroville,Occasional
R004126,2024-10-05,Metroville,Regular
R004127,2024-06-18,Lakewood,Regular
R004128,2025-11-13,Riverton,Frequent
R004129,2025-05-13,Hillview,Regular
R004130,2025-10-04,Metroville,Frequent
R004131,2024-10-03,Lakewood,Occasional
R004132,2024-09-11,Metroville,Regular
R004133,2024-03-31,Riverton,Regular
R004134,2025-07-19,Lakewood,Occasional
R004135,2025-09-09,Metroville,Occasional
R004136,2025-08-22,Riverton,Frequent
R004137,2024-08-01,Metroville,Regular
R004138,2024-12-23,Metroville,Occasional
R004139,2024-12-26,Hillview,Regular
R004140,2024-03-29,Hillview,Regular
R004141,2024-01-01,Lakewood,Occasional
R004142,2024-09-01,Metroville,Occasional
R004143,2025-01-08,Metroville,Occasional
R004144,2025-12-24,Metroville,Frequent
R004145,2025-10-01,Riverton,Regular
R004146,2025-06-08,Riverton,Occasional
R004147,2025-12-05,Lakewood,Regular
R004148,2025-07-21,Lakewood,Occasional
R004149,2025-01-20,Metroville,Frequent
R004150,2025-10-29,Riverton,Regular
R004151,2025-11-04,Metroville,Regular
R004152,2024-05-28,Riverton,Regular
R004153,2024-07-25,Riverton,Occasional
R004154,2025-12-09,Metroville,Occasional
R004155,2024-01-05,Hillview,Occasional
R004156,2025-01-14,Hillview,Occasional
R004157,2024-10-07,Lakewood,Occasional
R004158,2025-06-29,Metroville,Occasional
R004159,2025-12-02,Metroville,Regular
R004160,2024-08-20,Metroville,Occasional
R004161,2024-06-10,Lakewood,Occasional
R004162,2024-08-29,Metroville,Occasional
R004163,2025-06-07,Hillview,Occasional
R004164,2024-09-20,Lakewood,Occasional
R004165,2025-04-15,Lakewood,Occasional
R004166,2024-09-11,Hillview,Frequent
R004167,2025-06-25,Lakewood,Occasional
R004168,2024-02-15,Lakewood,Regular
R004169,2024-09-07,Hillview,Regular
R004170,2024-08-14,Lakewood,Frequent
R004171,2025-03-13,Lakewood,Occasional
R004172,2025-04-18,Lakewood,Occasional
R004173,2025-06-16,Riverton,Occasional
R004174,2025-10-22,Riverton,Regular
R004175,2025-08-05,Riverton,Occasional
R004176,2024-01-31,Metroville,Occasional
R004177,2025-05-11,Hillview,Frequent
R004178,2024-01-13,Lakewood,Occasional
R004179,2024-10-29,Hillview,Occasional
R004180,2025-03-09,Metroville,Frequent
R004181,2024-08-21,Lakewood,Regular
R004182,2025-05-27,Hillview,Frequent
R004183,2025-08-05,Riverton,Occasional
R004184,2025-03-21,Metroville,Occasional
R004185,2025-01-19,Riverton,Occasional
R004186,2025-12-13,Metroville,Regular
R004187,2025-04-22,Lakewood,Frequent
R004188,2024-06-16,Metroville,Frequent
R004189,2025-04-25,Metroville,Regular
R004190,2024-12-18,Metroville,Regular
R004191,2024-01-18,Riverton,Occasional
R004192,2025-11-01,Riverton,Occasional
R004193,2025-08-05,Metroville,Occasional
R004194,2025-03-28,Lakewood,Regular
R004195,2025-05-07,Lakewood,Frequent
R004196,2025-02-26,Hillview,Regular
R004197,2024-09-08,Riverton,Occasional
R004198,2025-11-13,Hillview,Occasional
R004199,2025-02-08,Hillview,Regular
R004200,2024-09-05,Riverton,Occasional
R004201,2025-05-16,Metroville,Frequent
R004202,2024-04-25,Hillview,Regular
R004203,2024-08-21,Riverton,Occasional
R004204,2024-04-04,Metroville,Occasional
R004205,2024-03-03,Metroville,Occasional
R004206,2025-08-24,Lakewood,Occasional
R004207,2024-11-15,Metroville,Occasional
R004208,2025-09-19,Hillview,Occasional
R004209,2025-04-11,Metroville,Occasional
R004210,2024-06-20,Metroville,Occasional
R004211,2024-06-03,Metroville,Occasional
R004212,2024-11-30,Lakewood,Occasional
R004213,2024-03-10,Riverton,Occasional
R004214,2025-03-04,Lakewood,Regular
R004215,2024-12-02,Metroville,Regular
R004216,2024-04-11,Hillview,Occasional
R004217,2025-01-19,Lakewood,Frequent
R004218,2025-09-13,Metroville,Regular
R004219,2025-10-27,Metroville,Regular
R004220,2024-11-02,Lakewood,Regular
R004221,2024-02-23,Lakewood,Frequent
R004222,2025-09-24,Riverton,Regular
R004223,2025-02-07,Metroville,Regular
R004224,2025-07-10,Hillview,Regular
R004225,2024-02-03,Metroville,Frequent
R004226,2024-08-03,Metroville,Regular
R004227,2024-07-28,Riverton,Frequent
R004228,2025-06-08,Riverton,Occasional
R004229,2025-05-13,Hillview,Regular
R004230,2025-06-26,Lakewood,Regular
R004231,2024-10-17,Metroville,Occasional
R004232,2024-08-15,Hillview,Occasional
R004233,2024-05-18,Lakewood,Frequent
R004234,2024-07-04,Riverton,Occasional
R004235,2024-04-30,Metroville,Regular
R004236,2025-08-25,Metroville,Regular
R004237,2025-05-11,Hillview,Regular
R004238,2025-05-11,Hillview,Frequent
R004239,2025-10-10,Hillview,Frequent
R004240,2025-06-25,Hillview,Regular
R004241,2024-08-22,Lakewood,Occasional
R004242,2024-08-17,Lakewood,Occasional
R004243,2024-04-03,Metroville,Occasional
R004244,2025-06-12,Riverton,Regular
R004245,2025-10-02,Riverton,Occasional
R004246,2025-06-06,Riverton,Occasional
R004247,2024-12-10,Lakewood,Occasional
R004248,2024-08-31,Metroville,Occasional
R004249,2024-11-16,Riverton,Regular
R004250,2024-07-16,Hillview,Frequent
R004251,2024-05-01,Lakewood,Occasional
R004252,2024-11-11,Metroville,Occasional
R004253,2024-06-22,Hillview,Occasional
R004254,2025-06-25,Riverton,Occasional
R004255,2025-10-25,Riverton,Regular
R004256,2024-05-21,Hillview,Regular
R004257,2024-01-05,Riverton,Regular
R004258,2025-10-01,Riverton,Regular
R004259,2024-08-03,Riverton,Occasional
R004260,2024-07-05,Lakewood,Frequent
R004261,2025-09-18,Metroville,Frequent
R004262,2025-09-06,Metroville,Regular
R004263,2025-03-01,Riverton,Frequent
R004264,2024-04-24,Metroville,Frequent
R004265,2025-05-31,Hillview,Regular
R004266,2025-06-25,Lakewood,Frequent
R004267,2024-11-20,Riverton,Regular
R004268,2025-02-14,Metroville,Regular
R004269,2025-01-27,Lakewood,Occasional
R004270,2025-04-29,Lakewood,Regular
R004271,2025-01-12,Riverton,Occasional
R004272,2025-12-14,Metroville,Regular
R004273,2024-01-26,Lakewood,Occasional
R004274,2024-02-08,Hillview,Occasional
R004275,2024-04-20,Riverton,Regular
R004276,2024-04-19,Riverton,Frequent
R004277,2024-12-31,Riverton,Frequent
R004278,2024-02-27,Riverton,Frequent
R004279,2024-05-19,Lakewood,Regular
R004280,2025-01-15,Lakewood,Frequent
R004281,2025-10-20,Metroville,Occasional
R004282,2025-08-10,Metroville,Regular
R004283,2024-06-07,Lakewood,Occasional
R004284,2024-02-10,Hillview,Occasional
R004285,2025-06-24,Riverton,Regular
R004286,2025-07-24,Lakewood,Occasional
R004287,2025-11-11,Hillview,Frequent
R004288,2024-11-12,Lakewood,Frequent
R004289,2024-02-12,Metroville,Occasional
R004290,2025-11-20,Metroville,Occasional
R004291,2024-07-29,Hillview,Regular
R004292,2024-10-07,Riverton,Frequent
R004293,2024-10-30,Lakewood,Regular
R004294,2025-12-21,Riverton,Regular
R004295,2024-09-21,Riverton,Regular
R004296,2025-02-11,Lakewood,Frequent
R004297,2025-01-04,Riverton,Occasional
R004298,2025-12-25,Metroville,Frequent
R004299,2025-11-28,Metroville,Regular
R004300,2025-04-07,Lakewood,Regular
R004301,2024-03-18,Metroville,Occasional
R004302,2024-09-10,Hillview,Frequent
R004303,2025-05-02,Metroville,Occasional
R004304,2025-08-11,Lakewood,Regular
R004305,2025-07-04,Lakewood,Occasional
R004306,2024-12-22,Riverton,Regular
R004307,2025-05-05,Metroville,Regular
R004308,2024-08-14,Hillview,Occasional
R004309,2025-04-10,Lakewood,Occasional
R004310,2024-12-16,Metroville,Occasional
R004311,2025-05-15,Metroville,Occasional
R004312,2025-09-30,Hillview,Occasional
R004313,2025-08-23,Lakewood,Regular
R004314,2025-06-20,Lakewood,Regular
R004315,2025-07-16,Metroville,Regular
R004316,2024-05-07,Lakewood,Occasional
R004317,2024-05-15,Metroville,Regular
R004318,2025-09-05,Metroville,Regular
R004319,2025-01-30,Riverton,Regular
R004320,2024-11-11,Hillview,Frequent
R004321,2025-05-01,Lakewood,Frequent
R004322,2024-03-01,Metroville,Frequent
R004323,2024-04-30,Lakewood,Regular
R004324,2024-04-17,Hillview,Occasional
R004325,2025-02-18,Lakewood,Occasional
R004326,2024-02-18,Metroville,Regular
R004327,2024-02-02,Riverton,Regular
R004328,2025-05-10,Lakewood,Regular
R004329,2025-06-21,Metroville,Regular
R004330,2024-07-07,Hillview,Regular
R004331,2025-05-20,Metroville,Occasional
R004332,2024-03-11,Lakewood,Frequent
R004333,2024-10-26,Riverton,Frequent
R004334,2024-09-24,Lakewood,Occasional
R004335,2024-09-10,Metroville,Regular
R004336,2025-09-26,Riverton,Frequent
R004337,2024-02-27,Riverton,Regular
R004338,2025-04-05,Hillview,Regular
R004339,2024-07-19,Metroville,Frequent
R004340,2024-12-21,Metroville,Regular
R004341,2024-05-27,Hillview,Regular
R004342,2025-06-20,Riverton,Occasional
R004343,2024-02-14,Lakewood,Regular
R004344,2024-02-25,Riverton,Frequent
R004345,2024-08-28,Metroville,Occasional
R004346,2025-10-08,Hillview,Regular
R004347,2024-01-18,Riverton,Regular
R004348,2024-05-10,Hillview,Occasional
R004349,2024-12-25,Lakewood,Frequent
R004350,2024-01-16,Riverton,Frequent
R004351,2025-01-26,Metroville,Occasional
R004352,2024-09-22,Metroville,Regular
R004353,2025-04-17,Lakewood,Occasional
R004354,2024-02-12,Hillview,Occasional
R004355,2024-05-09,Riverton,Occasional
R004356,2024-05-02,Lakewood,Regular
R004357,2025-06-23,Metroville,Frequent
R004358,2025-06-24,Lakewood,Regular
R004359,2024-03-26,Lakewood,Occasional
R004360,2024-10-23,Lakewood,Occasional
R004361,2025-05-30,Riverton,Occasional
R004362,2024-01-06,Metroville,Occasional
R004363,2024-03-14,Lakewood,Regular
R004364,2025-04-16,Metroville,Frequent
R004365,2025-02-17,Metroville,Frequent
R004366,2025-06-01,Metroville,Occasional
R004367,2024-12-07,Riverton,Occasional
R004368,2025-10-22,Metroville,Regular
R004369,2024-04-01,Metroville,Regular
R004370,2024-04-23,Lakewood,Occasional
R004371,2025-04-10,Lakewood,Frequent
R004372,2025-09-19,Hillview,Regular
R004373,2024-01-17,Riverton,Regular
R004374,2025-06-02,Riverton,Frequent
R004375,2025-12-12,Metroville,Occasional
R004376,2025-02-16,Metroville,Regular
R004377,2025-08-31,Metroville,Frequent
R004378,2024-07-10,Riverton,Frequent
R004379,2025-08-12,Metroville,Occasional
R004380,2024-12-01,Hillview,Occasional
R004381,2024-08-06,Hillview,Regular
R004382,2024-05-25,Riverton,Occasional
R004383,2025-09-16,Lakewood,Regular
R004384,2025-06-09,Riverton,Frequent
R004385,2025-07-31,Metroville,Occasional
R004386,2025-05-30,Hillview,Occasional
R004387,2024-07-06,Lakewood,Regular
R004388,2024-05-20,Riverton,Frequent
R004389,2025-04-19,Metroville,Regular
R004390,2024-07-03,Riverton,Frequent
R004391,2025-04-19,Metroville,Regular
R004392,2025-10-21,Metroville,Occasional
R004393,2025-07-02,Lakewood,Occasional
R004394,2024-12-11,Metroville,Regular
R004395,2025-10-27,Metroville,Occasional
R004396,2025-02-07,Hillview,Occasional
R004397,2024-12-09,Metroville,Occasional
R004398,2025-12-02,Riverton,Regular
R004399,2024-09-02,Metroville,Frequent
R004400,2024-05-31,Riverton,Frequent
R004401,2024-04-11,Hillview,Regular
R004402,2025-04-04,Lakewood,Occasional
R004403,2025-01-08,Hillview,Regular
R004404,2025-07-20,Riverton,Occasional
R004405,2024-04-17,Lakewood,Regular
R004406,2024-08-21,Metroville,Regular
R004407,2024-03-29,Hillview,Occasional
R004408,2024-08-14,Hillview,Occasional
R004409,2025-12-03,Metroville,Frequent
R004410,2025-10-18,Metroville,Occasional
R004411,2024-12-29,Lakewood,Regular
R004412,2024-03-13,Metroville,Regular
R004413,2025-12-29,Metroville,Regular
R004414,2024-04-25,Hillview,Occasional
R004415,2024-03-15,Hillview,Frequent
R004416,2024-10-27,Lakewood,Regular
R004417,2025-11-19,Metroville,Regular
R004418,2025-08-07,Lakewood,Regular
R004419,2024-09-20,Hillview,Occasional
R004420,2024-11-29,Riverton,Regular
R004421,2024-02-14,Hillview,Regular
R004422,2024-07-17,Riverton,Occasional
R004423,2025-05-05,Lakewood,Regular
R004424,2024-11-03,Metroville,Occasional
R004425,2025-12-17,Riverton,Frequent
R004426,2024-11-22,Riverton,Frequent
R004427,2025-09-11,Riverton,Frequent
R004428,2025-06-16,Riverton,Regular
R004429,2025-01-06,Metroville,Regular
R004430,2025-09-27,Metroville,Frequent
R004431,2025-09-29,Hillview,Occasional
R004432,2024-08-23,Lakewood,Frequent
R004433,2024-07-22,Metroville,Frequent
R004434,2025-06-02,Riverton,Occasional
R004435,2024-01-20,Metroville,Occasional
R004436,2025-05-28,Riverton,Frequent
R004437,2024-11-14,Lakewood,Occasional
R004438,2025-07-15,Riverton,Occasional
R004439,2024-04-05,Hillview,Occasional
R004440,2025-02-25,Metroville,Frequent
R004441,2025-01-27,Hillview,Occasional
R004442,2024-01-11,Riverton,Occasional
R004443,2025-01-19,Hillview,Occasional
R004444,2025-04-25,Riverton,Regular
R004445,2024-10-23,Metroville,Occasional
R004446,2025-03-24,Lakewood,Occasional
R004447,2024-08-26,Metroville,Regular
R004448,2025-03-23,Riverton,Regular
R004449,2024-06-27,Metroville,Occasional
R004450,2024-07-24,Metroville,Regular
R004451,2024-02-21,Hillview,Regular
R004452,2024-03-12,Hillview,Regular
R004453,2024-04-08,Riverton,Occasional
R004454,2024-05-18,Lakewood,Occasional
R004455,2025-06-10,Hillview,Frequent
R004456,2024-06-07,Hillview,Occasional
R004457,2024-09-17,Metroville,Frequent
R004458,2024-05-07,Metroville,Occasional
R004459,2024-11-06,Hillview,Regular
R004460,2024-06-28,Metroville,Occasional
R004461,2024-08-28,Riverton,Regular
R004462,2024-02-20,Lakewood,Occasional
R004463,2025-01-04,Lakewood,Regular
R004464,2024-07-16,Metroville,Occasional
R004465,2025-04-21,Riverton,Occasional
R004466,2025-12-31,Riverton,Occasional
R004467,2024-12-21,Hillview,Frequent
R004468,2025-01-09,Lakewood,Frequent
R004469,2025-08-30,Hillview,Occasional
R004470,2024-09-09,Metroville,Occasional
R004471,2024-04-13,Metroville,Frequent
R004472,2025-06-11,Hillview,Occasional
R004473,2025-04-20,Metroville,Occasional
R004474,2024-12-09,Metroville,Occasional
R004475,2024-10-10,Metroville,Occasional
R004476,2024-01-22,Riverton,Frequent
R004477,2025-02-11,Riverton,Regular
R004478,2025-02-04,Hillview,Occasional
R004479,2025-01-12,Metroville,Regular
R004480,2024-08-10,Metroville,Regular
R004481,2024-04-21,Metroville,Occasional
R004482,2025-02-22,Hillview,Occasional
R004483,2025-03-29,Lakewood,Occasional
R004484,2024-05-06,Metroville,Occasional
R004485,2024-03-29,Metroville,Occasional
R004486,2024-12-19,Metroville,Occasional
R004487,2024-02-05,Riverton,Occasional
R004488,2024-05-21,Lakewood,Regular
R004489,2025-04-10,Riverton,Occasional
R004490,2024-08-06,Lakewood,Regular
R004491,2024-12-03,Metroville,Regular
R004492,2025-05-18,Riverton,Regular
R004493,2024-05-09,Riverton,Regular
R004494,2024-06-15,Metroville,Occasional
R004495,2024-08-05,Riverton,Occasional
R004496,2024-11-01,Hillview,Occasional
R004497,2025-02-13,Riverton,Occasional
R004498,2024-02-23,Riverton,Occasional
R004499,2024-12-12,Riverton,Regular
R004500,2025-05-18,Metroville,Regular
R004501,2025-09-15,Metroville,Regular
R004502,2025-01-29,Lakewood,Frequent
R004503,2025-04-03,Metroville,Occasional
R004504,2025-08-18,Riverton,Regular
R004505,2025-06-16,Riverton,Regular
R004506,2025-01-26,Metroville,Occasional
R004507,2025-02-18,Hillview,Regular
R004508,2025-12-28,Hillview,Frequent
R004509,2025-07-08,Metroville,Occasional
R004510,2024-06-25,Lakewood,Occasional
R004511,2024-11-28,Metroville,Occasional
R004512,2025-06-27,Hillview,Regular
R004513,2025-01-17,Lakewood,Occasional
R004514,2024-11-12,Riverton,Regular
R004515,2025-03-21,Hillview,Occasional
R004516,2024-10-02,Riverton,Occasional
R004517,2025-05-11,Hillview,Occasional
R004518,2025-06-19,Metroville,Occasional
R004519,2025-10-19,Metroville,Regular
R004520,2025-11-30,Lakewood,Occasional
R004521,2025-06-04,Hillview,Frequent
R004522,2025-07-07,Metroville,Occasional
R004523,2025-07-19,Lakewood,Occasional
R004524,2024-08-29,Hillview,Occasional
R004525,2025-11-01,Metroville,Regular
R004526,2025-01-08,Riverton,Occasional
R004527,2025-09-27,Metroville,Occasional
R004528,2024-06-07,Metroville,Frequent
R004529,2024-08-15,Metroville,Occasional
R004530,2025-03-30,Riverton,Frequent
R004531,2025-02-27,Metroville,Occasional
R004532,2024-10-21,Lakewood,Occasional
R004533,2024-06-10,Riverton,Frequent
R004534,2024-06-15,Lakewood,Regular
R004535,2025-06-16,Lakewood,Occasional
R004536,2024-01-16,Lakewood,Regular
R004537,2024-03-28,Hillview,Regular
R004538,2025-11-08,Hillview,Regular
R004539,2025-12-17,Metroville,Regular
R004540,2024-02-27,Riverton,Occasional
R004541,2024-04-14,Lakewood,Occasional
R004542,2024-08-29,Lakewood,Occasional
R004543,2025-03-04,Lakewood,Frequent
R004544,2024-05-19,Hillview,Occasional
R004545,2025-12-20,Riverton,Frequent
R004546,2024-12-27,Lakewood,Occasional
R004547,2025-01-28,Metroville,Regular
R004548,2024-05-22,Riverton,Regular
R004549,2024-08-13,Lakewood,Occasional
R004550,2025-06-22,Lakewood,Occasional
R004551,2025-04-08,Hillview,Occasional
R004552,2024-06-13,Hillview,Regular
R004553,2024-11-19,Hillview,Occasional
R004554,2024-05-15,Riverton,Occasional
R004555,2024-10-25,Lakewood,Occasional
R004556,2024-06-07,Metroville,Frequent
R004557,2025-12-18,Hillview,Regular
R004558,2024-08-05,Lakewood,Frequent
R004559,2024-12-12,Metroville,Occasional
R004560,2025-04-14,Metroville,Occasional
R004561,2024-01-31,Hillview,Occasional
R004562,2024-06-02,Metroville,Occasional
R004563,2025-12-24,Riverton,Occasional
R004564,2025-05-25,Riverton,Occasional
R004565,2024-06-26,Metroville,Regular
R004566,2024-11-10,Hillview,Occasional
R004567,2025-09-19,Hillview,Frequent
R004568,2024-05-24,Metroville,Frequent
R004569,2024-08-06,Metroville,Regular
R004570,2024-06-24,Riverton,Occasional
R004571,2025-05-01,Metroville,Regular
R004572,2025-01-21,Metroville,Occasional
R004573,2025-01-01,Hillview,Regular
R004574,2024-10-04,Metroville,Occasional
R004575,2024-08-28,Lakewood,Frequent
R004576,2025-01-11,Metroville,Regular
R004577,2025-08-07,Metroville,Regular
R004578,2025-08-17,Lakewood,Regular
R004579,2025-07-28,Metroville,Regular
R004580,2024-02-03,Riverton,Occasional
R004581,2024-12-24,Riverton,Regular
R004582,2024-10-15,Lakewood,Frequent
R004583,2025-11-15,Hillview,Occasional
R004584,2024-10-31,Metroville,Occasional
R004585,2024-06-29,Lakewood,Frequent
R004586,2024-07-02,Hillview,Frequent
R004587,2024-05-22,Riverton,Occasional
R004588,2024-11-19,Hillview,Occasional
R004589,2024-07-12,Lakewood,Occasional
R004590,2025-02-18,Hillview,Frequent
R004591,2024-06-17,Metroville,Frequent
R004592,2025-03-04,Metroville,Occasional
R004593,2025-03-26,Lakewood,Frequent
R004594,2025-05-05,Hillview,Occasional
R004595,2025-10-08,Metroville,Occasional
R004596,2024-02-26,Metroville,Occasional
R004597,2024-02-08,Hillview,Frequent
R004598,2024-12-02,Riverton,Occasional
R004599,2025-01-12,Lakewood,Frequent
R004600,2025-07-08,Metroville,Regular
R004601,2024-06-15,Riverton,Frequent
R004602,2024-11-29,Hillview,Regular
R004603,2025-03-23,Riverton,Regular
R004604,2025-04-25,Metroville,Occasional
R004605,2025-02-01,Lakewood,Occasional
R004606,2025-03-08,Lakewood,Regular
R004607,2024-04-30,Hillview,Occasional
R004608,2024-12-06,Riverton,Regular
R004609,2025-01-31,Riverton,Occasional
R004610,2024-02-27,Lakewood,Regular
R004611,2025-12-10,Metroville,Occasional
R004612,2025-04-08,Riverton,Occasional
R004613,2025-06-09,Riverton,Occasional
R004614,2025-01-26,Metroville,Occasional
R004615,2025-11-12,Riverton,Regular
R004616,2024-01-05,Metroville,Occasional
R004617,2025-12-02,Riverton,Regular
R004618,2024-05-31,Riverton,Regular
R004619,2025-10-09,Metroville,Occasional
R004620,2024-02-14,Riverton,Regular
R004621,2024-08-16,Lakewood,Occasional
R004622,2025-02-21,Lakewood,Occasional
R004623,2025-04-26,Hillview,Regular
R004624,2024-01-12,Hillview,Regular
R004625,2024-09-19,Lakewood,Frequent
R004626,2025-09-08,Riverton,Frequent
R004627,2024-05-14,Lakewood,Occasional
R004628,2025-11-24,Hillview,Frequent
R004629,2025-06-03,Metroville,Occasional
R004630,2025-12-15,Lakewood,Occasional
R004631,2025-10-23,Metroville,Regular
R004632,2024-06-14,Hillview,Regular
R004633,2025-11-19,Hillview,Frequent
R004634,2024-12-28,Metroville,Frequent
R004635,2024-07-08,Lakewood,Occasional
R004636,2025-10-14,Lakewood,Frequent
R004637,2024-12-10,Metroville,Frequent
R004638,2025-05-18,Metroville,Regular
R004639,2025-03-22,Hillview,Regular
R004640,2024-08-06,Metroville,Regular
R004641,2025-12-20,Lakewood,Regular
R004642,2025-09-02,Hillview,Occasional
R004643,2025-01-22,Metroville,Occasional
R004644,2025-02-24,Lakewood,Occasional
R004645,2024-02-20,Hillview,Frequent
R004646,2025-06-18,Riverton,Occasional
R004647,2025-10-27,Metroville,Occasional
R004648,2025-12-10,Metroville,Regular
R004649,2025-02-13,Riverton,Occasional
R004650,2025-12-31,Metroville,Frequent
R004651,2025-08-07,Lakewood,Occasional
R004652,2025-01-04,Metroville,Regular
R004653,2025-08-08,Hillview,Frequent
R004654,2024-04-24,Lakewood,Frequent
R004655,2025-05-09,Lakewood,Frequent
R004656,2025-03-29,Riverton,Regular
R004657,2024-12-27,Metroville,Occasional
R004658,2025-04-16,Riverton,Regular
R004659,2025-09-15,Hillview,Regular
R004660,2025-02-22,Riverton,Occasional
R004661,2024-10-04,Metroville,Regular
R004662,2024-11-04,Hillview,Frequent
R004663,2025-02-19,Metroville,Occasional
R004664,2025-03-01,Lakewood,Frequent
R004665,2024-08-17,Metroville,Regular
R004666,2025-01-25,Riverton,Occasional
R004667,2024-07-29,Metroville,Occasional
R004668,2025-11-22,Metroville,Occasional
R004669,2025-01-26,Lakewood,Occasional
R004670,2025-09-05,Metroville,Occasional
R004671,2024-10-04,Riverton,Occasional
R004672,2024-10-15,Lakewood,Occasional
R004673,2024-07-30,Lakewood,Occasional
R004674,2025-02-21,Metroville,Occasional
R004675,2025-03-27,Hillview,Frequent
R004676,2025-02-18,Metroville,Regular
R004677,2025-09-04,Lakewood,Frequent
R004678,2025-01-08,Metroville,Regular
R004679,2025-08-24,Hillview,Occasional
R004680,2024-02-12,Riverton,Frequent
R004681,2024-09-20,Metroville,Regular
R004682,2025-06-05,Metroville,Regular
R004683,2024-10-07,Lakewood,Occasional
R004684,2025-06-19,Metroville,Occasional
R004685,2025-03-09,Riverton,Occasional
R004686,2024-12-20,Metroville,Occasional
R004687,2025-02-12,Metroville,Frequent
R004688,2025-10-21,Riverton,Regular
R004689,2025-05-11,Lakewood,Occasional
R004690,2025-12-21,Metroville,Occasional
R004691,2024-03-11,Lakewood,Regular
R004692,2025-08-18,Hillview,Occasional
R004693,2025-10-14,Hillview,Regular
R004694,2025-11-10,Riverton,Occasional
R004695,2025-01-29,Hillview,Occasional
R004696,2024-12-22,Metroville,Frequent
R004697,2025-03-03,Metroville,Regular
R004698,2025-10-31,Metroville,Frequent
R004699,2025-09-26,Metroville,Regular
R004700,2025-11-15,Hillview,Occasional
R004701,2025-12-10,Metroville,Regular
R004702,2025-04-01,Lakewood,Regular
R004703,2024-07-08,Metroville,Frequent
R004704,2024-04-20,Hillview,Occasional
R004705,2025-10-19,Riverton,Regular
R004706,2024-04-21,Riverton,Regular
R004707,2024-02-21,Lakewood,Occasional
R004708,2024-12-11,Hillview,Regular
R004709,2025-06-28,Hillview,Occasional
R004710,2025-06-22,Riverton,Occasional
R004711,2024-07-05,Riverton,Occasional
R004712,2025-01-02,Metroville,Occasional
R004713,2025-10-16,Riverton,Regular
R004714,2025-08-08,Hillview,Frequent
R004715,2025-11-02,Metroville,Occasional
R004716,2025-07-17,Metroville,Occasional
R004717,2024-03-07,Metroville,Occasional
R004718,2024-05-29,Hillview,Frequent
R004719,2024-05-03,Lakewood,Regular
R004720,2024-04-07,Hillview,Frequent
R004721,2025-09-20,Riverton,Regular
R004722,2025-05-31,Metroville,Regular
R004723,2025-10-30,Lakewood,Frequent
R004724,2024-08-22,Metroville,Occasional
R004725,2025-12-18,Lakewood,Frequent
R004726,2025-11-12,Lakewood,Regular
R004727,2024-03-18,Lakewood,Frequent
R004728,2025-09-27,Lakewood,Occasional
R004729,2024-03-22,Lakewood,Occasional
R004730,2024-11-26,Hillview,Occasional
R004731,2024-05-12,Metroville,Occasional
R004732,2025-02-28,Hillview,Occasional
R004733,2024-01-13,Lakewood,Occasional
R004734,2025-09-12,Riverton,Occasional
R004735,2024-12-14,Metroville,Occasional
R004736,2025-09-29,Metroville,Occasional
R004737,2024-11-13,Riverton,Regular
R004738,2025-02-11,Hillview,Occasional
R004739,2025-06-24,Lakewood,Regular
R004740,2025-12-12,Metroville,Regular
R004741,2024-09-30,Riverton,Occasional
R004742,2025-01-16,Hillview,Occasional
R004743,2024-08-25,Riverton,Regular
R004744,2024-01-31,Metroville,Regular
R004745,2025-10-01,Lakewood,Occasional
R004746,2025-02-15,Hillview,Regular
R004747,2024-09-29,Metroville,Occasional
R004748,2025-07-22,Metroville,Regular
R004749,2025-08-22,Riverton,Regular
R004750,2025-12-21,Lakewood,Occasional
R004751,2024-11-15,Metroville,Regular
R004752,2024-03-18,Riverton,Frequent
R004753,2024-12-21,Hillview,Regular
R004754,2024-11-18,Hillview,Occasional
R004755,2024-05-31,Metroville,Regular
R004756,2025-03-05,Hillview,Occasional
R004757,2024-10-30,Riverton,Frequent
R004758,2025-10-07,Metroville,Regular
R004759,2024-02-04,Metroville,Occasional
R004760,2025-06-08,Hillview,Frequent
R004761,2025-03-16,Metroville,Regular
R004762,2024-06-18,Metroville,Occasional
R004763,2024-09-14,Riverton,Regular
R004764,2025-09-21,Riverton,Frequent
R004765,2024-09-23,Metroville,Frequent
R004766,2025-05-01,Riverton,Occasional
R004767,2025-01-10,Riverton,Frequent
R004768,2025-10-17,Riverton,Regular
R004769,2025-04-28,Riverton,Occasional
R004770,2025-09-02,Metroville,Regular
R004771,2025-10-23,Hillview,Occasional
R004772,2024-04-04,Lakewood,Occasional
R004773,2025-09-02,Lakewood,Regular
R004774,2025-12-04,Metroville,Occasional
R004775,2024-01-27,Lakewood,Occasional
R004776,2024-11-28,Metroville,Frequent
R004777,2024-07-05,Lakewood,Frequent
R004778,2025-12-20,Metroville,Occasional
R004779,2024-09-14,Riverton,Frequent
R004780,2024-05-16,Metroville,Regular
R004781,2024-03-10,Riverton,Occasional
R004782,2025-08-03,Riverton,Regular
R004783,2024-02-13,Lakewood,Occasional
R004784,2024-08-11,Hillview,Regular
R004785,2025-02-09,Lakewood,Regular
R004786,2024-02-02,Riverton,Regular
R004787,2024-05-07,Lakewood,Frequent
R004788,2025-12-28,Riverton,Frequent
R004789,2024-12-01,Hillview,Occasional
R004790,2024-08-10,Lakewood,Regular
R004791,2025-09-28,Hillview,Occasional
R004792,2024-02-28,Metroville,Regular
R004793,2024-07-12,Hillview,Regular
R004794,2025-09-21,Lakewood,Occasional
R004795,2025-07-05,Metroville,Occasional
R004796,2024-11-12,Riverton,Regular
R004797,2025-12-18,Metroville,Frequent
R004798,2025-02-25,Hillview,Occasional
R004799,2025-06-29,Riverton,Regular
R004800,2025-12-21,Riverton,Frequent
R004801,2025-01-04,Metroville,Occasional
R004802,2024-12-17,Hillview,Occasional
R004803,2025-04-30,Hillview,Frequent
R004804,2024-02-19,Riverton,Occasional
R004805,2024-11-09,Lakewood,Regular
R004806,2025-05-20,Lakewood,Regular
R004807,2024-10-04,Metroville,Frequent
R004808,2025-06-04,Hillview,Regular
R004809,2024-10-22,Metroville,Frequent
R004810,2024-05-22,Metroville,Regular
R004811,2024-04-17,Metroville,Occasional
R004812,2025-02-03,Lakewood,Occasional
R004813,2024-05-21,Riverton,Occasional
R004814,2024-09-27,Hillview,Regular
R004815,2025-01-15,Hillview,Regular
R004816,2024-02-06,Metroville,Occasional
R004817,2024-11-03,Metroville,Frequent
R004818,2024-08-16,Lakewood,Occasional
R004819,2024-08-17,Riverton,Occasional
R004820,2025-10-27,Hillview,Regular
R004821,2025-11-08,Metroville,Regular
R004822,2024-08-07,Metroville,Occasional
R004823,2025-10-06,Hillview,Frequent
R004824,2024-06-12,Lakewood,Occasional
R004825,2024-09-10,Lakewood,Occasional
R004826,2025-11-19,Metroville,Regular
R004827,2024-03-15,Metroville,Regular
R004828,2024-10-06,Metroville,Occasional
R004829,2025-08-12,Riverton,Occasional
R004830,2025-11-19,Riverton,Occasional
R004831,2025-11-25,Lakewood,Occasional
R004832,2025-10-06,Riverton,Frequent
R004833,2025-12-06,Metroville,Regular
R004834,2024-12-10,Metroville,Occasional
R004835,2024-08-24,Metroville,Frequent
R004836,2024-10-08,Metroville,Frequent
R004837,2024-03-29,Hillview,Occasional
R004838,2024-04-10,Metroville,Occasional
R004839,2025-12-13,Metroville,Occasional
R004840,2024-05-19,Riverton,Regular
R004841,2025-03-27,Lakewood,Occasional
R004842,2024-06-19,Metroville,Regular
R004843,2025-05-01,Metroville,Occasional
R004844,2024-12-10,Metroville,Regular
R004845,2024-03-17,Metroville,Occasional
R004846,2024-09-29,Riverton,Regular
R004847,2025-06-18,Lakewood,Regular
R004848,2025-08-08,Metroville,Frequent
R004849,2024-07-30,Riverton,Occasional
R004850,2024-08-05,Metroville,Regular
R004851,2025-06-18,Lakewood,Regular
R004852,2024-11-06,Metroville,Regular
R004853,2024-02-21,Metroville,Regular
R004854,2024-03-30,Lakewood,Occasional
R004855,2024-09-30,Metroville,Occasional
R004856,2024-07-17,Metroville,Regular
R004857,2024-03-28,Lakewood,Regular
R004858,2025-07-27,Hillview,Regular
R004859,2024-12-01,Lakewood,Occasional
R004860,2025-06-01,Metroville,Occasional
R004861,2024-01-02,Metroville,Regular
R004862,2024-10-21,Lakewood,Regular
R004863,2024-12-15,Metroville,Regular
R004864,2025-02-26,Metroville,Occasional
R004865,2025-12-09,Lakewood,Regular
R004866,2024-12-01,Hillview,Regular
R004867,2024-12-24,Riverton,Regular
R004868,2025-10-17,Metroville,Occasional
R004869,2024-10-18,Riverton,Occasional
R004870,2024-10-15,Lakewood,Occasional
R004871,2024-04-26,Riverton,Regular
R004872,2025-06-12,Riverton,Occasional
R004873,2024-01-15,Riverton,Occasional
R004874,2024-06-08,Lakewood,Frequent
R004875,2024-11-02,Riverton,Frequent
R004876,2024-11-13,Lakewood,Frequent
R004877,2024-01-29,Riverton,Regular
R004878,2025-01-22,Lakewood,Occasional
R004879,2025-12-12,Metroville,Occasional
R004880,2024-03-17,Lakewood,Occasional
R004881,2024-12-27,Metroville,Occasional
R004882,2025-03-05,Metroville,Frequent
R004883,2024-08-25,Lakewood,Frequent
R004884,2025-02-24,Lakewood,Regular
R004885,2024-09-06,Metroville,Occasional
R004886,2024-04-26,Metroville,Regular
R004887,2025-09-07,Lakewood,Regular
R004888,2026-01-01,Hillview,Regular
R004889,2024-10-09,Lakewood,Frequent
R004890,2024-03-08,Riverton,Occasional
R004891,2024-04-29,Lakewood,Occasional
R004892,2025-10-17,Metroville,Occasional
R004893,2025-10-06,Metroville,Occasional
R004894,2024-12-25,Lakewood,Regular
R004895,2025-09-29,Hillview,Frequent
R004896,2024-06-12,Metroville,Occasional
R004897,2024-10-20,Lakewood,Regular
R004898,2024-03-23,Riverton,Occasional
R004899,2025-02-02,Riverton,Regular
R004900,2025-05-26,Riverton,Regular
R004901,2025-12-04,Metroville,Occasional
R004902,2025-07-06,Hillview,Occasional
R004903,2025-05-01,Lakewood,Regular
R004904,2025-05-07,Metroville,Regular
R004905,2025-04-05,Hillview,Occasional
R004906,2024-11-03,Hillview,Occasional
R004907,2025-01-01,Hillview,Occasional
R004908,2024-05-06,Lakewood,Regular
R004909,2024-01-15,Hillview,Occasional
R004910,2025-07-31,Metroville,Regular
R004911,2024-12-29,Hillview,Occasional
R004912,2025-09-29,Riverton,Regular
R004913,2024-03-30,Lakewood,Regular
R004914,2024-10-13,Metroville,Regular
R004915,2024-07-07,Riverton,Regular
R004916,2025-09-07,Lakewood,Frequent
R004917,2024-10-02,Hillview,Frequent
R004918,2025-04-10,Hillview,Regular
R004919,2024-03-02,Riverton,Regular
R004920,2025-01-20,Metroville,Occasional
R004921,2024-11-19,Riverton,Frequent
R004922,2025-03-22,Riverton,Frequent
R004923,2025-03-04,Lakewood,Occasional
R004924,2024-03-19,Metroville,Occasional
R004925,2024-02-06,Riverton,Regular
R004926,2024-04-01,Metroville,Occasional
R004927,2024-06-08,Metroville,Frequent
R004928,2025-06-15,Metroville,Frequent
R004929,2024-07-16,Metroville,Occasional
R004930,2025-12-11,Lakewood,Regular
R004931,2024-03-04,Metroville,Frequent
R004932,2025-01-06,Lakewood,Regular
R004933,2025-06-07,Hillview,Occasional
R004934,2024-02-09,Lakewood,Regular
R004935,2025-01-11,Lakewood,Occasional
R004936,2024-02-19,Metroville,Regular
R004937,2025-08-01,Lakewood,Frequent
R004938,2024-12-08,Riverton,Frequent
R004939,2025-09-24,Hillview,Regular
R004940,2025-04-26,Hillview,Occasional
R004941,2024-08-19,Lakewood,Occasional
R004942,2024-04-23,Metroville,Occasional
R004943,2024-04-25,Riverton,Regular
R004944,2024-01-25,Hillview,Regular
R004945,2024-08-07,Hillview,Regular
R004946,2025-06-17,Hillview,Regular
R004947,2024-09-16,Metroville,Occasional
R004948,2024-04-16,Hillview,Regular
R004949,2024-02-28,Metroville,Frequent
R004950,2024-11-16,Metroville,Frequent
R004951,2024-06-02,Riverton,Regular
R004952,2025-06-21,Metroville,Frequent
R004953,2024-09-03,Lakewood,Regular
R004954,2024-04-01,Metroville,Regular
R004955,2024-07-18,Metroville,Regular
R004956,2024-11-20,Metroville,Occasional
R004957,2024-01-28,Lakewood,Frequent
R004958,2024-03-22,Metroville,Occasional
R004959,2025-12-04,Lakewood,Occasional
R004960,2024-09-11,Riverton,Occasional
R004961,2025-07-01,Metroville,Regular
R004962,2025-10-29,Hillview,Regular
R004963,2024-03-24,Metroville,Regular
R004964,2025-05-17,Hillview,Regular
R004965,2025-09-01,Hillview,Regular
R004966,2024-01-17,Hillview,Regular
R004967,2024-08-15,Lakewood,Occasional
R004968,2024-04-08,Riverton,Occasional
R004969,2024-01-24,Metroville,Occasional
R004970,2024-08-03,Hillview,Regular
R004971,2024-05-13,Metroville,Occasional
R004972,2025-10-17,Lakewood,Frequent
R004973,2024-06-22,Lakewood,Occasional
R004974,2025-06-30,Riverton,Regular
R004975,2024-02-07,Riverton,Occasional
R004976,2025-03-28,Metroville,Occasional
R004977,2025-05-23,Metroville,Occasional
R004978,2024-04-21,Riverton,Regular
R004979,2024-11-11,Hillview,Occasional
R004980,2025-11-10,Metroville,Occasional
R004981,2025-03-25,Riverton,Occasional
R004982,2025-08-14,Lakewood,Regular
R004983,2024-11-06,Metroville,Occasional
R004984,2024-06-24,Metroville,Frequent
R004985,2024-12-09,Riverton,Occasional
R004986,2024-10-22,Metroville,Occasional
R004987,2025-12-20,Hillview,Regular
R004988,2024-11-09,Metroville,Regular
R004989,2025-04-04,Lakewood,Occasional
R004990,2025-03-06,Metroville,Occasional
R004991,2024-09-28,Riverton,Occasional
R004992,2024-10-01,Metroville,Frequent
R004993,2025-09-10,Metroville,Frequent
R004994,2024-06-02,Lakewood,Frequent
R004995,2024-10-31,Lakewood,Occasional
R004996,2025-05-03,Lakewood,Regular
R004997,2024-02-11,Metroville,Regular
R004998,2025-05-10,Metroville,Regular
R004999,2025-09-01,Metroville,Occasional
R005000,2024-11-19,Metroville,Occasional
R005001,2025-03-02,Metroville,Occasional
R005002,2024-12-22,Metroville,Regular
R005003,2025-05-02,Lakewood,Frequent
R005004,2024-02-07,Metroville,Occasional
R005005,2025-03-27,Lakewood,Regular
R005006,2024-11-29,Riverton,Occasional
R005007,2024-01-27,Riverton,Occasional
R005008,2025-08-08,Lakewood,Regular
R005009,2024-04-21,Metroville,Occasional
R005010,2025-03-08,Lakewood,Regular
R005011,2025-09-14,Metroville,Occasional
R005012,2025-11-04,Lakewood,Occasional
R005013,2025-04-04,Hillview,Regular
R005014,2025-06-08,Lakewood,Regular
R005015,2025-03-04,Hillview,Frequent
R005016,2025-07-23,Metroville,Regular
R005017,2025-12-15,Metroville,Occasional
R005018,2024-12-01,Metroville,Frequent
R005019,2024-10-29,Metroville,Regular
R005020,2024-05-06,Metroville,Occasional
R005021,2025-12-17,Hillview,Frequent
R005022,2025-10-29,Lakewood,Regular
R005023,2025-05-31,Hillview,Frequent
R005024,2025-04-27,Hillview,Regular
R005025,2024-05-29,Riverton,Regular
R005026,2025-10-27,Hillview,Regular
R005027,2024-02-12,Metroville,Regular
R005028,2025-03-28,Hillview,Occasional
R005029,2024-07-04,Riverton,Occasional
R005030,2024-11-28,Lakewood,Occasional
R005031,2024-03-10,Riverton,Occasional
R005032,2024-04-08,Hillview,Frequent
R005033,2024-10-02,Hillview,Occasional
R005034,2024-10-18,Metroville,Frequent
R005035,2025-10-07,Metroville,Occasional
R005036,2025-03-13,Metroville,Regular
R005037,2024-01-23,Riverton,Regular
R005038,2025-11-12,Metroville,Frequent
R005039,2025-03-22,Riverton,Occasional
R005040,2025-08-30,Lakewood,Regular
R005041,2025-11-07,Hillview,Frequent
R005042,2025-01-10,Hillview,Occasional
R005043,2024-05-11,Lakewood,Occasional
R005044,2024-11-23,Lakewood,Occasional
R005045,2025-05-17,Hillview,Occasional
R005046,2024-01-25,Metroville,Occasional
R005047,2025-11-23,Lakewood,Regular
R005048,2024-09-14,Hillview,Occasional
R005049,2025-04-27,Riverton,Regular
R005050,2025-12-19,Hillview,Regular
R005051,2025-09-25,Lakewood,Regular
R005052,2025-06-26,Riverton,Frequent
R005053,2024-08-06,Hillview,Regular
R005054,2025-01-19,Riverton,Occasional
R005055,2025-01-02,Hillview,Occasional
R005056,2025-09-23,Hillview,Regular
R005057,2024-01-30,Metroville,Regular
R005058,2024-01-17,Metroville,Regular
R005059,2024-03-27,Riverton,Frequent
R005060,2025-12-01,Hillview,Regular
R005061,2025-01-30,Riverton,Regular
R005062,2025-05-27,Metroville,Occasional
R005063,2024-03-10,Riverton,Frequent
R005064,2024-01-10,Riverton,Occasional
R005065,2025-04-20,Lakewood,Occasional
R005066,2025-05-31,Lakewood,Frequent
R005067,2024-11-08,Hillview,Occasional
R005068,2024-03-01,Lakewood,Occasional
R005069,2024-12-24,Metroville,Occasional
R005070,2025-04-13,Lakewood,Occasional
R005071,2024-06-05,Metroville,Occasional
R005072,2024-08-08,Riverton,Regular
R005073,2025-06-30,Hillview,Occasional
R005074,2024-06-04,Riverton,Frequent
R005075,2024-03-13,Hillview,Occasional
R005076,2025-04-04,Riverton,Regular
R005077,2024-01-17,Lakewood,Regular
R005078,2024-11-13,Lakewood,Occasional
R005079,2025-02-20,Lakewood,Occasional
R005080,2024-02-17,Lakewood,Regular
R005081,2025-04-23,Metroville,Occasional
R005082,2025-08-24,Riverton,Occasional
R005083,2025-12-13,Metroville,Regular
R005084,2024-07-13,Metroville,Occasional
R005085,2024-08-27,Lakewood,Frequent
R005086,2025-03-28,Hillview,Occasional
R005087,2025-03-14,Metroville,Occasional
R005088,2025-03-22,Riverton,Regular
R005089,2024-08-18,Lakewood,Occasional
R005090,2024-02-11,Metroville,Frequent
R005091,2024-01-19,Metroville,Occasional
R005092,2025-12-31,Metroville,Regular
R005093,2024-10-24,Lakewood,Regular
R005094,2024-11-23,Lakewood,Occasional
R005095,2025-04-03,Riverton,Frequent
R005096,2024-05-30,Metroville,Regular
R005097,2024-10-06,Metroville,Occasional
R005098,2024-11-15,Metroville,Regular
R005099,2024-03-10,Hillview,Occasional
R005100,2025-03-17,Lakewood,Occasional
R005101,2024-05-21,Lakewood,Occasional
R005102,2024-01-03,Riverton,Occasional
R005103,2025-03-30,Metroville,Regular
R005104,2024-08-07,Metroville,Frequent
R005105,2025-06-09,Lakewood,Occasional
R005106,2025-01-27,Hillview,Occasional
R005107,2024-01-22,Hillview,Occasional
R005108,2025-05-23,Metroville,Frequent
R005109,2024-01-30,Metroville,Occasional
R005110,2024-08-17,Lakewood,Regular
R005111,2025-05-17,Metroville,Occasional
R005112,2024-10-22,Hillview,Regular
R005113,2024-10-08,Metroville,Occasional
R005114,2024-06-10,Metroville,Occasional
R005115,2024-11-20,Metroville,Occasional
R005116,2024-08-02,Hillview,Frequent
R005117,2025-11-23,Lakewood,Regular
R005118,2025-05-18,Metroville,Occasional
R005119,2025-10-27,Lakewood,Occasional
R005120,2024-09-03,Metroville,Regular
R005121,2025-11-26,Metroville,Occasional
R005122,2024-07-23,Hillview,Regular
R005123,2024-08-14,Riverton,Occasional
R005124,2024-08-06,Riverton,Occasional
R005125,2025-03-07,Lakewood,Regular
R005126,2025-03-24,Lakewood,Occasional
R005127,2024-02-17,Riverton,Occasional
R005128,2025-02-14,Metroville,Frequent
R005129,2025-11-28,Riverton,Regular
R005130,2024-10-24,Lakewood,Frequent
R005131,2025-05-27,Metroville,Occasional
R005132,2025-04-07,Metroville,Frequent
R005133,2025-12-18,Hillview,Regular
R005134,2025-04-15,Hillview,Occasional
R005135,2024-12-10,Metroville,Occasional
R005136,2024-01-10,Metroville,Occasional
R005137,2025-08-11,Riverton,Frequent
R005138,2024-09-05,Riverton,Regular
R005139,2025-11-08,Lakewood,Regular
R005140,2024-06-27,Hillview,Frequent
R005141,2024-11-16,Hillview,Occasional
R005142,2025-08-29,Metroville,Occasional
R005143,2024-04-21,Metroville,Occasional
R005144,2024-07-20,Metroville,Frequent
R005145,2025-08-02,Hillview,Regular
R005146,2024-08-20,Lakewood,Occasional
R005147,2025-12-01,Hillview,Frequent
R005148,2025-01-28,Riverton,Regular
R005149,2025-08-27,Riverton,Occasional
R005150,2025-02-04,Metroville,Regular
R005151,2024-02-03,Metroville,Regular
R005152,2025-08-16,Hillview,Frequent
R005153,2024-11-03,Lakewood,Occasional
R005154,2024-10-10,Hillview,Regular
R005155,2025-06-22,Metroville,Occasional
R005156,2024-07-24,Riverton,Occasional
R005157,2024-11-09,Lakewood,Frequent
R005158,2025-03-21,Metroville,Regular
R005159,2025-03-10,Lakewood,Frequent
R005160,2025-06-17,Hillview,Occasional
R005161,2024-03-01,Lakewood,Regular
R005162,2025-12-27,Lakewood,Regular
R005163,2025-03-21,Riverton,Occasional
R005164,2025-03-28,Riverton,Regular
R005165,2025-10-08,Hillview,Occasional
R005166,2024-12-25,Lakewood,Occasional
R005167,2024-01-23,Lakewood,Occasional
R005168,2024-04-07,Lakewood,Regular
R005169,2025-11-24,Hillview,Occasional
R005170,2025-12-23,Hillview,Occasional
R005171,2024-03-02,Riverton,Frequent
R005172,2025-05-16,Metroville,Occasional
R005173,2025-04-28,Hillview,Regular
R005174,2024-04-30,Metroville,Occasional
R005175,2025-07-30,Metroville,Occasional
R005176,2024-12-02,Lakewood,Frequent
R005177,2024-06-17,Riverton,Regular
R005178,2025-02-14,Metroville,Occasional
R005179,2025-10-24,Metroville,Occasional
R005180,2024-06-07,Riverton,Regular
R005181,2025-03-28,Riverton,Occasional
R005182,2025-06-20,Metroville,Regular
R005183,2025-04-02,Metroville,Occasional
R005184,2025-04-21,Riverton,Occasional
R005185,2025-06-15,Metroville,Frequent
R005186,2024-06-20,Metroville,Occasional
R005187,2024-03-15,Hillview,Occasional
R005188,2025-12-25,Riverton,Regular
R005189,2024-08-21,Lakewood,Occasional
R005190,2025-11-25,Lakewood,Frequent
R005191,2024-07-15,Riverton,Occasional
R005192,2024-07-13,Lakewood,Occasional
R005193,2024-01-19,Riverton,Regular
R005194,2024-11-19,Riverton,Regular
R005195,2025-11-22,Metroville,Occasional
R005196,2025-10-16,Lakewood,Occasional
R005197,2024-08-11,Metroville,Occasional
R005198,2024-10-24,Riverton,Occasional
R005199,2025-05-05,Riverton,Occasional
R005200,2025-11-29,Riverton,Regular
R005201,2025-03-18,Lakewood,Regular
R005202,2024-05-26,Lakewood,Regular
R005203,2024-09-17,Riverton,Occasional
R005204,2025-06-13,Metroville,Regular
R005205,2024-01-18,Hillview,Occasional
R005206,2025-03-14,Lakewood,Regular
R005207,2025-07-17,Lakewood,Occasional
R005208,2024-09-10,Hillview,Regular
R005209,2025-01-29,Riverton,Regular
R005210,2025-06-09,Lakewood,Frequent
R005211,2025-03-11,Lakewood,Occasional
R005212,2024-01-18,Riverton,Regular
R005213,2025-03-04,Lakewood,Occasional
R005214,2024-06-17,Lakewood,Occasional
R005215,2025-06-25,Riverton,Regular
R005216,2024-07-10,Metroville,Regular
R005217,2025-12-17,Riverton,Regular
R005218,2024-03-26,Metroville,Occasional
R005219,2025-10-13,Riverton,Regular
R005220,2024-01-25,Metroville,Regular
R005221,2025-05-14,Lakewood,Occasional
R005222,2024-09-15,Metroville,Occasional
R005223,2024-05-23,Metroville,Occasional
R005224,2024-06-08,Riverton,Regular
R005225,2024-01-29,Lakewood,Occasional
R005226,2024-04-07,Lakewood,Occasional
R005227,2024-10-13,Hillview,Regular
R005228,2024-04-25,Metroville,Regular
R005229,2025-12-09,Lakewood,Occasional
R005230,2025-08-27,Lakewood,Frequent
R005231,2024-12-11,Riverton,Regular
R005232,2024-03-10,Metroville,Occasional
R005233,2025-12-22,Lakewood,Frequent
R005234,2025-06-14,Hillview,Regular
R005235,2024-05-14,Lakewood,Occasional
R005236,2024-02-09,Hillview,Occasional
R005237,2025-03-29,Metroville,Regular
R005238,2024-01-30,Metroville,Occasional
R005239,2025-03-25,Lakewood,Frequent
R005240,2024-11-19,Metroville,Occasional
R005241,2025-10-06,Lakewood,Occasional
R005242,2024-10-06,Metroville,Regular
R005243,2024-11-23,Lakewood,Regular
R005244,2025-02-03,Hillview,Frequent
R005245,2025-12-20,Hillview,Occasional
R005246,2025-05-29,Metroville,Occasional
R005247,2025-05-04,Metroville,Regular
R005248,2024-08-14,Hillview,Occasional
R005249,2024-12-19,Lakewood,Occasional
R005250,2024-05-22,Lakewood,Occasional
R005251,2024-10-13,Riverton,Frequent
R005252,2025-08-24,Lakewood,Regular
R005253,2024-03-13,Lakewood,Occasional
R005254,2024-05-01,Hillview,Regular
R005255,2025-03-04,Lakewood,Frequent
R005256,2025-08-07,Riverton,Frequent
R005257,2025-12-14,Hillview,Regular
R005258,2025-03-05,Lakewood,Frequent
R005259,2025-04-25,Hillview,Regular
R005260,2024-07-30,Metroville,Regular
R005261,2024-10-27,Hillview,Occasional
R005262,2024-08-18,Metroville,Frequent
R005263,2024-03-20,Metroville,Occasional
R005264,2024-09-28,Riverton,Regular
R005265,2024-06-08,Hillview,Occasional
R005266,2025-03-08,Riverton,Occasional
R005267,2025-07-05,Riverton,Occasional
R005268,2025-12-18,Hillview,Occasional
R005269,2025-10-06,Lakewood,Regular
R005270,2024-08-20,Hillview,Occasional
R005271,2025-11-18,Metroville,Frequent
R005272,2025-11-20,Metroville,Frequent
R005273,2025-01-03,Metroville,Regular
R005274,2024-05-30,Hillview,Regular
R005275,2025-07-23,Metroville,Regular
R005276,2024-03-23,Lakewood,Regular
R005277,2024-09-21,Metroville,Occasional
R005278,2025-01-24,Metroville,Regular
R005279,2025-09-24,Lakewood,Occasional
R005280,2025-12-15,Metroville,Occasional
R005281,2025-08-21,Hillview,Occasional
R005282,2024-12-20,Hillview,Regular
R005283,2024-03-03,Riverton,Occasional
R005284,2025-08-08,Lakewood,Frequent
R005285,2025-09-19,Hillview,Regular
R005286,2024-12-11,Lakewood,Regular
R005287,2025-02-09,Metroville,Regular
R005288,2025-09-14,Metroville,Regular
R005289,2024-04-06,Lakewood,Frequent
R005290,2025-08-17,Lakewood,Regular
R005291,2025-01-10,Lakewood,Occasional
R005292,2025-05-17,Riverton,Regular
R005293,2024-05-19,Riverton,Frequent
R005294,2025-03-26,Metroville,Occasional
R005295,2024-07-15,Lakewood,Regular
R005296,2025-01-14,Riverton,Occasional
R005297,2025-01-19,Metroville,Frequent
R005298,2025-12-01,Metroville,Regular
R005299,2025-05-05,Riverton,Frequent
R005300,2025-02-12,Lakewood,Occasional
R005301,2024-10-21,Metroville,Occasional
R005302,2024-09-03,Lakewood,Occasional
R005303,2025-04-22,Lakewood,Occasional
R005304,2025-10-07,Metroville,Occasional
R005305,2025-02-23,Riverton,Occasional
R005306,2025-04-28,Lakewood,Occasional
R005307,2024-08-28,Metroville,Occasional
R005308,2025-02-12,Hillview,Occasional
R005309,2025-02-22,Lakewood,Regular
R005310,2025-05-14,Hillview,Occasional
R005311,2024-08-19,Metroville,Regular
R005312,2024-09-12,Lakewood,Regular
R005313,2024-09-20,Riverton,Occasional
R005314,2024-11-04,Hillview,Occasional
R005315,2024-08-01,Riverton,Frequent
R005316,2024-05-23,Riverton,Occasional
R005317,2025-01-01,Riverton,Frequent
R005318,2025-09-17,Metroville,Occasional
R005319,2024-01-24,Riverton,Occasional
R005320,2025-05-02,Lakewood,Frequent
R005321,2025-08-20,Metroville,Regular
R005322,2025-08-26,Metroville,Regular
R005323,2025-09-16,Metroville,Regular
R005324,2024-08-20,Metroville,Frequent
R005325,2024-03-14,Metroville,Occasional
R005326,2025-12-29,Metroville,Occasional
R005327,2025-05-27,Riverton,Occasional
R005328,2024-09-18,Lakewood,Regular
R005329,2025-09-15,Metroville,Occasional
R005330,2024-09-15,Riverton,Regular
R005331,2025-07-02,Metroville,Occasional
R005332,2025-12-04,Lakewood,Occasional
R005333,2025-07-16,Hillview,Occasional
R005334,2025-04-24,Riverton,Frequent
R005335,2024-05-19,Lakewood,Regular
R005336,2025-11-14,Lakewood,Occasional
R005337,2024-11-07,Metroville,Regular
R005338,2025-04-01,Lakewood,Occasional
R005339,2025-03-23,Metroville,Frequent
R005340,2024-06-29,Lakewood,Occasional
R005341,2025-03-17,Hillview,Occasional
R005342,2024-10-13,Riverton,Occasional
R005343,2024-09-12,Riverton,Frequent
R005344,2025-09-20,Riverton,Frequent
R005345,2025-06-12,Riverton,Occasional
R005346,2024-12-24,Lakewood,Regular
R005347,2024-01-15,Hillview,Regular
R005348,2025-06-02,Riverton,Occasional
R005349,2025-06-24,Riverton,Occasional
R005350,2024-05-01,Metroville,Occasional
R005351,2025-07-08,Lakewood,Regular
R005352,2024-10-19,Lakewood,Frequent
R005353,2025-06-20,Metroville,Occasional
R005354,2025-09-06,Riverton,Occasional
R005355,2025-05-27,Hillview,Regular
R005356,2025-11-19,Riverton,Occasional
R005357,2024-02-25,Metroville,Occasional
R005358,2024-08-25,Metroville,Occasional
R005359,2024-02-13,Metroville,Occasional
R005360,2024-05-06,Metroville,Occasional
R005361,2024-09-30,Metroville,Frequent
R005362,2024-01-18,Metroville,Regular
R005363,2024-10-17,Metroville,Frequent
R005364,2024-04-03,Metroville,Frequent
R005365,2024-03-23,Metroville,Regular
R005366,2025-09-03,Hillview,Frequent
R005367,2025-06-28,Hillview,Occasional
R005368,2024-11-29,Riverton,Regular
R005369,2025-02-19,Metroville,Frequent
R005370,2024-08-01,Metroville,Regular
R005371,2024-12-21,Lakewood,Regular
R005372,2025-07-21,Riverton,Regular
R005373,2025-01-16,Riverton,Occasional
R005374,2025-08-03,Riverton,Occasional
R005375,2024-12-20,Lakewood,Occasional
R005376,2024-09-22,Hillview,Occasional
R005377,2025-10-17,Riverton,Regular
R005378,2025-10-21,Metroville,Regular
R005379,2024-06-16,Lakewood,Frequent
R005380,2024-12-04,Lakewood,Regular
R005381,2025-07-19,Metroville,Frequent
R005382,2024-07-10,Lakewood,Occasional
R005383,2025-07-02,Riverton,Occasional
R005384,2025-10-20,Lakewood,Occasional
R005385,2024-06-21,Hillview,Occasional
R005386,2024-04-21,Metroville,Regular
R005387,2025-11-22,Hillview,Occasional
R005388,2025-12-30,Metroville,Frequent
R005389,2025-09-20,Hillview,Occasional
R005390,2025-03-24,Metroville,Frequent
R005391,2024-03-03,Lakewood,Regular
R005392,2025-11-01,Hillview,Frequent
R005393,2024-05-25,Metroville,Regular
R005394,2024-05-10,Hillview,Occasional
R005395,2025-06-08,Lakewood,Regular
R005396,2024-10-11,Lakewood,Frequent
R005397,2025-09-27,Riverton,Occasional
R005398,2025-10-01,Metroville,Regular
R005399,2025-08-12,Riverton,Occasional
R005400,2025-09-04,Metroville,Occasional
R005401,2025-02-03,Riverton,Regular
R005402,2025-09-30,Riverton,Occasional
R005403,2025-11-01,Metroville,Occasional
R005404,2024-07-24,Metroville,Occasional
R005405,2024-11-07,Riverton,Occasional
R005406,2025-03-28,Metroville,Occasional
R005407,2025-09-20,Riverton,Occasional
R005408,2024-10-12,Hillview,Occasional
R005409,2024-07-09,Metroville,Regular
R005410,2024-08-22,Lakewood,Occasional
R005411,2025-08-08,Hillview,Occasional
R005412,2025-01-15,Hillview,Occasional
R005413,2024-07-05,Metroville,Occasional
R005414,2025-06-07,Riverton,Occasional
R005415,2025-04-28,Metroville,Occasional
R005416,2025-01-14,Riverton,Occasional
R005417,2025-03-29,Lakewood,Regular
R005418,2024-06-17,Metroville,Occasional
R005419,2024-05-13,Lakewood,Occasional
R005420,2025-08-14,Metroville,Frequent
R005421,2025-05-12,Lakewood,Occasional
R005422,2025-12-16,Lakewood,Occasional
R005423,2025-11-18,Hillview,Regular
R005424,2024-09-22,Lakewood,Occasional
R005425,2024-12-04,Riverton,Regular
R005426,2025-09-13,Metroville,Regular
R005427,2024-01-03,Hillview,Frequent
R005428,2025-09-24,Lakewood,Frequent
R005429,2024-05-02,Metroville,Occasional
R005430,2024-07-09,Riverton,Frequent
R005431,2024-12-18,Metroville,Occasional
R005432,2025-05-31,Metroville,Regular
R005433,2024-09-16,Metroville,Regular
R005434,2025-11-17,Lakewood,Occasional
R005435,2025-07-27,Metroville,Occasional
R005436,2025-06-25,Riverton,Regular
R005437,2025-07-19,Metroville,Occasional
R005438,2024-01-22,Metroville,Regular
R005439,2025-08-25,Metroville,Frequent
R005440,2025-03-18,Lakewood,Occasional
R005441,2024-05-16,Metroville,Occasional
R005442,2025-07-23,Metroville,Occasional
R005443,2024-03-18,Metroville,Occasional
R005444,2025-03-28,Hillview,Occasional
R005445,2025-02-20,Metroville,Occasional
R005446,2024-01-22,Metroville,Regular
R005447,2024-10-01,Lakewood,Regular
R005448,2024-03-28,Lakewood,Occasional
R005449,2025-11-23,Metroville,Regular
R005450,2025-08-09,Hillview,Regular
R005451,2025-12-30,Riverton,Regular
R005452,2024-12-23,Lakewood,Regular
R005453,2024-08-28,Lakewood,Occasional
R005454,2025-12-02,Riverton,Regular
R005455,2024-08-12,Metroville,Occasional
R005456,2024-10-30,Hillview,Occasional
R005457,2024-04-07,Metroville,Occasional
R005458,2025-08-24,Lakewood,Occasional
R005459,2024-03-28,Metroville,Regular
R005460,2024-01-26,Riverton,Regular
R005461,2025-09-01,Hillview,Occasional
R005462,2025-09-07,Riverton,Frequent
R005463,2025-09-16,Metroville,Occasional
R005464,2025-09-20,Riverton,Occasional
R005465,2024-04-13,Hillview,Regular
R005466,2024-09-22,Metroville,Occasional
R005467,2025-07-14,Metroville,Frequent
R005468,2024-08-14,Lakewood,Regular
R005469,2025-07-23,Riverton,Occasional
R005470,2025-10-28,Metroville,Occasional
R005471,2025-12-04,Metroville,Occasional
R005472,2025-07-23,Lakewood,Occasional
R005473,2025-08-06,Riverton,Regular
R005474,2025-03-13,Metroville,Occasional
R005475,2024-02-27,Lakewood,Regular
R005476,2024-11-15,Riverton,Occasional
R005477,2025-11-28,Metroville,Occasional
R005478,2025-10-29,Metroville,Occasional
R005479,2024-06-23,Metroville,Occasional
R005480,2025-06-30,Riverton,Frequent
R005481,2024-08-12,Riverton,Regular
R005482,2024-11-01,Hillview,Frequent
R005483,2025-04-20,Lakewood,Regular
R005484,2024-12-29,Metroville,Occasional
R005485,2025-03-18,Lakewood,Occasional
R005486,2024-03-13,Lakewood,Regular
R005487,2024-08-05,Riverton,Occasional
R005488,2025-08-16,Hillview,Regular
R005489,2025-03-29,Lakewood,Frequent
R005490,2025-09-08,Riverton,Occasional
R005491,2025-12-07,Metroville,Frequent
R005492,2024-09-17,Lakewood,Frequent
R005493,2024-07-12,Riverton,Occasional
R005494,2024-08-14,Riverton,Regular
R005495,2025-02-22,Hillview,Occasional
R005496,2024-07-03,Hillview,Occasional
R005497,2024-10-12,Lakewood,Occasional
R005498,2024-05-06,Hillview,Occasional
R005499,2024-10-09,Riverton,Regular
R005500,2025-11-24,Lakewood,Frequent
R005501,2024-11-06,Metroville,Occasional
R005502,2025-07-09,Hillview,Occasional
R005503,2024-11-11,Hillview,Regular
R005504,2024-11-13,Lakewood,Regular
R005505,2025-04-26,Metroville,Occasional
R005506,2024-03-21,Metroville,Frequent
R005507,2024-09-17,Metroville,Regular
R005508,2024-04-12,Riverton,Occasional
R005509,2024-05-25,Lakewood,Regular
R005510,2025-06-03,Lakewood,Occasional
R005511,2024-05-07,Metroville,Occasional
R005512,2024-05-28,Riverton,Occasional
R005513,2025-02-23,Riverton,Occasional
R005514,2024-09-11,Hillview,Frequent
R005515,2024-03-30,Lakewood,Occasional
R005516,2025-12-01,Metroville,Frequent
R005517,2025-11-06,Metroville,Regular
R005518,2025-03-01,Hillview,Regular
R005519,2025-01-19,Hillview,Regular
R005520,2025-08-14,Lakewood,Occasional
R005521,2025-12-13,Metroville,Occasional
R005522,2024-03-17,Riverton,Occasional
R005523,2024-03-12,Riverton,Regular
R005524,2024-08-29,Riverton,Frequent
R005525,2024-08-10,Metroville,Occasional
R005526,2025-10-17,Hillview,Occasional
R005527,2025-01-07,Lakewood,Frequent
R005528,2025-08-16,Riverton,Occasional
R005529,2025-05-03,Metroville,Occasional
R005530,2025-06-13,Metroville,Occasional
R005531,2025-12-01,Metroville,Occasional
R005532,2025-03-05,Lakewood,Occasional
R005533,2025-07-22,Hillview,Regular
R005534,2024-07-15,Riverton,Occasional
R005535,2024-07-09,Hillview,Regular
R005536,2025-03-04,Riverton,Regular
R005537,2025-10-21,Metroville,Occasional
R005538,2024-02-07,Riverton,Frequent
R005539,2025-01-01,Riverton,Frequent
R005540,2024-05-28,Hillview,Frequent
R005541,2025-10-09,Lakewood,Occasional
R005542,2025-01-14,Metroville,Regular
R005543,2024-01-31,Riverton,Occasional
R005544,2024-01-02,Riverton,Occasional
R005545,2025-04-13,Lakewood,Occasional
R005546,2024-06-18,Metroville,Regular
R005547,2024-01-31,Lakewood,Occasional
R005548,2024-04-21,Hillview,Occasional
R005549,2024-04-23,Metroville,Frequent
R005550,2024-09-09,Riverton,Regular
R005551,2025-06-09,Metroville,Frequent
R005552,2025-09-20,Metroville,Occasional
R005553,2025-01-24,Metroville,Regular
R005554,2025-11-24,Metroville,Regular
R005555,2025-08-02,Lakewood,Occasional
R005556,2024-04-30,Riverton,Occasional
R005557,2025-06-22,Lakewood,Occasional
R005558,2024-06-18,Metroville,Regular
R005559,2025-12-06,Riverton,Occasional
R005560,2025-09-11,Lakewood,Occasional
R005561,2024-02-17,Lakewood,Frequent
R005562,2024-05-06,Riverton,Frequent
R005563,2024-11-19,Lakewood,Regular
R005564,2025-06-26,Lakewood,Regular
R005565,2025-02-08,Metroville,Regular
R005566,2024-03-03,Metroville,Regular
R005567,2025-04-05,Metroville,Regular
R005568,2025-04-19,Hillview,Regular
R005569,2025-11-11,Metroville,Occasional
R005570,2024-07-13,Riverton,Occasional
R005571,2024-01-28,Riverton,Regular
R005572,2025-07-02,Metroville,Regular
R005573,2025-05-29,Metroville,Frequent
R005574,2025-01-15,Metroville,Occasional
R005575,2025-05-21,Metroville,Regular
R005576,2024-05-10,Hillview,Regular
R005577,2024-04-01,Metroville,Regular
R005578,2024-10-21,Lakewood,Regular
R005579,2025-10-16,Metroville,Frequent
R005580,2025-01-11,Riverton,Regular
R005581,2025-04-12,Metroville,Frequent
R005582,2025-12-30,Metroville,Occasional
R005583,2024-08-09,Metroville,Occasional
R005584,2024-12-17,Hillview,Regular
R005585,2025-05-16,Lakewood,Regular
R005586,2024-04-20,Metroville,Frequent
R005587,2024-10-21,Riverton,Regular
R005588,2025-02-10,Riverton,Regular
R005589,2024-08-10,Lakewood,Regular
R005590,2024-06-10,Hillview,Regular
R005591,2024-11-16,Metroville,Frequent
R005592,2025-10-05,Hillview,Occasional
R005593,2024-10-31,Hillview,Frequent
R005594,2025-09-02,Lakewood,Frequent
R005595,2025-05-10,Lakewood,Frequent
R005596,2024-04-04,Metroville,Occasional
R005597,2025-10-31,Metroville,Frequent
R005598,2025-03-06,Lakewood,Occasional
R005599,2025-02-20,Hillview,Occasional
R005600,2025-05-24,Metroville,Occasional
R005601,2024-01-31,Lakewood,Occasional
R005602,2024-07-03,Metroville,Occasional
R005603,2025-08-04,Metroville,Frequent
R005604,2025-04-03,Lakewood,Regular
R005605,2024-10-12,Hillview,Regular
R005606,2024-12-04,Metroville,Frequent
R005607,2025-03-29,Metroville,Frequent
R005608,2024-12-18,Metroville,Frequent
R005609,2024-11-30,Lakewood,Frequent
R005610,2025-02-07,Lakewood,Frequent
R005611,2024-07-25,Metroville,Occasional
R005612,2025-02-21,Metroville,Regular
R005613,2025-05-21,Metroville,Occasional
R005614,2025-06-03,Metroville,Occasional
R005615,2025-03-30,Riverton,Occasional
R005616,2024-11-27,Riverton,Occasional
R005617,2025-04-24,Metroville,Frequent
R005618,2025-06-12,Lakewood,Regular
R005619,2024-08-15,Metroville,Regular
R005620,2024-12-21,Metroville,Occasional
R005621,2025-05-11,Lakewood,Occasional
R005622,2025-04-30,Riverton,Frequent
R005623,2024-12-29,Metroville,Occasional
R005624,2024-07-11,Metroville,Regular
R005625,2025-10-28,Metroville,Occasional
R005626,2025-01-31,Metroville,Occasional
R005627,2025-01-30,Lakewood,Regular
R005628,2024-12-08,Riverton,Regular
R005629,2025-07-10,Metroville,Occasional
R005630,2024-08-09,Riverton,Regular
R005631,2025-11-17,Hillview,Occasional
R005632,2024-02-15,Metroville,Regular
R005633,2024-01-10,Lakewood,Regular
R005634,2025-01-08,Lakewood,Occasional
R005635,2025-09-20,Riverton,Regular
R005636,2024-01-08,Hillview,Occasional
R005637,2025-05-11,Hillview,Regular
R005638,2024-10-12,Lakewood,Occasional
R005639,2024-01-16,Riverton,Occasional
R005640,2024-09-28,Lakewood,Occasional
R005641,2025-04-18,Riverton,Regular
R005642,2025-04-08,Hillview,Frequent
R005643,2025-09-13,Riverton,Occasional
R005644,2025-12-23,Metroville,Regular
R005645,2024-02-09,Metroville,Regular
R005646,2025-09-20,Riverton,Occasional
R005647,2024-01-08,Metroville,Regular
R005648,2025-12-14,Lakewood,Frequent
R005649,2025-07-20,Riverton,Frequent
R005650,2025-11-27,Riverton,Regular
R005651,2024-02-19,Riverton,Occasional
R005652,2024-02-24,Metroville,Occasional
R005653,2025-12-22,Riverton,Occasional
R005654,2024-07-25,Riverton,Regular
R005655,2024-10-06,Metroville,Occasional
R005656,2024-08-05,Lakewood,Regular
R005657,2024-04-24,Riverton,Occasional
R005658,2024-02-21,Metroville,Regular
R005659,2024-04-09,Lakewood,Regular
R005660,2025-09-11,Metroville,Frequent
R005661,2024-01-20,Riverton,Occasional
R005662,2025-10-17,Metroville,Frequent
R005663,2024-06-10,Lakewood,Regular
R005664,2025-03-18,Lakewood,Regular
R005665,2024-07-07,Metroville,Regular
R005666,2025-10-14,Lakewood,Occasional
R005667,2024-01-30,Metroville,Occasional
R005668,2025-06-06,Metroville,Regular
R005669,2025-11-15,Lakewood,Frequent
R005670,2024-11-18,Lakewood,Frequent
R005671,2024-11-25,Lakewood,Occasional
R005672,2024-04-19,Metroville,Occasional
R005673,2025-10-05,Lakewood,Regular
R005674,2025-12-02,Metroville,Regular
R005675,2024-12-29,Metroville,Occasional
R005676,2025-05-21,Metroville,Regular
R005677,2025-07-08,Metroville,Regular
R005678,2024-09-16,Lakewood,Frequent
R005679,2024-01-03,Hillview,Occasional
R005680,2024-04-04,Metroville,Frequent
R005681,2025-10-18,Riverton,Frequent
R005682,2025-08-07,Metroville,Occasional
R005683,2024-03-10,Metroville,Frequent
R005684,2025-08-10,Lakewood,Regular
R005685,2025-10-08,Metroville,Regular
R005686,2025-02-01,Riverton,Regular
R005687,2024-11-26,Metroville,Regular
R005688,2026-01-01,Riverton,Occasional
R005689,2025-09-30,Lakewood,Occasional
R005690,2024-10-09,Riverton,Regular
R005691,2024-12-15,Metroville,Occasional
R005692,2025-11-20,Metroville,Regular
R005693,2025-11-05,Riverton,Frequent
R005694,2025-04-06,Lakewood,Occasional
R005695,2025-04-19,Riverton,Regular
R005696,2025-06-23,Lakewood,Frequent
R005697,2024-07-30,Riverton,Occasional
R005698,2025-11-02,Riverton,Occasional
R005699,2024-08-03,Metroville,Regular
R005700,2025-08-31,Hillview,Frequent
R005701,2025-08-23,Riverton,Regular
R005702,2024-07-30,Metroville,Occasional
R005703,2025-08-14,Metroville,Occasional
R005704,2025-09-26,Riverton,Regular
R005705,2024-12-29,Riverton,Occasional
R005706,2025-01-30,Hillview,Occasional
R005707,2025-01-07,Riverton,Frequent
R005708,2024-02-02,Metroville,Regular
R005709,2025-01-30,Metroville,Regular
R005710,2025-05-08,Lakewood,Occasional
R005711,2025-02-14,Lakewood,Occasional
R005712,2024-12-31,Hillview,Occasional
R005713,2025-01-01,Riverton,Regular
R005714,2025-01-27,Hillview,Frequent
R005715,2025-11-11,Riverton,Frequent
R005716,2024-10-28,Riverton,Occasional
R005717,2024-06-13,Lakewood,Occasional
R005718,2024-02-16,Lakewood,Regular
R005719,2025-09-29,Lakewood,Occasional
R005720,2024-05-11,Hillview,Regular
R005721,2024-11-01,Metroville,Occasional
R005722,2025-07-07,Hillview,Frequent
R005723,2024-05-10,Lakewood,Regular
R005724,2024-06-20,Lakewood,Occasional
R005725,2025-04-10,Metroville,Regular
R005726,2025-04-04,Metroville,Frequent
R005727,2024-06-27,Lakewood,Frequent
R005728,2025-01-31,Metroville,Occasional
R005729,2025-05-30,Metroville,Regular
R005730,2024-06-11,Metroville,Occasional
R005731,2024-11-20,Metroville,Frequent
R005732,2024-07-24,Hillview,Regular
R005733,2025-11-19,Lakewood,Regular
R005734,2024-10-07,Lakewood,Occasional
R005735,2025-09-18,Hillview,Occasional
R005736,2025-10-06,Lakewood,Regular
R005737,2024-05-02,Hillview,Regular
R005738,2025-11-20,Hillview,Occasional
R005739,2024-02-05,Riverton,Occasional
R005740,2024-10-10,Lakewood,Occasional
R005741,2024-04-26,Hillview,Occasional
R005742,2024-02-03,Metroville,Occasional
R005743,2025-02-08,Lakewood,Regular
R005744,2025-03-15,Metroville,Frequent
R005745,2025-03-02,Metroville,Regular
R005746,2024-11-01,Metroville,Occasional
R005747,2025-07-29,Hillview,Occasional
R005748,2024-12-26,Metroville,Occasional
R005749,2025-01-26,Lakewood,Occasional
R005750,2024-11-19,Lakewood,Occasional
R005751,2024-05-31,Lakewood,Occasional
R005752,2025-04-24,Hillview,Regular
R005753,2025-08-29,Hillview,Regular
R005754,2024-08-10,Riverton,Occasional
R005755,2024-12-05,Riverton,Occasional
R005756,2025-10-15,Riverton,Occasional
R005757,2024-05-31,Lakewood,Occasional
R005758,2024-11-04,Lakewood,Frequent
R005759,2024-07-16,Metroville,Frequent
R005760,2024-09-07,Metroville,Occasional
R005761,2024-12-02,Hillview,Occasional
R005762,2025-11-06,Riverton,Occasional
R005763,2024-01-10,Lakewood,Regular
R005764,2024-09-19,Metroville,Occasional
R005765,2025-09-25,Riverton,Frequent
R005766,2024-03-01,Hillview,Regular
R005767,2025-01-05,Hillview,Occasional
R005768,2024-04-23,Riverton,Frequent
R005769,2025-02-13,Riverton,Regular
R005770,2025-06-06,Metroville,Occasional
R005771,2025-04-09,Metroville,Occasional
R005772,2025-02-15,Metroville,Frequent
R005773,2025-06-27,Lakewood,Frequent
R005774,2025-01-26,Hillview,Regular
R005775,2025-03-24,Hillview,Occasional
R005776,2024-03-01,Metroville,Occasional
R005777,2024-01-16,Lakewood,Regular
R005778,2024-04-30,Metroville,Occasional
R005779,2025-01-30,Lakewood,Occasional
R005780,2024-10-17,Riverton,Occasional
R005781,2024-09-24,Riverton,Regular
R005782,2024-11-23,Hillview,Regular
R005783,2025-12-25,Lakewood,Frequent
R005784,2024-10-02,Riverton,Occasional
R005785,2024-11-21,Hillview,Frequent
R005786,2025-01-03,Riverton,Occasional
R005787,2025-07-20,Metroville,Frequent
R005788,2025-06-20,Metroville,Regular
R005789,2025-12-17,Metroville,Occasional
R005790,2025-04-10,Metroville,Frequent
R005791,2025-11-29,Lakewood,Regular
R005792,2025-03-23,Riverton,Regular
R005793,2025-01-28,Metroville,Frequent
R005794,2025-02-12,Metroville,Regular
R005795,2024-12-17,Metroville,Occasional
R005796,2024-05-27,Hillview,Occasional
R005797,2024-09-25,Metroville,Occasional
R005798,2025-03-18,Metroville,Frequent
R005799,2025-03-19,Riverton,Frequent
R005800,2024-04-25,Lakewood,Regular
R005801,2025-08-11,Metroville,Regular
R005802,2025-06-05,Riverton,Occasional
R005803,2025-01-19,Lakewood,Frequent
R005804,2024-11-27,Lakewood,Occasional
R005805,2025-02-12,Riverton,Regular
R005806,2025-03-01,Metroville,Frequent
R005807,2024-11-09,Metroville,Regular
R005808,2025-09-23,Lakewood,Regular
R005809,2024-04-25,Metroville,Regular
R005810,2024-09-30,Metroville,Occasional
R005811,2024-10-18,Metroville,Occasional
R005812,2024-03-14,Lakewood,Occasional
R005813,2024-03-06,Hillview,Regular
R005814,2025-10-14,Lakewood,Regular
R005815,2025-07-20,Hillview,Frequent
R005816,2024-09-24,Lakewood,Occasional
R005817,2024-07-13,Lakewood,Occasional
R005818,2024-10-24,Metroville,Frequent
R005819,2025-05-30,Metroville,Regular
R005820,2024-08-04,Metroville,Occasional
R005821,2024-02-18,Metroville,Regular
R005822,2024-11-03,Riverton,Occasional
R005823,2025-03-14,Metroville,Occasional
R005824,2025-01-16,Metroville,Regular
R005825,2024-05-06,Riverton,Occasional
R005826,2025-09-09,Metroville,Frequent
R005827,2025-04-07,Hillview,Occasional
R005828,2025-06-11,Hillview,Occasional
R005829,2025-12-01,Metroville,Frequent
R005830,2025-01-10,Metroville,Occasional
R005831,2025-02-27,Hillview,Occasional
R005832,2025-07-13,Riverton,Regular
R005833,2025-07-20,Hillview,Occasional
R005834,2025-09-12,Metroville,Occasional
R005835,2025-05-30,Lakewood,Regular
R005836,2024-02-12,Metroville,Frequent
R005837,2024-09-13,Lakewood,Regular
R005838,2025-03-09,Metroville,Regular
R005839,2024-11-21,Riverton,Regular
R005840,2024-02-01,Lakewood,Occasional
R005841,2024-07-14,Riverton,Occasional
R005842,2024-08-13,Metroville,Regular
R005843,2024-01-27,Hillview,Regular
R005844,2025-07-12,Metroville,Occasional
R005845,2024-10-03,Hillview,Occasional
R005846,2025-08-02,Riverton,Regular
R005847,2025-09-29,Metroville,Regular
R005848,2025-10-08,Riverton,Frequent
R005849,2025-10-26,Lakewood,Regular
R005850,2024-12-30,Metroville,Regular
R005851,2024-06-26,Metroville,Regular
R005852,2024-03-02,Hillview,Frequent
R005853,2025-04-01,Hillview,Regular
R005854,2024-04-02,Lakewood,Occasional
R005855,2024-06-25,Metroville,Regular
R005856,2024-06-27,Metroville,Occasional
R005857,2024-07-19,Metroville,Frequent
R005858,2024-09-29,Riverton,Frequent
R005859,2024-08-30,Lakewood,Occasional
R005860,2025-01-20,Lakewood,Occasional
R005861,2025-12-01,Riverton,Regular
R005862,2025-04-17,Hillview,Regular
R005863,2025-05-09,Metroville,Regular
R005864,2024-04-28,Lakewood,Regular
R005865,2024-03-24,Lakewood,Frequent
R005866,2024-05-18,Metroville,Regular
R005867,2025-09-13,Lakewood,Frequent
R005868,2024-05-06,Metroville,Occasional
R005869,2025-12-21,Metroville,Occasional
R005870,2025-07-06,Riverton,Regular
R005871,2025-08-29,Metroville,Regular
R005872,2024-08-09,Riverton,Occasional
R005873,2024-04-24,Metroville,Occasional
R005874,2024-05-02,Riverton,Frequent
R005875,2025-09-19,Riverton,Regular
R005876,2024-11-11,Hillview,Occasional
R005877,2024-10-26,Metroville,Occasional
R005878,2024-06-30,Lakewood,Frequent
R005879,2024-09-17,Hillview,Occasional
R005880,2024-09-27,Metroville,Regular
R005881,2025-07-02,Metroville,Regular
R005882,2025-08-26,Metroville,Frequent
R005883,2024-12-07,Hillview,Regular
R005884,2024-09-01,Metroville,Regular
R005885,2024-11-26,Metroville,Regular
R005886,2024-05-07,Hillview,Frequent
R005887,2024-02-20,Lakewood,Occasional
R005888,2024-06-19,Metroville,Occasional
R005889,2024-01-18,Lakewood,Occasional
R005890,2024-01-26,Metroville,Frequent
R005891,2024-06-23,Lakewood,Regular
R005892,2025-10-21,Metroville,Occasional
R005893,2024-05-15,Lakewood,Occasional
R005894,2025-05-25,Riverton,Regular
R005895,2024-04-17,Metroville,Occasional
R005896,2024-12-05,Lakewood,Regular
R005897,2025-03-20,Hillview,Occasional
R005898,2025-02-14,Lakewood,Regular
R005899,2025-08-08,Hillview,Occasional
R005900,2024-07-04,Hillview,Occasional
R005901,2025-06-27,Metroville,Occasional
R005902,2024-10-22,Lakewood,Regular
R005903,2024-11-21,Hillview,Regular
R005904,2024-08-22,Riverton,Frequent
R005905,2025-12-30,Riverton,Regular
R005906,2025-08-26,Metroville,Regular
R005907,2024-12-04,Hillview,Occasional
R005908,2025-06-28,Metroville,Occasional
R005909,2025-11-01,Riverton,Regular
R005910,2024-07-26,Hillview,Occasional
R005911,2024-08-26,Lakewood,Regular
R005912,2025-07-11,Lakewood,Occasional
R005913,2024-07-26,Riverton,Occasional
R005914,2024-03-09,Hillview,Regular
R005915,2025-03-11,Lakewood,Frequent
R005916,2024-05-28,Riverton,Regular
R005917,2025-03-05,Metroville,Regular
R005918,2024-03-18,Metroville,Regular
R005919,2024-12-16,Metroville,Regular
R005920,2024-06-23,Lakewood,Regular
R005921,2025-01-21,Lakewood,Regular
R005922,2024-06-14,Metroville,Frequent
R005923,2024-07-02,Metroville,Regular
R005924,2025-10-21,Metroville,Occasional
R005925,2025-12-19,Hillview,Occasional
R005926,2024-08-27,Metroville,Regular
R005927,2025-04-17,Lakewood,Regular
R005928,2024-09-17,Riverton,Occasional
R005929,2024-05-04,Hillview,Regular
R005930,2024-03-14,Riverton,Regular
R005931,2025-10-13,Metroville,Occasional
R005932,2024-02-18,Metroville,Occasional
R005933,2024-12-26,Metroville,Regular
R005934,2024-06-09,Riverton,Occasional
R005935,2025-07-10,Metroville,Frequent
R005936,2024-04-08,Metroville,Regular
R005937,2025-02-26,Metroville,Occasional
R005938,2024-09-09,Lakewood,Frequent
R005939,2025-01-16,Metroville,Regular
R005940,2024-05-16,Lakewood,Frequent
R005941,2024-03-26,Metroville,Frequent
R005942,2024-05-10,Lakewood,Regular
R005943,2025-02-25,Metroville,Occasional
R005944,2025-04-18,Lakewood,Frequent
R005945,2025-10-24,Riverton,Occasional
R005946,2025-11-20,Lakewood,Regular
R005947,2025-07-04,Metroville,Regular
R005948,2024-01-10,Riverton,Frequent
R005949,2025-05-30,Lakewood,Regular
R005950,2025-05-31,Lakewood,Occasional
R005951,2025-05-31,Metroville,Regular
R005952,2025-04-27,Hillview,Regular
R005953,2025-05-18,Lakewood,Occasional
R005954,2025-03-04,Lakewood,Occasional
R005955,2025-03-29,Metroville,Regular
R005956,2025-05-21,Riverton,Regular
R005957,2024-02-01,Metroville,Regular
R005958,2025-01-07,Riverton,Regular
R005959,2024-04-03,Metroville,Frequent
R005960,2025-11-09,Metroville,Regular
R005961,2025-12-25,Riverton,Occasional
R005962,2024-04-25,Lakewood,Regular
R005963,2025-10-14,Metroville,Occasional
R005964,2024-12-12,Riverton,Occasional
R005965,2025-05-07,Hillview,Regular
R005966,2025-04-23,Lakewood,Regular
R005967,2024-03-27,Riverton,Frequent
R005968,2025-10-27,Lakewood,Regular
R005969,2025-04-13,Lakewood,Regular
R005970,2024-12-22,Riverton,Occasional
R005971,2025-03-26,Riverton,Frequent
R005972,2025-12-16,Metroville,Occasional
R005973,2025-04-18,Metroville,Occasional
R005974,2025-04-25,Lakewood,Regular
R005975,2025-10-03,Riverton,Frequent
R005976,2025-05-26,Lakewood,Occasional
R005977,2024-04-14,Metroville,Regular
R005978,2025-08-21,Lakewood,Regular
R005979,2025-10-20,Riverton,Occasional
R005980,2025-06-21,Metroville,Occasional
R005981,2024-04-21,Hillview,Occasional
R005982,2025-01-17,Lakewood,Occasional
R005983,2024-02-09,Riverton,Occasional
R005984,2025-07-19,Metroville,Occasional
R005985,2025-12-01,Lakewood,Regular
R005986,2024-01-27,Hillview,Occasional
R005987,2024-03-20,Lakewood,Occasional
R005988,2025-11-13,Metroville,Regular
R005989,2025-08-08,Hillview,Occasional
R005990,2025-08-25,Lakewood,Occasional
R005991,2024-06-01,Riverton,Regular
R005992,2025-04-11,Metroville,Regular
R005993,2025-08-29,Hillview,Regular
R005994,2024-02-20,Hillview,Occasional
R005995,2024-07-26,Lakewood,Frequent
R005996,2024-08-03,Metroville,Frequent
R005997,2025-01-31,Lakewood,Occasional
R005998,2024-07-04,Metroville,Regular
R005999,2024-09-07,Lakewood,Regular
R006000,2024-07-07,Riverton,Occasional
R006001,2024-02-16,Metroville,Occasional
R006002,2025-05-06,Hillview,Occasional
R006003,2025-04-12,Riverton,Occasional
R006004,2025-10-03,Lakewood,Occasional
R006005,2025-02-25,Lakewood,Occasional
R006006,2025-05-13,Hillview,Occasional
R006007,2024-09-19,Lakewood,Regular
R006008,2024-10-11,Hillview,Regular
R006009,2024-10-28,Metroville,Regular
R006010,2025-12-10,Metroville,Occasional
R006011,2024-12-11,Lakewood,Regular
R006012,2025-09-23,Metroville,Occasional
R006013,2024-08-22,Lakewood,Occasional
R006014,2025-05-16,Lakewood,Frequent
R006015,2024-07-19,Metroville,Occasional
R006016,2024-10-17,Metroville,Occasional
R006017,2025-09-20,Metroville,Occasional
R006018,2025-05-15,Metroville,Frequent
R006019,2024-12-21,Metroville,Occasional
R006020,2024-10-25,Metroville,Regular
R006021,2025-08-08,Hillview,Regular
R006022,2024-04-23,Metroville,Frequent
R006023,2025-09-13,Metroville,Frequent
R006024,2025-03-28,Hillview,Occasional
R006025,2024-08-28,Riverton,Occasional
R006026,2025-05-26,Metroville,Frequent
R006027,2025-12-26,Hillview,Occasional
R006028,2024-09-12,Hillview,Frequent
R006029,2024-10-14,Riverton,Occasional
R006030,2025-11-11,Lakewood,Occasional
R006031,2024-09-09,Lakewood,Occasional
R006032,2025-09-17,Hillview,Frequent
R006033,2025-10-20,Lakewood,Occasional
R006034,2025-03-02,Riverton,Regular
R006035,2024-03-01,Metroville,Regular
R006036,2024-02-14,Riverton,Occasional
R006037,2024-07-24,Hillview,Occasional
R006038,2024-01-13,Metroville,Occasional
R006039,2025-07-12,Metroville,Occasional
R006040,2025-04-13,Riverton,Frequent
R006041,2024-11-28,Riverton,Occasional
R006042,2025-08-18,Riverton,Occasional
R006043,2024-04-07,Hillview,Occasional
R006044,2025-01-01,Metroville,Regular
R006045,2024-09-04,Riverton,Regular
R006046,2024-01-18,Riverton,Occasional
R006047,2024-12-16,Metroville,Occasional
R006048,2024-04-16,Metroville,Regular
R006049,2024-02-03,Riverton,Frequent
R006050,2024-06-03,Riverton,Regular
R006051,2024-05-22,Riverton,Occasional
R006052,2025-04-04,Lakewood,Frequent
R006053,2025-08-03,Riverton,Occasional
R006054,2024-12-21,Metroville,Regular
R006055,2025-04-14,Metroville,Occasional
R006056,2024-03-15,Lakewood,Frequent
R006057,2025-07-29,Riverton,Occasional
R006058,2025-01-02,Riverton,Regular
R006059,2024-11-09,Lakewood,Occasional
R006060,2025-09-28,Riverton,Occasional
R006061,2024-08-17,Hillview,Occasional
R006062,2024-11-17,Lakewood,Frequent
R006063,2025-11-08,Lakewood,Occasional
R006064,2024-04-19,Hillview,Occasional
R006065,2025-01-17,Metroville,Occasional
R006066,2025-02-27,Riverton,Occasional
R006067,2025-05-27,Lakewood,Occasional
R006068,2025-11-11,Lakewood,Occasional
R006069,2024-09-08,Hillview,Regular
R006070,2024-03-25,Metroville,Occasional
R006071,2024-10-19,Metroville,Regular
R006072,2024-04-24,Metroville,Regular
R006073,2025-06-16,Hillview,Regular
R006074,2025-02-18,Metroville,Occasional
R006075,2025-07-08,Riverton,Regular
R006076,2024-09-05,Metroville,Frequent
R006077,2025-11-29,Lakewood,Regular
R006078,2025-10-17,Lakewood,Regular
R006079,2025-11-01,Metroville,Occasional
R006080,2025-06-05,Lakewood,Occasional
R006081,2024-05-17,Metroville,Occasional
R006082,2024-04-17,Metroville,Occasional
R006083,2025-12-01,Lakewood,Occasional
R006084,2025-09-29,Lakewood,Occasional
R006085,2025-10-06,Metroville,Regular
R006086,2025-04-15,Lakewood,Frequent
R006087,2025-09-19,Lakewood,Occasional
R006088,2024-12-27,Hillview,Occasional
R006089,2024-04-28,Riverton,Occasional
R006090,2024-07-06,Hillview,Regular
R006091,2025-09-15,Lakewood,Regular
R006092,2025-04-20,Riverton,Regular
R006093,2025-12-31,Metroville,Frequent
R006094,2025-10-19,Lakewood,Frequent
R006095,2025-07-09,Lakewood,Regular
R006096,2024-01-29,Riverton,Occasional
R006097,2024-05-15,Hillview,Occasional
R006098,2024-10-01,Riverton,Occasional
R006099,2024-01-27,Metroville,Regular
R006100,2025-11-15,Riverton,Frequent
R006101,2024-06-15,Riverton,Regular
R006102,2024-10-07,Metroville,Frequent
R006103,2025-05-08,Metroville,Occasional
R006104,2024-01-27,Riverton,Regular
R006105,2025-04-10,Metroville,Occasional
R006106,2024-03-15,Metroville,Regular
R006107,2025-10-22,Hillview,Occasional
R006108,2025-05-20,Hillview,Regular
R006109,2024-09-02,Lakewood,Frequent
R006110,2025-05-27,Hillview,Occasional
R006111,2024-08-17,Hillview,Frequent
R006112,2024-03-25,Lakewood,Occasional
R006113,2024-01-08,Riverton,Regular
R006114,2024-06-09,Hillview,Occasional
R006115,2025-06-02,Riverton,Occasional
R006116,2025-02-16,Metroville,Regular
R006117,2024-07-18,Metroville,Occasional
R006118,2025-05-17,Lakewood,Regular
R006119,2024-10-11,Metroville,Occasional
R006120,2024-04-24,Metroville,Occasional
R006121,2025-05-12,Lakewood,Occasional
R006122,2024-11-30,Metroville,Regular
R006123,2025-05-01,Metroville,Occasional
R006124,2025-02-15,Hillview,Occasional
R006125,2024-03-15,Metroville,Occasional
R006126,2024-02-06,Riverton,Occasional
R006127,2024-03-14,Lakewood,Occasional
R006128,2024-06-12,Hillview,Regular
R006129,2024-06-13,Metroville,Regular
R006130,2025-11-03,Metroville,Occasional
R006131,2025-07-27,Riverton,Occasional
R006132,2025-10-06,Lakewood,Frequent
R006133,2024-12-13,Riverton,Frequent
R006134,2024-08-24,Metroville,Frequent
R006135,2024-10-21,Metroville,Regular
R006136,2025-09-27,Metroville,Occasional
R006137,2024-09-17,Riverton,Occasional
R006138,2025-04-08,Metroville,Occasional
R006139,2024-04-15,Metroville,Occasional
R006140,2025-12-19,Riverton,Occasional
R006141,2025-04-14,Metroville,Occasional
R006142,2025-12-08,Metroville,Occasional
R006143,2024-08-03,Metroville,Frequent
R006144,2025-03-27,Hillview,Occasional
R006145,2024-07-19,Lakewood,Occasional
R006146,2024-12-08,Lakewood,Occasional
R006147,2024-08-24,Lakewood,Regular
R006148,2024-04-14,Hillview,Occasional
R006149,2024-11-19,Metroville,Regular
R006150,2025-01-23,Metroville,Regular
R006151,2024-04-25,Hillview,Frequent
R006152,2024-10-18,Lakewood,Occasional
R006153,2024-03-09,Hillview,Occasional
R006154,2025-04-17,Riverton,Regular
R006155,2024-08-17,Riverton,Regular
R006156,2024-03-06,Lakewood,Regular
R006157,2025-01-10,Metroville,Regular
R006158,2025-09-03,Hillview,Frequent
R006159,2025-12-26,Lakewood,Occasional
R006160,2025-12-08,Metroville,Frequent
R006161,2024-05-07,Metroville,Occasional
R006162,2024-06-02,Lakewood,Occasional
R006163,2025-10-15,Metroville,Occasional
R006164,2025-04-08,Metroville,Regular
R006165,2025-02-01,Metroville,Regular
R006166,2025-08-10,Hillview,Occasional
R006167,2024-02-17,Lakewood,Frequent
R006168,2025-02-09,Metroville,Frequent
R006169,2025-02-23,Metroville,Regular
R006170,2025-11-15,Riverton,Occasional
R006171,2024-12-08,Riverton,Regular
R006172,2025-01-09,Metroville,Regular
R006173,2025-08-09,Hillview,Occasional
R006174,2024-07-17,Metroville,Occasional
R006175,2024-02-21,Metroville,Regular
R006176,2024-12-11,Metroville,Frequent
R006177,2025-03-22,Hillview,Occasional
R006178,2024-12-23,Hillview,Occasional
R006179,2025-06-01,Riverton,Frequent
R006180,2024-07-04,Lakewood,Regular
R006181,2024-01-11,Metroville,Regular
R006182,2025-07-30,Metroville,Occasional
R006183,2025-09-14,Metroville,Frequent
R006184,2025-03-28,Hillview,Regular
R006185,2024-08-17,Riverton,Occasional
R006186,2024-09-28,Lakewood,Occasional
R006187,2024-12-17,Hillview,Regular
R006188,2024-11-04,Metroville,Occasional
R006189,2024-06-12,Metroville,Occasional
R006190,2024-09-29,Lakewood,Regular
R006191,2024-08-06,Hillview,Frequent
R006192,2024-11-23,Metroville,Occasional
R006193,2024-10-01,Metroville,Occasional
R006194,2025-01-21,Metroville,Occasional
R006195,2025-08-13,Hillview,Regular
R006196,2024-08-30,Metroville,Occasional
R006197,2024-02-12,Riverton,Regular
R006198,2025-08-21,Hillview,Frequent
R006199,2024-05-16,Riverton,Occasional
R006200,2025-11-10,Metroville,Regular
R006201,2025-01-21,Metroville,Occasional
R006202,2025-01-17,Metroville,Occasional
R006203,2024-10-26,Riverton,Regular
R006204,2025-06-04,Riverton,Regular
R006205,2025-04-22,Metroville,Occasional
R006206,2025-11-12,Lakewood,Regular
R006207,2024-01-13,Metroville,Regular
R006208,2024-05-20,Lakewood,Occasional
R006209,2024-07-22,Lakewood,Frequent
R006210,2024-05-18,Hillview,Regular
R006211,2025-11-25,Lakewood,Frequent
R006212,2024-02-23,Metroville,Regular
R006213,2024-03-29,Lakewood,Regular
R006214,2024-11-19,Hillview,Occasional
R006215,2024-07-12,Lakewood,Occasional
R006216,2024-08-30,Riverton,Occasional
R006217,2025-03-18,Lakewood,Regular
R006218,2025-02-14,Lakewood,Regular
R006219,2025-09-24,Lakewood,Regular
R006220,2024-11-26,Hillview,Occasional
R006221,2025-11-17,Lakewood,Occasional
R006222,2024-05-19,Lakewood,Occasional
R006223,2024-05-22,Riverton,Regular
R006224,2024-10-13,Metroville,Occasional
R006225,2024-03-26,Metroville,Occasional
R006226,2024-01-22,Metroville,Occasional
R006227,2024-09-28,Lakewood,Frequent
R006228,2025-01-28,Hillview,Occasional
R006229,2024-07-22,Lakewood,Frequent
R006230,2024-07-17,Lakewood,Occasional
R006231,2024-03-12,Metroville,Occasional
R006232,2024-03-23,Hillview,Regular
R006233,2025-10-08,Metroville,Occasional
R006234,2024-02-18,Metroville,Occasional
R006235,2025-05-29,Hillview,Frequent
R006236,2025-06-06,Hillview,Frequent
R006237,2024-05-28,Metroville,Regular
R006238,2024-06-30,Lakewood,Occasional
R006239,2024-09-26,Riverton,Occasional
R006240,2025-04-27,Metroville,Occasional
R006241,2024-01-27,Hillview,Frequent
R006242,2025-08-19,Metroville,Regular
R006243,2024-09-06,Lakewood,Occasional
R006244,2024-12-31,Metroville,Regular
R006245,2025-10-28,Metroville,Regular
R006246,2024-04-07,Metroville,Occasional
R006247,2025-11-24,Metroville,Occasional
R006248,2025-03-25,Hillview,Occasional
R006249,2024-11-08,Lakewood,Frequent
R006250,2024-02-22,Metroville,Occasional
R006251,2024-02-19,Lakewood,Occasional
R006252,2025-08-21,Metroville,Frequent
R006253,2024-10-21,Riverton,Frequent
R006254,2025-07-11,Lakewood,Regular
R006255,2025-09-01,Lakewood,Frequent
R006256,2024-10-21,Riverton,Occasional
R006257,2024-08-19,Lakewood,Regular
R006258,2024-07-15,Riverton,Regular
R006259,2025-04-11,Lakewood,Regular
R006260,2025-06-03,Metroville,Occasional
R006261,2024-09-12,Metroville,Occasional
R006262,2025-02-19,Metroville,Regular
R006263,2025-01-30,Hillview,Occasional
R006264,2024-04-16,Hillview,Occasional
R006265,2025-01-19,Hillview,Frequent
R006266,2025-07-09,Riverton,Regular
R006267,2025-12-05,Hillview,Occasional
R006268,2024-09-01,Lakewood,Occasional
R006269,2024-06-23,Riverton,Occasional
R006270,2025-10-16,Lakewood,Regular
R006271,2025-11-04,Hillview,Regular
R006272,2025-08-30,Hillview,Occasional
R006273,2024-09-02,Riverton,Frequent
R006274,2024-07-20,Riverton,Occasional
R006275,2025-04-02,Hillview,Frequent
R006276,2024-07-05,Metroville,Regular
R006277,2025-07-17,Lakewood,Regular
R006278,2024-10-18,Riverton,Regular
R006279,2024-08-27,Riverton,Frequent
R006280,2025-08-11,Lakewood,Occasional
R006281,2024-09-16,Lakewood,Regular
R006282,2024-04-05,Metroville,Occasional
R006283,2025-08-04,Hillview,Occasional
R006284,2024-08-19,Riverton,Frequent
R006285,2025-04-24,Riverton,Regular
R006286,2025-04-27,Metroville,Occasional
R006287,2024-03-01,Metroville,Frequent
R006288,2024-01-25,Lakewood,Occasional
R006289,2025-08-23,Metroville,Regular
R006290,2024-02-10,Metroville,Regular
R006291,2024-08-30,Metroville,Frequent
R006292,2025-07-11,Metroville,Regular
R006293,2024-05-10,Metroville,Occasional
R006294,2025-01-17,Riverton,Occasional
R006295,2024-03-25,Lakewood,Regular
R006296,2025-02-12,Lakewood,Occasional
R006297,2025-06-06,Hillview,Regular
R006298,2024-07-01,Lakewood,Occasional
R006299,2024-07-25,Hillview,Regular
R006300,2025-01-24,Metroville,Occasional
R006301,2025-08-02,Metroville,Regular
R006302,2025-02-02,Metroville,Regular
R006303,2025-05-28,Hillview,Regular
R006304,2024-10-29,Hillview,Regular
R006305,2024-04-04,Lakewood,Occasional
R006306,2025-12-06,Hillview,Frequent
R006307,2025-08-05,Metroville,Occasional
R006308,2024-02-06,Lakewood,Occasional
R006309,2024-07-21,Metroville,Occasional
R006310,2024-10-30,Lakewood,Regular
R006311,2024-02-29,Metroville,Occasional
R006312,2025-09-19,Lakewood,Occasional
R006313,2024-05-06,Lakewood,Regular
R006314,2024-05-30,Lakewood,Frequent
R006315,2024-08-19,Metroville,Occasional
R006316,2025-11-15,Lakewood,Occasional
R006317,2024-06-14,Metroville,Occasional
R006318,2024-11-07,Metroville,Regular
R006319,2025-05-14,Lakewood,Occasional
R006320,2024-04-24,Metroville,Regular
R006321,2024-03-06,Lakewood,Regular
R006322,2024-03-09,Metroville,Occasional
R006323,2024-05-14,Lakewood,Occasional
R006324,2024-08-27,Lakewood,Occasional
R006325,2025-11-19,Metroville,Regular
R006326,2025-11-04,Metroville,Regular
R006327,2025-02-20,Lakewood,Regular
R006328,2025-11-18,Hillview,Occasional
R006329,2024-01-22,Metroville,Occasional
R006330,2025-02-16,Metroville,Regular
R006331,2024-11-21,Riverton,Regular
R006332,2024-03-27,Metroville,Regular
R006333,2025-02-08,Metroville,Occasional
R006334,2024-11-30,Metroville,Occasional
R006335,2025-07-12,Hillview,Regular
R006336,2024-11-01,Lakewood,Occasional
R006337,2024-11-10,Metroville,Occasional
R006338,2024-06-18,Lakewood,Regular
R006339,2024-12-11,Metroville,Regular
R006340,2024-02-25,Metroville,Occasional
R006341,2025-02-18,Hillview,Occasional
R006342,2024-10-06,Lakewood,Regular
R006343,2024-07-19,Riverton,Regular
R006344,2024-09-29,Hillview,Regular
R006345,2025-10-14,Metroville,Occasional
R006346,2025-05-30,Metroville,Regular
R006347,2025-09-15,Metroville,Occasional
R006348,2024-10-15,Riverton,Regular
R006349,2024-10-15,Lakewood,Occasional
R006350,2024-01-10,Lakewood,Regular
R006351,2025-05-14,Metroville,Regular
R006352,2024-01-15,Metroville,Regular
R006353,2025-12-12,Lakewood,Occasional
R006354,2025-05-18,Metroville,Regular
R006355,2024-12-06,Riverton,Frequent
R006356,2025-04-28,Hillview,Occasional
R006357,2025-12-28,Hillview,Occasional
R006358,2024-04-27,Lakewood,Regular
R006359,2025-06-30,Metroville,Regular
R006360,2025-09-26,Lakewood,Occasional
R006361,2025-03-05,Metroville,Occasional
R006362,2025-04-30,Hillview,Occasional
R006363,2025-01-05,Riverton,Occasional
R006364,2024-04-22,Metroville,Occasional
R006365,2025-12-19,Riverton,Occasional
R006366,2024-07-29,Metroville,Frequent
R006367,2024-10-09,Riverton,Frequent
R006368,2025-12-13,Lakewood,Regular
R006369,2024-02-11,Hillview,Regular
R006370,2024-10-25,Hillview,Frequent
R006371,2025-02-10,Metroville,Regular
R006372,2024-06-22,Lakewood,Occasional
R006373,2025-05-05,Metroville,Occasional
R006374,2025-01-18,Riverton,Regular
R006375,2024-07-10,Lakewood,Frequent
R006376,2024-05-30,Hillview,Occasional
R006377,2024-07-28,Hillview,Occasional
R006378,2025-08-02,Metroville,Regular
R006379,2025-01-16,Metroville,Occasional
R006380,2025-08-04,Riverton,Occasional
R006381,2025-06-09,Metroville,Regular
R006382,2025-08-09,Metroville,Regular
R006383,2025-09-17,Lakewood,Occasional
R006384,2025-03-27,Lakewood,Occasional
R006385,2024-09-20,Lakewood,Occasional
R006386,2025-05-23,Metroville,Occasional
R006387,2025-11-22,Metroville,Regular
R006388,2024-08-23,Metroville,Frequent
R006389,2024-12-22,Riverton,Regular
R006390,2025-10-05,Lakewood,Regular
R006391,2025-03-13,Lakewood,Occasional
R006392,2024-04-15,Hillview,Occasional
R006393,2024-09-13,Hillview,Regular
R006394,2024-07-05,Metroville,Occasional
R006395,2024-12-15,Riverton,Occasional
R006396,2025-12-27,Metroville,Occasional
R006397,2025-09-06,Riverton,Regular
R006398,2025-12-04,Metroville,Occasional
R006399,2025-06-26,Metroville,Occasional
R006400,2025-01-06,Hillview,Regular
R006401,2025-04-28,Lakewood,Regular
R006402,2024-12-31,Metroville,Occasional
R006403,2024-01-31,Hillview,Regular
R006404,2024-03-26,Metroville,Regular
R006405,2025-02-10,Metroville,Occasional
R006406,2025-04-27,Lakewood,Regular
R006407,2024-07-04,Riverton,Occasional
R006408,2024-01-23,Riverton,Regular
R006409,2024-02-21,Lakewood,Occasional
R006410,2024-08-18,Lakewood,Occasional
R006411,2025-09-22,Lakewood,Regular
R006412,2024-11-02,Lakewood,Regular
R006413,2025-12-13,Metroville,Occasional
R006414,2025-10-16,Metroville,Frequent
R006415,2025-09-20,Riverton,Occasional
R006416,2025-12-09,Riverton,Occasional
R006417,2024-06-26,Lakewood,Occasional
R006418,2025-12-13,Metroville,Occasional
R006419,2025-11-07,Riverton,Frequent
R006420,2025-08-07,Metroville,Occasional
R006421,2024-05-20,Lakewood,Regular
R006422,2024-07-31,Lakewood,Regular
R006423,2025-04-22,Lakewood,Occasional
R006424,2024-02-03,Metroville,Regular
R006425,2025-08-24,Hillview,Occasional
R006426,2024-11-07,Metroville,Frequent
R006427,2024-01-16,Metroville,Occasional
R006428,2024-08-05,Lakewood,Frequent
R006429,2024-10-16,Riverton,Occasional
R006430,2025-04-24,Riverton,Occasional
R006431,2025-03-16,Lakewood,Regular
R006432,2024-09-28,Lakewood,Occasional
R006433,2025-03-29,Lakewood,Occasional
R006434,2025-10-14,Metroville,Regular
R006435,2024-09-13,Metroville,Occasional
R006436,2024-09-30,Lakewood,Regular
R006437,2024-03-15,Lakewood,Regular
R006438,2024-10-03,Riverton,Frequent
R006439,2024-07-26,Hillview,Occasional
R006440,2025-07-09,Lakewood,Regular
R006441,2024-03-23,Riverton,Regular
R006442,2025-03-07,Hillview,Regular
R006443,2025-07-19,Metroville,Occasional
R006444,2024-07-05,Lakewood,Occasional
R006445,2024-02-19,Riverton,Occasional
R006446,2025-05-10,Lakewood,Occasional
R006447,2025-03-06,Hillview,Regular
R006448,2025-02-16,Lakewood,Regular
R006449,2025-10-05,Hillview,Occasional
R006450,2024-03-17,Metroville,Frequent
R006451,2024-05-24,Riverton,Regular
R006452,2024-12-08,Metroville,Frequent
R006453,2025-02-15,Metroville,Occasional
R006454,2025-11-03,Metroville,Regular
R006455,2025-03-28,Lakewood,Occasional
R006456,2024-06-04,Metroville,Frequent
R006457,2025-09-15,Metroville,Occasional
R006458,2024-10-30,Riverton,Occasional
R006459,2025-09-27,Lakewood,Regular
R006460,2024-07-20,Lakewood,Occasional
R006461,2025-08-02,Lakewood,Frequent
R006462,2025-01-28,Hillview,Occasional
R006463,2025-02-10,Riverton,Occasional
R006464,2025-12-14,Lakewood,Occasional
R006465,2024-04-22,Hillview,Occasional
R006466,2024-08-14,Hillview,Frequent
R006467,2024-05-13,Lakewood,Frequent
R006468,2025-09-01,Metroville,Frequent
R006469,2025-09-14,Metroville,Frequent
R006470,2025-09-05,Riverton,Occasional
R006471,2024-06-23,Hillview,Regular
R006472,2024-07-08,Metroville,Occasional
R006473,2024-10-21,Lakewood,Regular
R006474,2025-07-19,Metroville,Frequent
R006475,2025-07-03,Lakewood,Occasional
R006476,2025-12-24,Hillview,Regular
R006477,2025-07-28,Riverton,Occasional
R006478,2025-11-29,Hillview,Frequent
R006479,2024-07-13,Lakewood,Frequent
R006480,2025-03-19,Riverton,Frequent
R006481,2025-01-25,Hillview,Regular
R006482,2024-04-21,Riverton,Frequent
R006483,2025-11-24,Hillview,Frequent
R006484,2024-03-28,Metroville,Occasional
R006485,2025-09-17,Metroville,Frequent
R006486,2024-07-14,Metroville,Regular
R006487,2024-06-11,Hillview,Occasional
R006488,2025-03-16,Metroville,Regular
R006489,2024-12-08,Riverton,Regular
R006490,2024-10-09,Lakewood,Regular
R006491,2025-10-23,Riverton,Occasional
R006492,2025-05-26,Riverton,Regular
R006493,2025-03-21,Lakewood,Regular
R006494,2025-07-30,Metroville,Occasional
R006495,2025-08-10,Riverton,Regular
R006496,2024-05-12,Hillview,Regular
R006497,2024-11-19,Metroville,Frequent
R006498,2025-10-24,Metroville,Regular
R006499,2025-08-19,Hillview,Frequent
R006500,2024-02-14,Metroville,Regular
R006501,2024-06-29,Metroville,Occasional
R006502,2024-07-12,Hillview,Occasional
R006503,2025-01-10,Riverton,Regular
R006504,2025-08-19,Metroville,Regular
R006505,2024-12-19,Hillview,Occasional
R006506,2024-05-14,Riverton,Frequent
R006507,2025-02-11,Metroville,Frequent
R006508,2024-06-10,Lakewood,Regular
R006509,2025-05-11,Hillview,Occasional
R006510,2025-12-15,Riverton,Frequent
R006511,2025-04-07,Lakewood,Occasional
R006512,2025-10-29,Lakewood,Occasional
R006513,2025-02-02,Metroville,Occasional
R006514,2025-08-17,Riverton,Occasional
R006515,2025-11-19,Metroville,Regular
R006516,2024-05-07,Riverton,Frequent
R006517,2025-05-02,Metroville,Regular
R006518,2024-07-05,Metroville,Occasional
R006519,2024-03-02,Metroville,Regular
R006520,2024-06-21,Riverton,Regular
R006521,2024-04-14,Lakewood,Regular
R006522,2024-05-18,Lakewood,Occasional
R006523,2024-01-05,Lakewood,Regular
R006524,2025-12-11,Lakewood,Regular
R006525,2024-11-18,Hillview,Regular
R006526,2024-05-01,Metroville,Frequent
R006527,2024-09-08,Metroville,Frequent
R006528,2025-06-30,Hillview,Frequent
R006529,2025-04-07,Lakewood,Frequent
R006530,2024-02-07,Lakewood,Regular
R006531,2024-04-18,Metroville,Frequent
R006532,2025-02-02,Hillview,Regular
R006533,2025-12-10,Hillview,Occasional
R006534,2024-02-21,Lakewood,Frequent
R006535,2025-09-23,Metroville,Occasional
R006536,2024-02-15,Metroville,Regular
R006537,2024-12-28,Metroville,Frequent
R006538,2024-06-17,Lakewood,Regular
R006539,2024-11-05,Lakewood,Occasional
R006540,2025-11-08,Lakewood,Occasional
R006541,2024-06-06,Metroville,Regular
R006542,2025-04-12,Metroville,Regular
R006543,2024-08-31,Hillview,Regular
R006544,2025-04-21,Metroville,Regular
R006545,2024-02-10,Hillview,Occasional
R006546,2024-08-05,Lakewood,Regular
R006547,2025-12-02,Metroville,Regular
R006548,2025-06-13,Lakewood,Occasional
R006549,2025-11-16,Hillview,Frequent
R006550,2025-05-13,Hillview,Occasional
R006551,2024-05-15,Metroville,Occasional
R006552,2024-12-03,Metroville,Occasional
R006553,2025-10-04,Lakewood,Occasional
R006554,2025-05-14,Metroville,Regular
R006555,2025-01-15,Metroville,Frequent
R006556,2025-09-26,Hillview,Occasional
R006557,2024-03-24,Riverton,Regular
R006558,2025-12-03,Riverton,Frequent
R006559,2024-04-02,Lakewood,Regular
R006560,2025-12-30,Metroville,Frequent
R006561,2025-08-11,Metroville,Regular
R006562,2024-12-23,Riverton,Frequent
R006563,2024-12-14,Lakewood,Regular
R006564,2024-01-24,Lakewood,Occasional
R006565,2024-08-19,Metroville,Occasional
R006566,2024-06-16,Lakewood,Regular
R006567,2025-06-01,Metroville,Frequent
R006568,2024-05-24,Metroville,Occasional
R006569,2025-08-12,Hillview,Regular
R006570,2024-08-07,Riverton,Occasional
R006571,2025-09-14,Hillview,Occasional
R006572,2024-09-20,Hillview,Occasional
R006573,2025-07-04,Lakewood,Frequent
R006574,2025-05-04,Metroville,Frequent
R006575,2025-12-25,Lakewood,Regular
R006576,2025-01-19,Metroville,Occasional
R006577,2024-09-15,Riverton,Frequent
R006578,2025-04-20,Riverton,Occasional
R006579,2024-01-22,Lakewood,Occasional
R006580,2025-12-12,Lakewood,Occasional
R006581,2025-05-11,Metroville,Occasional
R006582,2024-02-05,Metroville,Occasional
R006583,2024-05-06,Metroville,Occasional
R006584,2024-01-11,Hillview,Occasional
R006585,2025-05-03,Metroville,Frequent
R006586,2025-05-02,Hillview,Frequent
R006587,2024-04-29,Lakewood,Frequent
R006588,2025-02-03,Lakewood,Regular
R006589,2024-12-24,Metroville,Regular
R006590,2024-12-19,Metroville,Regular
R006591,2025-03-28,Lakewood,Frequent
R006592,2025-09-16,Lakewood,Occasional
R006593,2025-10-31,Lakewood,Regular
R006594,2024-04-26,Metroville,Occasional
R006595,2025-11-22,Metroville,Occasional
R006596,2025-02-23,Metroville,Regular
R006597,2024-05-12,Riverton,Frequent
R006598,2025-11-13,Riverton,Frequent
R006599,2024-09-27,Metroville,Occasional
R006600,2024-11-22,Riverton,Occasional
R006601,2025-12-08,Metroville,Frequent
R006602,2025-02-28,Riverton,Regular
R006603,2024-04-14,Lakewood,Occasional
R006604,2024-02-21,Riverton,Regular
R006605,2025-08-23,Metroville,Regular
R006606,2024-09-12,Riverton,Regular
R006607,2024-03-13,Riverton,Frequent
R006608,2024-01-31,Metroville,Occasional
R006609,2025-11-23,Metroville,Occasional
R006610,2025-02-22,Riverton,Occasional
R006611,2025-01-18,Lakewood,Occasional
R006612,2025-03-08,Riverton,Occasional
R006613,2024-11-02,Metroville,Occasional
R006614,2025-11-27,Metroville,Occasional
R006615,2025-03-16,Riverton,Occasional
R006616,2025-04-12,Metroville,Occasional
R006617,2025-10-16,Metroville,Frequent
R006618,2024-01-03,Metroville,Regular
R006619,2024-08-21,Hillview,Regular
R006620,2025-09-01,Metroville,Occasional
R006621,2024-03-11,Lakewood,Occasional
R006622,2024-08-29,Lakewood,Regular
R006623,2024-04-29,Lakewood,Occasional
R006624,2025-06-06,Metroville,Occasional
R006625,2025-09-09,Metroville,Occasional
R006626,2024-07-12,Metroville,Frequent
R006627,2025-05-18,Hillview,Occasional
R006628,2025-07-10,Riverton,Occasional
R006629,2025-10-24,Hillview,Regular
R006630,2025-11-09,Riverton,Frequent
R006631,2024-11-29,Metroville,Regular
R006632,2024-02-28,Riverton,Occasional
R006633,2025-06-28,Lakewood,Regular
R006634,2025-02-02,Riverton,Occasional
R006635,2024-12-02,Hillview,Regular
R006636,2025-01-30,Lakewood,Occasional
R006637,2025-04-16,Riverton,Occasional
R006638,2024-07-28,Metroville,Regular
R006639,2024-08-28,Hillview,Occasional
R006640,2024-09-07,Metroville,Regular
R006641,2024-12-27,Lakewood,Occasional
R006642,2025-05-09,Hillview,Regular
R006643,2024-01-31,Metroville,Regular
R006644,2024-08-02,Lakewood,Regular
R006645,2025-06-17,Lakewood,Regular
R006646,2024-01-23,Lakewood,Regular
R006647,2025-08-05,Metroville,Occasional
R006648,2025-07-17,Metroville,Regular
R006649,2024-08-21,Lakewood,Regular
R006650,2025-04-02,Lakewood,Occasional
R006651,2024-12-24,Hillview,Occasional
R006652,2024-07-02,Riverton,Regular
R006653,2024-04-19,Lakewood,Regular
R006654,2025-12-04,Metroville,Regular
R006655,2025-09-21,Hillview,Regular
R006656,2025-10-19,Metroville,Regular
R006657,2024-04-13,Hillview,Occasional
R006658,2025-12-06,Hillview,Occasional
R006659,2025-04-03,Hillview,Frequent
R006660,2025-01-09,Metroville,Regular
R006661,2024-09-07,Metroville,Occasional
R006662,2024-06-21,Riverton,Regular
R006663,2024-08-26,Lakewood,Regular
R006664,2024-05-07,Lakewood,Regular
R006665,2025-08-01,Lakewood,Frequent
R006666,2025-11-25,Riverton,Regular
R006667,2025-12-08,Metroville,Frequent
R006668,2025-10-14,Metroville,Regular
R006669,2024-04-06,Riverton,Regular
R006670,2025-06-26,Metroville,Regular
R006671,2025-09-19,Riverton,Regular
R006672,2025-01-08,Riverton,Occasional
R006673,2025-02-12,Hillview,Regular
R006674,2024-10-08,Riverton,Occasional
R006675,2025-08-25,Lakewood,Regular
R006676,2025-05-29,Hillview,Regular
R006677,2025-04-05,Lakewood,Regular
R006678,2024-01-07,Riverton,Occasional
R006679,2025-12-04,Metroville,Occasional
R006680,2025-01-18,Riverton,Regular
R006681,2025-11-30,Metroville,Regular
R006682,2025-05-11,Metroville,Occasional
R006683,2025-01-16,Lakewood,Occasional
R006684,2025-07-05,Metroville,Occasional
R006685,2024-06-29,Metroville,Occasional
R006686,2024-11-26,Riverton,Occasional
R006687,2024-01-19,Lakewood,Frequent
R006688,2025-06-29,Riverton,Occasional
R006689,2024-08-25,Riverton,Regular
R006690,2024-03-11,Lakewood,Occasional
R006691,2025-08-05,Hillview,Occasional
R006692,2024-06-19,Metroville,Regular
R006693,2024-06-12,Metroville,Frequent
R006694,2024-04-15,Metroville,Occasional
R006695,2025-03-17,Riverton,Regular
R006696,2024-09-05,Metroville,Regular
R006697,2025-02-21,Lakewood,Regular
R006698,2024-09-08,Lakewood,Regular
R006699,2025-07-05,Riverton,Frequent
R006700,2024-09-30,Hillview,Occasional
R006701,2025-08-03,Metroville,Regular
R006702,2024-12-06,Metroville,Frequent
R006703,2024-01-11,Riverton,Occasional
R006704,2024-11-15,Hillview,Regular
R006705,2024-06-28,Metroville,Regular
R006706,2024-12-25,Riverton,Occasional
R006707,2024-04-01,Metroville,Occasional
R006708,2025-07-04,Metroville,Frequent
R006709,2025-04-02,Metroville,Regular
R006710,2024-04-13,Riverton,Occasional
R006711,2025-12-17,Riverton,Frequent
R006712,2024-09-13,Lakewood,Occasional
R006713,2024-06-02,Riverton,Occasional
R006714,2024-01-01,Lakewood,Occasional
R006715,2024-06-29,Metroville,Frequent
R006716,2024-01-21,Hillview,Occasional
R006717,2024-12-19,Metroville,Frequent
R006718,2025-03-19,Hillview,Frequent
R006719,2024-09-27,Riverton,Occasional
R006720,2025-10-03,Riverton,Regular
R006721,2025-12-08,Lakewood,Regular
R006722,2024-08-11,Riverton,Regular
R006723,2025-04-11,Metroville,Occasional
R006724,2024-10-21,Lakewood,Occasional
R006725,2024-07-19,Metroville,Occasional
R006726,2024-06-02,Riverton,Occasional
R006727,2025-01-16,Riverton,Occasional
R006728,2024-04-14,Metroville,Regular
R006729,2025-05-07,Metroville,Occasional
R006730,2025-10-09,Lakewood,Occasional
R006731,2024-09-26,Hillview,Regular
R006732,2025-02-22,Riverton,Regular
R006733,2025-12-15,Lakewood,Frequent
R006734,2025-05-30,Hillview,Occasional
R006735,2024-10-22,Riverton,Regular
R006736,2025-10-07,Riverton,Occasional
R006737,2024-02-01,Lakewood,Regular
R006738,2025-03-06,Lakewood,Frequent
R006739,2024-07-03,Metroville,Occasional
R006740,2024-05-11,Riverton,Regular
R006741,2025-01-13,Metroville,Occasional
R006742,2025-06-06,Riverton,Regular
R006743,2025-06-24,Hillview,Regular
R006744,2025-07-01,Lakewood,Frequent
R006745,2024-07-30,Metroville,Regular
R006746,2024-10-30,Metroville,Occasional
R006747,2024-03-23,Riverton,Occasional
R006748,2025-03-27,Metroville,Occasional
R006749,2025-08-11,Metroville,Regular
R006750,2024-12-20,Metroville,Frequent
R006751,2024-08-16,Lakewood,Regular
R006752,2024-08-31,Lakewood,Occasional
R006753,2025-04-20,Metroville,Frequent
R006754,2025-05-07,Riverton,Frequent
R006755,2024-12-14,Lakewood,Occasional
R006756,2024-06-30,Lakewood,Regular
R006757,2024-10-27,Hillview,Occasional
R006758,2024-08-27,Metroville,Frequent
R006759,2024-03-12,Lakewood,Occasional
R006760,2024-10-23,Metroville,Frequent
R006761,2025-09-13,Metroville,Regular
R006762,2025-03-25,Riverton,Regular
R006763,2024-04-07,Riverton,Occasional
R006764,2025-09-15,Riverton,Regular
R006765,2024-06-05,Hillview,Regular
R006766,2025-03-26,Riverton,Occasional
R006767,2025-02-19,Metroville,Regular
R006768,2025-06-15,Riverton,Frequent
R006769,2025-07-14,Riverton,Regular
R006770,2024-08-02,Riverton,Occasional
R006771,2025-07-23,Lakewood,Regular
R006772,2025-03-05,Hillview,Frequent
R006773,2024-09-12,Lakewood,Occasional
R006774,2024-03-17,Riverton,Occasional
R006775,2025-02-20,Lakewood,Occasional
R006776,2024-12-05,Riverton,Occasional
R006777,2024-12-10,Lakewood,Regular
R006778,2025-05-19,Metroville,Occasional
R006779,2025-06-02,Lakewood,Occasional
R006780,2024-05-11,Lakewood,Occasional
R006781,2024-08-04,Metroville,Occasional
R006782,2025-10-22,Riverton,Regular
R006783,2025-03-10,Hillview,Regular
R006784,2024-11-01,Hillview,Regular
R006785,2025-12-12,Lakewood,Frequent
R006786,2025-05-06,Lakewood,Occasional
R006787,2025-09-13,Hillview,Regular
R006788,2024-12-09,Hillview,Occasional
R006789,2024-04-29,Metroville,Regular
R006790,2025-06-20,Metroville,Frequent
R006791,2025-08-20,Metroville,Frequent
R006792,2025-03-03,Lakewood,Regular
R006793,2024-11-12,Riverton,Occasional
R006794,2024-03-30,Metroville,Occasional
R006795,2024-06-28,Riverton,Occasional
R006796,2025-11-07,Metroville,Occasional
R006797,2024-05-03,Metroville,Regular
R006798,2025-04-28,Lakewood,Occasional
R006799,2025-04-30,Lakewood,Occasional
R006800,2024-12-11,Metroville,Regular
R006801,2025-12-30,Metroville,Regular
R006802,2025-05-10,Lakewood,Occasional
R006803,2025-12-08,Hillview,Regular
R006804,2024-07-09,Hillview,Occasional
R006805,2025-06-26,Lakewood,Regular
R006806,2025-07-16,Hillview,Frequent
R006807,2025-11-03,Lakewood,Regular
R006808,2024-10-28,Metroville,Frequent
R006809,2024-08-31,Lakewood,Occasional
R006810,2025-08-12,Hillview,Occasional
R006811,2025-06-10,Riverton,Regular
R006812,2024-07-19,Hillview,Regular
R006813,2024-08-10,Lakewood,Occasional
R006814,2025-08-01,Hillview,Regular
R006815,2025-02-20,Riverton,Occasional
R006816,2025-10-25,Hillview,Occasional
R006817,2025-04-06,Hillview,Occasional
R006818,2025-12-18,Metroville,Occasional
R006819,2024-08-27,Riverton,Regular
R006820,2025-07-22,Metroville,Regular
R006821,2024-05-19,Hillview,Regular
R006822,2025-05-30,Lakewood,Occasional
R006823,2024-11-01,Metroville,Frequent
R006824,2025-01-15,Lakewood,Occasional
R006825,2025-08-14,Metroville,Occasional
R006826,2024-03-18,Lakewood,Regular
R006827,2024-06-12,Metroville,Regular
R006828,2025-02-13,Hillview,Regular
R006829,2024-10-30,Lakewood,Regular
R006830,2025-02-16,Hillview,Frequent
R006831,2024-11-11,Metroville,Regular
R006832,2024-02-17,Lakewood,Occasional
R006833,2025-11-16,Hillview,Regular
R006834,2025-05-20,Riverton,Regular
R006835,2025-03-22,Metroville,Regular
R006836,2024-04-19,Hillview,Occasional
R006837,2024-05-24,Metroville,Regular
R006838,2025-03-12,Metroville,Regular
R006839,2024-02-08,Riverton,Regular
R006840,2024-12-11,Riverton,Occasional
R006841,2025-10-12,Riverton,Occasional
R006842,2025-10-02,Metroville,Frequent
R006843,2025-01-11,Metroville,Occasional
R006844,2024-06-19,Metroville,Occasional
R006845,2024-02-24,Lakewood,Regular
R006846,2024-05-05,Metroville,Occasional
R006847,2024-07-24,Riverton,Occasional
R006848,2025-02-07,Hillview,Occasional
R006849,2025-06-15,Hillview,Regular
R006850,2024-12-02,Riverton,Frequent
R006851,2025-08-28,Metroville,Frequent
R006852,2024-04-28,Lakewood,Regular
R006853,2024-11-05,Hillview,Regular
R006854,2025-03-25,Metroville,Frequent
R006855,2024-02-09,Metroville,Frequent
R006856,2025-10-25,Metroville,Occasional
R006857,2025-12-29,Riverton,Regular
R006858,2025-06-25,Hillview,Frequent
R006859,2025-05-29,Lakewood,Frequent
R006860,2024-06-02,Lakewood,Frequent
R006861,2024-05-13,Riverton,Frequent
R006862,2024-06-23,Hillview,Occasional
R006863,2024-04-08,Metroville,Regular
R006864,2025-02-12,Riverton,Occasional
R006865,2025-12-01,Hillview,Regular
R006866,2025-05-10,Hillview,Occasional
R006867,2025-10-07,Lakewood,Occasional
R006868,2025-12-17,Metroville,Regular
R006869,2025-04-29,Hillview,Regular
R006870,2024-03-17,Hillview,Occasional
R006871,2025-11-12,Metroville,Frequent
R006872,2025-02-03,Metroville,Occasional
R006873,2025-02-04,Metroville,Regular
R006874,2025-12-23,Riverton,Frequent
R006875,2025-05-15,Metroville,Frequent
R006876,2024-03-22,Metroville,Regular
R006877,2025-07-13,Riverton,Occasional
R006878,2025-12-12,Metroville,Occasional
R006879,2024-06-22,Hillview,Regular
R006880,2024-12-04,Lakewood,Occasional
R006881,2024-03-16,Lakewood,Occasional
R006882,2025-06-09,Hillview,Occasional
R006883,2024-04-14,Metroville,Occasional
R006884,2024-11-07,Metroville,Frequent
R006885,2025-04-21,Lakewood,Regular
R006886,2025-09-07,Lakewood,Frequent
R006887,2024-08-21,Lakewood,Occasional
R006888,2025-10-27,Hillview,Frequent
R006889,2024-01-18,Hillview,Frequent
R006890,2024-05-01,Metroville,Regular
R006891,2024-03-27,Metroville,Occasional
R006892,2025-06-30,Lakewood,Occasional
R006893,2024-09-21,Hillview,Frequent
R006894,2024-01-16,Metroville,Regular
R006895,2025-07-30,Lakewood,Occasional
R006896,2024-07-21,Metroville,Occasional
R006897,2025-05-14,Hillview,Frequent
R006898,2025-02-08,Metroville,Frequent
R006899,2024-03-22,Lakewood,Occasional
R006900,2025-03-17,Metroville,Regular
R006901,2025-09-22,Riverton,Frequent
R006902,2024-09-24,Lakewood,Regular
R006903,2025-09-02,Lakewood,Regular
R006904,2024-07-16,Metroville,Frequent
R006905,2024-07-26,Metroville,Frequent
R006906,2024-05-05,Metroville,Regular
R006907,2024-06-03,Hillview,Regular
R006908,2024-06-24,Riverton,Frequent
R006909,2025-04-20,Metroville,Regular
R006910,2024-04-05,Metroville,Occasional
R006911,2025-02-02,Lakewood,Regular
R006912,2024-07-10,Metroville,Regular
R006913,2024-04-17,Hillview,Frequent
R006914,2025-08-24,Lakewood,Regular
R006915,2025-01-30,Riverton,Occasional
R006916,2024-07-29,Riverton,Occasional
R006917,2025-04-12,Hillview,Frequent
R006918,2025-10-26,Riverton,Regular
R006919,2024-07-25,Metroville,Occasional
R006920,2024-06-28,Metroville,Occasional
R006921,2025-05-14,Lakewood,Occasional
R006922,2024-12-26,Metroville,Occasional
R006923,2025-05-08,Lakewood,Occasional
R006924,2024-05-02,Hillview,Regular
R006925,2025-11-13,Metroville,Regular
R006926,2024-01-13,Riverton,Occasional
R006927,2024-07-19,Metroville,Regular
R006928,2025-04-02,Metroville,Regular
R006929,2025-01-15,Metroville,Occasional
R006930,2024-09-04,Metroville,Occasional
R006931,2025-12-16,Metroville,Regular
R006932,2024-09-09,Hillview,Regular
R006933,2025-05-11,Riverton,Occasional
R006934,2024-10-25,Metroville,Regular
R006935,2024-11-18,Metroville,Frequent
R006936,2025-07-23,Hillview,Occasional
R006937,2024-09-16,Metroville,Regular
R006938,2024-10-19,Metroville,Occasional
R006939,2025-07-26,Hillview,Occasional
R006940,2024-03-04,Lakewood,Regular
R006941,2024-11-12,Metroville,Regular
R006942,2024-07-23,Riverton,Frequent
R006943,2024-12-19,Lakewood,Occasional
R006944,2025-02-25,Lakewood,Regular
R006945,2024-11-10,Metroville,Occasional
R006946,2025-12-28,Hillview,Frequent
R006947,2025-10-30,Lakewood,Regular
R006948,2024-04-14,Metroville,Frequent
R006949,2025-04-15,Lakewood,Regular
R006950,2024-08-24,Lakewood,Occasional
R006951,2025-06-07,Hillview,Regular
R006952,2024-12-21,Metroville,Frequent
R006953,2025-11-29,Metroville,Occasional
R006954,2025-11-22,Riverton,Occasional
R006955,2024-02-11,Metroville,Regular
R006956,2024-03-20,Metroville,Regular
R006957,2024-01-17,Riverton,Occasional
R006958,2025-08-04,Riverton,Occasional
R006959,2024-06-16,Lakewood,Occasional
R006960,2025-06-13,Lakewood,Regular
R006961,2024-08-31,Lakewood,Frequent
R006962,2024-08-12,Hillview,Regular
R006963,2025-03-18,Riverton,Occasional
R006964,2025-07-20,Lakewood,Occasional
R006965,2025-02-18,Riverton,Frequent
R006966,2025-02-24,Metroville,Frequent
R006967,2025-06-23,Lakewood,Regular
R006968,2024-05-05,Riverton,Regular
R006969,2025-03-09,Lakewood,Frequent
R006970,2024-07-28,Lakewood,Regular
R006971,2024-04-23,Metroville,Occasional
R006972,2024-08-28,Riverton,Occasional
R006973,2024-05-20,Riverton,Occasional
R006974,2024-08-24,Hillview,Occasional
R006975,2024-01-18,Metroville,Occasional
R006976,2025-06-30,Hillview,Occasional
R006977,2024-09-12,Metroville,Regular
R006978,2025-04-28,Riverton,Regular
R006979,2025-07-02,Lakewood,Regular
R006980,2025-08-23,Lakewood,Regular
R006981,2024-02-26,Hillview,Frequent
R006982,2025-01-08,Lakewood,Occasional
R006983,2024-11-01,Metroville,Frequent
R006984,2024-09-13,Lakewood,Occasional
R006985,2025-08-13,Lakewood,Regular
R006986,2024-02-19,Riverton,Regular
R006987,2024-08-15,Lakewood,Regular
R006988,2025-08-04,Metroville,Frequent
R006989,2024-10-15,Metroville,Regular
R006990,2024-02-24,Riverton,Occasional
R006991,2024-05-06,Lakewood,Regular
R006992,2024-08-08,Hillview,Regular
R006993,2024-06-30,Metroville,Occasional
R006994,2025-05-04,Lakewood,Occasional
R006995,2024-05-05,Hillview,Frequent
R006996,2025-07-13,Metroville,Occasional
R006997,2024-08-16,Lakewood,Frequent
R006998,2024-02-20,Hillview,Frequent
R006999,2024-01-09,Metroville,Frequent
R007000,2025-03-20,Lakewood,Regular
R007001,2025-06-21,Lakewood,Frequent
R007002,2024-04-10,Metroville,Occasional
R007003,2024-08-14,Riverton,Regular
R007004,2025-07-08,Metroville,Regular
R007005,2025-09-27,Hillview,Occasional
R007006,2025-06-18,Lakewood,Regular
R007007,2025-03-28,Metroville,Regular
R007008,2025-07-01,Metroville,Occasional
R007009,2024-08-05,Hillview,Frequent
R007010,2024-02-16,Lakewood,Regular
R007011,2025-02-17,Metroville,Regular
R007012,2025-02-13,Metroville,Frequent
R007013,2025-08-10,Lakewood,Frequent
R007014,2024-06-25,Metroville,Regular
R007015,2025-10-12,Hillview,Frequent
R007016,2024-12-28,Metroville,Regular
R007017,2024-11-19,Metroville,Occasional
R007018,2025-12-25,Lakewood,Regular
R007019,2025-02-01,Metroville,Occasional
R007020,2024-03-07,Riverton,Regular
R007021,2024-07-04,Hillview,Occasional
R007022,2025-03-10,Riverton,Occasional
R007023,2024-06-17,Hillview,Occasional
R007024,2024-04-30,Riverton,Occasional
R007025,2024-08-05,Metroville,Regular
R007026,2025-01-08,Metroville,Occasional
R007027,2024-03-08,Riverton,Frequent
R007028,2025-01-16,Hillview,Occasional
R007029,2025-06-16,Hillview,Regular
R007030,2024-11-29,Riverton,Regular
R007031,2025-05-23,Metroville,Regular
R007032,2025-04-13,Riverton,Occasional
R007033,2024-12-29,Riverton,Frequent
R007034,2025-12-14,Hillview,Occasional
R007035,2025-03-23,Riverton,Occasional
R007036,2025-08-12,Metroville,Regular
R007037,2025-04-14,Riverton,Occasional
R007038,2025-12-02,Lakewood,Regular
R007039,2024-11-11,Lakewood,Occasional
R007040,2024-05-18,Riverton,Regular
R007041,2024-05-12,Hillview,Occasional
R007042,2025-12-28,Riverton,Regular
R007043,2025-08-07,Metroville,Regular
R007044,2024-08-11,Metroville,Frequent
R007045,2024-11-23,Lakewood,Occasional
R007046,2024-01-26,Riverton,Regular
R007047,2025-11-28,Riverton,Regular
R007048,2024-11-15,Lakewood,Occasional
R007049,2024-10-08,Lakewood,Regular
R007050,2024-06-29,Riverton,Regular
R007051,2024-03-01,Metroville,Occasional
R007052,2025-07-11,Lakewood,Regular
R007053,2024-06-12,Riverton,Regular
R007054,2024-03-04,Metroville,Occasional
R007055,2025-12-17,Metroville,Regular
R007056,2025-02-05,Riverton,Regular
R007057,2024-02-26,Metroville,Frequent
R007058,2024-07-30,Lakewood,Regular
R007059,2025-02-09,Hillview,Occasional
R007060,2024-05-31,Metroville,Regular
R007061,2025-12-25,Hillview,Occasional
R007062,2025-10-02,Metroville,Frequent
R007063,2025-10-10,Lakewood,Regular
R007064,2025-01-12,Metroville,Occasional
R007065,2025-12-24,Riverton,Regular
R007066,2024-08-26,Hillview,Occasional
R007067,2025-02-10,Metroville,Occasional
R007068,2025-06-30,Hillview,Regular
R007069,2025-01-04,Riverton,Regular
R007070,2025-09-16,Hillview,Occasional
R007071,2024-03-17,Riverton,Occasional
R007072,2024-11-19,Riverton,Occasional
R007073,2025-08-30,Hillview,Regular
R007074,2024-05-13,Riverton,Regular
R007075,2024-10-08,Hillview,Frequent
R007076,2025-12-28,Metroville,Occasional
R007077,2025-03-25,Metroville,Regular
R007078,2024-09-19,Riverton,Occasional
R007079,2024-09-22,Metroville,Frequent
R007080,2024-05-30,Lakewood,Regular
R007081,2025-06-21,Hillview,Occasional
R007082,2024-03-16,Riverton,Regular
R007083,2024-06-01,Hillview,Frequent
R007084,2024-03-31,Lakewood,Occasional
R007085,2025-07-05,Metroville,Occasional
R007086,2025-11-21,Metroville,Regular
R007087,2024-03-04,Hillview,Occasional
R007088,2025-11-23,Lakewood,Occasional
R007089,2025-11-01,Hillview,Occasional
R007090,2025-01-06,Metroville,Occasional
R007091,2024-01-28,Metroville,Regular
R007092,2025-05-21,Riverton,Frequent
R007093,2025-01-19,Riverton,Occasional
R007094,2025-09-01,Lakewood,Frequent
R007095,2024-08-03,Lakewood,Occasional
R007096,2025-02-12,Lakewood,Occasional
R007097,2025-10-14,Hillview,Regular
R007098,2025-05-03,Metroville,Occasional
R007099,2025-04-18,Metroville,Occasional
R007100,2025-12-08,Metroville,Occasional
R007101,2024-12-24,Lakewood,Regular
R007102,2024-05-06,Riverton,Regular
R007103,2025-12-15,Riverton,Occasional
R007104,2024-04-11,Hillview,Occasional
R007105,2025-02-07,Riverton,Regular
R007106,2025-07-05,Lakewood,Frequent
R007107,2025-07-30,Lakewood,Occasional
R007108,2025-05-29,Hillview,Regular
R007109,2024-11-07,Metroville,Regular
R007110,2024-05-16,Lakewood,Occasional
R007111,2024-01-28,Lakewood,Regular
R007112,2024-08-09,Hillview,Occasional
R007113,2025-12-12,Metroville,Occasional
R007114,2025-05-16,Metroville,Occasional
R007115,2024-10-24,Riverton,Frequent
R007116,2024-12-27,Riverton,Occasional
R007117,2024-09-01,Metroville,Frequent
R007118,2025-10-16,Lakewood,Occasional
R007119,2024-11-27,Lakewood,Occasional
R007120,2025-09-04,Lakewood,Regular
R007121,2024-02-07,Lakewood,Regular
R007122,2024-12-22,Metroville,Occasional
R007123,2025-03-17,Riverton,Regular
R007124,2025-05-03,Lakewood,Frequent
R007125,2024-01-18,Riverton,Frequent
R007126,2025-04-16,Lakewood,Frequent
R007127,2025-09-06,Metroville,Frequent
R007128,2024-03-08,Riverton,Occasional
R007129,2024-08-30,Lakewood,Occasional
R007130,2024-11-07,Metroville,Occasional
R007131,2024-07-05,Hillview,Occasional
R007132,2024-11-17,Hillview,Frequent
R007133,2025-10-15,Riverton,Regular
R007134,2025-10-18,Lakewood,Occasional
R007135,2025-03-16,Riverton,Frequent
R007136,2025-10-10,Lakewood,Occasional
R007137,2025-08-19,Metroville,Regular
R007138,2024-02-12,Lakewood,Regular
R007139,2024-10-10,Riverton,Frequent
R007140,2025-09-10,Lakewood,Regular
R007141,2024-11-19,Hillview,Occasional
R007142,2025-03-23,Lakewood,Occasional
R007143,2024-10-28,Lakewood,Regular
R007144,2024-01-12,Lakewood,Regular
R007145,2025-02-17,Riverton,Occasional
R007146,2024-10-06,Metroville,Regular
R007147,2025-07-20,Lakewood,Regular
R007148,2025-10-12,Riverton,Occasional
R007149,2024-03-17,Lakewood,Occasional
R007150,2024-09-19,Metroville,Occasional
R007151,2024-10-14,Riverton,Occasional
R007152,2025-05-10,Hillview,Frequent
R007153,2024-10-17,Lakewood,Occasional
R007154,2025-02-18,Riverton,Regular
R007155,2025-10-26,Metroville,Frequent
R007156,2025-03-07,Lakewood,Regular
R007157,2024-03-13,Metroville,Frequent
R007158,2024-12-17,Hillview,Occasional
R007159,2025-10-10,Metroville,Regular
R007160,2024-12-19,Hillview,Regular
R007161,2025-12-20,Lakewood,Occasional
R007162,2025-10-22,Lakewood,Regular
R007163,2024-07-12,Lakewood,Regular
R007164,2024-10-29,Metroville,Occasional
R007165,2024-05-15,Metroville,Regular
R007166,2024-05-20,Lakewood,Regular
R007167,2024-09-26,Riverton,Occasional
R007168,2024-11-03,Riverton,Occasional
R007169,2024-09-13,Hillview,Frequent
R007170,2025-06-20,Metroville,Frequent
R007171,2024-04-21,Riverton,Occasional
R007172,2024-12-13,Metroville,Regular
R007173,2025-10-12,Lakewood,Regular
R007174,2025-06-19,Metroville,Regular
R007175,2024-05-29,Hillview,Occasional
R007176,2024-06-24,Lakewood,Occasional
R007177,2025-11-08,Lakewood,Occasional
R007178,2025-03-02,Metroville,Occasional
R007179,2025-10-05,Lakewood,Occasional
R007180,2025-09-24,Metroville,Occasional
R007181,2024-11-19,Riverton,Occasional
R007182,2025-01-22,Lakewood,Occasional
R007183,2024-09-26,Metroville,Occasional
R007184,2025-04-11,Metroville,Frequent
R007185,2025-04-20,Metroville,Occasional
R007186,2025-05-11,Lakewood,Frequent
R007187,2025-09-22,Metroville,Regular
R007188,2025-06-25,Metroville,Regular
R007189,2024-03-15,Metroville,Occasional
R007190,2024-09-13,Metroville,Frequent
R007191,2025-02-21,Riverton,Occasional
R007192,2025-04-03,Riverton,Occasional
R007193,2025-09-24,Metroville,Occasional
R007194,2024-10-31,Lakewood,Occasional
R007195,2025-08-24,Riverton,Occasional
R007196,2024-10-13,Lakewood,Frequent
R007197,2024-04-16,Hillview,Regular
R007198,2024-12-13,Riverton,Frequent
R007199,2024-04-19,Lakewood,Regular
R007200,2024-10-25,Lakewood,Occasional
R007201,2024-06-26,Lakewood,Regular
R007202,2024-01-19,Metroville,Occasional
R007203,2025-04-30,Metroville,Frequent
R007204,2025-06-27,Hillview,Regular
R007205,2024-04-06,Hillview,Occasional
R007206,2025-03-03,Hillview,Regular
R007207,2025-01-02,Lakewood,Regular
R007208,2024-04-10,Hillview,Frequent
R007209,2025-03-21,Riverton,Regular
R007210,2024-07-10,Lakewood,Regular
R007211,2025-08-24,Hillview,Occasional
R007212,2025-03-23,Hillview,Occasional
R007213,2024-03-22,Lakewood,Occasional
R007214,2025-01-14,Riverton,Regular
R007215,2024-03-26,Riverton,Frequent
R007216,2025-06-13,Riverton,Regular
R007217,2024-08-05,Lakewood,Frequent
R007218,2024-12-24,Metroville,Regular
R007219,2025-05-24,Hillview,Regular
R007220,2025-09-10,Metroville,Occasional
R007221,2025-01-09,Metroville,Regular
R007222,2024-02-26,Lakewood,Occasional
R007223,2024-07-08,Lakewood,Regular
R007224,2025-03-24,Metroville,Regular
R007225,2024-01-31,Metroville,Regular
R007226,2024-09-28,Hillview,Frequent
R007227,2024-08-24,Lakewood,Regular
R007228,2024-08-12,Hillview,Regular
R007229,2025-11-29,Hillview,Regular
R007230,2025-11-21,Lakewood,Occasional
R007231,2025-10-18,Lakewood,Occasional
R007232,2025-09-24,Metroville,Occasional
R007233,2025-10-16,Hillview,Frequent
R007234,2024-05-14,Riverton,Occasional
R007235,2024-10-14,Hillview,Frequent
R007236,2024-02-12,Hillview,Occasional
R007237,2025-08-06,Metroville,Regular
R007238,2025-09-26,Hillview,Regular
R007239,2024-01-22,Riverton,Occasional
R007240,2024-05-03,Lakewood,Occasional
R007241,2024-05-03,Hillview,Regular
R007242,2025-11-10,Lakewood,Occasional
R007243,2025-08-01,Lakewood,Occasional
R007244,2024-07-21,Metroville,Regular
R007245,2024-02-03,Riverton,Regular
R007246,2024-10-28,Riverton,Frequent
R007247,2025-03-03,Metroville,Occasional
R007248,2024-02-02,Lakewood,Occasional
R007249,2024-12-09,Metroville,Regular
R007250,2025-01-28,Lakewood,Regular
R007251,2025-12-19,Riverton,Occasional
R007252,2024-05-18,Hillview,Occasional
R007253,2024-05-14,Metroville,Occasional
R007254,2024-11-11,Metroville,Occasional
R007255,2024-08-21,Metroville,Occasional
R007256,2025-11-04,Hillview,Occasional
R007257,2025-07-30,Lakewood,Occasional
R007258,2024-07-03,Metroville,Regular
R007259,2024-09-02,Metroville,Occasional
R007260,2025-04-09,Metroville,Regular
R007261,2025-09-29,Riverton,Frequent
R007262,2024-05-27,Lakewood,Occasional
R007263,2024-08-04,Riverton,Occasional
R007264,2025-03-22,Metroville,Occasional
R007265,2025-09-21,Lakewood,Occasional
R007266,2024-07-30,Riverton,Occasional
R007267,2024-12-08,Metroville,Frequent
R007268,2025-05-13,Metroville,Occasional
R007269,2024-11-07,Metroville,Occasional
R007270,2025-07-18,Riverton,Occasional
R007271,2025-01-12,Lakewood,Occasional
R007272,2025-10-06,Lakewood,Occasional
R007273,2025-03-20,Lakewood,Frequent
R007274,2025-11-03,Metroville,Occasional
R007275,2025-09-21,Riverton,Regular
R007276,2024-06-25,Riverton,Occasional
R007277,2025-10-18,Metroville,Regular
R007278,2024-04-04,Hillview,Frequent
R007279,2024-07-25,Lakewood,Occasional
R007280,2024-02-05,Lakewood,Regular
R007281,2024-03-17,Lakewood,Regular
R007282,2025-06-11,Riverton,Occasional
R007283,2024-03-22,Metroville,Occasional
R007284,2024-05-16,Metroville,Occasional
R007285,2024-10-25,Hillview,Occasional
R007286,2025-08-08,Hillview,Occasional
R007287,2025-08-16,Riverton,Regular
R007288,2025-12-07,Metroville,Occasional
R007289,2024-02-10,Lakewood,Regular
R007290,2024-04-18,Lakewood,Occasional
R007291,2024-10-18,Metroville,Occasional
R007292,2024-07-26,Metroville,Occasional
R007293,2024-03-12,Hillview,Regular
R007294,2025-01-18,Metroville,Occasional
R007295,2024-12-09,Metroville,Regular
R007296,2024-11-11,Metroville,Regular
R007297,2024-01-17,Lakewood,Occasional
R007298,2024-11-07,Riverton,Occasional
R007299,2024-12-01,Metroville,Frequent
R007300,2024-06-07,Riverton,Occasional
R007301,2025-08-04,Metroville,Regular
R007302,2025-10-12,Lakewood,Regular
R007303,2025-11-10,Metroville,Regular
R007304,2025-05-13,Lakewood,Regular
R007305,2025-05-09,Hillview,Occasional
R007306,2024-04-22,Riverton,Regular
R007307,2024-10-15,Metroville,Frequent
R007308,2024-01-04,Hillview,Regular
R007309,2025-02-13,Riverton,Occasional
R007310,2025-07-12,Lakewood,Regular
R007311,2025-05-04,Hillview,Regular
R007312,2024-01-12,Riverton,Occasional
R007313,2025-02-11,Riverton,Regular
R007314,2025-10-06,Metroville,Regular
R007315,2024-03-15,Metroville,Regular
R007316,2025-01-22,Hillview,Regular
R007317,2024-07-02,Riverton,Frequent
R007318,2025-11-11,Riverton,Frequent
R007319,2025-02-07,Riverton,Frequent
R007320,2025-07-18,Hillview,Frequent
R007321,2025-01-18,Lakewood,Occasional
R007322,2025-10-16,Lakewood,Occasional
R007323,2024-07-29,Metroville,Occasional
R007324,2025-06-28,Metroville,Regular
R007325,2024-11-10,Lakewood,Regular
R007326,2025-02-26,Lakewood,Frequent
R007327,2025-05-17,Metroville,Regular
R007328,2024-05-06,Riverton,Regular
R007329,2025-09-27,Lakewood,Frequent
R007330,2025-06-16,Lakewood,Regular
R007331,2024-10-26,Lakewood,Occasional
R007332,2025-03-09,Metroville,Regular
R007333,2025-04-30,Riverton,Frequent
R007334,2024-11-28,Lakewood,Regular
R007335,2025-04-09,Lakewood,Occasional
R007336,2025-02-12,Lakewood,Occasional
R007337,2025-07-24,Metroville,Regular
R007338,2024-06-19,Riverton,Regular
R007339,2024-01-04,Hillview,Frequent
R007340,2024-10-23,Metroville,Occasional
R007341,2025-08-26,Metroville,Frequent
R007342,2024-03-31,Hillview,Frequent
R007343,2025-09-22,Riverton,Regular
R007344,2024-10-26,Metroville,Regular
R007345,2024-06-01,Riverton,Occasional
R007346,2024-12-07,Hillview,Occasional
R007347,2025-08-17,Metroville,Occasional
R007348,2025-09-19,Riverton,Occasional
R007349,2025-03-24,Riverton,Occasional
R007350,2025-01-20,Metroville,Regular
R007351,2025-08-13,Hillview,Occasional
R007352,2025-10-27,Hillview,Frequent
R007353,2025-08-05,Riverton,Frequent
R007354,2025-12-09,Lakewood,Occasional
R007355,2025-08-31,Riverton,Frequent
R007356,2024-02-05,Riverton,Regular
R007357,2024-01-15,Metroville,Frequent
R007358,2025-03-13,Metroville,Regular
R007359,2025-12-01,Metroville,Occasional
R007360,2024-08-07,Lakewood,Regular
R007361,2025-12-08,Riverton,Regular
R007362,2025-09-15,Hillview,Frequent
R007363,2024-04-13,Lakewood,Regular
R007364,2024-12-27,Riverton,Regular
R007365,2024-06-10,Lakewood,Regular
R007366,2024-02-27,Lakewood,Frequent
R007367,2025-05-20,Riverton,Regular
R007368,2024-06-06,Metroville,Regular
R007369,2025-02-13,Metroville,Occasional
R007370,2025-05-08,Metroville,Frequent
R007371,2024-11-12,Hillview,Frequent
R007372,2024-02-28,Hillview,Regular
R007373,2024-02-20,Riverton,Frequent
R007374,2024-10-04,Lakewood,Regular
R007375,2024-02-01,Riverton,Regular
R007376,2025-09-30,Lakewood,Frequent
R007377,2024-05-01,Metroville,Occasional
R007378,2024-01-22,Metroville,Regular
R007379,2024-04-12,Metroville,Frequent
R007380,2025-05-24,Hillview,Frequent
R007381,2025-03-06,Riverton,Regular
R007382,2025-05-09,Riverton,Occasional
R007383,2024-09-10,Hillview,Regular
R007384,2024-08-22,Riverton,Occasional
R007385,2025-05-06,Riverton,Regular
R007386,2024-03-23,Riverton,Regular
R007387,2024-10-15,Metroville,Frequent
R007388,2024-03-15,Metroville,Occasional
R007389,2024-11-06,Lakewood,Regular
R007390,2025-12-10,Metroville,Regular
R007391,2025-09-14,Riverton,Regular
R007392,2025-05-10,Hillview,Regular
R007393,2025-04-26,Hillview,Occasional
R007394,2024-10-02,Metroville,Regular
R007395,2025-05-31,Metroville,Occasional
R007396,2025-09-02,Hillview,Frequent
R007397,2025-02-13,Hillview,Occasional
R007398,2024-03-16,Metroville,Frequent
R007399,2025-05-23,Hillview,Occasional
R007400,2024-04-02,Hillview,Occasional
R007401,2024-08-25,Metroville,Regular
R007402,2024-05-24,Lakewood,Regular
R007403,2024-02-06,Hillview,Regular
R007404,2025-07-12,Riverton,Regular
R007405,2025-04-17,Riverton,Occasional
R007406,2024-10-26,Hillview,Regular
R007407,2024-10-06,Hillview,Regular
R007408,2025-04-15,Metroville,Regular
R007409,2025-01-24,Lakewood,Regular
R007410,2024-06-19,Hillview,Regular
R007411,2024-12-17,Metroville,Occasional
R007412,2025-07-22,Metroville,Regular
R007413,2025-02-08,Hillview,Regular
R007414,2025-08-09,Riverton,Occasional
R007415,2025-01-06,Metroville,Occasional
R007416,2024-10-29,Metroville,Occasional
R007417,2025-06-27,Hillview,Frequent
R007418,2024-06-02,Metroville,Regular
R007419,2025-04-03,Metroville,Occasional
R007420,2025-04-06,Hillview,Frequent
R007421,2024-07-21,Riverton,Regular
R007422,2024-07-06,Lakewood,Regular
R007423,2024-03-02,Riverton,Frequent
R007424,2024-04-18,Lakewood,Regular
R007425,2024-03-10,Metroville,Regular
R007426,2025-03-26,Hillview,Regular
R007427,2024-03-30,Lakewood,Occasional
R007428,2025-01-10,Riverton,Regular
R007429,2024-03-22,Lakewood,Occasional
R007430,2025-07-27,Lakewood,Occasional
R007431,2025-05-11,Metroville,Regular
R007432,2024-08-01,Lakewood,Occasional
R007433,2025-06-22,Riverton,Occasional
R007434,2024-06-13,Riverton,Frequent
R007435,2025-04-10,Riverton,Occasional
R007436,2025-04-13,Metroville,Frequent
R007437,2024-11-15,Lakewood,Regular
R007438,2025-05-28,Lakewood,Occasional
R007439,2025-11-24,Riverton,Occasional
R007440,2024-10-29,Hillview,Regular
R007441,2024-07-26,Riverton,Occasional
R007442,2024-11-19,Metroville,Regular
R007443,2025-02-19,Riverton,Occasional
R007444,2024-03-31,Metroville,Occasional
R007445,2025-12-03,Metroville,Regular
R007446,2024-12-09,Metroville,Occasional
R007447,2025-12-06,Lakewood,Occasional
R007448,2025-12-04,Lakewood,Occasional
R007449,2024-02-16,Lakewood,Occasional
R007450,2024-03-24,Riverton,Regular
R007451,2024-05-12,Metroville,Regular
R007452,2025-02-19,Lakewood,Frequent
R007453,2024-09-15,Metroville,Regular
R007454,2024-01-14,Lakewood,Frequent
R007455,2025-02-17,Lakewood,Occasional
R007456,2024-08-26,Metroville,Regular
R007457,2025-09-09,Lakewood,Frequent
R007458,2025-07-11,Riverton,Frequent
R007459,2025-09-10,Metroville,Frequent
R007460,2025-02-19,Riverton,Occasional
R007461,2025-05-24,Metroville,Regular
R007462,2024-02-29,Riverton,Occasional
R007463,2025-07-10,Metroville,Occasional
R007464,2024-11-26,Hillview,Occasional
R007465,2024-01-04,Metroville,Occasional
R007466,2024-02-27,Hillview,Occasional
R007467,2024-08-13,Metroville,Occasional
R007468,2024-09-30,Riverton,Regular
R007469,2024-06-01,Metroville,Frequent
R007470,2025-07-16,Metroville,Regular
R007471,2024-11-23,Metroville,Frequent
R007472,2024-07-08,Metroville,Frequent
R007473,2025-05-08,Lakewood,Occasional
R007474,2024-11-27,Lakewood,Frequent
R007475,2025-07-24,Lakewood,Occasional
R007476,2025-01-01,Riverton,Occasional
R007477,2025-07-02,Metroville,Occasional
R007478,2025-09-16,Riverton,Regular
R007479,2024-02-28,Riverton,Regular
R007480,2024-03-29,Metroville,Occasional
R007481,2025-06-18,Riverton,Regular
R007482,2025-02-06,Metroville,Frequent
R007483,2024-06-25,Lakewood,Regular
R007484,2024-01-23,Riverton,Occasional
R007485,2025-11-30,Riverton,Frequent
R007486,2024-03-09,Lakewood,Occasional
R007487,2024-12-04,Lakewood,Frequent
R007488,2024-06-10,Lakewood,Occasional
R007489,2024-10-16,Lakewood,Frequent
R007490,2025-06-10,Hillview,Occasional
R007491,2025-01-07,Hillview,Occasional
R007492,2024-01-31,Metroville,Frequent
R007493,2024-03-04,Lakewood,Regular
R007494,2025-11-22,Lakewood,Regular
R007495,2024-07-03,Riverton,Regular
R007496,2024-11-09,Metroville,Regular
R007497,2025-07-28,Hillview,Occasional
R007498,2025-09-05,Riverton,Regular
R007499,2024-07-26,Metroville,Regular
R007500,2024-06-11,Metroville,Occasional
R007501,2024-11-16,Riverton,Occasional
R007502,2024-09-04,Riverton,Occasional
R007503,2025-05-28,Metroville,Regular
R007504,2025-06-16,Metroville,Occasional
R007505,2024-07-09,Metroville,Occasional
R007506,2024-10-04,Lakewood,Occasional
R007507,2025-06-18,Riverton,Regular
R007508,2025-01-06,Metroville,Occasional
R007509,2025-02-07,Riverton,Occasional
R007510,2025-08-15,Metroville,Regular
R007511,2025-04-22,Riverton,Occasional
R007512,2025-04-21,Hillview,Frequent
R007513,2024-12-18,Metroville,Frequent
R007514,2025-09-03,Hillview,Occasional
R007515,2024-01-17,Riverton,Occasional
R007516,2024-03-04,Hillview,Occasional
R007517,2025-05-10,Metroville,Regular
R007518,2025-03-21,Hillview,Regular
R007519,2024-07-23,Lakewood,Occasional
R007520,2025-03-16,Metroville,Regular
R007521,2024-03-19,Hillview,Regular
R007522,2025-03-20,Hillview,Occasional
R007523,2024-09-21,Metroville,Occasional
R007524,2025-03-07,Lakewood,Regular
R007525,2024-09-06,Hillview,Regular
R007526,2025-06-13,Lakewood,Regular
R007527,2024-03-22,Lakewood,Frequent
R007528,2025-09-09,Metroville,Occasional
R007529,2024-12-28,Lakewood,Regular
R007530,2024-06-17,Lakewood,Regular
R007531,2025-12-05,Riverton,Regular
R007532,2024-03-17,Lakewood,Frequent
R007533,2025-01-28,Riverton,Occasional
R007534,2024-02-24,Metroville,Frequent
R007535,2025-10-20,Riverton,Occasional
R007536,2024-04-25,Metroville,Occasional
R007537,2024-07-03,Riverton,Frequent
R007538,2025-04-25,Hillview,Occasional
R007539,2025-10-09,Riverton,Regular
R007540,2024-10-31,Metroville,Regular
R007541,2024-07-09,Hillview,Regular
R007542,2024-09-12,Metroville,Occasional
R007543,2025-11-02,Metroville,Occasional
R007544,2025-10-28,Hillview,Frequent
R007545,2024-03-30,Metroville,Occasional
R007546,2025-10-20,Lakewood,Regular
R007547,2025-09-07,Hillview,Occasional
R007548,2025-01-29,Metroville,Occasional
R007549,2024-07-06,Riverton,Occasional
R007550,2024-12-01,Lakewood,Occasional
R007551,2025-07-21,Lakewood,Frequent
R007552,2024-07-16,Lakewood,Regular
R007553,2024-09-08,Lakewood,Regular
R007554,2024-12-02,Hillview,Regular
R007555,2024-02-19,Riverton,Frequent
R007556,2024-10-27,Lakewood,Occasional
R007557,2024-04-08,Riverton,Regular
R007558,2024-01-06,Lakewood,Occasional
R007559,2024-10-10,Riverton,Frequent
R007560,2025-07-09,Metroville,Frequent
R007561,2025-12-20,Metroville,Frequent
R007562,2024-11-17,Metroville,Occasional
R007563,2025-07-05,Lakewood,Occasional
R007564,2024-06-12,Metroville,Frequent
R007565,2025-04-10,Lakewood,Regular
R007566,2025-05-02,Hillview,Occasional
R007567,2024-08-31,Metroville,Occasional
R007568,2024-11-23,Lakewood,Occasional
R007569,2025-05-05,Metroville,Regular
R007570,2024-08-17,Lakewood,Regular
R007571,2025-03-17,Metroville,Frequent
R007572,2024-06-17,Hillview,Regular
R007573,2025-01-27,Metroville,Frequent
R007574,2024-02-13,Hillview,Occasional
R007575,2024-11-22,Metroville,Regular
R007576,2025-01-03,Hillview,Frequent
R007577,2025-08-28,Metroville,Regular
R007578,2024-10-01,Metroville,Regular
R007579,2024-01-05,Hillview,Occasional
R007580,2024-01-30,Metroville,Occasional
R007581,2025-01-29,Lakewood,Regular
R007582,2025-08-17,Riverton,Regular
R007583,2025-10-13,Lakewood,Frequent
R007584,2025-08-14,Metroville,Regular
R007585,2024-09-05,Hillview,Regular
R007586,2024-12-24,Riverton,Regular
R007587,2025-10-12,Hillview,Regular
R007588,2025-09-06,Riverton,Regular
R007589,2024-11-28,Riverton,Regular
R007590,2024-12-18,Lakewood,Regular
R007591,2024-02-20,Metroville,Occasional
R007592,2024-05-03,Hillview,Frequent
R007593,2025-01-22,Hillview,Occasional
R007594,2025-01-13,Riverton,Occasional
R007595,2025-02-24,Hillview,Frequent
R007596,2024-08-16,Metroville,Regular
R007597,2024-06-15,Metroville,Frequent
R007598,2024-11-27,Metroville,Occasional
R007599,2025-10-05,Riverton,Occasional
R007600,2025-12-11,Lakewood,Regular
R007601,2024-02-08,Metroville,Regular
R007602,2024-09-17,Lakewood,Frequent
R007603,2025-01-16,Metroville,Regular
R007604,2024-06-07,Lakewood,Regular
R007605,2024-09-15,Metroville,Frequent
R007606,2024-04-04,Metroville,Regular
R007607,2024-12-05,Lakewood,Occasional
R007608,2025-10-09,Metroville,Occasional
R007609,2025-11-10,Lakewood,Occasional
R007610,2024-01-11,Lakewood,Regular
R007611,2025-04-11,Hillview,Frequent
R007612,2025-10-26,Metroville,Regular
R007613,2025-07-16,Metroville,Regular
R007614,2024-02-15,Riverton,Occasional
R007615,2024-10-12,Metroville,Regular
R007616,2025-07-04,Lakewood,Regular
R007617,2025-12-18,Riverton,Regular
R007618,2024-08-02,Metroville,Occasional
R007619,2024-07-26,Hillview,Regular
R007620,2024-07-01,Lakewood,Regular
R007621,2025-10-17,Riverton,Occasional
R007622,2024-05-11,Hillview,Regular
R007623,2024-09-24,Hillview,Occasional
R007624,2024-04-08,Metroville,Occasional
R007625,2025-11-18,Lakewood,Occasional
R007626,2024-02-18,Lakewood,Regular
R007627,2025-01-06,Lakewood,Occasional
R007628,2024-04-23,Riverton,Occasional
R007629,2024-10-25,Lakewood,Regular
R007630,2025-03-06,Lakewood,Regular
R007631,2025-05-26,Riverton,Regular
R007632,2025-02-21,Metroville,Regular
R007633,2024-11-08,Riverton,Occasional
R007634,2024-07-24,Metroville,Occasional
R007635,2025-08-10,Riverton,Occasional
R007636,2025-05-12,Metroville,Occasional
R007637,2025-05-06,Riverton,Occasional
R007638,2025-07-17,Metroville,Frequent
R007639,2024-06-10,Riverton,Occasional
R007640,2025-12-18,Lakewood,Occasional
R007641,2025-11-04,Lakewood,Frequent
R007642,2024-11-17,Riverton,Regular
R007643,2024-05-29,Hillview,Frequent
R007644,2024-10-01,Metroville,Occasional
R007645,2024-10-11,Riverton,Regular
R007646,2025-12-13,Lakewood,Frequent
R007647,2024-07-30,Riverton,Frequent
R007648,2025-11-20,Hillview,Occasional
R007649,2024-06-18,Riverton,Regular
R007650,2025-11-09,Metroville,Occasional
R007651,2025-11-11,Lakewood,Regular
R007652,2025-03-21,Lakewood,Occasional
R007653,2024-03-19,Metroville,Regular
R007654,2025-03-28,Riverton,Occasional
R007655,2025-10-29,Riverton,Occasional
R007656,2025-11-10,Riverton,Frequent
R007657,2024-11-30,Metroville,Regular
R007658,2024-12-17,Riverton,Frequent
R007659,2024-10-08,Lakewood,Occasional
R007660,2024-06-05,Metroville,Regular
R007661,2025-04-23,Lakewood,Occasional
R007662,2025-12-22,Lakewood,Occasional
R007663,2024-07-14,Lakewood,Frequent
R007664,2025-09-08,Hillview,Occasional
R007665,2024-03-11,Metroville,Occasional
R007666,2024-02-11,Lakewood,Frequent
R007667,2025-10-21,Metroville,Occasional
R007668,2024-03-23,Metroville,Frequent
R007669,2024-10-29,Metroville,Occasional
R007670,2025-10-07,Riverton,Occasional
R007671,2024-09-12,Lakewood,Regular
R007672,2024-08-08,Lakewood,Occasional
R007673,2024-01-30,Lakewood,Regular
R007674,2025-05-24,Metroville,Frequent
R007675,2024-08-22,Metroville,Occasional
R007676,2024-03-27,Lakewood,Regular
R007677,2024-12-13,Riverton,Occasional
R007678,2024-05-04,Riverton,Regular
R007679,2025-09-13,Metroville,Regular
R007680,2025-07-01,Lakewood,Regular
R007681,2025-12-18,Lakewood,Occasional
R007682,2025-12-17,Riverton,Regular
R007683,2025-09-04,Metroville,Regular
R007684,2025-01-02,Metroville,Occasional
R007685,2024-05-04,Hillview,Regular
R007686,2024-02-01,Metroville,Occasional
R007687,2024-03-08,Hillview,Occasional
R007688,2024-06-20,Lakewood,Occasional
R007689,2025-10-08,Lakewood,Occasional
R007690,2024-06-04,Metroville,Occasional
R007691,2024-03-08,Hillview,Occasional
R007692,2025-11-15,Metroville,Regular
R007693,2024-11-14,Lakewood,Occasional
R007694,2024-11-02,Metroville,Occasional
R007695,2024-08-08,Metroville,Regular
R007696,2025-11-24,Riverton,Regular
R007697,2024-09-11,Metroville,Occasional
R007698,2025-09-21,Riverton,Frequent
R007699,2025-12-27,Riverton,Occasional
R007700,2024-11-25,Lakewood,Regular
R007701,2025-05-27,Riverton,Frequent
R007702,2024-01-19,Metroville,Regular
R007703,2025-07-26,Riverton,Frequent
R007704,2025-12-13,Metroville,Regular
R007705,2024-05-22,Lakewood,Occasional
R007706,2024-01-08,Hillview,Occasional
R007707,2024-02-02,Riverton,Frequent
R007708,2025-09-18,Metroville,Frequent
R007709,2024-06-27,Lakewood,Regular
R007710,2024-10-29,Hillview,Occasional
R007711,2024-09-03,Hillview,Regular
R007712,2024-08-08,Riverton,Occasional
R007713,2024-05-01,Metroville,Occasional
R007714,2024-10-25,Lakewood,Frequent
R007715,2025-11-07,Hillview,Occasional
R007716,2024-09-18,Metroville,Regular
R007717,2025-08-09,Riverton,Occasional
R007718,2025-05-19,Lakewood,Regular
R007719,2025-08-06,Riverton,Occasional
R007720,2025-02-23,Metroville,Occasional
R007721,2024-09-28,Metroville,Regular
R007722,2024-07-07,Metroville,Frequent
R007723,2024-07-24,Hillview,Frequent
R007724,2025-01-21,Riverton,Occasional
R007725,2024-10-22,Riverton,Regular
R007726,2024-10-23,Hillview,Occasional
R007727,2024-09-27,Metroville,Regular
R007728,2025-11-04,Hillview,Regular
R007729,2025-04-15,Metroville,Occasional
R007730,2025-10-15,Metroville,Occasional
R007731,2025-11-10,Lakewood,Occasional
R007732,2025-03-27,Hillview,Regular
R007733,2024-03-08,Riverton,Frequent
R007734,2025-12-07,Metroville,Frequent
R007735,2024-12-16,Hillview,Frequent
R007736,2024-10-01,Riverton,Regular
R007737,2024-10-29,Riverton,Regular
R007738,2024-03-05,Lakewood,Frequent
R007739,2025-05-01,Lakewood,Occasional
R007740,2024-02-04,Metroville,Regular
R007741,2025-06-11,Riverton,Frequent
R007742,2025-09-02,Metroville,Regular
R007743,2024-11-04,Lakewood,Regular
R007744,2024-10-07,Lakewood,Regular
R007745,2025-05-07,Lakewood,Frequent
R007746,2025-09-21,Hillview,Occasional
R007747,2024-03-11,Lakewood,Occasional
R007748,2024-12-01,Lakewood,Frequent
R007749,2024-08-24,Metroville,Frequent
R007750,2024-01-09,Metroville,Regular
R007751,2024-01-07,Metroville,Occasional
R007752,2025-01-21,Metroville,Frequent
R007753,2025-07-13,Lakewood,Frequent
R007754,2025-03-11,Lakewood,Occasional
R007755,2024-07-01,Hillview,Regular
R007756,2024-11-26,Metroville,Frequent
R007757,2025-12-07,Metroville,Occasional
R007758,2025-09-05,Riverton,Occasional
R007759,2024-03-28,Metroville,Frequent
R007760,2025-04-16,Riverton,Regular
R007761,2025-04-02,Riverton,Regular
R007762,2024-09-23,Riverton,Regular
R007763,2024-09-23,Metroville,Occasional
R007764,2025-06-10,Metroville,Frequent
R007765,2025-11-15,Hillview,Regular
R007766,2024-08-21,Hillview,Regular
R007767,2025-11-09,Riverton,Regular
R007768,2025-09-05,Metroville,Regular
R007769,2024-02-08,Lakewood,Regular
R007770,2024-07-24,Riverton,Occasional
R007771,2024-11-18,Metroville,Occasional
R007772,2025-05-02,Hillview,Regular
R007773,2024-06-14,Hillview,Occasional
R007774,2024-10-30,Metroville,Frequent
R007775,2024-03-08,Metroville,Regular
R007776,2024-03-15,Lakewood,Regular
R007777,2024-11-14,Lakewood,Regular
R007778,2025-04-05,Lakewood,Occasional
R007779,2024-11-27,Riverton,Frequent
R007780,2024-10-07,Lakewood,Occasional
R007781,2024-12-30,Metroville,Regular
R007782,2025-04-09,Metroville,Occasional
R007783,2025-06-06,Lakewood,Frequent
R007784,2025-01-30,Lakewood,Regular
R007785,2024-03-08,Hillview,Frequent
R007786,2024-01-31,Metroville,Frequent
R007787,2024-09-08,Riverton,Occasional
R007788,2024-05-30,Metroville,Regular
R007789,2025-01-27,Riverton,Regular
R007790,2025-05-27,Metroville,Regular
R007791,2024-07-03,Lakewood,Regular
R007792,2024-12-08,Lakewood,Occasional
R007793,2024-06-08,Riverton,Regular
R007794,2024-12-07,Metroville,Regular
R007795,2024-10-03,Metroville,Occasional
R007796,2024-01-02,Lakewood,Regular
R007797,2025-05-01,Riverton,Occasional
R007798,2024-08-09,Metroville,Frequent
R007799,2025-07-01,Metroville,Occasional
R007800,2025-05-05,Riverton,Occasional
R007801,2024-05-22,Lakewood,Occasional
R007802,2025-10-11,Metroville,Frequent
R007803,2024-01-17,Metroville,Regular
R007804,2025-02-24,Lakewood,Occasional
R007805,2025-08-10,Hillview,Occasional
R007806,2025-01-30,Riverton,Regular
R007807,2025-02-12,Riverton,Frequent
R007808,2024-12-10,Riverton,Occasional
R007809,2024-02-13,Lakewood,Frequent
R007810,2025-05-11,Hillview,Regular
R007811,2025-11-28,Metroville,Regular
R007812,2025-08-07,Riverton,Occasional
R007813,2024-02-12,Metroville,Occasional
R007814,2024-06-10,Riverton,Regular
R007815,2025-09-01,Hillview,Regular
R007816,2025-06-06,Hillview,Regular
R007817,2024-09-25,Hillview,Occasional
R007818,2024-06-27,Hillview,Occasional
R007819,2024-12-04,Lakewood,Frequent
R007820,2024-01-24,Lakewood,Occasional
R007821,2024-03-06,Lakewood,Occasional
R007822,2024-02-24,Metroville,Occasional
R007823,2025-08-26,Lakewood,Occasional
R007824,2024-02-04,Metroville,Regular
R007825,2025-02-08,Hillview,Regular
R007826,2024-07-24,Riverton,Regular
R007827,2025-07-07,Metroville,Regular
R007828,2024-04-03,Riverton,Occasional
R007829,2025-10-28,Riverton,Occasional
R007830,2024-03-03,Hillview,Regular
R007831,2025-09-11,Metroville,Occasional
R007832,2024-04-18,Riverton,Occasional
R007833,2024-01-22,Metroville,Occasional
R007834,2024-01-28,Hillview,Occasional
R007835,2025-07-25,Hillview,Occasional
R007836,2024-09-08,Metroville,Frequent
R007837,2024-11-01,Metroville,Occasional
R007838,2025-08-25,Metroville,Frequent
R007839,2024-07-10,Lakewood,Occasional
R007840,2025-02-09,Metroville,Occasional
R007841,2024-08-06,Riverton,Regular
R007842,2024-02-17,Lakewood,Occasional
R007843,2025-12-28,Lakewood,Frequent
R007844,2024-10-01,Riverton,Regular
R007845,2025-09-12,Riverton,Frequent
R007846,2024-11-10,Metroville,Occasional
R007847,2025-09-26,Riverton,Occasional
R007848,2024-05-06,Riverton,Frequent
R007849,2025-01-30,Metroville,Occasional
R007850,2024-09-30,Metroville,Occasional
R007851,2025-12-27,Riverton,Regular
R007852,2024-09-03,Metroville,Occasional
R007853,2025-07-18,Metroville,Regular
R007854,2024-12-27,Lakewood,Frequent
R007855,2024-10-20,Hillview,Regular
R007856,2025-05-25,Riverton,Occasional
R007857,2025-04-16,Riverton,Frequent
R007858,2024-12-16,Metroville,Frequent
R007859,2024-02-10,Hillview,Regular
R007860,2024-02-24,Lakewood,Regular
R007861,2025-03-14,Hillview,Regular
R007862,2024-02-10,Lakewood,Occasional
R007863,2025-03-19,Riverton,Occasional
R007864,2025-10-11,Hillview,Occasional
R007865,2025-07-31,Hillview,Occasional
R007866,2025-05-23,Metroville,Occasional
R007867,2024-07-19,Metroville,Occasional
R007868,2025-04-26,Riverton,Occasional
R007869,2024-05-14,Metroville,Occasional
R007870,2025-10-30,Metroville,Regular
R007871,2024-03-06,Metroville,Occasional
R007872,2025-01-31,Lakewood,Frequent
R007873,2024-12-22,Lakewood,Regular
R007874,2024-02-23,Metroville,Frequent
R007875,2024-05-16,Lakewood,Occasional
R007876,2025-06-06,Lakewood,Occasional
R007877,2025-03-12,Hillview,Regular
R007878,2024-04-28,Metroville,Regular
R007879,2024-04-12,Hillview,Occasional
R007880,2025-05-02,Hillview,Frequent
R007881,2025-04-28,Lakewood,Regular
R007882,2024-10-20,Riverton,Frequent
R007883,2024-01-15,Metroville,Regular
R007884,2024-01-21,Lakewood,Regular
R007885,2024-04-20,Metroville,Occasional
R007886,2024-02-10,Lakewood,Occasional
R007887,2025-02-11,Hillview,Occasional
R007888,2024-10-14,Metroville,Occasional
R007889,2024-06-08,Lakewood,Frequent
R007890,2025-03-11,Riverton,Occasional
R007891,2025-05-30,Lakewood,Frequent
R007892,2024-05-05,Lakewood,Frequent
R007893,2025-04-02,Lakewood,Occasional
R007894,2024-03-19,Lakewood,Occasional
R007895,2025-03-15,Metroville,Frequent
R007896,2024-10-02,Lakewood,Regular
R007897,2024-03-21,Lakewood,Frequent
R007898,2025-08-11,Metroville,Regular
R007899,2024-05-13,Lakewood,Occasional
R007900,2025-07-27,Lakewood,Regular
R007901,2024-09-24,Lakewood,Occasional
R007902,2025-05-15,Lakewood,Regular
R007903,2025-06-01,Lakewood,Occasional
R007904,2024-11-07,Riverton,Regular
R007905,2025-05-03,Lakewood,Frequent
R007906,2024-11-19,Lakewood,Occasional
R007907,2025-03-19,Lakewood,Occasional
R007908,2024-06-14,Lakewood,Regular
R007909,2024-11-07,Riverton,Occasional
R007910,2024-04-10,Riverton,Occasional
R007911,2024-10-31,Metroville,Occasional
R007912,2024-01-12,Lakewood,Occasional
R007913,2024-10-26,Metroville,Occasional
R007914,2025-09-21,Riverton,Regular
R007915,2024-09-21,Hillview,Frequent
R007916,2024-12-29,Riverton,Occasional
R007917,2025-09-18,Lakewood,Occasional
R007918,2024-01-03,Metroville,Occasional
R007919,2025-05-05,Metroville,Occasional
R007920,2025-01-22,Lakewood,Regular
R007921,2024-09-08,Hillview,Regular
R007922,2024-07-08,Lakewood,Occasional
R007923,2025-03-09,Hillview,Regular
R007924,2024-11-08,Lakewood,Occasional
R007925,2024-10-16,Metroville,Regular
R007926,2025-05-07,Riverton,Occasional
R007927,2024-10-19,Metroville,Frequent
R007928,2025-08-15,Metroville,Occasional
R007929,2024-07-27,Metroville,Occasional
R007930,2025-05-27,Lakewood,Occasional
R007931,2025-02-16,Metroville,Occasional
R007932,2025-10-18,Hillview,Regular
R007933,2024-10-20,Hillview,Regular
R007934,2024-06-20,Riverton,Regular
R007935,2024-10-18,Lakewood,Occasional
R007936,2025-04-29,Metroville,Occasional
R007937,2024-11-10,Riverton,Occasional
R007938,2025-10-13,Metroville,Frequent
R007939,2024-04-24,Lakewood,Occasional
R007940,2024-08-13,Metroville,Frequent
R007941,2025-12-20,Lakewood,Frequent
R007942,2025-08-08,Lakewood,Occasional
R007943,2024-02-26,Lakewood,Frequent
R007944,2025-11-19,Riverton,Regular
R007945,2024-11-07,Metroville,Occasional
R007946,2025-04-16,Metroville,Regular
R007947,2024-01-13,Lakewood,Regular
R007948,2024-04-30,Riverton,Occasional
R007949,2025-05-26,Metroville,Occasional
R007950,2024-07-09,Hillview,Regular
R007951,2024-03-27,Metroville,Occasional
R007952,2025-05-12,Metroville,Frequent
R007953,2024-06-07,Lakewood,Frequent
R007954,2025-09-26,Metroville,Regular
R007955,2024-05-10,Lakewood,Regular
R007956,2024-01-18,Metroville,Frequent
R007957,2024-10-12,Lakewood,Occasional
R007958,2024-08-26,Metroville,Frequent
R007959,2025-04-12,Metroville,Occasional
R007960,2024-06-19,Lakewood,Frequent
R007961,2025-12-18,Riverton,Occasional
R007962,2024-11-04,Riverton,Regular
R007963,2025-06-03,Lakewood,Frequent
R007964,2025-07-16,Hillview,Regular
R007965,2025-10-09,Metroville,Occasional
R007966,2025-01-03,Hillview,Occasional
R007967,2024-06-15,Hillview,Regular
R007968,2025-01-14,Lakewood,Occasional
R007969,2024-11-07,Metroville,Frequent
R007970,2025-03-21,Hillview,Regular
R007971,2024-06-21,Lakewood,Occasional
R007972,2025-01-12,Metroville,Occasional
R007973,2025-12-02,Hillview,Occasional
R007974,2025-05-18,Lakewood,Frequent
R007975,2025-12-01,Lakewood,Regular
R007976,2024-03-19,Lakewood,Regular
R007977,2025-04-23,Hillview,Frequent
R007978,2024-01-17,Lakewood,Occasional
R007979,2024-05-28,Hillview,Occasional
R007980,2025-08-28,Metroville,Regular
R007981,2024-03-14,Riverton,Occasional
R007982,2024-12-16,Lakewood,Occasional
R007983,2024-02-21,Metroville,Regular
R007984,2024-08-06,Metroville,Regular
R007985,2024-03-31,Metroville,Occasional
R007986,2024-11-28,Metroville,Regular
R007987,2025-04-15,Riverton,Occasional
R007988,2025-04-20,Metroville,Regular
R007989,2025-11-13,Riverton,Regular
R007990,2024-03-30,Hillview,Occasional
R007991,2024-10-20,Riverton,Regular
R007992,2025-01-18,Riverton,Regular
R007993,2024-03-04,Lakewood,Occasional
R007994,2024-03-22,Hillview,Occasional
R007995,2024-08-15,Riverton,Occasional
R007996,2025-09-21,Metroville,Frequent
R007997,2025-03-05,Riverton,Occasional
R007998,2025-02-15,Riverton,Regular
R007999,2025-02-07,Riverton,Regular
R008000,2025-08-16,Metroville,Regular
R008001,2025-02-02,Lakewood,Occasional
R008002,2025-06-11,Hillview,Occasional
R008003,2024-08-14,Hillview,Occasional
R008004,2025-08-19,Lakewood,Occasional
R008005,2024-01-24,Lakewood,Regular
R008006,2024-09-07,Metroville,Regular
R008007,2024-07-02,Riverton,Occasional
R008008,2024-04-12,Metroville,Occasional
R008009,2025-01-28,Hillview,Regular
R008010,2025-10-14,Lakewood,Occasional
R008011,2024-04-28,Metroville,Regular
R008012,2025-10-09,Metroville,Regular
R008013,2025-09-19,Lakewood,Regular
R008014,2025-10-08,Lakewood,Regular
R008015,2024-01-05,Riverton,Frequent
R008016,2025-12-25,Lakewood,Occasional
R008017,2024-11-08,Lakewood,Occasional
R008018,2025-03-12,Metroville,Regular
R008019,2024-08-11,Metroville,Occasional
R008020,2025-01-10,Metroville,Occasional
R008021,2025-02-06,Lakewood,Frequent
R008022,2025-08-06,Riverton,Occasional
R008023,2024-09-06,Metroville,Regular
R008024,2024-03-21,Riverton,Occasional
R008025,2025-03-05,Metroville,Regular
R008026,2025-07-27,Metroville,Regular
R008027,2024-01-12,Metroville,Occasional
R008028,2025-08-17,Lakewood,Occasional
R008029,2025-08-11,Metroville,Occasional
R008030,2025-02-26,Hillview,Regular
R008031,2025-11-25,Metroville,Occasional
R008032,2024-10-10,Lakewood,Occasional
R008033,2024-04-07,Hillview,Occasional
R008034,2025-04-25,Metroville,Occasional
R008035,2025-03-22,Riverton,Occasional
R008036,2025-10-31,Riverton,Regular
R008037,2024-06-13,Metroville,Regular
R008038,2024-04-25,Metroville,Occasional
R008039,2025-05-12,Riverton,Regular
R008040,2024-08-15,Metroville,Occasional
R008041,2024-05-15,Metroville,Occasional
R008042,2025-05-06,Lakewood,Occasional
R008043,2024-05-15,Metroville,Regular
R008044,2025-09-01,Hillview,Occasional
R008045,2024-08-15,Hillview,Occasional
R008046,2025-04-22,Hillview,Frequent
R008047,2025-02-26,Metroville,Occasional
R008048,2025-03-08,Hillview,Regular
R008049,2024-08-10,Riverton,Occasional
R008050,2024-03-03,Lakewood,Occasional
R008051,2025-04-13,Riverton,Regular
R008052,2024-11-13,Riverton,Occasional
R008053,2025-12-16,Lakewood,Frequent
R008054,2025-10-13,Lakewood,Occasional
R008055,2024-02-24,Lakewood,Regular
R008056,2024-09-21,Metroville,Frequent
R008057,2024-10-31,Metroville,Occasional
R008058,2024-10-05,Lakewood,Regular
R008059,2025-06-13,Lakewood,Regular
R008060,2024-09-18,Riverton,Frequent
R008061,2024-04-21,Riverton,Occasional
R008062,2024-09-22,Lakewood,Occasional
R008063,2025-07-30,Metroville,Frequent
R008064,2024-10-23,Riverton,Regular
R008065,2024-07-27,Metroville,Regular
R008066,2025-07-20,Riverton,Occasional
R008067,2024-02-18,Lakewood,Regular
R008068,2024-11-29,Hillview,Frequent
R008069,2024-03-16,Metroville,Regular
R008070,2025-03-20,Riverton,Regular
R008071,2025-10-20,Lakewood,Frequent
R008072,2024-11-19,Metroville,Regular
R008073,2025-12-19,Lakewood,Regular
R008074,2025-10-01,Metroville,Occasional
R008075,2025-06-16,Metroville,Occasional
R008076,2024-05-10,Lakewood,Regular
R008077,2024-01-25,Lakewood,Frequent
R008078,2024-03-30,Lakewood,Occasional
R008079,2024-09-11,Lakewood,Regular
R008080,2024-10-25,Metroville,Occasional
R008081,2024-06-02,Lakewood,Occasional
R008082,2025-12-14,Lakewood,Occasional
R008083,2025-06-27,Lakewood,Occasional
R008084,2025-05-27,Lakewood,Occasional
R008085,2025-04-21,Metroville,Occasional
R008086,2025-03-27,Lakewood,Regular
R008087,2025-10-07,Metroville,Occasional
R008088,2024-10-12,Metroville,Regular
R008089,2024-04-12,Riverton,Occasional
R008090,2024-08-04,Riverton,Occasional
R008091,2024-06-16,Metroville,Occasional
R008092,2025-12-01,Metroville,Regular
R008093,2025-02-19,Lakewood,Occasional
R008094,2024-11-08,Lakewood,Frequent
R008095,2024-01-19,Riverton,Occasional
R008096,2025-06-04,Riverton,Occasional
R008097,2025-04-18,Metroville,Occasional
R008098,2025-08-16,Riverton,Occasional
R008099,2024-04-05,Hillview,Occasional
R008100,2025-04-26,Hillview,Frequent
R008101,2024-09-21,Metroville,Occasional
R008102,2024-06-19,Hillview,Regular
R008103,2024-06-12,Metroville,Occasional
R008104,2024-07-29,Metroville,Regular
R008105,2025-06-20,Lakewood,Regular
R008106,2024-01-17,Metroville,Occasional
R008107,2025-11-24,Metroville,Occasional
R008108,2025-12-10,Metroville,Regular
R008109,2025-12-09,Riverton,Regular
R008110,2025-09-02,Lakewood,Regular
R008111,2024-08-25,Riverton,Regular
R008112,2024-10-22,Lakewood,Frequent
R008113,2024-04-02,Metroville,Occasional
R008114,2025-10-15,Lakewood,Occasional
R008115,2025-07-17,Riverton,Frequent
R008116,2024-04-22,Metroville,Occasional
R008117,2025-12-25,Hillview,Frequent
R008118,2024-01-31,Lakewood,Regular
R008119,2025-07-15,Riverton,Regular
R008120,2024-04-09,Lakewood,Frequent
R008121,2025-07-02,Riverton,Regular
R008122,2025-10-08,Riverton,Occasional
R008123,2025-11-26,Riverton,Regular
R008124,2024-04-27,Metroville,Occasional
R008125,2024-04-30,Metroville,Occasional
R008126,2024-02-19,Metroville,Occasional
R008127,2025-08-24,Hillview,Occasional
R008128,2024-05-15,Lakewood,Regular
R008129,2024-10-12,Metroville,Regular
R008130,2024-10-30,Metroville,Occasional
R008131,2024-09-13,Lakewood,Occasional
R008132,2024-12-29,Hillview,Regular
R008133,2024-09-12,Riverton,Regular
R008134,2024-06-21,Metroville,Occasional
R008135,2024-10-10,Hillview,Occasional
R008136,2025-08-12,Hillview,Regular
R008137,2024-03-27,Riverton,Frequent
R008138,2025-12-03,Lakewood,Occasional
R008139,2024-10-27,Riverton,Frequent
R008140,2024-07-31,Riverton,Frequent
R008141,2024-11-21,Hillview,Regular
R008142,2025-11-12,Riverton,Frequent
R008143,2025-08-15,Lakewood,Occasional
R008144,2025-08-21,Metroville,Regular
R008145,2024-06-10,Lakewood,Regular
R008146,2025-10-10,Metroville,Occasional
R008147,2025-05-31,Riverton,Regular
R008148,2024-02-13,Hillview,Frequent
R008149,2024-11-08,Metroville,Regular
R008150,2025-09-02,Lakewood,Occasional
R008151,2025-01-24,Riverton,Occasional
R008152,2025-03-04,Metroville,Occasional
R008153,2024-10-01,Lakewood,Occasional
R008154,2024-01-29,Riverton,Frequent
R008155,2025-10-10,Metroville,Occasional
R008156,2025-07-05,Riverton,Frequent
R008157,2024-07-17,Riverton,Regular
R008158,2024-06-25,Riverton,Regular
R008159,2025-01-14,Metroville,Regular
R008160,2025-08-06,Metroville,Occasional
R008161,2024-03-04,Metroville,Regular
R008162,2025-04-03,Lakewood,Occasional
R008163,2025-09-11,Metroville,Occasional
R008164,2024-12-26,Riverton,Frequent
R008165,2024-02-08,Lakewood,Occasional
R008166,2024-01-18,Hillview,Regular
R008167,2024-04-28,Riverton,Occasional
R008168,2025-10-13,Lakewood,Occasional
R008169,2024-12-01,Metroville,Occasional
R008170,2024-04-18,Metroville,Occasional
R008171,2025-10-24,Riverton,Regular
R008172,2025-08-30,Lakewood,Occasional
R008173,2024-04-17,Metroville,Regular
R008174,2025-05-18,Riverton,Occasional
R008175,2024-08-30,Metroville,Occasional
R008176,2024-02-20,Lakewood,Regular
R008177,2024-02-15,Lakewood,Regular
R008178,2025-01-31,Metroville,Occasional
R008179,2025-09-09,Riverton,Occasional
R008180,2025-12-05,Riverton,Occasional
R008181,2025-05-31,Lakewood,Regular
R008182,2025-11-06,Riverton,Regular
R008183,2024-06-21,Metroville,Occasional
R008184,2024-04-17,Lakewood,Occasional
R008185,2024-03-21,Riverton,Regular
R008186,2024-05-06,Lakewood,Occasional
R008187,2025-07-05,Riverton,Regular
R008188,2024-04-22,Lakewood,Frequent
R008189,2024-11-12,Lakewood,Regular
R008190,2025-07-07,Lakewood,Occasional
R008191,2025-11-09,Riverton,Occasional
R008192,2024-04-27,Metroville,Occasional
R008193,2024-05-16,Hillview,Occasional
R008194,2024-02-17,Metroville,Regular
R008195,2024-03-23,Metroville,Regular
R008196,2024-10-12,Riverton,Regular
R008197,2024-08-18,Lakewood,Regular
R008198,2025-12-08,Lakewood,Occasional
R008199,2024-11-21,Lakewood,Occasional
R008200,2024-08-13,Metroville,Regular
R008201,2024-12-09,Riverton,Regular
R008202,2025-06-14,Riverton,Regular
R008203,2024-09-04,Metroville,Occasional
R008204,2024-04-15,Riverton,Frequent
R008205,2024-11-03,Metroville,Occasional
R008206,2025-03-30,Riverton,Regular
R008207,2024-08-19,Riverton,Occasional
R008208,2025-03-01,Hillview,Regular
R008209,2024-08-25,Riverton,Frequent
R008210,2025-10-23,Hillview,Regular
R008211,2025-10-11,Hillview,Regular
R008212,2025-06-08,Hillview,Regular
R008213,2025-09-05,Riverton,Regular
R008214,2024-03-29,Metroville,Occasional
R008215,2025-04-23,Riverton,Occasional
R008216,2024-10-23,Riverton,Frequent
R008217,2025-07-23,Hillview,Regular
R008218,2024-01-01,Riverton,Frequent
R008219,2024-05-17,Metroville,Regular
R008220,2024-06-25,Metroville,Regular
R008221,2025-02-11,Metroville,Regular
R008222,2025-12-12,Lakewood,Frequent
R008223,2025-10-18,Riverton,Regular
R008224,2024-11-29,Metroville,Occasional
R008225,2024-01-01,Metroville,Occasional
R008226,2025-09-27,Metroville,Occasional
R008227,2025-02-23,Riverton,Occasional
R008228,2024-01-18,Lakewood,Occasional
R008229,2025-04-17,Metroville,Occasional
R008230,2025-10-06,Lakewood,Occasional
R008231,2025-09-29,Metroville,Occasional
R008232,2025-10-13,Riverton,Regular
R008233,2025-12-15,Hillview,Occasional
R008234,2025-04-23,Metroville,Regular
R008235,2025-03-24,Hillview,Frequent
R008236,2024-03-26,Riverton,Regular
R008237,2025-04-07,Metroville,Occasional
R008238,2025-10-03,Metroville,Regular
R008239,2025-08-18,Metroville,Regular
R008240,2025-10-20,Metroville,Occasional
R008241,2024-05-04,Metroville,Occasional
R008242,2024-05-27,Hillview,Frequent
R008243,2025-09-20,Metroville,Regular
R008244,2025-11-19,Hillview,Frequent
R008245,2025-01-20,Lakewood,Regular
R008246,2025-10-06,Lakewood,Occasional
R008247,2025-05-14,Riverton,Regular
R008248,2024-05-29,Riverton,Frequent
R008249,2025-01-05,Hillview,Occasional
R008250,2024-10-15,Metroville,Occasional
R008251,2025-08-01,Lakewood,Regular
R008252,2024-09-03,Metroville,Frequent
R008253,2024-05-08,Metroville,Frequent
R008254,2024-12-30,Metroville,Regular
R008255,2024-12-28,Riverton,Regular
R008256,2025-10-12,Metroville,Occasional
R008257,2024-01-06,Hillview,Regular
R008258,2025-10-02,Riverton,Regular
R008259,2024-06-03,Lakewood,Occasional
R008260,2024-05-08,Lakewood,Occasional
R008261,2024-11-02,Riverton,Regular
R008262,2025-02-07,Metroville,Frequent
R008263,2025-11-11,Lakewood,Frequent
R008264,2025-01-25,Metroville,Occasional
R008265,2024-04-16,Metroville,Regular
R008266,2024-11-25,Lakewood,Regular
R008267,2025-11-04,Metroville,Occasional
R008268,2025-06-07,Lakewood,Regular
R008269,2024-06-08,Riverton,Regular
R008270,2025-04-17,Riverton,Occasional
R008271,2025-06-21,Metroville,Frequent
R008272,2024-07-20,Metroville,Regular
R008273,2025-01-21,Metroville,Frequent
R008274,2024-09-11,Lakewood,Regular
R008275,2024-05-12,Lakewood,Occasional
R008276,2025-10-12,Riverton,Occasional
R008277,2024-08-22,Metroville,Frequent
R008278,2024-08-26,Hillview,Regular
R008279,2024-03-15,Metroville,Regular
R008280,2024-11-21,Lakewood,Regular
R008281,2025-04-16,Hillview,Frequent
R008282,2025-12-13,Hillview,Frequent
R008283,2025-07-21,Lakewood,Regular
R008284,2025-09-19,Metroville,Occasional
R008285,2025-12-23,Lakewood,Occasional
R008286,2025-05-26,Riverton,Regular
R008287,2025-09-19,Metroville,Occasional
R008288,2024-08-10,Metroville,Frequent
R008289,2025-06-07,Lakewood,Frequent
R008290,2025-04-05,Riverton,Regular
R008291,2024-11-26,Lakewood,Occasional
R008292,2025-04-14,Metroville,Occasional
R008293,2025-06-11,Hillview,Occasional
R008294,2024-10-28,Hillview,Occasional
R008295,2025-09-08,Riverton,Regular
R008296,2024-01-27,Metroville,Frequent
R008297,2024-08-25,Metroville,Occasional
R008298,2024-09-25,Riverton,Frequent
R008299,2025-08-30,Riverton,Frequent
R008300,2025-01-06,Lakewood,Frequent
R008301,2025-11-13,Metroville,Occasional
R008302,2025-11-26,Hillview,Occasional
R008303,2024-12-01,Lakewood,Regular
R008304,2025-06-16,Hillview,Regular
R008305,2024-06-29,Lakewood,Occasional
R008306,2024-03-20,Riverton,Occasional
R008307,2024-12-25,Metroville,Frequent
R008308,2024-08-08,Metroville,Occasional
R008309,2025-06-18,Hillview,Occasional
R008310,2025-01-16,Riverton,Occasional
R008311,2024-04-09,Lakewood,Regular
R008312,2024-11-26,Lakewood,Regular
R008313,2024-10-21,Metroville,Occasional
R008314,2024-01-04,Riverton,Regular
R008315,2025-02-02,Metroville,Occasional
R008316,2025-11-15,Lakewood,Regular
R008317,2025-10-18,Lakewood,Frequent
R008318,2025-10-23,Riverton,Occasional
R008319,2025-10-16,Lakewood,Regular
R008320,2025-11-07,Hillview,Occasional
R008321,2024-03-12,Riverton,Regular
R008322,2024-11-09,Hillview,Occasional
R008323,2025-02-02,Lakewood,Regular
R008324,2025-09-02,Metroville,Regular
R008325,2024-09-30,Hillview,Regular
R008326,2025-06-02,Metroville,Occasional
R008327,2025-07-25,Hillview,Occasional
R008328,2025-01-09,Metroville,Frequent
R008329,2024-06-25,Riverton,Occasional
R008330,2024-02-26,Riverton,Frequent
R008331,2024-11-21,Riverton,Occasional
R008332,2024-05-02,Riverton,Regular
R008333,2025-04-16,Metroville,Regular
R008334,2024-06-23,Lakewood,Occasional
R008335,2025-10-03,Metroville,Regular
R008336,2025-10-17,Hillview,Occasional
R008337,2025-09-04,Lakewood,Occasional
R008338,2025-05-02,Metroville,Regular
R008339,2024-03-25,Metroville,Occasional
R008340,2025-12-20,Hillview,Regular
R008341,2024-02-18,Hillview,Regular
R008342,2025-02-18,Hillview,Regular
R008343,2025-08-11,Metroville,Occasional
R008344,2024-03-03,Riverton,Occasional
R008345,2024-12-29,Lakewood,Frequent
R008346,2024-12-15,Riverton,Frequent
R008347,2024-05-24,Hillview,Frequent
R008348,2024-03-22,Metroville,Regular
R008349,2025-10-28,Lakewood,Regular
R008350,2025-10-21,Metroville,Regular
R008351,2024-03-09,Lakewood,Regular
R008352,2024-07-22,Metroville,Occasional
R008353,2024-10-14,Metroville,Occasional
R008354,2024-05-24,Metroville,Occasional
R008355,2024-02-18,Metroville,Regular
R008356,2025-01-09,Lakewood,Occasional
R008357,2024-11-19,Riverton,Occasional
R008358,2025-08-13,Hillview,Occasional
R008359,2024-08-05,Lakewood,Frequent
R008360,2025-01-08,Riverton,Regular
R008361,2024-08-17,Hillview,Occasional
R008362,2024-01-28,Lakewood,Occasional
R008363,2025-06-16,Riverton,Regular
R008364,2025-06-27,Hillview,Regular
R008365,2025-05-01,Riverton,Occasional
R008366,2024-01-25,Metroville,Occasional
R008367,2025-05-24,Metroville,Regular
R008368,2025-03-18,Metroville,Frequent
R008369,2024-11-18,Riverton,Occasional
R008370,2025-03-27,Riverton,Occasional
R008371,2024-03-22,Metroville,Regular
R008372,2024-06-01,Lakewood,Regular
R008373,2024-04-04,Lakewood,Occasional
R008374,2024-11-22,Riverton,Frequent
R008375,2025-10-17,Metroville,Regular
R008376,2024-01-05,Metroville,Regular
R008377,2024-11-22,Lakewood,Regular
R008378,2024-07-26,Metroville,Occasional
R008379,2025-11-17,Riverton,Regular
R008380,2025-03-29,Lakewood,Occasional
R008381,2024-06-11,Lakewood,Occasional
R008382,2024-07-27,Riverton,Occasional
R008383,2025-03-01,Metroville,Frequent
R008384,2024-02-04,Metroville,Frequent
R008385,2024-02-19,Hillview,Occasional
R008386,2025-05-08,Riverton,Regular
R008387,2025-08-10,Metroville,Regular
R008388,2025-06-27,Riverton,Regular
R008389,2024-05-05,Lakewood,Occasional
R008390,2025-09-23,Riverton,Frequent
R008391,2024-06-13,Riverton,Regular
R008392,2025-10-02,Metroville,Regular
R008393,2024-08-04,Riverton,Frequent
R008394,2024-12-29,Metroville,Frequent
R008395,2025-12-01,Lakewood,Occasional
R008396,2024-10-25,Lakewood,Occasional
R008397,2025-05-03,Hillview,Regular
R008398,2025-03-04,Lakewood,Regular
R008399,2024-02-24,Hillview,Frequent
R008400,2025-08-03,Metroville,Regular
R008401,2024-09-19,Lakewood,Regular
R008402,2024-12-13,Riverton,Occasional
R008403,2024-08-10,Metroville,Occasional
R008404,2025-12-29,Hillview,Occasional
R008405,2025-02-07,Riverton,Occasional
R008406,2025-04-11,Hillview,Regular
R008407,2025-01-17,Metroville,Occasional
R008408,2024-08-13,Lakewood,Occasional
R008409,2025-03-05,Metroville,Regular
R008410,2025-08-03,Hillview,Occasional
R008411,2024-03-10,Metroville,Regular
R008412,2024-04-20,Riverton,Regular
R008413,2024-04-30,Riverton,Occasional
R008414,2025-11-15,Hillview,Occasional
R008415,2025-02-26,Hillview,Regular
R008416,2024-09-06,Riverton,Regular
R008417,2024-05-25,Metroville,Regular
R008418,2025-05-16,Hillview,Regular
R008419,2025-01-19,Lakewood,Regular
R008420,2025-04-02,Riverton,Occasional
R008421,2025-06-07,Metroville,Occasional
R008422,2024-03-11,Riverton,Occasional
R008423,2025-05-12,Lakewood,Occasional
R008424,2025-06-12,Riverton,Regular
R008425,2024-07-21,Lakewood,Regular
R008426,2024-08-16,Riverton,Occasional
R008427,2025-03-09,Metroville,Occasional
R008428,2024-10-06,Metroville,Frequent
R008429,2025-11-12,Hillview,Occasional
R008430,2024-03-11,Riverton,Regular
R008431,2024-05-03,Metroville,Regular
R008432,2025-08-15,Lakewood,Regular
R008433,2025-05-13,Riverton,Occasional
R008434,2025-09-21,Lakewood,Frequent
R008435,2024-01-18,Lakewood,Occasional
R008436,2024-04-08,Hillview,Regular
R008437,2025-09-04,Metroville,Regular
R008438,2025-08-17,Riverton,Regular
R008439,2025-08-27,Lakewood,Regular
R008440,2025-10-19,Riverton,Regular
R008441,2024-06-17,Metroville,Regular
R008442,2024-03-12,Metroville,Regular
R008443,2024-08-04,Hillview,Regular
R008444,2025-12-31,Hillview,Regular
R008445,2025-01-13,Hillview,Frequent
R008446,2024-01-04,Riverton,Frequent
R008447,2025-06-28,Metroville,Occasional
R008448,2025-09-08,Riverton,Frequent
R008449,2024-03-30,Lakewood,Regular
R008450,2025-02-12,Metroville,Regular
R008451,2025-06-29,Metroville,Regular
R008452,2025-12-01,Metroville,Occasional
R008453,2025-03-20,Metroville,Occasional
R008454,2024-09-04,Metroville,Occasional
R008455,2025-10-28,Riverton,Frequent
R008456,2024-09-21,Hillview,Regular
R008457,2025-04-08,Lakewood,Occasional
R008458,2025-09-07,Metroville,Regular
R008459,2025-01-23,Metroville,Regular
R008460,2025-06-04,Riverton,Regular
R008461,2025-09-08,Metroville,Occasional
R008462,2025-03-15,Riverton,Regular
R008463,2024-11-03,Metroville,Frequent
R008464,2025-04-16,Riverton,Occasional
R008465,2024-10-20,Riverton,Regular
R008466,2025-05-14,Metroville,Occasional
R008467,2024-02-29,Hillview,Regular
R008468,2024-02-05,Lakewood,Regular
R008469,2024-12-13,Metroville,Frequent
R008470,2024-03-27,Lakewood,Regular
R008471,2025-06-18,Lakewood,Frequent
R008472,2024-05-12,Hillview,Frequent
R008473,2024-12-31,Metroville,Frequent
R008474,2024-05-09,Hillview,Regular
R008475,2025-11-05,Riverton,Occasional
R008476,2025-09-09,Riverton,Regular
R008477,2024-01-02,Metroville,Regular
R008478,2024-10-15,Metroville,Regular
R008479,2025-11-20,Hillview,Frequent
R008480,2024-12-24,Lakewood,Occasional
R008481,2025-09-09,Hillview,Frequent
R008482,2024-03-06,Lakewood,Frequent
R008483,2024-11-10,Lakewood,Regular
R008484,2025-09-29,Hillview,Frequent
R008485,2024-05-22,Riverton,Occasional
R008486,2024-01-08,Lakewood,Occasional
R008487,2025-06-21,Hillview,Occasional
R008488,2024-03-01,Metroville,Occasional
R008489,2024-08-08,Lakewood,Occasional
R008490,2025-08-17,Metroville,Occasional
R008491,2025-10-14,Hillview,Occasional
R008492,2024-04-05,Hillview,Regular
R008493,2024-12-29,Hillview,Occasional
R008494,2025-08-03,Lakewood,Regular
R008495,2024-10-13,Riverton,Regular
R008496,2024-09-13,Metroville,Regular
R008497,2025-02-01,Lakewood,Frequent
R008498,2025-07-22,Riverton,Regular
R008499,2024-01-30,Metroville,Regular
R008500,2024-02-06,Metroville,Occasional
R008501,2024-03-19,Riverton,Occasional
R008502,2024-09-06,Riverton,Regular
R008503,2024-07-22,Lakewood,Frequent
R008504,2024-12-18,Riverton,Regular
R008505,2024-08-08,Hillview,Frequent
R008506,2025-04-03,Metroville,Frequent
R008507,2024-08-23,Hillview,Frequent
R008508,2025-09-04,Lakewood,Regular
R008509,2024-08-14,Lakewood,Frequent
R008510,2024-06-27,Metroville,Regular
R008511,2025-09-21,Lakewood,Regular
R008512,2025-04-27,Riverton,Occasional
R008513,2024-02-05,Lakewood,Frequent
R008514,2024-04-21,Metroville,Occasional
R008515,2024-02-05,Metroville,Occasional
R008516,2025-08-05,Hillview,Regular
R008517,2025-04-04,Lakewood,Occasional
R008518,2025-11-14,Metroville,Regular
R008519,2024-08-28,Hillview,Frequent
R008520,2024-02-04,Metroville,Regular
R008521,2024-12-01,Riverton,Occasional
R008522,2024-02-28,Metroville,Occasional
R008523,2024-04-15,Metroville,Regular
R008524,2025-07-30,Metroville,Occasional
R008525,2024-10-04,Hillview,Occasional
R008526,2025-10-06,Riverton,Occasional
R008527,2025-01-11,Metroville,Occasional
R008528,2025-04-19,Riverton,Frequent
R008529,2025-09-02,Riverton,Occasional
R008530,2024-12-03,Lakewood,Regular
R008531,2024-08-22,Lakewood,Regular
R008532,2025-07-16,Lakewood,Occasional
R008533,2025-08-31,Metroville,Occasional
R008534,2024-08-07,Riverton,Occasional
R008535,2025-08-25,Riverton,Frequent
R008536,2025-12-26,Hillview,Occasional
R008537,2024-05-21,Riverton,Regular
R008538,2025-09-12,Riverton,Regular
R008539,2024-03-04,Riverton,Regular
R008540,2025-10-11,Hillview,Regular
R008541,2025-10-14,Riverton,Occasional
R008542,2025-09-17,Hillview,Occasional
R008543,2024-09-12,Riverton,Regular
R008544,2025-11-13,Metroville,Occasional
R008545,2025-02-09,Lakewood,Frequent
R008546,2024-02-17,Riverton,Regular
R008547,2025-09-13,Metroville,Occasional
R008548,2025-10-27,Lakewood,Occasional
R008549,2024-08-09,Metroville,Regular
R008550,2024-06-30,Metroville,Frequent
R008551,2025-02-20,Lakewood,Occasional
R008552,2024-09-19,Metroville,Occasional
R008553,2025-04-12,Riverton,Regular
R008554,2024-09-28,Riverton,Regular
R008555,2024-06-08,Metroville,Regular
R008556,2024-06-19,Metroville,Regular
R008557,2025-04-26,Metroville,Occasional
R008558,2024-11-16,Lakewood,Occasional
R008559,2024-01-12,Riverton,Frequent
R008560,2025-01-05,Riverton,Occasional
R008561,2025-07-30,Metroville,Regular
R008562,2024-04-18,Lakewood,Occasional
R008563,2024-06-27,Hillview,Occasional
R008564,2024-09-20,Hillview,Occasional
R008565,2025-11-09,Riverton,Frequent
R008566,2024-09-11,Metroville,Frequent
R008567,2025-09-05,Metroville,Regular
R008568,2025-05-08,Lakewood,Occasional
R008569,2025-12-27,Lakewood,Regular
R008570,2025-03-01,Riverton,Occasional
R008571,2024-08-20,Metroville,Occasional
R008572,2025-06-08,Hillview,Occasional
R008573,2024-03-07,Riverton,Regular
R008574,2025-07-27,Hillview,Occasional
R008575,2024-06-20,Hillview,Occasional
R008576,2025-05-03,Lakewood,Regular
R008577,2025-02-28,Riverton,Frequent
R008578,2024-06-25,Hillview,Regular
R008579,2024-12-18,Metroville,Regular
R008580,2025-01-02,Metroville,Occasional
R008581,2025-07-15,Metroville,Occasional
R008582,2024-12-07,Lakewood,Occasional
R008583,2024-02-12,Riverton,Occasional
R008584,2024-02-24,Metroville,Regular
R008585,2025-05-01,Lakewood,Frequent
R008586,2025-10-16,Riverton,Occasional
R008587,2024-11-14,Hillview,Occasional
R008588,2024-03-07,Metroville,Occasional
R008589,2024-05-05,Riverton,Occasional
R008590,2025-12-15,Hillview,Occasional
R008591,2025-05-29,Lakewood,Regular
R008592,2024-01-24,Lakewood,Regular
R008593,2024-07-08,Metroville,Occasional
R008594,2025-06-18,Riverton,Regular
R008595,2025-04-07,Hillview,Occasional
R008596,2024-07-29,Metroville,Occasional
R008597,2025-05-24,Hillview,Frequent
R008598,2025-10-24,Metroville,Frequent
R008599,2025-10-20,Hillview,Occasional
R008600,2025-08-26,Lakewood,Regular
R008601,2024-09-16,Lakewood,Regular
R008602,2024-01-19,Hillview,Frequent
R008603,2024-10-13,Riverton,Occasional
R008604,2024-01-17,Metroville,Occasional
R008605,2025-02-21,Riverton,Regular
R008606,2025-03-17,Metroville,Occasional
R008607,2024-09-07,Hillview,Frequent
R008608,2024-04-19,Metroville,Occasional
R008609,2025-01-19,Lakewood,Regular
R008610,2024-01-11,Lakewood,Occasional
R008611,2024-07-21,Lakewood,Regular
R008612,2025-12-09,Lakewood,Occasional
R008613,2025-10-31,Lakewood,Occasional
R008614,2025-04-08,Riverton,Occasional
R008615,2024-09-30,Metroville,Regular
R008616,2024-01-08,Riverton,Occasional
R008617,2025-04-20,Metroville,Occasional
R008618,2024-12-25,Hillview,Frequent
R008619,2025-06-06,Riverton,Occasional
R008620,2024-04-25,Riverton,Occasional
R008621,2025-08-30,Metroville,Regular
R008622,2025-08-12,Hillview,Occasional
R008623,2024-11-09,Riverton,Regular
R008624,2024-01-21,Hillview,Occasional
R008625,2024-12-07,Metroville,Frequent
R008626,2024-09-28,Riverton,Occasional
R008627,2025-07-11,Riverton,Regular
R008628,2024-06-23,Hillview,Frequent
R008629,2024-01-14,Lakewood,Regular
R008630,2025-12-18,Metroville,Occasional
R008631,2024-06-25,Hillview,Occasional
R008632,2024-02-27,Metroville,Regular
R008633,2025-09-19,Riverton,Regular
R008634,2025-06-10,Metroville,Occasional
R008635,2024-07-15,Hillview,Regular
R008636,2024-12-15,Lakewood,Occasional
R008637,2025-05-18,Metroville,Frequent
R008638,2025-08-20,Hillview,Regular
R008639,2024-09-29,Metroville,Regular
R008640,2024-06-05,Metroville,Regular
R008641,2024-01-11,Hillview,Occasional
R008642,2025-09-18,Metroville,Occasional
R008643,2025-08-19,Metroville,Frequent
R008644,2025-11-26,Lakewood,Frequent
R008645,2025-07-01,Metroville,Occasional
R008646,2024-06-04,Hillview,Frequent
R008647,2024-06-24,Hillview,Occasional
R008648,2024-06-26,Hillview,Regular
R008649,2024-12-01,Hillview,Frequent
R008650,2025-12-06,Hillview,Occasional
R008651,2025-05-20,Metroville,Occasional
R008652,2024-11-13,Riverton,Regular
R008653,2025-06-23,Hillview,Regular
R008654,2025-09-03,Riverton,Regular
R008655,2024-10-22,Hillview,Regular
R008656,2025-09-08,Hillview,Frequent
R008657,2024-01-14,Metroville,Occasional
R008658,2024-08-15,Lakewood,Frequent
R008659,2024-05-04,Metroville,Occasional
R008660,2024-05-10,Hillview,Frequent
R008661,2024-05-28,Hillview,Regular
R008662,2024-09-25,Lakewood,Frequent
R008663,2025-06-14,Metroville,Frequent
R008664,2025-03-09,Metroville,Occasional
R008665,2024-11-18,Metroville,Regular
R008666,2024-12-29,Lakewood,Occasional
R008667,2024-05-14,Hillview,Occasional
R008668,2025-06-23,Metroville,Regular
R008669,2025-07-06,Riverton,Regular
R008670,2025-02-05,Hillview,Regular
R008671,2025-08-19,Hillview,Regular
R008672,2025-08-12,Metroville,Occasional
R008673,2025-08-11,Metroville,Occasional
R008674,2024-03-17,Metroville,Frequent
R008675,2024-03-04,Metroville,Regular
R008676,2024-11-17,Metroville,Regular
R008677,2024-02-11,Lakewood,Occasional
R008678,2024-01-12,Riverton,Frequent
R008679,2024-04-05,Metroville,Occasional
R008680,2024-03-29,Riverton,Frequent
R008681,2024-08-26,Lakewood,Occasional
R008682,2024-08-30,Metroville,Regular
R008683,2025-08-22,Metroville,Occasional
R008684,2025-10-21,Metroville,Occasional
R008685,2024-05-04,Lakewood,Occasional
R008686,2024-10-05,Riverton,Regular
R008687,2025-01-07,Metroville,Regular
R008688,2024-07-19,Metroville,Regular
R008689,2024-08-30,Metroville,Regular
R008690,2025-05-06,Metroville,Occasional
R008691,2024-11-07,Riverton,Frequent
R008692,2025-05-29,Riverton,Regular
R008693,2024-02-24,Riverton,Occasional
R008694,2024-12-18,Riverton,Regular
R008695,2024-08-15,Metroville,Occasional
R008696,2024-07-30,Metroville,Frequent
R008697,2024-12-08,Lakewood,Occasional
R008698,2024-08-08,Riverton,Regular
R008699,2025-07-09,Riverton,Regular
R008700,2024-05-15,Riverton,Frequent
R008701,2025-10-15,Riverton,Occasional
R008702,2024-09-22,Hillview,Regular
R008703,2025-01-20,Riverton,Occasional
R008704,2024-05-03,Hillview,Occasional
R008705,2025-11-03,Metroville,Occasional
R008706,2025-04-15,Metroville,Occasional
R008707,2025-07-17,Lakewood,Regular
R008708,2025-10-16,Lakewood,Occasional
R008709,2025-12-29,Metroville,Frequent
R008710,2024-07-05,Riverton,Frequent
R008711,2024-08-28,Lakewood,Occasional
R008712,2024-06-26,Lakewood,Occasional
R008713,2025-01-02,Metroville,Occasional
R008714,2025-10-19,Lakewood,Regular
R008715,2025-06-24,Riverton,Regular
R008716,2025-02-19,Metroville,Occasional
R008717,2024-12-12,Metroville,Regular
R008718,2025-06-18,Lakewood,Occasional
R008719,2024-12-08,Hillview,Occasional
R008720,2025-10-12,Metroville,Occasional
R008721,2025-02-13,Metroville,Regular
R008722,2025-05-01,Metroville,Regular
R008723,2025-05-12,Metroville,Occasional
R008724,2025-06-27,Riverton,Occasional
R008725,2024-12-15,Metroville,Occasional
R008726,2024-10-10,Lakewood,Regular
R008727,2024-10-30,Hillview,Occasional
R008728,2025-11-17,Metroville,Regular
R008729,2024-03-21,Lakewood,Regular
R008730,2025-05-30,Hillview,Regular
R008731,2025-12-04,Lakewood,Occasional
R008732,2024-02-22,Metroville,Regular
R008733,2025-03-28,Metroville,Occasional
R008734,2025-03-11,Hillview,Occasional
R008735,2024-09-01,Hillview,Occasional
R008736,2024-03-10,Metroville,Occasional
R008737,2025-05-11,Riverton,Occasional
R008738,2025-01-17,Metroville,Regular
R008739,2025-07-04,Metroville,Frequent
R008740,2024-03-05,Hillview,Frequent
R008741,2025-11-15,Lakewood,Regular
R008742,2025-04-04,Metroville,Frequent
R008743,2024-11-19,Lakewood,Occasional
R008744,2024-11-30,Hillview,Frequent
R008745,2025-11-27,Hillview,Occasional
R008746,2025-02-08,Riverton,Regular
R008747,2025-02-28,Riverton,Occasional
R008748,2025-04-20,Riverton,Regular
R008749,2024-08-16,Hillview,Regular
R008750,2024-07-02,Riverton,Regular
R008751,2025-07-03,Lakewood,Occasional
R008752,2024-08-21,Hillview,Frequent
R008753,2024-01-26,Lakewood,Occasional
R008754,2024-12-18,Lakewood,Occasional
R008755,2024-01-08,Hillview,Occasional
R008756,2025-02-18,Hillview,Occasional
R008757,2025-04-16,Lakewood,Regular
R008758,2025-11-07,Lakewood,Occasional
R008759,2025-03-20,Hillview,Regular
R008760,2024-09-14,Lakewood,Frequent
R008761,2025-04-15,Lakewood,Regular
R008762,2025-03-09,Metroville,Regular
R008763,2025-06-26,Metroville,Occasional
R008764,2025-11-06,Metroville,Occasional
R008765,2024-03-11,Lakewood,Occasional
R008766,2025-06-09,Riverton,Occasional
R008767,2025-08-12,Metroville,Occasional
R008768,2024-08-28,Metroville,Regular
R008769,2024-10-22,Lakewood,Regular
R008770,2024-10-30,Metroville,Frequent
R008771,2024-09-30,Hillview,Regular
R008772,2025-10-05,Metroville,Regular
R008773,2024-08-26,Hillview,Frequent
R008774,2024-11-16,Lakewood,Regular
R008775,2025-03-04,Hillview,Frequent
R008776,2024-07-03,Lakewood,Occasional
R008777,2025-05-25,Hillview,Occasional
R008778,2025-01-17,Lakewood,Regular
R008779,2024-05-04,Riverton,Frequent
R008780,2024-05-16,Metroville,Occasional
R008781,2024-01-20,Lakewood,Regular
R008782,2025-03-02,Metroville,Frequent
R008783,2025-08-09,Riverton,Occasional
R008784,2025-12-26,Lakewood,Regular
R008785,2025-04-27,Riverton,Occasional
R008786,2025-12-10,Metroville,Frequent
R008787,2025-12-24,Metroville,Occasional
R008788,2025-03-25,Riverton,Regular
R008789,2024-10-01,Lakewood,Regular
R008790,2025-10-10,Lakewood,Occasional
R008791,2025-04-08,Hillview,Frequent
R008792,2025-08-19,Metroville,Occasional
R008793,2024-06-14,Riverton,Occasional
R008794,2025-11-26,Metroville,Regular
R008795,2024-11-10,Riverton,Occasional
R008796,2025-10-01,Lakewood,Frequent
R008797,2024-10-01,Riverton,Regular
R008798,2025-10-20,Riverton,Frequent
R008799,2025-05-07,Metroville,Regular
R008800,2024-06-17,Metroville,Frequent
R008801,2024-04-18,Metroville,Regular
R008802,2024-04-25,Riverton,Occasional
R008803,2024-10-01,Metroville,Occasional
R008804,2024-02-02,Lakewood,Occasional
R008805,2025-02-05,Lakewood,Frequent
R008806,2025-04-27,Lakewood,Frequent
R008807,2025-06-28,Lakewood,Occasional
R008808,2025-11-14,Hillview,Occasional
R008809,2025-08-08,Hillview,Occasional
R008810,2025-12-28,Lakewood,Regular
R008811,2025-03-17,Hillview,Regular
R008812,2025-09-15,Riverton,Frequent
R008813,2025-07-20,Metroville,Occasional
R008814,2025-08-31,Lakewood,Regular
R008815,2024-10-27,Lakewood,Regular
R008816,2025-01-14,Riverton,Occasional
R008817,2025-10-31,Hillview,Regular
R008818,2024-11-26,Riverton,Regular
R008819,2025-03-19,Riverton,Frequent
R008820,2025-04-13,Riverton,Frequent
R008821,2024-05-15,Lakewood,Regular
R008822,2024-01-17,Lakewood,Regular
R008823,2025-05-23,Lakewood,Frequent
R008824,2025-08-04,Riverton,Frequent
R008825,2025-03-02,Riverton,Regular
R008826,2025-04-26,Metroville,Occasional
R008827,2024-02-18,Metroville,Occasional
R008828,2024-05-04,Lakewood,Frequent
R008829,2025-06-23,Riverton,Occasional
R008830,2025-04-10,Lakewood,Frequent
R008831,2024-05-24,Lakewood,Regular
R008832,2025-03-14,Hillview,Frequent
R008833,2024-01-26,Hillview,Occasional
R008834,2025-07-30,Lakewood,Occasional
R008835,2024-01-20,Riverton,Frequent
R008836,2025-09-05,Lakewood,Regular
R008837,2024-06-12,Riverton,Regular
R008838,2024-07-04,Metroville,Frequent
R008839,2025-11-08,Lakewood,Regular
R008840,2025-08-19,Riverton,Occasional
R008841,2024-09-03,Lakewood,Occasional
R008842,2024-05-13,Riverton,Regular
R008843,2024-03-21,Metroville,Regular
R008844,2024-10-15,Metroville,Regular
R008845,2025-03-01,Hillview,Regular
R008846,2024-12-26,Lakewood,Regular
R008847,2025-10-18,Metroville,Occasional
R008848,2025-08-12,Lakewood,Regular
R008849,2024-07-09,Metroville,Frequent
R008850,2025-10-21,Riverton,Occasional
R008851,2024-12-04,Metroville,Regular
R008852,2024-01-13,Hillview,Regular
R008853,2025-09-15,Metroville,Regular
R008854,2025-06-23,Lakewood,Frequent
R008855,2024-09-17,Lakewood,Frequent
R008856,2025-10-04,Metroville,Frequent
R008857,2025-10-25,Metroville,Occasional
R008858,2025-11-29,Metroville,Occasional
R008859,2025-10-29,Metroville,Regular
R008860,2024-07-15,Riverton,Regular
R008861,2025-02-12,Hillview,Occasional
R008862,2024-05-06,Lakewood,Regular
R008863,2025-05-14,Lakewood,Regular
R008864,2024-12-31,Riverton,Regular
R008865,2025-10-05,Metroville,Frequent
R008866,2025-10-21,Lakewood,Frequent
R008867,2024-08-20,Hillview,Occasional
R008868,2024-08-19,Metroville,Occasional
R008869,2024-01-24,Metroville,Occasional
R008870,2025-01-04,Metroville,Frequent
R008871,2024-10-08,Lakewood,Occasional
R008872,2025-12-29,Hillview,Regular
R008873,2025-08-21,Lakewood,Occasional
R008874,2024-11-29,Metroville,Regular
R008875,2025-02-19,Metroville,Occasional
R008876,2025-04-04,Hillview,Occasional
R008877,2025-10-22,Lakewood,Regular
R008878,2025-12-29,Metroville,Regular
R008879,2024-11-02,Metroville,Regular
R008880,2024-09-25,Metroville,Frequent
R008881,2025-06-05,Hillview,Occasional
R008882,2024-07-18,Lakewood,Frequent
R008883,2024-04-12,Metroville,Frequent
R008884,2024-07-25,Hillview,Occasional
R008885,2024-08-19,Hillview,Occasional
R008886,2025-03-27,Metroville,Occasional
R008887,2025-06-22,Metroville,Regular
R008888,2024-04-29,Hillview,Occasional
R008889,2024-02-02,Metroville,Occasional
R008890,2024-04-30,Metroville,Regular
R008891,2025-10-29,Lakewood,Regular
R008892,2024-07-09,Riverton,Regular
R008893,2025-01-21,Lakewood,Regular
R008894,2025-01-30,Metroville,Regular
R008895,2024-07-22,Riverton,Regular
R008896,2025-09-09,Hillview,Frequent
R008897,2024-02-17,Metroville,Regular
R008898,2025-01-22,Metroville,Regular
R008899,2024-10-29,Riverton,Regular
R008900,2025-07-26,Metroville,Occasional
R008901,2024-05-24,Riverton,Regular
R008902,2025-12-01,Metroville,Frequent
R008903,2025-08-03,Riverton,Frequent
R008904,2025-06-25,Metroville,Occasional
R008905,2024-12-28,Metroville,Occasional
R008906,2025-04-15,Metroville,Occasional
R008907,2024-06-01,Metroville,Regular
R008908,2024-01-06,Lakewood,Regular
R008909,2025-06-29,Lakewood,Frequent
R008910,2024-11-24,Hillview,Occasional
R008911,2024-09-15,Riverton,Regular
R008912,2024-07-15,Lakewood,Regular
R008913,2025-03-30,Riverton,Regular
R008914,2025-01-10,Metroville,Frequent
R008915,2025-05-09,Riverton,Frequent
R008916,2025-11-27,Lakewood,Occasional
R008917,2025-09-03,Metroville,Frequent
R008918,2024-08-22,Riverton,Frequent
R008919,2024-06-26,Hillview,Regular
R008920,2024-04-27,Metroville,Occasional
R008921,2025-02-20,Riverton,Occasional
R008922,2025-08-27,Lakewood,Occasional
R008923,2024-07-04,Lakewood,Frequent
R008924,2025-12-26,Metroville,Occasional
R008925,2024-11-10,Metroville,Frequent
R008926,2025-07-25,Metroville,Regular
R008927,2024-08-06,Riverton,Occasional
R008928,2024-04-11,Metroville,Occasional
R008929,2025-01-10,Lakewood,Regular
R008930,2025-02-07,Metroville,Occasional
R008931,2024-12-16,Metroville,Regular
R008932,2024-10-23,Lakewood,Occasional
R008933,2025-04-20,Lakewood,Regular
R008934,2025-04-08,Lakewood,Frequent
R008935,2024-04-20,Riverton,Occasional
R008936,2025-05-04,Riverton,Occasional
R008937,2024-08-31,Metroville,Frequent
R008938,2025-08-13,Metroville,Regular
R008939,2024-12-30,Metroville,Occasional
R008940,2024-06-24,Lakewood,Occasional
R008941,2024-05-11,Metroville,Occasional
R008942,2025-12-07,Lakewood,Occasional
R008943,2025-06-10,Metroville,Regular
R008944,2024-06-06,Lakewood,Occasional
R008945,2025-01-02,Lakewood,Occasional
R008946,2024-03-31,Hillview,Occasional
R008947,2025-09-02,Hillview,Regular
R008948,2025-08-29,Hillview,Occasional
R008949,2025-08-10,Riverton,Regular
R008950,2024-12-05,Hillview,Occasional
R008951,2024-05-01,Metroville,Frequent
R008952,2024-12-24,Lakewood,Frequent
R008953,2025-01-08,Riverton,Regular
R008954,2024-08-21,Lakewood,Frequent
R008955,2024-10-03,Metroville,Frequent
R008956,2024-02-03,Riverton,Regular
R008957,2025-01-18,Hillview,Frequent
R008958,2024-05-21,Lakewood,Frequent
R008959,2025-09-07,Metroville,Regular
R008960,2025-07-11,Metroville,Occasional
R008961,2025-03-17,Metroville,Regular
R008962,2024-06-13,Riverton,Regular
R008963,2025-05-03,Lakewood,Regular
R008964,2025-12-27,Metroville,Regular
R008965,2025-04-06,Hillview,Occasional
R008966,2025-07-29,Lakewood,Occasional
R008967,2025-10-21,Riverton,Occasional
R008968,2025-09-13,Riverton,Regular
R008969,2024-04-28,Riverton,Occasional
R008970,2025-10-01,Hillview,Occasional
R008971,2025-07-14,Hillview,Frequent
R008972,2025-06-10,Metroville,Regular
R008973,2024-06-15,Metroville,Occasional
R008974,2024-12-07,Hillview,Occasional
R008975,2025-10-23,Riverton,Occasional
R008976,2025-11-02,Lakewood,Occasional
R008977,2024-03-25,Hillview,Occasional
R008978,2024-11-08,Riverton,Occasional
R008979,2025-03-19,Lakewood,Frequent
R008980,2024-03-11,Metroville,Occasional
R008981,2024-06-29,Hillview,Frequent
R008982,2025-03-12,Hillview,Frequent
R008983,2025-04-25,Hillview,Regular
R008984,2024-03-18,Riverton,Occasional
R008985,2024-11-06,Metroville,Regular
R008986,2025-04-24,Lakewood,Frequent
R008987,2025-12-26,Metroville,Regular
R008988,2025-12-31,Metroville,Occasional
R008989,2024-08-15,Riverton,Frequent
R008990,2025-05-09,Metroville,Regular
R008991,2025-02-08,Lakewood,Regular
R008992,2024-06-03,Hillview,Occasional
R008993,2025-01-06,Riverton,Regular
R008994,2024-04-10,Metroville,Regular
R008995,2024-03-28,Metroville,Occasional
R008996,2024-09-17,Lakewood,Frequent
R008997,2024-07-10,Lakewood,Occasional
R008998,2024-04-16,Hillview,Occasional
R008999,2024-02-07,Lakewood,Regular
R009000,2025-02-21,Metroville,Occasional
R009001,2024-01-05,Riverton,Regular
R009002,2025-07-27,Lakewood,Occasional
R009003,2024-02-23,Hillview,Occasional
R009004,2025-04-26,Metroville,Regular
R009005,2024-04-18,Lakewood,Occasional
R009006,2025-03-27,Lakewood,Occasional
R009007,2024-04-14,Lakewood,Occasional
R009008,2024-11-14,Lakewood,Regular
R009009,2025-04-27,Lakewood,Frequent
R009010,2024-05-06,Riverton,Occasional
R009011,2024-04-07,Metroville,Occasional
R009012,2025-04-11,Metroville,Occasional
R009013,2025-04-14,Metroville,Occasional
R009014,2024-11-02,Metroville,Regular
R009015,2024-03-30,Lakewood,Regular
R009016,2024-08-11,Metroville,Occasional
R009017,2024-06-08,Metroville,Occasional
R009018,2025-04-27,Hillview,Occasional
R009019,2024-08-07,Lakewood,Frequent
R009020,2024-10-04,Hillview,Regular
R009021,2024-07-10,Riverton,Frequent
R009022,2024-05-03,Metroville,Occasional
R009023,2025-08-17,Lakewood,Frequent
R009024,2024-12-19,Lakewood,Frequent
R009025,2025-02-22,Metroville,Frequent
R009026,2024-07-30,Metroville,Occasional
R009027,2024-03-05,Metroville,Occasional
R009028,2025-06-20,Metroville,Frequent
R009029,2025-06-12,Metroville,Regular
R009030,2024-02-04,Metroville,Regular
R009031,2025-10-10,Lakewood,Occasional
R009032,2025-09-16,Metroville,Occasional
R009033,2025-09-13,Riverton,Occasional
R009034,2024-12-03,Metroville,Regular
R009035,2025-05-22,Riverton,Occasional
R009036,2024-01-12,Riverton,Regular
R009037,2025-03-14,Lakewood,Frequent
R009038,2024-04-07,Metroville,Frequent
R009039,2025-10-27,Metroville,Frequent
R009040,2025-11-23,Metroville,Occasional
R009041,2024-04-20,Metroville,Regular
R009042,2025-01-28,Lakewood,Occasional
R009043,2025-03-09,Riverton,Frequent
R009044,2025-07-16,Lakewood,Regular
R009045,2024-12-23,Hillview,Frequent
R009046,2025-10-08,Hillview,Occasional
R009047,2024-09-09,Metroville,Frequent
R009048,2024-08-22,Riverton,Occasional
R009049,2025-06-17,Metroville,Regular
R009050,2025-02-04,Riverton,Frequent
R009051,2024-02-29,Riverton,Occasional
R009052,2025-04-21,Lakewood,Occasional
R009053,2024-07-23,Lakewood,Occasional
R009054,2025-09-08,Lakewood,Regular
R009055,2025-09-04,Metroville,Regular
R009056,2024-11-03,Lakewood,Frequent
R009057,2025-09-16,Hillview,Regular
R009058,2025-11-27,Lakewood,Regular
R009059,2025-06-17,Metroville,Regular
R009060,2025-03-20,Lakewood,Regular
R009061,2025-11-13,Riverton,Occasional
R009062,2025-10-01,Lakewood,Frequent
R009063,2024-12-15,Metroville,Occasional
R009064,2024-03-02,Riverton,Occasional
R009065,2025-03-15,Metroville,Frequent
R009066,2024-12-05,Lakewood,Frequent
R009067,2024-09-24,Lakewood,Regular
R009068,2024-05-11,Hillview,Regular
R009069,2025-06-08,Hillview,Occasional
R009070,2025-10-29,Riverton,Regular
R009071,2025-03-13,Riverton,Regular
R009072,2024-06-21,Metroville,Regular
R009073,2024-01-01,Riverton,Occasional
R009074,2025-06-05,Riverton,Occasional
R009075,2024-04-25,Riverton,Regular
R009076,2024-02-16,Riverton,Regular
R009077,2024-05-24,Metroville,Regular
R009078,2024-05-27,Metroville,Occasional
R009079,2024-09-05,Riverton,Regular
R009080,2024-08-22,Metroville,Frequent
R009081,2024-05-24,Metroville,Regular
R009082,2025-07-26,Hillview,Regular
R009083,2025-08-27,Hillview,Frequent
R009084,2024-07-02,Metroville,Regular
R009085,2024-09-26,Metroville,Regular
R009086,2025-08-20,Lakewood,Occasional
R009087,2025-11-28,Metroville,Occasional
R009088,2025-07-31,Metroville,Frequent
R009089,2025-02-08,Metroville,Frequent
R009090,2025-12-27,Hillview,Occasional
R009091,2025-06-16,Lakewood,Frequent
R009092,2025-05-10,Metroville,Regular
R009093,2024-01-22,Riverton,Occasional
R009094,2025-04-11,Metroville,Occasional
R009095,2024-07-29,Hillview,Regular
R009096,2025-03-16,Metroville,Occasional
R009097,2025-02-23,Metroville,Regular
R009098,2024-03-21,Lakewood,Frequent
R009099,2024-12-03,Metroville,Regular
R009100,2025-01-10,Metroville,Frequent
R009101,2024-02-04,Hillview,Regular
R009102,2025-09-15,Hillview,Regular
R009103,2025-11-17,Hillview,Occasional
R009104,2024-01-16,Riverton,Regular
R009105,2024-03-29,Metroville,Frequent
R009106,2024-04-02,Hillview,Occasional
R009107,2024-11-18,Riverton,Occasional
R009108,2025-03-15,Lakewood,Regular
R009109,2024-06-25,Riverton,Frequent
R009110,2025-09-12,Lakewood,Regular
R009111,2024-08-15,Riverton,Occasional
R009112,2024-08-12,Hillview,Frequent
R009113,2025-03-06,Hillview,Occasional
R009114,2025-09-29,Riverton,Occasional
R009115,2024-07-01,Hillview,Occasional
R009116,2024-09-04,Lakewood,Regular
R009117,2024-09-04,Metroville,Occasional
R009118,2024-12-06,Riverton,Occasional
R009119,2024-11-09,Lakewood,Regular
R009120,2025-11-28,Metroville,Occasional
R009121,2024-04-17,Lakewood,Regular
R009122,2024-11-01,Lakewood,Occasional
R009123,2024-07-04,Lakewood,Occasional
R009124,2025-03-14,Riverton,Frequent
R009125,2025-07-25,Hillview,Occasional
R009126,2025-11-15,Metroville,Regular
R009127,2024-11-16,Riverton,Regular
R009128,2024-07-12,Metroville,Occasional
R009129,2025-12-06,Lakewood,Regular
R009130,2024-03-08,Hillview,Occasional
R009131,2024-04-06,Hillview,Regular
R009132,2025-12-02,Metroville,Occasional
R009133,2025-10-10,Riverton,Regular
R009134,2025-02-13,Hillview,Frequent
R009135,2024-08-28,Metroville,Frequent
R009136,2025-12-07,Lakewood,Frequent
R009137,2025-12-02,Riverton,Regular
R009138,2025-09-26,Metroville,Occasional
R009139,2025-07-19,Riverton,Occasional
R009140,2025-03-11,Lakewood,Occasional
R009141,2024-09-29,Lakewood,Frequent
R009142,2024-12-11,Lakewood,Regular
R009143,2025-02-01,Metroville,Occasional
R009144,2024-12-17,Metroville,Occasional
R009145,2025-09-22,Hillview,Occasional
R009146,2024-05-01,Riverton,Frequent
R009147,2024-03-01,Lakewood,Occasional
R009148,2024-11-28,Riverton,Frequent
R009149,2024-05-31,Metroville,Regular
R009150,2025-08-24,Metroville,Frequent
R009151,2025-09-13,Lakewood,Regular
R009152,2025-12-24,Metroville,Occasional
R009153,2024-10-09,Metroville,Occasional
R009154,2025-12-03,Riverton,Frequent
R009155,2024-03-15,Hillview,Regular
R009156,2025-12-05,Metroville,Regular
R009157,2024-06-29,Lakewood,Regular
R009158,2024-01-14,Riverton,Occasional
R009159,2025-08-27,Riverton,Regular
R009160,2025-01-12,Metroville,Frequent
R009161,2024-10-29,Hillview,Occasional
R009162,2024-05-26,Hillview,Occasional
R009163,2024-10-31,Metroville,Occasional
R009164,2025-03-26,Metroville,Frequent
R009165,2024-04-15,Riverton,Regular
R009166,2025-11-23,Metroville,Regular
R009167,2025-06-13,Metroville,Occasional
R009168,2025-10-03,Hillview,Occasional
R009169,2024-02-02,Riverton,Occasional
R009170,2025-09-26,Riverton,Regular
R009171,2025-09-25,Riverton,Occasional
R009172,2024-09-24,Lakewood,Frequent
R009173,2025-02-20,Riverton,Regular
R009174,2025-01-01,Hillview,Occasional
R009175,2025-08-27,Riverton,Occasional
R009176,2024-07-25,Lakewood,Occasional
R009177,2025-11-04,Riverton,Occasional
R009178,2025-02-09,Riverton,Frequent
R009179,2024-01-01,Lakewood,Frequent
R009180,2024-08-10,Metroville,Occasional
R009181,2024-04-14,Lakewood,Occasional
R009182,2025-08-14,Lakewood,Occasional
R009183,2024-10-26,Metroville,Regular
R009184,2024-12-05,Metroville,Regular
R009185,2024-09-13,Metroville,Occasional
R009186,2025-05-27,Metroville,Occasional
R009187,2025-12-28,Lakewood,Occasional
R009188,2025-09-30,Riverton,Regular
R009189,2025-12-25,Riverton,Occasional
R009190,2024-08-07,Riverton,Regular
R009191,2025-05-01,Lakewood,Occasional
R009192,2025-03-31,Riverton,Occasional
R009193,2024-08-09,Riverton,Regular
R009194,2025-09-11,Riverton,Regular
R009195,2025-11-04,Riverton,Frequent
R009196,2025-11-26,Metroville,Occasional
R009197,2025-12-24,Lakewood,Occasional
R009198,2024-04-29,Riverton,Regular
R009199,2024-04-17,Metroville,Occasional
R009200,2025-05-13,Metroville,Occasional
R009201,2025-06-15,Lakewood,Occasional
R009202,2024-11-14,Lakewood,Regular
R009203,2024-04-29,Hillview,Occasional
R009204,2024-07-28,Riverton,Occasional
R009205,2024-04-03,Metroville,Occasional
R009206,2024-04-25,Lakewood,Regular
R009207,2024-05-17,Riverton,Occasional
R009208,2025-03-04,Riverton,Regular
R009209,2025-01-10,Lakewood,Frequent
R009210,2024-09-01,Metroville,Occasional
R009211,2025-02-01,Hillview,Regular
R009212,2025-05-03,Lakewood,Regular
R009213,2024-03-12,Metroville,Occasional
R009214,2024-07-24,Metroville,Frequent
R009215,2024-05-27,Riverton,Regular
R009216,2024-01-01,Riverton,Regular
R009217,2024-03-25,Metroville,Occasional
R009218,2025-07-15,Lakewood,Regular
R009219,2025-10-02,Hillview,Occasional
R009220,2024-04-28,Lakewood,Occasional
R009221,2025-07-15,Lakewood,Occasional
R009222,2024-07-03,Metroville,Occasional
R009223,2024-04-12,Metroville,Occasional
R009224,2024-06-21,Hillview,Frequent
R009225,2025-11-03,Metroville,Frequent
R009226,2024-09-07,Metroville,Occasional
R009227,2025-06-26,Metroville,Occasional
R009228,2024-12-21,Metroville,Occasional
R009229,2024-11-14,Lakewood,Occasional
R009230,2025-08-17,Hillview,Occasional
R009231,2025-12-26,Metroville,Regular
R009232,2025-04-20,Metroville,Occasional
R009233,2025-09-13,Lakewood,Regular
R009234,2024-04-16,Hillview,Frequent
R009235,2025-10-21,Hillview,Occasional
R009236,2024-05-14,Hillview,Regular
R009237,2024-05-19,Metroville,Occasional
R009238,2025-09-12,Riverton,Regular
R009239,2024-12-19,Riverton,Occasional
R009240,2024-07-01,Metroville,Regular
R009241,2024-01-20,Riverton,Occasional
R009242,2024-06-09,Riverton,Frequent
R009243,2025-08-26,Riverton,Occasional
R009244,2024-01-03,Metroville,Occasional
R009245,2025-11-04,Metroville,Occasional
R009246,2025-07-20,Lakewood,Occasional
R009247,2024-05-29,Metroville,Regular
R009248,2025-06-24,Metroville,Frequent
R009249,2025-01-14,Riverton,Regular
R009250,2024-09-11,Metroville,Regular
R009251,2025-01-04,Metroville,Regular
R009252,2024-01-06,Metroville,Occasional
R009253,2025-10-06,Metroville,Frequent
R009254,2025-07-29,Metroville,Frequent
R009255,2024-05-11,Riverton,Occasional
R009256,2024-03-13,Riverton,Occasional
R009257,2024-11-05,Metroville,Regular
R009258,2024-12-03,Lakewood,Frequent
R009259,2025-07-19,Metroville,Regular
R009260,2025-09-06,Metroville,Occasional
R009261,2024-02-16,Riverton,Occasional
R009262,2024-06-27,Hillview,Occasional
R009263,2025-03-05,Metroville,Frequent
R009264,2024-10-04,Riverton,Regular
R009265,2025-12-26,Metroville,Frequent
R009266,2025-04-28,Riverton,Occasional
R009267,2024-08-24,Lakewood,Occasional
R009268,2025-05-07,Lakewood,Regular
R009269,2024-11-11,Riverton,Occasional
R009270,2024-12-04,Riverton,Occasional
R009271,2025-06-07,Hillview,Frequent
R009272,2024-11-13,Lakewood,Regular
R009273,2025-05-24,Hillview,Regular
R009274,2024-11-03,Hillview,Occasional
R009275,2025-03-11,Lakewood,Occasional
R009276,2024-12-21,Lakewood,Frequent
R009277,2025-02-24,Hillview,Occasional
R009278,2024-09-10,Lakewood,Regular
R009279,2024-03-28,Metroville,Regular
R009280,2024-07-06,Metroville,Regular
R009281,2024-09-17,Metroville,Frequent
R009282,2024-08-19,Metroville,Occasional
R009283,2024-11-04,Metroville,Occasional
R009284,2024-12-15,Riverton,Regular
R009285,2024-07-03,Lakewood,Occasional
R009286,2024-10-06,Metroville,Frequent
R009287,2024-07-25,Metroville,Occasional
R009288,2025-03-04,Metroville,Regular
R009289,2024-12-14,Lakewood,Occasional
R009290,2025-04-06,Lakewood,Regular
R009291,2024-11-12,Hillview,Occasional
R009292,2025-12-30,Riverton,Occasional
R009293,2024-12-20,Riverton,Frequent
R009294,2025-03-26,Metroville,Regular
R009295,2024-11-19,Riverton,Regular
R009296,2025-06-21,Riverton,Frequent
R009297,2025-02-12,Hillview,Occasional
R009298,2024-03-12,Riverton,Occasional
R009299,2025-06-17,Hillview,Regular
R009300,2025-07-10,Hillview,Occasional
R009301,2024-10-21,Hillview,Regular
R009302,2025-01-07,Lakewood,Regular
R009303,2024-01-09,Metroville,Occasional
R009304,2025-09-26,Lakewood,Regular
R009305,2025-07-23,Hillview,Regular
R009306,2025-12-11,Hillview,Occasional
R009307,2025-03-14,Hillview,Frequent
R009308,2024-06-17,Lakewood,Occasional
R009309,2024-07-31,Riverton,Occasional
R009310,2025-11-10,Lakewood,Regular
R009311,2024-02-01,Riverton,Occasional
R009312,2025-05-06,Lakewood,Occasional
R009313,2024-02-19,Metroville,Regular
R009314,2025-06-25,Lakewood,Regular
R009315,2025-03-01,Metroville,Occasional
R009316,2024-12-11,Lakewood,Frequent
R009317,2025-05-27,Riverton,Occasional
R009318,2024-09-16,Metroville,Occasional
R009319,2025-02-23,Riverton,Occasional
R009320,2025-08-08,Metroville,Frequent
R009321,2024-12-01,Metroville,Occasional
R009322,2024-01-17,Metroville,Regular
R009323,2025-12-28,Metroville,Occasional
R009324,2025-01-30,Hillview,Frequent
R009325,2024-11-10,Riverton,Frequent
R009326,2024-02-24,Riverton,Occasional
R009327,2024-03-07,Riverton,Occasional
R009328,2024-07-05,Riverton,Occasional
R009329,2025-11-06,Hillview,Frequent
R009330,2025-06-14,Lakewood,Regular
R009331,2024-10-29,Metroville,Frequent
R009332,2025-07-06,Hillview,Regular
R009333,2024-10-13,Lakewood,Frequent
R009334,2025-10-12,Hillview,Frequent
R009335,2024-08-27,Hillview,Occasional
R009336,2025-06-07,Lakewood,Occasional
R009337,2024-11-15,Hillview,Occasional
R009338,2025-05-08,Metroville,Regular
R009339,2024-05-16,Riverton,Regular
R009340,2025-11-22,Riverton,Frequent
R009341,2024-07-28,Hillview,Regular
R009342,2025-01-28,Lakewood,Occasional
R009343,2025-05-18,Metroville,Frequent
R009344,2025-04-23,Metroville,Frequent
R009345,2025-02-09,Lakewood,Occasional
R009346,2025-09-27,Lakewood,Frequent
R009347,2025-12-10,Lakewood,Occasional
R009348,2025-07-13,Riverton,Regular
R009349,2024-05-15,Lakewood,Regular
R009350,2025-07-17,Metroville,Occasional
R009351,2025-01-03,Metroville,Regular
R009352,2025-01-27,Hillview,Regular
R009353,2025-11-20,Riverton,Regular
R009354,2025-01-21,Lakewood,Regular
R009355,2025-09-14,Lakewood,Occasional
R009356,2025-04-19,Metroville,Occasional
R009357,2024-03-04,Metroville,Occasional
R009358,2025-05-27,Hillview,Occasional
R009359,2024-12-28,Metroville,Occasional
R009360,2025-02-03,Metroville,Regular
R009361,2024-08-09,Lakewood,Occasional
R009362,2024-05-15,Hillview,Regular
R009363,2025-06-28,Lakewood,Frequent
R009364,2024-06-30,Riverton,Occasional
R009365,2024-03-09,Hillview,Occasional
R009366,2024-12-26,Hillview,Occasional
R009367,2025-06-04,Lakewood,Regular
R009368,2024-05-29,Metroville,Occasional
R009369,2024-09-21,Lakewood,Occasional
R009370,2024-11-05,Hillview,Frequent
R009371,2025-11-07,Riverton,Regular
R009372,2024-04-17,Hillview,Occasional
R009373,2025-11-03,Lakewood,Regular
R009374,2024-04-17,Metroville,Occasional
R009375,2025-02-27,Lakewood,Frequent
R009376,2025-09-09,Hillview,Frequent
R009377,2025-10-23,Metroville,Occasional
R009378,2025-01-31,Riverton,Frequent
R009379,2024-12-26,Lakewood,Regular
R009380,2025-07-25,Lakewood,Occasional
R009381,2025-10-27,Lakewood,Frequent
R009382,2024-01-09,Lakewood,Occasional
R009383,2024-07-10,Hillview,Occasional
R009384,2024-07-28,Metroville,Regular
R009385,2025-09-02,Riverton,Occasional
R009386,2024-01-13,Metroville,Frequent
R009387,2024-04-01,Metroville,Occasional
R009388,2024-01-03,Metroville,Regular
R009389,2025-11-28,Metroville,Regular
R009390,2024-01-24,Lakewood,Frequent
R009391,2024-07-13,Metroville,Occasional
R009392,2025-01-16,Metroville,Occasional
R009393,2024-09-12,Hillview,Frequent
R009394,2024-03-07,Riverton,Occasional
R009395,2024-10-29,Hillview,Regular
R009396,2025-08-07,Riverton,Occasional
R009397,2024-07-30,Lakewood,Regular
R009398,2025-01-12,Lakewood,Occasional
R009399,2024-12-09,Hillview,Regular
R009400,2024-06-28,Lakewood,Regular
R009401,2024-01-02,Lakewood,Regular
R009402,2025-09-05,Metroville,Occasional
R009403,2025-12-28,Metroville,Occasional
R009404,2025-01-08,Hillview,Occasional
R009405,2025-08-30,Metroville,Occasional
R009406,2024-09-13,Metroville,Occasional
R009407,2025-11-21,Riverton,Regular
R009408,2025-02-19,Hillview,Frequent
R009409,2025-08-08,Hillview,Regular
R009410,2025-05-07,Riverton,Occasional
R009411,2025-11-07,Metroville,Frequent
R009412,2025-02-13,Lakewood,Occasional
R009413,2025-09-12,Metroville,Occasional
R009414,2025-11-13,Metroville,Occasional
R009415,2025-07-10,Hillview,Regular
R009416,2024-09-16,Hillview,Occasional
R009417,2024-03-07,Metroville,Occasional
R009418,2024-10-27,Lakewood,Occasional
R009419,2025-05-21,Hillview,Frequent
R009420,2025-09-20,Lakewood,Frequent
R009421,2025-07-16,Metroville,Regular
R009422,2025-04-11,Metroville,Frequent
R009423,2025-01-27,Lakewood,Occasional
R009424,2025-12-08,Lakewood,Regular
R009425,2024-06-27,Riverton,Frequent
R009426,2025-08-02,Metroville,Regular
R009427,2025-02-07,Lakewood,Regular
R009428,2025-01-10,Metroville,Occasional
R009429,2024-10-19,Metroville,Frequent
R009430,2025-04-09,Metroville,Occasional
R009431,2026-01-01,Lakewood,Regular
R009432,2024-10-24,Lakewood,Regular
R009433,2024-03-23,Metroville,Regular
R009434,2024-04-03,Hillview,Regular
R009435,2024-05-09,Metroville,Frequent
R009436,2024-10-25,Riverton,Frequent
R009437,2024-01-04,Hillview,Occasional
R009438,2024-07-25,Metroville,Occasional
R009439,2025-05-23,Metroville,Frequent
R009440,2025-05-11,Metroville,Occasional
R009441,2025-05-04,Hillview,Regular
R009442,2025-05-04,Lakewood,Regular
R009443,2024-02-25,Metroville,Frequent
R009444,2025-11-17,Metroville,Occasional
R009445,2024-08-05,Metroville,Frequent
R009446,2024-02-28,Lakewood,Occasional
R009447,2025-08-17,Riverton,Occasional
R009448,2024-12-08,Lakewood,Regular
R009449,2024-09-10,Metroville,Regular
R009450,2024-10-18,Riverton,Occasional
R009451,2025-03-02,Hillview,Occasional
R009452,2025-01-21,Lakewood,Frequent
R009453,2024-01-11,Riverton,Regular
R009454,2024-03-28,Hillview,Regular
R009455,2025-11-24,Lakewood,Occasional
R009456,2024-12-25,Metroville,Regular
R009457,2025-12-24,Lakewood,Occasional
R009458,2025-04-25,Metroville,Occasional
R009459,2025-06-23,Metroville,Frequent
R009460,2024-08-17,Hillview,Occasional
R009461,2025-09-05,Hillview,Regular
R009462,2025-04-21,Riverton,Frequent
R009463,2025-07-04,Hillview,Regular
R009464,2024-07-13,Hillview,Occasional
R009465,2025-03-05,Riverton,Occasional
R009466,2024-09-27,Hillview,Regular
R009467,2025-10-27,Hillview,Regular
R009468,2025-10-26,Metroville,Frequent
R009469,2024-09-15,Hillview,Regular
R009470,2024-01-19,Hillview,Regular
R009471,2024-07-01,Metroville,Occasional
R009472,2024-07-18,Riverton,Regular
R009473,2024-01-15,Metroville,Occasional
R009474,2025-11-15,Lakewood,Regular
R009475,2024-12-07,Riverton,Regular
R009476,2024-04-17,Metroville,Occasional
R009477,2025-03-22,Riverton,Occasional
R009478,2024-10-17,Lakewood,Frequent
R009479,2024-05-07,Metroville,Regular
R009480,2024-11-28,Riverton,Regular
R009481,2025-03-14,Hillview,Frequent
R009482,2025-04-22,Metroville,Occasional
R009483,2024-06-13,Lakewood,Regular
R009484,2025-03-23,Metroville,Occasional
R009485,2025-08-03,Metroville,Occasional
R009486,2025-04-03,Lakewood,Regular
R009487,2025-11-27,Metroville,Occasional
R009488,2025-11-19,Riverton,Occasional
R009489,2024-12-28,Metroville,Occasional
R009490,2024-10-14,Riverton,Regular
R009491,2024-11-30,Metroville,Frequent
R009492,2024-12-24,Hillview,Regular
R009493,2024-05-06,Lakewood,Regular
R009494,2025-12-06,Metroville,Occasional
R009495,2025-02-19,Metroville,Occasional
R009496,2024-04-03,Lakewood,Regular
R009497,2025-10-22,Hillview,Occasional
R009498,2025-11-25,Lakewood,Regular
R009499,2025-02-14,Lakewood,Occasional
R009500,2025-11-25,Riverton,Regular
R009501,2025-12-11,Metroville,Regular
R009502,2025-11-28,Riverton,Occasional
R009503,2025-12-06,Metroville,Regular
R009504,2024-02-19,Hillview,Occasional
R009505,2024-01-23,Hillview,Occasional
R009506,2025-02-26,Metroville,Occasional
R009507,2025-07-01,Metroville,Frequent
R009508,2025-09-05,Riverton,Occasional
R009509,2025-04-14,Riverton,Frequent
R009510,2024-08-17,Riverton,Occasional
R009511,2025-11-13,Lakewood,Occasional
R009512,2025-03-08,Metroville,Frequent
R009513,2025-05-13,Riverton,Occasional
R009514,2024-07-06,Metroville,Occasional
R009515,2025-07-09,Lakewood,Regular
R009516,2024-04-04,Metroville,Occasional
R009517,2025-09-29,Metroville,Regular
R009518,2025-09-15,Hillview,Occasional
R009519,2025-05-14,Lakewood,Frequent
R009520,2025-12-19,Lakewood,Regular
R009521,2025-10-28,Hillview,Occasional
R009522,2024-02-21,Lakewood,Occasional
R009523,2024-06-10,Riverton,Occasional
R009524,2024-03-29,Hillview,Occasional
R009525,2024-08-22,Riverton,Frequent
R009526,2025-03-06,Metroville,Occasional
R009527,2024-04-15,Metroville,Occasional
R009528,2024-03-04,Lakewood,Regular
R009529,2025-04-16,Metroville,Occasional
R009530,2025-04-07,Metroville,Occasional
R009531,2024-09-25,Metroville,Occasional
R009532,2025-06-10,Metroville,Occasional
R009533,2025-03-09,Lakewood,Frequent
R009534,2024-10-30,Metroville,Occasional
R009535,2024-02-19,Metroville,Occasional
R009536,2025-07-07,Riverton,Regular
R009537,2025-04-02,Hillview,Regular
R009538,2024-03-24,Riverton,Occasional
R009539,2024-05-17,Hillview,Regular
R009540,2024-08-08,Metroville,Regular
R009541,2024-05-11,Riverton,Occasional
R009542,2025-08-14,Lakewood,Frequent
R009543,2025-11-14,Lakewood,Frequent
R009544,2024-03-05,Riverton,Occasional
R009545,2024-06-24,Riverton,Occasional
R009546,2024-07-27,Metroville,Regular
R009547,2025-12-26,Lakewood,Occasional
R009548,2025-03-30,Riverton,Occasional
R009549,2025-11-29,Lakewood,Occasional
R009550,2024-06-30,Metroville,Occasional
R009551,2024-02-19,Metroville,Occasional
R009552,2024-12-18,Metroville,Regular
R009553,2025-08-21,Lakewood,Regular
R009554,2025-09-04,Lakewood,Regular
R009555,2024-12-11,Metroville,Frequent
R009556,2024-07-16,Riverton,Occasional
R009557,2024-02-04,Riverton,Occasional
R009558,2024-11-15,Metroville,Occasional
R009559,2025-01-27,Metroville,Regular
R009560,2024-01-14,Hillview,Occasional
R009561,2025-11-15,Hillview,Occasional
R009562,2025-06-02,Hillview,Occasional
R009563,2024-08-27,Riverton,Regular
R009564,2024-09-16,Hillview,Regular
R009565,2024-09-18,Metroville,Regular
R009566,2025-09-21,Metroville,Regular
R009567,2025-06-13,Metroville,Occasional
R009568,2024-03-05,Lakewood,Regular
R009569,2024-08-12,Metroville,Occasional
R009570,2025-07-26,Lakewood,Regular
R009571,2024-09-17,Metroville,Regular
R009572,2025-08-18,Lakewood,Occasional
R009573,2025-01-06,Hillview,Occasional
R009574,2025-07-22,Riverton,Occasional
R009575,2025-01-21,Lakewood,Regular
R009576,2025-06-21,Metroville,Occasional
R009577,2024-11-11,Metroville,Frequent
R009578,2024-06-23,Lakewood,Regular
R009579,2025-10-07,Metroville,Occasional
R009580,2024-11-01,Riverton,Occasional
R009581,2024-01-07,Hillview,Occasional
R009582,2024-10-09,Metroville,Regular
R009583,2024-10-27,Metroville,Frequent
R009584,2024-06-25,Metroville,Regular
R009585,2025-10-04,Riverton,Occasional
R009586,2024-12-25,Metroville,Occasional
R009587,2024-09-28,Riverton,Frequent
R009588,2025-05-25,Lakewood,Occasional
R009589,2025-04-13,Lakewood,Regular
R009590,2024-12-16,Riverton,Occasional
R009591,2025-12-14,Metroville,Occasional
R009592,2025-12-14,Riverton,Occasional
R009593,2024-12-14,Metroville,Occasional
R009594,2025-06-02,Riverton,Occasional
R009595,2024-02-08,Hillview,Regular
R009596,2024-11-20,Metroville,Occasional
R009597,2024-11-19,Lakewood,Regular
R009598,2024-10-22,Riverton,Occasional
R009599,2025-09-07,Metroville,Frequent
R009600,2025-03-03,Lakewood,Occasional
R009601,2024-12-10,Metroville,Frequent
R009602,2024-11-12,Riverton,Occasional
R009603,2025-03-28,Lakewood,Occasional
R009604,2024-06-11,Lakewood,Regular
R009605,2024-06-28,Riverton,Regular
R009606,2025-01-16,Riverton,Regular
R009607,2024-08-21,Metroville,Occasional
R009608,2025-05-07,Metroville,Regular
R009609,2025-10-21,Metroville,Occasional
R009610,2024-09-19,Hillview,Occasional
R009611,2025-02-26,Lakewood,Regular
R009612,2024-07-26,Metroville,Regular
R009613,2025-08-03,Lakewood,Occasional
R009614,2024-06-08,Lakewood,Regular
R009615,2025-01-17,Lakewood,Frequent
R009616,2024-09-22,Lakewood,Regular
R009617,2025-07-13,Metroville,Frequent
R009618,2024-06-27,Metroville,Occasional
R009619,2024-05-27,Riverton,Occasional
R009620,2025-07-12,Riverton,Occasional
R009621,2025-02-11,Riverton,Occasional
R009622,2025-04-12,Metroville,Frequent
R009623,2025-08-04,Hillview,Regular
R009624,2024-07-29,Metroville,Occasional
R009625,2024-06-25,Riverton,Regular
R009626,2025-12-27,Riverton,Occasional
R009627,2024-03-22,Metroville,Occasional
R009628,2025-04-17,Metroville,Frequent
R009629,2024-10-11,Riverton,Occasional
R009630,2024-04-14,Lakewood,Regular
R009631,2025-11-28,Hillview,Occasional
R009632,2025-08-30,Riverton,Occasional
R009633,2024-06-11,Hillview,Occasional
R009634,2025-07-05,Riverton,Frequent
R009635,2025-07-15,Lakewood,Occasional
R009636,2025-01-01,Hillview,Occasional
R009637,2025-11-30,Riverton,Occasional
R009638,2024-06-19,Metroville,Regular
R009639,2024-02-23,Lakewood,Occasional
R009640,2025-08-16,Metroville,Occasional
R009641,2024-09-18,Hillview,Occasional
R009642,2024-04-01,Riverton,Regular
R009643,2025-12-10,Lakewood,Occasional
R009644,2024-11-02,Hillview,Frequent
R009645,2025-09-25,Metroville,Occasional
R009646,2025-08-21,Lakewood,Regular
R009647,2024-08-10,Lakewood,Regular
R009648,2025-08-09,Metroville,Occasional
R009649,2024-12-09,Metroville,Regular
R009650,2025-04-06,Lakewood,Occasional
R009651,2024-07-28,Metroville,Frequent
R009652,2024-01-06,Hillview,Frequent
R009653,2024-05-19,Metroville,Regular
R009654,2024-08-31,Metroville,Frequent
R009655,2025-02-04,Metroville,Frequent
R009656,2025-09-16,Lakewood,Occasional
R009657,2024-05-09,Riverton,Frequent
R009658,2025-06-12,Hillview,Regular
R009659,2025-07-02,Metroville,Occasional
R009660,2025-08-16,Metroville,Regular
R009661,2025-08-19,Metroville,Regular
R009662,2024-02-16,Lakewood,Regular
R009663,2024-06-08,Metroville,Occasional
R009664,2025-11-19,Metroville,Regular
R009665,2025-04-07,Riverton,Frequent
R009666,2024-06-16,Riverton,Frequent
R009667,2025-12-30,Metroville,Regular
R009668,2024-08-31,Lakewood,Frequent
R009669,2024-07-30,Riverton,Frequent
R009670,2025-09-07,Metroville,Regular
R009671,2025-12-04,Riverton,Occasional
R009672,2024-10-24,Metroville,Regular
R009673,2025-04-17,Lakewood,Frequent
R009674,2025-04-15,Lakewood,Occasional
R009675,2024-06-14,Riverton,Regular
R009676,2025-02-08,Lakewood,Frequent
R009677,2024-02-10,Riverton,Regular
R009678,2025-09-25,Metroville,Frequent
R009679,2025-08-29,Lakewood,Regular
R009680,2024-04-24,Hillview,Frequent
R009681,2025-03-21,Lakewood,Frequent
R009682,2024-03-12,Lakewood,Regular
R009683,2024-03-05,Riverton,Regular
R009684,2025-04-07,Hillview,Frequent
R009685,2025-08-06,Riverton,Regular
R009686,2025-09-10,Riverton,Regular
R009687,2024-08-30,Hillview,Regular
R009688,2025-11-06,Hillview,Occasional
R009689,2025-01-30,Hillview,Frequent
R009690,2024-10-19,Metroville,Occasional
R009691,2024-09-09,Riverton,Occasional
R009692,2025-06-21,Metroville,Occasional
R009693,2024-09-28,Lakewood,Regular
R009694,2024-10-13,Riverton,Frequent
R009695,2024-10-10,Metroville,Regular
R009696,2024-08-21,Riverton,Occasional
R009697,2024-10-17,Metroville,Occasional
R009698,2024-01-18,Riverton,Occasional
R009699,2025-10-02,Lakewood,Frequent
R009700,2024-07-02,Metroville,Occasional
R009701,2024-11-23,Lakewood,Frequent
R009702,2024-05-04,Riverton,Occasional
R009703,2025-01-27,Riverton,Regular
R009704,2024-07-15,Riverton,Frequent
R009705,2024-05-04,Riverton,Regular
R009706,2024-07-30,Metroville,Regular
R009707,2025-10-24,Metroville,Occasional
R009708,2025-09-20,Metroville,Frequent
R009709,2025-08-01,Metroville,Frequent
R009710,2024-05-28,Lakewood,Occasional
R009711,2025-04-20,Metroville,Frequent
R009712,2025-08-22,Lakewood,Occasional
R009713,2025-04-20,Lakewood,Regular
R009714,2025-09-21,Riverton,Occasional
R009715,2024-05-27,Hillview,Occasional
R009716,2024-12-05,Riverton,Regular
R009717,2024-08-29,Metroville,Regular
R009718,2025-06-14,Lakewood,Regular
R009719,2024-04-03,Metroville,Regular
R009720,2024-08-21,Lakewood,Regular
R009721,2025-05-29,Lakewood,Occasional
R009722,2024-01-14,Hillview,Regular
R009723,2024-07-06,Metroville,Regular
R009724,2025-06-03,Metroville,Regular
R009725,2024-06-24,Metroville,Regular
R009726,2025-03-19,Lakewood,Regular
R009727,2024-10-20,Hillview,Regular
R009728,2024-12-03,Lakewood,Occasional
R009729,2024-09-19,Lakewood,Frequent
R009730,2025-10-19,Metroville,Regular
R009731,2025-06-11,Lakewood,Regular
R009732,2025-06-16,Metroville,Frequent
R009733,2025-08-02,Metroville,Regular
R009734,2024-11-07,Riverton,Frequent
R009735,2024-03-16,Metroville,Occasional
R009736,2024-02-09,Metroville,Frequent
R009737,2024-12-18,Metroville,Regular
R009738,2025-10-03,Metroville,Regular
R009739,2024-12-19,Riverton,Frequent
R009740,2025-12-21,Metroville,Frequent
R009741,2025-01-18,Riverton,Occasional
R009742,2025-04-09,Lakewood,Occasional
R009743,2024-02-26,Lakewood,Regular
R009744,2025-07-16,Metroville,Occasional
R009745,2025-10-12,Riverton,Occasional
R009746,2025-01-05,Lakewood,Occasional
R009747,2025-10-24,Riverton,Occasional
R009748,2024-06-22,Lakewood,Regular
R009749,2024-12-24,Riverton,Occasional
R009750,2025-10-29,Lakewood,Regular
R009751,2025-03-17,Riverton,Occasional
R009752,2025-05-18,Lakewood,Regular
R009753,2024-10-22,Hillview,Frequent
R009754,2025-02-05,Hillview,Occasional
R009755,2024-09-28,Metroville,Frequent
R009756,2025-05-14,Riverton,Frequent
R009757,2024-02-10,Metroville,Occasional
R009758,2025-01-09,Hillview,Occasional
R009759,2025-11-11,Metroville,Occasional
R009760,2024-02-12,Lakewood,Frequent
R009761,2024-11-26,Metroville,Occasional
R009762,2025-04-28,Hillview,Regular
R009763,2024-03-02,Hillview,Occasional
R009764,2024-01-04,Lakewood,Occasional
R009765,2024-04-30,Metroville,Frequent
R009766,2024-06-10,Riverton,Frequent
R009767,2025-10-05,Metroville,Occasional
R009768,2024-04-24,Hillview,Regular
R009769,2025-04-13,Metroville,Regular
R009770,2024-09-05,Lakewood,Occasional
R009771,2025-01-27,Metroville,Regular
R009772,2025-10-26,Hillview,Frequent
R009773,2025-09-20,Lakewood,Regular
R009774,2024-02-28,Hillview,Regular
R009775,2024-03-06,Metroville,Regular
R009776,2024-09-18,Lakewood,Frequent
R009777,2025-08-15,Metroville,Regular
R009778,2025-07-09,Riverton,Frequent
R009779,2025-03-28,Metroville,Frequent
R009780,2025-09-23,Lakewood,Occasional
R009781,2024-05-13,Riverton,Regular
R009782,2025-06-22,Metroville,Occasional
R009783,2025-12-10,Riverton,Frequent
R009784,2025-12-07,Riverton,Occasional
R009785,2025-06-04,Lakewood,Occasional
R009786,2025-05-24,Riverton,Occasional
R009787,2024-06-12,Metroville,Frequent
R009788,2025-06-29,Lakewood,Frequent
R009789,2024-06-30,Hillview,Regular
R009790,2024-11-04,Metroville,Regular
R009791,2024-03-26,Hillview,Regular
R009792,2024-08-09,Lakewood,Regular
R009793,2024-02-25,Metroville,Occasional
R009794,2024-12-04,Metroville,Occasional
R009795,2024-02-22,Lakewood,Regular
R009796,2025-07-16,Hillview,Occasional
R009797,2025-04-24,Riverton,Regular
R009798,2025-04-20,Lakewood,Frequent
R009799,2025-05-29,Hillview,Regular
R009800,2025-07-19,Metroville,Regular
R009801,2025-05-09,Lakewood,Occasional
R009802,2025-04-04,Riverton,Occasional
R009803,2024-05-13,Lakewood,Occasional
R009804,2025-06-20,Metroville,Occasional
R009805,2024-12-22,Riverton,Frequent
R009806,2024-04-23,Metroville,Frequent
R009807,2024-12-17,Lakewood,Regular
R009808,2024-08-24,Hillview,Regular
R009809,2024-05-25,Metroville,Occasional
R009810,2025-02-14,Riverton,Occasional
R009811,2025-10-16,Hillview,Occasional
R009812,2024-01-13,Metroville,Frequent
R009813,2024-04-08,Metroville,Frequent
R009814,2025-10-29,Hillview,Occasional
R009815,2025-05-20,Lakewood,Occasional
R009816,2024-06-24,Metroville,Occasional
R009817,2024-09-27,Metroville,Occasional
R009818,2024-03-05,Metroville,Occasional
R009819,2025-09-09,Lakewood,Occasional
R009820,2025-05-01,Hillview,Frequent
R009821,2024-06-18,Lakewood,Occasional
R009822,2024-05-21,Metroville,Regular
R009823,2025-05-20,Hillview,Occasional
R009824,2025-02-15,Lakewood,Occasional
R009825,2025-07-02,Metroville,Occasional
R009826,2024-07-01,Hillview,Regular
R009827,2025-12-28,Lakewood,Occasional
R009828,2024-05-01,Lakewood,Regular
R009829,2024-05-10,Hillview,Occasional
R009830,2025-06-22,Metroville,Frequent
R009831,2025-02-17,Lakewood,Occasional
R009832,2024-10-11,Hillview,Frequent
R009833,2025-06-22,Metroville,Regular
R009834,2025-02-24,Hillview,Frequent
R009835,2024-10-21,Metroville,Frequent
R009836,2024-06-07,Hillview,Regular
R009837,2025-06-09,Lakewood,Regular
R009838,2025-02-08,Lakewood,Regular
R009839,2025-10-16,Lakewood,Frequent
R009840,2024-11-04,Metroville,Regular
R009841,2024-07-13,Metroville,Frequent
R009842,2024-02-07,Riverton,Occasional
R009843,2024-07-17,Hillview,Occasional
R009844,2025-06-15,Metroville,Occasional
R009845,2024-07-29,Riverton,Regular
R009846,2025-02-08,Metroville,Frequent
R009847,2024-06-06,Lakewood,Occasional
R009848,2025-11-09,Lakewood,Regular
R009849,2025-10-22,Riverton,Regular
R009850,2025-08-14,Lakewood,Regular
R009851,2025-06-20,Metroville,Occasional
R009852,2025-02-22,Metroville,Occasional
R009853,2024-01-07,Lakewood,Regular
R009854,2024-02-01,Lakewood,Occasional
R009855,2024-11-20,Metroville,Regular
R009856,2025-07-04,Metroville,Occasional
R009857,2024-04-05,Metroville,Occasional
R009858,2025-02-05,Metroville,Occasional
R009859,2025-11-29,Lakewood,Occasional
R009860,2025-09-03,Hillview,Frequent
R009861,2025-02-07,Metroville,Regular
R009862,2025-02-26,Metroville,Occasional
R009863,2024-02-15,Lakewood,Regular
R009864,2024-01-02,Riverton,Occasional
R009865,2024-08-19,Riverton,Regular
R009866,2025-08-19,Metroville,Regular
R009867,2024-01-05,Metroville,Frequent
R009868,2025-08-08,Hillview,Occasional
R009869,2024-07-07,Lakewood,Regular
R009870,2024-03-13,Riverton,Occasional
R009871,2024-03-11,Lakewood,Regular
R009872,2025-05-15,Hillview,Occasional
R009873,2024-02-02,Riverton,Frequent
R009874,2025-01-20,Metroville,Regular
R009875,2025-11-15,Metroville,Regular
R009876,2025-03-07,Metroville,Occasional
R009877,2024-09-01,Hillview,Occasional
R009878,2025-10-13,Metroville,Occasional
R009879,2024-02-23,Lakewood,Occasional
R009880,2024-07-01,Lakewood,Occasional
R009881,2024-05-05,Riverton,Occasional
R009882,2024-01-10,Lakewood,Occasional
R009883,2025-11-29,Lakewood,Regular
R009884,2024-06-01,Metroville,Regular
R009885,2024-02-23,Metroville,Regular
R009886,2025-10-31,Metroville,Frequent
R009887,2025-12-05,Hillview,Occasional
R009888,2024-06-03,Hillview,Frequent
R009889,2024-10-21,Hillview,Regular
R009890,2025-05-08,Metroville,Regular
R009891,2024-11-08,Metroville,Frequent
R009892,2025-08-01,Lakewood,Frequent
R009893,2024-07-01,Metroville,Regular
R009894,2025-08-18,Hillview,Regular
R009895,2025-02-12,Riverton,Regular
R009896,2024-01-08,Hillview,Frequent
R009897,2025-03-30,Hillview,Occasional
R009898,2024-01-07,Lakewood,Occasional
R009899,2025-09-11,Metroville,Occasional
R009900,2025-12-24,Hillview,Occasional
R009901,2024-04-22,Lakewood,Regular
R009902,2025-01-21,Hillview,Regular
R009903,2024-09-03,Metroville,Occasional
R009904,2024-02-16,Lakewood,Occasional
R009905,2025-05-11,Lakewood,Occasional
R009906,2024-01-20,Metroville,Regular
R009907,2024-01-18,Lakewood,Occasional
R009908,2025-08-16,Metroville,Occasional
R009909,2024-07-25,Lakewood,Occasional
R009910,2025-10-24,Lakewood,Regular
R009911,2025-03-10,Metroville,Occasional
R009912,2025-01-18,Riverton,Regular
R009913,2024-10-26,Metroville,Frequent
R009914,2024-09-29,Riverton,Occasional
R009915,2024-06-13,Metroville,Regular
R009916,2025-05-29,Riverton,Frequent
R009917,2025-03-19,Lakewood,Frequent
R009918,2024-01-17,Riverton,Regular
R009919,2024-08-24,Lakewood,Occasional
R009920,2025-10-20,Lakewood,Occasional
R009921,2024-12-26,Riverton,Frequent
R009922,2024-07-06,Lakewood,Occasional
R009923,2024-06-17,Lakewood,Occasional
R009924,2024-05-19,Lakewood,Occasional
R009925,2025-09-22,Riverton,Occasional
R009926,2024-08-15,Riverton,Regular
R009927,2024-08-05,Hillview,Regular
R009928,2024-02-16,Metroville,Occasional
R009929,2025-10-13,Metroville,Occasional
R009930,2024-10-12,Lakewood,Regular
R009931,2025-05-30,Riverton,Regular
R009932,2025-06-07,Metroville,Frequent
R009933,2024-09-13,Metroville,Occasional
R009934,2024-12-30,Hillview,Occasional
R009935,2024-03-15,Metroville,Frequent
R009936,2025-05-03,Lakewood,Occasional
R009937,2025-05-08,Metroville,Occasional
R009938,2024-06-05,Metroville,Occasional
R009939,2024-05-23,Metroville,Occasional
R009940,2024-10-18,Metroville,Regular
R009941,2025-05-21,Lakewood,Occasional
R009942,2025-01-15,Metroville,Occasional
R009943,2024-02-15,Lakewood,Regular
R009944,2025-02-23,Metroville,Occasional
R009945,2025-06-01,Hillview,Frequent
R009946,2024-05-16,Metroville,Occasional
R009947,2024-11-21,Metroville,Occasional
R009948,2025-08-14,Riverton,Frequent
R009949,2024-08-25,Riverton,Occasional
R009950,2024-03-07,Lakewood,Occasional
R009951,2025-11-08,Metroville,Regular
R009952,2024-03-12,Hillview,Occasional
R009953,2024-02-14,Riverton,Occasional
R009954,2024-07-01,Lakewood,Regular
R009955,2025-07-04,Lakewood,Regular
R009956,2025-04-23,Metroville,Regular
R009957,2024-06-21,Metroville,Occasional
R009958,2024-02-26,Metroville,Regular
R009959,2025-11-29,Metroville,Frequent
R009960,2024-01-06,Hillview,Frequent
R009961,2025-11-07,Hillview,Regular
R009962,2024-12-11,Metroville,Regular
R009963,2024-05-22,Metroville,Regular
R009964,2024-09-10,Lakewood,Frequent
R009965,2024-08-15,Lakewood,Occasional
R009966,2024-04-24,Riverton,Occasional
R009967,2024-11-12,Hillview,Occasional
R009968,2025-04-25,Lakewood,Frequent
R009969,2024-12-11,Metroville,Frequent
R009970,2025-04-14,Hillview,Occasional
R009971,2025-12-11,Lakewood,Frequent
R009972,2024-03-30,Lakewood,Regular
R009973,2025-06-24,Riverton,Frequent
R009974,2024-06-17,Lakewood,Frequent
R009975,2024-01-14,Metroville,Occasional
R009976,2024-09-24,Riverton,Occasional
R009977,2024-10-15,Metroville,Occasional
R009978,2025-12-25,Metroville,Regular
R009979,2024-09-09,Lakewood,Regular
R009980,2025-07-16,Metroville,Regular
R009981,2025-11-15,Riverton,Regular
R009982,2024-09-03,Hillview,Regular
R009983,2024-05-11,Hillview,Occasional
R009984,2025-12-07,Metroville,Frequent
R009985,2024-12-01,Hillview,Regular
R009986,2024-11-29,Metroville,Regular
R009987,2025-06-17,Lakewood,Occasional
R009988,2024-10-05,Metroville,Occasional
R009989,2025-01-31,Hillview,Occasional
R009990,2025-11-22,Metroville,Occasional
R009991,2024-02-05,Riverton,Regular
R009992,2025-06-22,Riverton,Regular
R009993,2024-10-17,Lakewood,Occasional
R009994,2025-02-05,Riverton,Occasional
R009995,2025-10-28,Metroville,Regular
R009996,2025-03-15,Metroville,Frequent
R009997,2024-11-02,Lakewood,Occasional
R009998,2025-12-13,Riverton,Regular
R009999,2025-03-19,Metroville,Occasional
R010000,2024-04-21,Riverton,Regular
R010001,2024-03-06,Metroville,Regular
R010002,2024-09-11,Riverton,Regular
R010003,2025-06-09,Metroville,Regular
R010004,2024-11-04,Lakewood,Regular
R010005,2024-05-03,Lakewood,Frequent
R010006,2025-12-21,Lakewood,Occasional
R010007,2024-05-24,Metroville,Occasional
R010008,2024-03-02,Lakewood,Occasional
R010009,2024-10-06,Metroville,Frequent
R010010,2024-03-22,Metroville,Occasional
R010011,2025-03-09,Metroville,Occasional
R010012,2024-11-14,Hillview,Occasional
R010013,2025-11-09,Metroville,Occasional
R010014,2024-05-03,Lakewood,Regular
R010015,2024-07-15,Metroville,Regular
R010016,2025-05-16,Riverton,Occasional
R010017,2025-05-25,Metroville,Occasional
R010018,2024-09-21,Metroville,Frequent
R010019,2025-11-05,Hillview,Regular
R010020,2025-09-11,Hillview,Frequent
R010021,2025-03-23,Metroville,Occasional
R010022,2025-07-01,Riverton,Regular
R010023,2025-01-27,Hillview,Occasional
R010024,2024-12-10,Hillview,Occasional
R010025,2025-02-03,Metroville,Occasional
R010026,2025-09-10,Riverton,Occasional
R010027,2024-01-12,Metroville,Frequent
R010028,2024-03-14,Riverton,Occasional
R010029,2024-12-13,Lakewood,Occasional
R010030,2025-03-01,Riverton,Regular
R010031,2024-05-11,Hillview,Frequent
R010032,2025-03-18,Metroville,Frequent
R010033,2024-01-18,Metroville,Occasional
R010034,2024-06-29,Lakewood,Frequent
R010035,2024-12-02,Lakewood,Occasional
R010036,2024-02-06,Lakewood,Regular
R010037,2025-04-08,Riverton,Regular
R010038,2025-01-26,Riverton,Frequent
R010039,2025-02-17,Riverton,Occasional
R010040,2025-01-11,Metroville,Regular
R010041,2025-05-21,Metroville,Regular
R010042,2025-04-23,Hillview,Occasional
R010043,2025-04-28,Lakewood,Frequent
R010044,2024-06-04,Riverton,Frequent
R010045,2025-05-18,Metroville,Regular
R010046,2024-05-11,Riverton,Frequent
R010047,2024-01-16,Metroville,Regular
R010048,2025-12-16,Riverton,Regular
R010049,2024-05-10,Metroville,Regular
R010050,2024-03-24,Metroville,Regular
R010051,2024-08-09,Metroville,Occasional
R010052,2026-01-01,Metroville,Occasional
R010053,2025-09-24,Hillview,Occasional
R010054,2025-06-11,Lakewood,Regular
R010055,2024-05-17,Lakewood,Occasional
R010056,2025-04-05,Metroville,Occasional
R010057,2025-09-01,Lakewood,Occasional
R010058,2024-09-05,Metroville,Frequent
R010059,2024-07-08,Riverton,Frequent
R010060,2025-09-27,Hillview,Occasional
R010061,2024-04-06,Metroville,Regular
R010062,2025-10-28,Riverton,Regular
R010063,2024-12-16,Hillview,Occasional
R010064,2025-06-12,Hillview,Occasional
R010065,2024-09-29,Riverton,Occasional
R010066,2025-06-03,Hillview,Occasional
R010067,2025-11-08,Lakewood,Occasional
R010068,2024-12-26,Lakewood,Occasional
R010069,2024-06-04,Riverton,Frequent
R010070,2024-02-26,Metroville,Regular
R010071,2025-11-08,Metroville,Occasional
R010072,2026-01-01,Lakewood,Occasional
R010073,2025-04-21,Metroville,Occasional
R010074,2024-01-12,Lakewood,Occasional
R010075,2025-10-09,Riverton,Occasional
R010076,2024-12-28,Riverton,Occasional
R010077,2024-06-20,Riverton,Occasional
R010078,2024-09-25,Riverton,Regular
R010079,2025-11-20,Metroville,Frequent
R010080,2025-07-22,Metroville,Occasional
R010081,2025-03-12,Metroville,Occasional
R010082,2025-06-22,Hillview,Occasional
R010083,2025-09-12,Hillview,Occasional
R010084,2025-04-04,Lakewood,Occasional
R010085,2024-08-17,Lakewood,Occasional
R010086,2024-02-24,Hillview,Frequent
R010087,2024-03-31,Metroville,Regular
R010088,2024-06-22,Metroville,Frequent
R010089,2025-07-16,Riverton,Regular
R010090,2024-03-09,Lakewood,Frequent
R010091,2024-04-03,Hillview,Occasional
R010092,2025-12-17,Riverton,Occasional
R010093,2024-10-20,Hillview,Regular
R010094,2024-04-03,Riverton,Frequent
R010095,2025-09-30,Hillview,Frequent
R010096,2025-12-08,Riverton,Occasional
R010097,2025-01-04,Lakewood,Frequent
R010098,2024-03-23,Lakewood,Regular
R010099,2025-04-04,Hillview,Occasional
R010100,2025-09-23,Metroville,Occasional
R010101,2025-12-07,Lakewood,Regular
R010102,2025-02-24,Lakewood,Regular
R010103,2025-11-22,Riverton,Frequent
R010104,2025-08-31,Riverton,Frequent
R010105,2024-04-28,Lakewood,Regular
R010106,2025-04-09,Riverton,Occasional
R010107,2025-05-02,Lakewood,Occasional
R010108,2025-07-16,Metroville,Regular
R010109,2025-01-23,Riverton,Occasional
R010110,2025-06-18,Metroville,Regular
R010111,2025-03-03,Hillview,Occasional
R010112,2024-07-09,Hillview,Occasional
R010113,2024-12-20,Metroville,Occasional
R010114,2025-11-15,Metroville,Frequent
R010115,2025-09-08,Metroville,Regular
R010116,2025-04-16,Riverton,Occasional
R010117,2024-08-23,Metroville,Occasional
R010118,2024-05-27,Lakewood,Occasional
R010119,2024-07-28,Lakewood,Frequent
R010120,2024-08-12,Riverton,Occasional
R010121,2025-12-04,Riverton,Occasional
R010122,2025-01-25,Lakewood,Occasional
R010123,2024-10-13,Lakewood,Occasional
R010124,2025-10-07,Riverton,Occasional
R010125,2024-09-27,Lakewood,Frequent
R010126,2025-08-06,Lakewood,Regular
R010127,2025-04-14,Metroville,Occasional
R010128,2024-08-09,Metroville,Occasional
R010129,2025-12-04,Lakewood,Occasional
R010130,2025-05-18,Lakewood,Occasional
R010131,2025-12-25,Riverton,Occasional
R010132,2024-01-02,Hillview,Occasional
R010133,2024-07-24,Metroville,Occasional
R010134,2024-08-31,Lakewood,Occasional
R010135,2025-05-08,Riverton,Occasional
R010136,2025-09-06,Metroville,Frequent
R010137,2024-03-29,Lakewood,Regular
R010138,2024-04-20,Lakewood,Occasional
R010139,2025-05-09,Lakewood,Regular
R010140,2024-09-15,Metroville,Occasional
R010141,2025-05-26,Metroville,Occasional
R010142,2024-01-01,Metroville,Regular
R010143,2025-01-18,Hillview,Occasional
R010144,2024-01-17,Metroville,Regular
R010145,2025-11-27,Metroville,Occasional
R010146,2024-04-16,Riverton,Occasional
R010147,2024-05-10,Hillview,Regular
R010148,2024-03-15,Metroville,Regular
R010149,2024-06-10,Riverton,Frequent
R010150,2024-12-24,Metroville,Occasional
R010151,2025-03-28,Metroville,Frequent
R010152,2025-10-20,Hillview,Occasional
R010153,2025-10-04,Riverton,Frequent
R010154,2024-03-02,Lakewood,Occasional
R010155,2024-11-09,Metroville,Frequent
R010156,2025-09-28,Lakewood,Frequent
R010157,2024-05-01,Metroville,Occasional
R010158,2025-05-04,Lakewood,Occasional
R010159,2024-11-08,Riverton,Regular
R010160,2024-05-03,Lakewood,Occasional
R010161,2024-02-15,Riverton,Occasional
R010162,2024-07-31,Metroville,Frequent
R010163,2024-01-01,Riverton,Regular
R010164,2024-05-22,Hillview,Regular
R010165,2025-02-05,Hillview,Frequent
R010166,2025-07-31,Metroville,Regular
R010167,2025-01-04,Metroville,Regular
R010168,2025-06-14,Lakewood,Regular
R010169,2024-02-24,Lakewood,Occasional
R010170,2024-08-10,Hillview,Occasional
R010171,2025-04-27,Lakewood,Regular
R010172,2024-02-09,Lakewood,Regular
R010173,2025-03-03,Metroville,Occasional
R010174,2024-05-03,Hillview,Occasional
R010175,2024-11-03,Metroville,Frequent
R010176,2025-04-06,Hillview,Occasional
R010177,2025-12-23,Hillview,Regular
R010178,2024-03-07,Metroville,Regular
R010179,2025-02-06,Riverton,Occasional
R010180,2025-01-27,Metroville,Regular
R010181,2024-02-16,Metroville,Regular
R010182,2025-03-24,Lakewood,Occasional
R010183,2024-02-25,Hillview,Occasional
R010184,2025-05-18,Lakewood,Regular
R010185,2024-05-31,Metroville,Regular
R010186,2024-04-01,Lakewood,Occasional
R010187,2024-02-22,Lakewood,Frequent
R010188,2024-12-02,Metroville,Frequent
R010189,2024-06-21,Metroville,Frequent
R010190,2024-12-05,Metroville,Regular
R010191,2025-10-17,Lakewood,Regular
R010192,2025-09-03,Riverton,Frequent
R010193,2025-07-03,Riverton,Frequent
R010194,2024-12-09,Metroville,Frequent
R010195,2024-03-23,Riverton,Occasional
R010196,2024-10-24,Lakewood,Occasional
R010197,2024-01-16,Metroville,Regular
R010198,2024-03-31,Hillview,Regular
R010199,2024-08-08,Riverton,Frequent
R010200,2025-05-23,Lakewood,Occasional
R010201,2025-07-31,Metroville,Occasional
R010202,2025-03-29,Metroville,Occasional
R010203,2024-07-07,Lakewood,Regular
R010204,2025-06-08,Hillview,Regular
R010205,2025-12-30,Riverton,Frequent
R010206,2025-04-25,Metroville,Regular
R010207,2025-07-11,Riverton,Regular
R010208,2025-10-02,Metroville,Occasional
R010209,2025-06-07,Metroville,Regular
R010210,2025-10-04,Riverton,Occasional
R010211,2024-08-04,Lakewood,Regular
R010212,2024-08-13,Riverton,Occasional
R010213,2024-05-07,Metroville,Occasional
R010214,2024-05-13,Metroville,Occasional
R010215,2025-02-08,Lakewood,Regular
R010216,2025-11-09,Lakewood,Frequent
R010217,2024-06-11,Lakewood,Regular
R010218,2025-06-05,Riverton,Occasional
R010219,2024-02-26,Riverton,Frequent
R010220,2025-12-11,Riverton,Occasional
R010221,2025-01-19,Metroville,Occasional
R010222,2024-12-29,Lakewood,Occasional
R010223,2024-09-20,Lakewood,Regular
R010224,2025-12-05,Lakewood,Regular
R010225,2024-11-03,Metroville,Frequent
R010226,2024-03-30,Hillview,Regular
R010227,2025-02-16,Metroville,Occasional
R010228,2025-03-08,Hillview,Regular
R010229,2025-06-30,Riverton,Occasional
R010230,2024-12-29,Lakewood,Regular
R010231,2024-07-23,Metroville,Regular
R010232,2024-01-02,Lakewood,Regular
R010233,2025-12-23,Metroville,Regular
R010234,2024-05-21,Hillview,Occasional
R010235,2024-09-13,Metroville,Occasional
R010236,2024-04-22,Lakewood,Frequent
R010237,2024-06-21,Riverton,Occasional
R010238,2024-02-14,Metroville,Frequent
R010239,2024-09-06,Lakewood,Regular
R010240,2025-11-25,Riverton,Frequent
R010241,2024-06-12,Metroville,Occasional
R010242,2025-12-07,Metroville,Frequent
R010243,2025-04-09,Lakewood,Regular
R010244,2025-10-14,Lakewood,Occasional
R010245,2025-03-30,Lakewood,Regular
R010246,2025-12-24,Metroville,Frequent
R010247,2025-02-07,Lakewood,Occasional
R010248,2025-08-31,Metroville,Occasional
R010249,2024-01-28,Metroville,Occasional
R010250,2025-11-13,Lakewood,Occasional
R010251,2024-01-14,Lakewood,Occasional
R010252,2024-05-24,Lakewood,Regular
R010253,2025-06-24,Metroville,Occasional
R010254,2024-07-07,Riverton,Frequent
R010255,2024-01-31,Metroville,Regular
R010256,2025-09-23,Metroville,Regular
R010257,2025-01-10,Riverton,Occasional
R010258,2024-12-16,Hillview,Occasional
R010259,2024-08-19,Hillview,Regular
R010260,2025-06-08,Lakewood,Occasional
R010261,2024-08-18,Metroville,Frequent
R010262,2025-02-15,Hillview,Regular
R010263,2024-04-05,Riverton,Frequent
R010264,2024-08-11,Hillview,Regular
R010265,2024-01-21,Lakewood,Occasional
R010266,2024-07-27,Lakewood,Occasional
R010267,2024-10-05,Metroville,Occasional
R010268,2025-07-01,Metroville,Occasional
R010269,2025-08-24,Riverton,Occasional
R010270,2025-01-24,Hillview,Occasional
R010271,2025-11-08,Lakewood,Occasional
R010272,2024-09-20,Metroville,Occasional
R010273,2024-12-27,Lakewood,Occasional
R010274,2025-03-27,Metroville,Occasional
R010275,2024-05-09,Hillview,Regular
R010276,2024-11-03,Metroville,Frequent
R010277,2025-10-20,Metroville,Regular
R010278,2024-12-13,Lakewood,Frequent
R010279,2025-11-12,Lakewood,Regular
R010280,2025-05-11,Riverton,Occasional
R010281,2024-05-04,Lakewood,Occasional
R010282,2024-12-01,Hillview,Occasional
R010283,2024-09-25,Lakewood,Occasional
R010284,2025-11-26,Metroville,Occasional
R010285,2024-09-02,Metroville,Frequent
R010286,2024-12-21,Lakewood,Occasional
R010287,2025-05-20,Lakewood,Frequent
R010288,2025-12-05,Lakewood,Regular
R010289,2025-02-03,Metroville,Regular
R010290,2025-09-12,Metroville,Occasional
R010291,2024-03-26,Metroville,Regular
R010292,2025-10-14,Riverton,Occasional
R010293,2024-05-31,Riverton,Regular
R010294,2025-07-12,Metroville,Occasional
R010295,2025-01-25,Lakewood,Frequent
R010296,2025-03-18,Hillview,Regular
R010297,2024-03-08,Metroville,Regular
R010298,2025-01-24,Metroville,Occasional
R010299,2024-03-04,Lakewood,Regular
R010300,2025-02-07,Metroville,Occasional
R010301,2024-10-24,Metroville,Regular
R010302,2024-05-27,Hillview,Occasional
R010303,2024-12-25,Riverton,Frequent
R010304,2024-06-05,Riverton,Occasional
R010305,2024-03-01,Hillview,Regular
R010306,2024-01-26,Metroville,Occasional
R010307,2024-09-06,Hillview,Regular
R010308,2025-06-29,Hillview,Occasional
R010309,2025-02-25,Lakewood,Frequent
R010310,2024-04-01,Hillview,Occasional
R010311,2024-11-20,Riverton,Regular
R010312,2025-03-02,Metroville,Frequent
R010313,2024-06-20,Metroville,Regular
R010314,2024-04-10,Riverton,Occasional
R010315,2024-07-01,Lakewood,Frequent
R010316,2024-02-18,Lakewood,Occasional
R010317,2024-06-26,Metroville,Regular
R010318,2025-01-25,Metroville,Regular
R010319,2025-08-09,Metroville,Occasional
R010320,2025-10-01,Lakewood,Frequent
R010321,2025-05-07,Metroville,Regular
R010322,2024-09-17,Metroville,Frequent
R010323,2025-11-14,Hillview,Occasional
R010324,2025-11-03,Lakewood,Frequent
R010325,2024-09-18,Hillview,Regular
R010326,2024-01-08,Metroville,Occasional
R010327,2024-11-13,Lakewood,Occasional
R010328,2024-12-06,Riverton,Occasional
R010329,2025-05-10,Hillview,Occasional
R010330,2024-04-17,Riverton,Occasional
R010331,2025-02-02,Hillview,Regular
R010332,2024-08-19,Metroville,Regular
R010333,2024-12-28,Metroville,Occasional
R010334,2024-01-18,Hillview,Frequent
R010335,2025-01-21,Lakewood,Occasional
R010336,2024-01-26,Metroville,Regular
R010337,2025-09-16,Metroville,Frequent
R010338,2025-06-05,Riverton,Occasional
R010339,2025-11-04,Metroville,Occasional
R010340,2025-04-24,Lakewood,Occasional
R010341,2025-12-17,Metroville,Occasional
R010342,2024-06-01,Metroville,Frequent
R010343,2024-01-05,Lakewood,Occasional
R010344,2025-10-21,Metroville,Frequent
R010345,2025-04-27,Riverton,Regular
R010346,2025-05-18,Metroville,Frequent
R010347,2024-07-31,Riverton,Occasional
R010348,2024-09-03,Lakewood,Regular
R010349,2025-05-12,Metroville,Occasional
R010350,2024-10-25,Riverton,Regular
R010351,2024-02-25,Lakewood,Regular
R010352,2024-08-02,Metroville,Occasional
R010353,2024-10-08,Metroville,Frequent
R010354,2025-08-30,Lakewood,Regular
R010355,2024-09-08,Metroville,Occasional
R010356,2024-12-27,Riverton,Frequent
R010357,2025-03-13,Lakewood,Frequent
R010358,2024-04-09,Metroville,Frequent
R010359,2025-03-02,Metroville,Regular
R010360,2024-05-27,Metroville,Regular
R010361,2025-10-04,Metroville,Occasional
R010362,2024-08-05,Lakewood,Regular
R010363,2024-08-10,Metroville,Regular
R010364,2024-10-22,Lakewood,Occasional
R010365,2024-09-20,Metroville,Frequent
R010366,2025-03-09,Hillview,Regular
R010367,2025-06-13,Lakewood,Regular
R010368,2025-12-06,Riverton,Regular
R010369,2025-10-12,Lakewood,Occasional
R010370,2024-07-10,Metroville,Regular
R010371,2025-03-18,Lakewood,Regular
R010372,2024-08-28,Lakewood,Frequent
R010373,2025-08-12,Riverton,Occasional
R010374,2024-01-18,Hillview,Regular
R010375,2025-12-29,Metroville,Occasional
R010376,2024-09-29,Metroville,Regular
R010377,2025-06-29,Riverton,Occasional
R010378,2025-05-09,Metroville,Regular
R010379,2024-09-25,Riverton,Occasional
R010380,2025-12-05,Riverton,Occasional
R010381,2024-07-14,Hillview,Occasional
R010382,2025-06-25,Metroville,Occasional
R010383,2025-11-10,Metroville,Frequent
R010384,2024-03-27,Lakewood,Regular
R010385,2025-11-02,Metroville,Frequent
R010386,2025-10-13,Hillview,Regular
R010387,2024-10-05,Lakewood,Regular
R010388,2025-09-05,Lakewood,Regular
R010389,2024-01-05,Metroville,Occasional
R010390,2024-05-18,Lakewood,Occasional
R010391,2025-07-04,Metroville,Regular
R010392,2025-11-14,Lakewood,Occasional
R010393,2024-04-02,Metroville,Regular
R010394,2025-06-06,Riverton,Occasional
R010395,2024-03-16,Hillview,Occasional
R010396,2025-07-27,Metroville,Regular
R010397,2025-10-18,Metroville,Regular
R010398,2024-12-02,Riverton,Occasional
R010399,2024-03-14,Riverton,Occasional
R010400,2024-05-26,Metroville,Regular
R010401,2025-01-06,Metroville,Regular
R010402,2025-08-07,Riverton,Occasional
R010403,2025-01-15,Lakewood,Regular
R010404,2024-12-15,Lakewood,Regular
R010405,2025-03-15,Metroville,Regular
R010406,2025-12-09,Riverton,Occasional
R010407,2025-07-31,Metroville,Frequent
R010408,2024-04-22,Lakewood,Regular
R010409,2024-05-23,Riverton,Occasional
R010410,2024-09-17,Lakewood,Frequent
R010411,2024-07-17,Metroville,Regular
R010412,2025-06-22,Metroville,Occasional
R010413,2025-12-27,Riverton,Frequent
R010414,2025-02-22,Hillview,Regular
R010415,2025-10-13,Hillview,Occasional
R010416,2024-11-13,Riverton,Regular
R010417,2025-05-18,Riverton,Occasional
R010418,2025-05-28,Hillview,Occasional
R010419,2024-08-03,Lakewood,Regular
R010420,2025-06-20,Hillview,Occasional
R010421,2025-01-26,Lakewood,Occasional
R010422,2025-02-26,Lakewood,Occasional
R010423,2024-07-03,Metroville,Occasional
R010424,2024-08-21,Lakewood,Regular
R010425,2025-09-19,Metroville,Occasional
R010426,2025-03-28,Lakewood,Occasional
R010427,2024-04-05,Lakewood,Occasional
R010428,2025-02-03,Hillview,Regular
R010429,2025-03-28,Hillview,Occasional
R010430,2025-08-06,Metroville,Regular
R010431,2025-09-16,Riverton,Occasional
R010432,2025-04-23,Lakewood,Regular
R010433,2024-01-10,Metroville,Frequent
R010434,2024-12-29,Hillview,Regular
R010435,2024-05-31,Metroville,Regular
R010436,2024-01-14,Riverton,Occasional
R010437,2025-11-07,Metroville,Occasional
R010438,2024-05-02,Hillview,Occasional
R010439,2024-06-28,Riverton,Regular
R010440,2024-09-03,Lakewood,Regular
R010441,2024-12-06,Metroville,Occasional
R010442,2025-03-16,Metroville,Regular
R010443,2024-08-15,Metroville,Regular
R010444,2025-08-03,Riverton,Frequent
R010445,2024-04-25,Riverton,Frequent
R010446,2025-12-03,Metroville,Occasional
R010447,2025-09-18,Lakewood,Frequent
R010448,2025-03-15,Metroville,Occasional
R010449,2024-02-05,Riverton,Regular
R010450,2025-06-17,Metroville,Regular
R010451,2025-05-30,Riverton,Occasional
R010452,2025-03-30,Riverton,Regular
R010453,2024-07-24,Metroville,Regular
R010454,2024-11-10,Metroville,Regular
R010455,2024-10-30,Lakewood,Regular
R010456,2025-03-22,Hillview,Occasional
R010457,2024-08-30,Metroville,Occasional
R010458,2024-10-20,Lakewood,Occasional
R010459,2025-10-26,Lakewood,Occasional
R010460,2024-11-28,Metroville,Regular
R010461,2025-03-11,Metroville,Occasional
R010462,2025-10-28,Lakewood,Occasional
R010463,2025-11-22,Metroville,Occasional
R010464,2025-02-16,Riverton,Frequent
R010465,2024-07-13,Hillview,Frequent
R010466,2024-03-14,Hillview,Occasional
R010467,2025-09-21,Lakewood,Occasional
R010468,2025-01-18,Metroville,Occasional
R010469,2025-02-18,Lakewood,Frequent
R010470,2025-11-28,Metroville,Regular
R010471,2024-09-28,Lakewood,Occasional
R010472,2024-03-14,Metroville,Occasional
R010473,2025-05-07,Metroville,Frequent
R010474,2025-12-11,Metroville,Occasional
R010475,2024-05-04,Metroville,Frequent
R010476,2025-12-23,Riverton,Regular
R010477,2025-01-31,Hillview,Regular
R010478,2025-02-14,Riverton,Frequent
R010479,2025-12-03,Metroville,Regular
R010480,2024-08-31,Lakewood,Regular
R010481,2025-06-29,Riverton,Occasional
R010482,2024-01-07,Hillview,Frequent
R010483,2025-05-06,Riverton,Frequent
R010484,2024-01-12,Metroville,Frequent
R010485,2024-01-04,Riverton,Occasional
R010486,2024-10-11,Metroville,Frequent
R010487,2024-09-29,Lakewood,Occasional
R010488,2025-07-27,Hillview,Occasional
R010489,2025-10-14,Hillview,Regular
R010490,2025-11-20,Metroville,Regular
R010491,2025-04-01,Riverton,Occasional
R010492,2024-04-23,Metroville,Occasional
R010493,2025-05-05,Metroville,Regular
R010494,2024-12-23,Hillview,Frequent
R010495,2025-01-22,Hillview,Occasional
R010496,2025-01-02,Metroville,Regular
R010497,2025-10-08,Riverton,Frequent
R010498,2024-10-05,Metroville,Frequent
R010499,2025-12-06,Lakewood,Occasional
R010500,2025-01-30,Hillview,Regular
R010501,2025-05-18,Riverton,Regular
R010502,2025-11-08,Lakewood,Regular
R010503,2025-08-19,Lakewood,Regular
R010504,2024-11-17,Riverton,Frequent
R010505,2024-05-29,Hillview,Regular
R010506,2024-04-10,Metroville,Regular
R010507,2024-09-23,Metroville,Frequent
R010508,2025-05-02,Lakewood,Frequent
R010509,2025-08-07,Lakewood,Occasional
R010510,2024-01-23,Metroville,Regular
R010511,2024-12-04,Riverton,Frequent
R010512,2025-11-19,Metroville,Frequent
R010513,2025-08-24,Hillview,Frequent
R010514,2025-11-18,Metroville,Regular
R010515,2025-12-01,Riverton,Occasional
R010516,2024-03-08,Hillview,Occasional
R010517,2025-05-13,Lakewood,Occasional
R010518,2025-02-07,Metroville,Regular
R010519,2024-12-15,Hillview,Frequent
R010520,2025-08-06,Lakewood,Occasional
R010521,2025-11-15,Lakewood,Regular
R010522,2024-12-06,Metroville,Regular
R010523,2025-04-19,Metroville,Occasional
R010524,2024-12-16,Lakewood,Occasional
R010525,2025-04-10,Riverton,Occasional
R010526,2025-12-11,Hillview,Regular
R010527,2025-08-16,Lakewood,Regular
R010528,2024-06-17,Metroville,Regular
R010529,2025-09-26,Lakewood,Frequent
R010530,2025-01-20,Metroville,Occasional
R010531,2025-03-03,Metroville,Regular
R010532,2024-03-25,Lakewood,Occasional
R010533,2024-11-21,Metroville,Regular
R010534,2024-08-09,Metroville,Regular
R010535,2024-03-05,Metroville,Regular
R010536,2025-09-14,Metroville,Regular
R010537,2024-04-04,Hillview,Regular
R010538,2025-06-08,Lakewood,Occasional
R010539,2025-06-29,Hillview,Frequent
R010540,2025-03-23,Hillview,Regular
R010541,2025-09-07,Hillview,Regular
R010542,2024-03-24,Metroville,Frequent
R010543,2024-01-12,Metroville,Regular
R010544,2025-09-14,Lakewood,Occasional
R010545,2024-05-14,Lakewood,Regular
R010546,2024-08-06,Metroville,Regular
R010547,2025-05-19,Metroville,Occasional
R010548,2025-01-26,Riverton,Regular
R010549,2024-05-27,Riverton,Regular
R010550,2024-06-19,Lakewood,Regular
R010551,2025-09-04,Metroville,Occasional
R010552,2025-01-16,Lakewood,Regular
R010553,2025-11-06,Riverton,Occasional
R010554,2025-02-15,Riverton,Occasional
R010555,2025-04-30,Riverton,Regular
R010556,2024-09-06,Lakewood,Regular
R010557,2024-01-22,Lakewood,Regular
R010558,2025-01-05,Metroville,Occasional
R010559,2025-06-18,Metroville,Regular
R010560,2024-10-24,Lakewood,Occasional
R010561,2025-09-21,Hillview,Occasional
R010562,2025-05-25,Riverton,Frequent
R010563,2025-01-05,Lakewood,Occasional
R010564,2025-02-02,Metroville,Frequent
R010565,2024-06-15,Lakewood,Regular
R010566,2025-10-04,Metroville,Occasional
R010567,2024-02-13,Metroville,Occasional
R010568,2024-02-06,Lakewood,Occasional
R010569,2025-07-27,Metroville,Regular
R010570,2024-01-20,Metroville,Occasional
R010571,2025-01-07,Metroville,Frequent
R010572,2024-05-18,Metroville,Occasional
R010573,2025-05-13,Lakewood,Occasional
R010574,2024-03-27,Riverton,Occasional
R010575,2024-07-12,Metroville,Regular
R010576,2025-01-19,Metroville,Occasional
R010577,2024-10-03,Lakewood,Regular
R010578,2024-05-26,Metroville,Regular
R010579,2024-02-15,Riverton,Frequent
R010580,2024-01-12,Hillview,Occasional
R010581,2024-05-20,Riverton,Regular
R010582,2024-07-25,Riverton,Occasional
R010583,2024-03-28,Riverton,Occasional
R010584,2025-01-07,Lakewood,Frequent
R010585,2025-10-10,Riverton,Frequent
R010586,2025-06-06,Lakewood,Occasional
R010587,2024-08-12,Lakewood,Regular
R010588,2024-11-16,Riverton,Regular
R010589,2025-07-17,Riverton,Occasional
R010590,2025-12-05,Lakewood,Occasional
R010591,2025-02-07,Hillview,Frequent
R010592,2024-05-25,Lakewood,Regular
R010593,2025-09-26,Lakewood,Occasional
R010594,2025-01-11,Lakewood,Occasional
R010595,2024-01-22,Riverton,Frequent
R010596,2024-07-04,Hillview,Occasional
R010597,2025-01-24,Riverton,Regular
R010598,2025-08-13,Metroville,Occasional
R010599,2025-09-15,Lakewood,Occasional
R010600,2024-05-17,Metroville,Occasional
R010601,2025-06-13,Riverton,Occasional
R010602,2025-12-04,Hillview,Occasional
R010603,2025-08-07,Hillview,Occasional
R010604,2025-06-08,Lakewood,Regular
R010605,2025-08-05,Metroville,Occasional
R010606,2025-02-11,Lakewood,Frequent
R010607,2025-03-19,Metroville,Frequent
R010608,2025-01-24,Hillview,Occasional
R010609,2025-11-30,Metroville,Regular
R010610,2024-09-22,Riverton,Occasional
R010611,2025-07-22,Lakewood,Regular
R010612,2024-01-16,Riverton,Occasional
R010613,2024-11-02,Hillview,Frequent
R010614,2025-10-31,Lakewood,Occasional
R010615,2024-06-27,Riverton,Occasional
R010616,2025-08-04,Metroville,Regular
R010617,2025-01-02,Metroville,Regular
R010618,2024-04-08,Lakewood,Occasional
R010619,2024-03-18,Lakewood,Regular
R010620,2024-03-30,Riverton,Regular
R010621,2024-12-06,Lakewood,Occasional
R010622,2024-08-13,Metroville,Occasional
R010623,2025-10-16,Riverton,Regular
R010624,2025-07-12,Hillview,Regular
R010625,2024-04-14,Hillview,Occasional
R010626,2025-01-03,Metroville,Occasional
R010627,2025-07-14,Metroville,Occasional
R010628,2025-04-23,Metroville,Frequent
R010629,2024-01-07,Hillview,Regular
R010630,2024-01-05,Lakewood,Regular
R010631,2025-03-03,Hillview,Occasional
R010632,2025-11-07,Hillview,Regular
R010633,2024-02-06,Metroville,Frequent
R010634,2024-05-01,Lakewood,Frequent
R010635,2024-05-18,Lakewood,Regular
R010636,2024-08-21,Lakewood,Frequent
R010637,2025-10-13,Hillview,Occasional
R010638,2025-11-24,Metroville,Regular
R010639,2024-08-12,Riverton,Occasional
R010640,2025-06-20,Metroville,Regular
R010641,2024-01-08,Riverton,Regular
R010642,2025-01-09,Metroville,Occasional
R010643,2025-04-04,Lakewood,Frequent
R010644,2025-09-23,Riverton,Occasional
R010645,2025-08-24,Lakewood,Regular
R010646,2024-02-14,Hillview,Frequent
R010647,2024-10-29,Riverton,Occasional
R010648,2024-02-25,Metroville,Frequent
R010649,2024-01-07,Lakewood,Regular
R010650,2024-04-23,Metroville,Regular
R010651,2025-11-13,Metroville,Occasional
R010652,2024-07-12,Metroville,Regular
R010653,2025-06-25,Metroville,Regular
R010654,2025-06-03,Hillview,Frequent
R010655,2025-09-27,Hillview,Regular
R010656,2025-01-24,Metroville,Occasional
R010657,2025-12-14,Riverton,Occasional
R010658,2024-11-07,Metroville,Frequent
R010659,2025-07-30,Lakewood,Regular
R010660,2025-07-26,Metroville,Regular
R010661,2025-02-01,Metroville,Regular
R010662,2024-08-20,Lakewood,Occasional
R010663,2024-04-26,Riverton,Frequent
R010664,2024-03-03,Lakewood,Regular
R010665,2024-12-31,Riverton,Occasional
R010666,2024-10-17,Metroville,Occasional
R010667,2024-06-02,Lakewood,Regular
R010668,2025-07-15,Metroville,Regular
R010669,2024-04-29,Metroville,Occasional
R010670,2024-12-13,Metroville,Frequent
R010671,2024-11-09,Metroville,Regular
R010672,2025-12-16,Riverton,Frequent
R010673,2024-03-17,Lakewood,Occasional
R010674,2025-09-18,Riverton,Regular
R010675,2025-05-16,Metroville,Frequent
R010676,2025-08-01,Metroville,Occasional
R010677,2025-07-23,Lakewood,Regular
R010678,2025-07-19,Metroville,Regular
R010679,2024-11-14,Metroville,Occasional
R010680,2025-03-01,Metroville,Frequent
R010681,2024-09-24,Hillview,Occasional
R010682,2025-10-21,Lakewood,Occasional
R010683,2024-06-14,Metroville,Regular
R010684,2025-03-07,Lakewood,Occasional
R010685,2024-06-03,Hillview,Frequent
R010686,2024-09-29,Metroville,Occasional
R010687,2025-12-06,Metroville,Frequent
R010688,2024-05-23,Hillview,Regular
R010689,2025-10-10,Hillview,Regular
R010690,2025-08-18,Lakewood,Frequent
R010691,2024-09-25,Metroville,Frequent
R010692,2024-09-28,Metroville,Frequent
R010693,2024-01-05,Hillview,Regular
R010694,2025-08-01,Riverton,Regular
R010695,2025-05-02,Lakewood,Occasional
R010696,2025-12-20,Metroville,Occasional
R010697,2024-08-01,Metroville,Regular
R010698,2024-10-18,Riverton,Occasional
R010699,2025-05-17,Riverton,Regular
R010700,2024-09-06,Lakewood,Regular
R010701,2024-08-21,Lakewood,Regular
R010702,2024-05-04,Riverton,Regular
R010703,2025-12-24,Riverton,Frequent
R010704,2024-12-13,Metroville,Occasional
R010705,2025-07-17,Hillview,Regular
R010706,2025-04-23,Metroville,Regular
R010707,2025-03-14,Lakewood,Occasional
R010708,2024-08-16,Metroville,Regular
R010709,2024-08-18,Riverton,Occasional
R010710,2024-12-21,Lakewood,Regular
R010711,2024-04-09,Metroville,Frequent
R010712,2025-01-28,Lakewood,Occasional
R010713,2024-03-07,Lakewood,Regular
R010714,2024-07-20,Lakewood,Frequent
R010715,2025-04-08,Metroville,Regular
R010716,2024-01-18,Metroville,Occasional
R010717,2024-02-02,Hillview,Regular
R010718,2024-06-06,Metroville,Occasional
R010719,2025-07-07,Lakewood,Regular
R010720,2025-08-10,Metroville,Frequent
R010721,2024-01-01,Riverton,Occasional
R010722,2024-07-22,Lakewood,Frequent
R010723,2024-02-11,Riverton,Regular
R010724,2024-01-11,Riverton,Occasional
R010725,2025-11-20,Lakewood,Frequent
R010726,2024-11-07,Hillview,Occasional
R010727,2025-08-05,Riverton,Frequent
R010728,2025-05-14,Riverton,Regular
R010729,2024-11-25,Riverton,Regular
R010730,2025-07-04,Lakewood,Occasional
R010731,2024-07-01,Riverton,Frequent
R010732,2024-10-29,Riverton,Frequent
R010733,2024-10-04,Hillview,Regular
R010734,2025-02-22,Hillview,Frequent
R010735,2024-06-03,Lakewood,Regular
R010736,2025-06-29,Riverton,Regular
R010737,2025-09-08,Metroville,Regular
R010738,2025-10-12,Hillview,Occasional
R010739,2025-10-16,Riverton,Occasional
R010740,2025-04-13,Hillview,Regular
R010741,2025-08-07,Riverton,Occasional
R010742,2025-05-20,Riverton,Frequent
R010743,2025-11-28,Metroville,Regular
R010744,2024-03-13,Riverton,Occasional
R010745,2024-05-25,Lakewood,Regular
R010746,2024-11-03,Lakewood,Regular
R010747,2025-03-30,Metroville,Regular
R010748,2025-10-12,Metroville,Frequent
R010749,2024-03-10,Hillview,Regular
R010750,2024-04-27,Lakewood,Regular
R010751,2025-09-22,Metroville,Regular
R010752,2024-08-14,Riverton,Regular
R010753,2024-01-13,Metroville,Occasional
R010754,2025-05-11,Metroville,Occasional
R010755,2025-10-04,Metroville,Regular
R010756,2025-10-22,Metroville,Regular
R010757,2025-09-17,Hillview,Occasional
R010758,2024-02-13,Riverton,Regular
R010759,2024-04-08,Riverton,Occasional
R010760,2025-09-29,Lakewood,Regular
R010761,2025-05-22,Lakewood,Occasional
R010762,2024-06-10,Riverton,Occasional
R010763,2024-10-10,Riverton,Occasional
R010764,2025-09-22,Lakewood,Occasional
R010765,2025-11-10,Lakewood,Frequent
R010766,2025-10-12,Metroville,Occasional
R010767,2024-12-03,Metroville,Occasional
R010768,2025-07-21,Metroville,Occasional
R010769,2024-02-02,Riverton,Regular
R010770,2025-11-07,Metroville,Frequent
R010771,2024-06-11,Riverton,Frequent
R010772,2025-12-04,Lakewood,Occasional
R010773,2024-01-12,Lakewood,Regular
R010774,2025-11-08,Riverton,Frequent
R010775,2025-01-20,Metroville,Occasional
R010776,2025-01-10,Hillview,Frequent
R010777,2025-05-10,Metroville,Frequent
R010778,2024-12-05,Riverton,Frequent
R010779,2025-11-27,Metroville,Frequent
R010780,2024-03-18,Lakewood,Occasional
R010781,2025-04-25,Lakewood,Regular
R010782,2024-06-07,Metroville,Occasional
R010783,2024-01-28,Metroville,Occasional
R010784,2025-04-22,Lakewood,Regular
R010785,2025-05-11,Hillview,Frequent
R010786,2024-04-03,Lakewood,Regular
R010787,2025-06-16,Metroville,Regular
R010788,2025-11-20,Metroville,Occasional
R010789,2025-05-24,Hillview,Regular
R010790,2024-06-15,Metroville,Occasional
R010791,2024-03-03,Riverton,Regular
R010792,2024-03-05,Metroville,Occasional
R010793,2025-03-28,Lakewood,Occasional
R010794,2024-06-21,Lakewood,Occasional
R010795,2024-09-28,Hillview,Occasional
R010796,2024-02-05,Lakewood,Regular
R010797,2024-11-18,Metroville,Occasional
R010798,2024-05-01,Riverton,Occasional
R010799,2024-11-09,Metroville,Occasional
R010800,2025-03-06,Hillview,Regular
R010801,2025-12-04,Metroville,Occasional
R010802,2024-07-30,Hillview,Occasional
R010803,2024-08-22,Riverton,Occasional
R010804,2025-08-09,Metroville,Frequent
R010805,2025-11-28,Hillview,Regular
R010806,2024-10-23,Hillview,Occasional
R010807,2024-09-10,Riverton,Regular
R010808,2025-06-06,Lakewood,Frequent
R010809,2025-07-04,Riverton,Regular
R010810,2025-06-02,Metroville,Regular
R010811,2025-04-13,Hillview,Occasional
R010812,2024-04-09,Metroville,Regular
R010813,2024-07-10,Riverton,Occasional
R010814,2024-02-11,Riverton,Occasional
R010815,2024-10-12,Hillview,Frequent
R010816,2025-09-08,Hillview,Regular
R010817,2024-06-12,Riverton,Occasional
R010818,2025-05-28,Riverton,Regular
R010819,2024-11-04,Lakewood,Frequent
R010820,2024-05-08,Metroville,Regular
R010821,2024-06-12,Hillview,Regular
R010822,2025-05-12,Lakewood,Regular
R010823,2025-08-01,Riverton,Regular
R010824,2024-08-29,Lakewood,Frequent
R010825,2025-11-02,Lakewood,Occasional
R010826,2024-02-11,Lakewood,Regular
R010827,2025-02-24,Hillview,Regular
R010828,2024-06-16,Metroville,Occasional
R010829,2025-10-14,Lakewood,Occasional
R010830,2025-07-07,Metroville,Frequent
R010831,2024-02-12,Lakewood,Occasional
R010832,2024-10-13,Lakewood,Occasional
R010833,2025-06-29,Metroville,Occasional
R010834,2025-02-02,Riverton,Regular
R010835,2024-12-24,Hillview,Occasional
R010836,2024-04-09,Riverton,Occasional
R010837,2025-02-21,Riverton,Regular
R010838,2024-03-08,Metroville,Frequent
R010839,2024-08-21,Riverton,Occasional
R010840,2024-06-24,Riverton,Occasional
R010841,2025-04-25,Riverton,Regular
R010842,2024-12-11,Riverton,Frequent
R010843,2024-11-07,Riverton,Regular
R010844,2025-09-11,Riverton,Occasional
R010845,2024-10-12,Hillview,Occasional
R010846,2025-07-12,Lakewood,Occasional
R010847,2025-10-12,Metroville,Occasional
R010848,2024-04-27,Riverton,Occasional
R010849,2025-06-29,Riverton,Regular
R010850,2024-02-22,Riverton,Frequent
R010851,2025-04-14,Metroville,Frequent
R010852,2024-06-14,Metroville,Occasional
R010853,2024-07-06,Riverton,Occasional
R010854,2025-09-15,Metroville,Regular
R010855,2024-05-16,Lakewood,Regular
R010856,2025-01-12,Lakewood,Regular
R010857,2025-07-25,Metroville,Frequent
R010858,2025-08-13,Lakewood,Occasional
R010859,2024-05-29,Metroville,Occasional
R010860,2024-09-27,Metroville,Regular
R010861,2025-02-15,Hillview,Regular
R010862,2025-03-08,Lakewood,Occasional
R010863,2024-04-29,Hillview,Occasional
R010864,2025-03-11,Lakewood,Frequent
R010865,2024-01-02,Riverton,Regular
R010866,2025-04-03,Metroville,Regular
R010867,2025-06-22,Metroville,Occasional
R010868,2024-12-10,Metroville,Frequent
R010869,2024-06-28,Metroville,Regular
R010870,2024-06-24,Hillview,Occasional
R010871,2025-05-20,Lakewood,Occasional
R010872,2024-11-09,Lakewood,Occasional
R010873,2025-11-10,Lakewood,Occasional
R010874,2025-12-14,Metroville,Occasional
R010875,2024-11-13,Hillview,Occasional
R010876,2024-07-18,Riverton,Regular
R010877,2025-08-17,Metroville,Regular
R010878,2025-06-14,Lakewood,Occasional
R010879,2024-04-30,Metroville,Occasional
R010880,2025-11-22,Riverton,Frequent
R010881,2024-05-26,Lakewood,Occasional
R010882,2025-02-18,Hillview,Occasional
R010883,2024-05-16,Hillview,Regular
R010884,2024-12-24,Metroville,Frequent
R010885,2025-04-02,Metroville,Regular
R010886,2024-03-29,Hillview,Occasional
R010887,2024-07-08,Lakewood,Regular
R010888,2025-07-05,Lakewood,Occasional
R010889,2025-11-30,Lakewood,Regular
R010890,2025-10-29,Lakewood,Occasional
R010891,2025-07-04,Riverton,Occasional
R010892,2025-12-18,Hillview,Regular
R010893,2024-04-30,Riverton,Occasional
R010894,2024-05-27,Metroville,Regular
R010895,2024-10-23,Metroville,Occasional
R010896,2025-11-04,Hillview,Frequent
R010897,2025-08-07,Lakewood,Regular
R010898,2024-09-28,Lakewood,Occasional
R010899,2024-01-12,Metroville,Regular
R010900,2025-03-29,Hillview,Frequent
R010901,2024-08-14,Lakewood,Occasional
R010902,2024-06-12,Hillview,Regular
R010903,2024-06-05,Metroville,Regular
R010904,2024-06-30,Metroville,Regular
R010905,2024-08-21,Metroville,Regular
R010906,2025-03-29,Lakewood,Regular
R010907,2024-04-29,Hillview,Regular
R010908,2024-12-20,Lakewood,Occasional
R010909,2025-11-05,Hillview,Occasional
R010910,2025-12-06,Riverton,Regular
R010911,2025-08-30,Metroville,Regular
R010912,2024-07-12,Lakewood,Occasional
R010913,2024-04-17,Hillview,Occasional
R010914,2025-10-04,Riverton,Occasional
R010915,2024-10-22,Metroville,Occasional
R010916,2024-12-03,Hillview,Regular
R010917,2024-11-08,Lakewood,Frequent
R010918,2024-04-08,Hillview,Occasional
R010919,2025-06-12,Riverton,Regular
R010920,2024-06-24,Lakewood,Regular
R010921,2024-06-19,Lakewood,Regular
R010922,2025-07-07,Hillview,Occasional
R010923,2025-06-05,Hillview,Occasional
R010924,2025-08-28,Lakewood,Occasional
R010925,2025-05-31,Metroville,Occasional
R010926,2024-01-29,Metroville,Regular
R010927,2024-11-01,Metroville,Occasional
R010928,2024-10-27,Metroville,Regular
R010929,2024-08-23,Lakewood,Frequent
R010930,2024-12-27,Metroville,Occasional
R010931,2024-12-29,Lakewood,Frequent
R010932,2025-03-26,Hillview,Occasional
R010933,2025-12-03,Metroville,Regular
R010934,2025-04-21,Riverton,Regular
R010935,2025-11-13,Metroville,Regular
R010936,2025-08-30,Riverton,Regular
R010937,2025-06-21,Hillview,Regular
R010938,2024-07-19,Metroville,Occasional
R010939,2025-02-27,Riverton,Regular
R010940,2024-03-22,Metroville,Occasional
R010941,2025-11-07,Lakewood,Frequent
R010942,2024-05-16,Metroville,Frequent
R010943,2024-06-23,Lakewood,Occasional
R010944,2025-11-16,Metroville,Regular
R010945,2024-03-30,Riverton,Occasional
R010946,2025-02-04,Metroville,Regular
R010947,2025-02-24,Hillview,Occasional
R010948,2024-06-09,Metroville,Regular
R010949,2024-10-12,Metroville,Occasional
R010950,2025-07-29,Lakewood,Regular
R010951,2025-06-04,Riverton,Occasional
R010952,2025-03-05,Hillview,Regular
R010953,2025-02-02,Riverton,Occasional
R010954,2024-09-25,Lakewood,Frequent
R010955,2025-04-01,Hillview,Regular
R010956,2024-01-14,Metroville,Occasional
R010957,2024-02-21,Hillview,Occasional
R010958,2025-07-26,Lakewood,Occasional
R010959,2024-05-07,Metroville,Regular
R010960,2025-06-09,Lakewood,Occasional
R010961,2024-01-12,Lakewood,Regular
R010962,2024-07-10,Lakewood,Regular
R010963,2025-11-17,Metroville,Occasional
R010964,2024-07-13,Lakewood,Occasional
R010965,2025-12-20,Lakewood,Frequent
R010966,2024-07-17,Riverton,Regular
R010967,2025-04-10,Hillview,Regular
R010968,2025-05-05,Hillview,Regular
R010969,2025-04-08,Lakewood,Occasional
R010970,2024-08-03,Lakewood,Frequent
R010971,2025-07-09,Riverton,Regular
R010972,2024-08-15,Hillview,Occasional
R010973,2025-08-19,Riverton,Regular
R010974,2024-10-02,Riverton,Frequent
R010975,2025-09-04,Lakewood,Regular
R010976,2025-12-18,Hillview,Regular
R010977,2025-07-06,Riverton,Occasional
R010978,2024-12-02,Metroville,Occasional
R010979,2024-11-05,Lakewood,Frequent
R010980,2024-10-03,Metroville,Regular
R010981,2024-09-14,Metroville,Frequent
R010982,2024-12-10,Riverton,Frequent
R010983,2024-12-21,Riverton,Occasional
R010984,2025-06-10,Hillview,Regular
R010985,2025-10-13,Hillview,Regular
R010986,2025-10-08,Lakewood,Occasional
R010987,2025-03-18,Metroville,Regular
R010988,2025-12-26,Metroville,Frequent
R010989,2025-10-16,Hillview,Frequent
R010990,2024-12-21,Lakewood,Regular
R010991,2024-10-28,Metroville,Occasional
R010992,2024-12-02,Riverton,Frequent
R010993,2024-01-18,Metroville,Frequent
R010994,2024-08-29,Riverton,Regular
R010995,2024-10-07,Hillview,Regular
R010996,2025-07-24,Riverton,Occasional
R010997,2024-07-11,Lakewood,Occasional
R010998,2025-04-24,Metroville,Occasional
R010999,2024-08-23,Metroville,Occasional
R011000,2024-09-22,Metroville,Occasional
R011001,2024-02-20,Lakewood,Regular
R011002,2025-01-14,Metroville,Occasional
R011003,2024-03-12,Lakewood,Frequent
R011004,2024-05-30,Lakewood,Occasional
R011005,2025-01-02,Lakewood,Occasional
R011006,2025-05-23,Metroville,Occasional
R011007,2024-10-22,Lakewood,Regular
R011008,2024-07-03,Riverton,Occasional
R011009,2025-10-18,Metroville,Occasional
R011010,2024-09-12,Lakewood,Regular
R011011,2024-08-22,Riverton,Regular
R011012,2024-02-19,Riverton,Occasional
R011013,2024-09-14,Hillview,Frequent
R011014,2024-06-09,Riverton,Regular
R011015,2024-09-16,Riverton,Regular
R011016,2024-05-22,Hillview,Frequent
R011017,2024-05-23,Hillview,Regular
R011018,2025-06-22,Hillview,Regular
R011019,2024-12-13,Riverton,Frequent
R011020,2025-05-23,Hillview,Regular
R011021,2025-02-26,Metroville,Occasional
R011022,2025-01-28,Hillview,Occasional
R011023,2024-12-07,Metroville,Occasional
R011024,2024-10-10,Metroville,Occasional
R011025,2024-07-10,Metroville,Occasional
R011026,2025-10-13,Riverton,Regular
R011027,2024-10-26,Lakewood,Occasional
R011028,2025-10-09,Riverton,Occasional
R011029,2025-07-16,Lakewood,Occasional
R011030,2025-03-17,Lakewood,Occasional
R011031,2025-09-08,Hillview,Frequent
R011032,2025-04-26,Lakewood,Occasional
R011033,2025-08-20,Riverton,Frequent
R011034,2025-08-06,Hillview,Frequent
R011035,2025-04-17,Metroville,Occasional
R011036,2025-06-13,Lakewood,Occasional
R011037,2025-08-21,Metroville,Frequent
R011038,2024-06-13,Lakewood,Occasional
R011039,2025-10-03,Riverton,Occasional
R011040,2025-01-03,Metroville,Frequent
R011041,2024-03-30,Metroville,Regular
R011042,2024-04-21,Riverton,Occasional
R011043,2025-07-03,Riverton,Occasional
R011044,2025-08-15,Lakewood,Regular
R011045,2025-04-23,Lakewood,Occasional
R011046,2025-04-23,Metroville,Regular
R011047,2025-09-25,Metroville,Regular
R011048,2025-12-17,Lakewood,Frequent
R011049,2025-08-31,Riverton,Regular
R011050,2024-04-09,Hillview,Frequent
R011051,2025-08-10,Lakewood,Frequent
R011052,2025-01-08,Metroville,Occasional
R011053,2025-08-07,Metroville,Regular
R011054,2025-06-13,Riverton,Frequent
R011055,2025-05-11,Riverton,Occasional
R011056,2025-09-26,Riverton,Occasional
R011057,2024-04-20,Lakewood,Regular
R011058,2025-09-16,Metroville,Occasional
R011059,2024-09-11,Hillview,Occasional
R011060,2024-05-27,Metroville,Occasional
R011061,2025-06-11,Metroville,Occasional
R011062,2025-12-20,Lakewood,Frequent
R011063,2024-03-05,Riverton,Regular
R011064,2025-12-19,Lakewood,Occasional
R011065,2024-09-07,Riverton,Occasional
R011066,2025-12-10,Lakewood,Regular
R011067,2024-02-06,Riverton,Occasional
R011068,2025-03-25,Riverton,Occasional
R011069,2025-01-26,Riverton,Occasional
R011070,2025-08-31,Metroville,Regular
R011071,2024-12-11,Lakewood,Frequent
R011072,2024-02-25,Riverton,Regular
R011073,2024-05-14,Metroville,Occasional
R011074,2024-07-05,Metroville,Occasional
R011075,2025-09-29,Hillview,Occasional
R011076,2024-03-08,Hillview,Occasional
R011077,2025-09-06,Hillview,Regular
R011078,2025-01-05,Lakewood,Frequent
R011079,2025-02-17,Metroville,Occasional
R011080,2025-12-07,Metroville,Occasional
R011081,2025-07-15,Riverton,Regular
R011082,2025-04-20,Riverton,Occasional
R011083,2025-08-26,Lakewood,Occasional
R011084,2024-12-03,Lakewood,Occasional
R011085,2025-11-12,Hillview,Regular
R011086,2025-08-03,Metroville,Regular
R011087,2025-12-16,Metroville,Regular
R011088,2025-02-06,Hillview,Frequent
R011089,2025-04-15,Lakewood,Occasional
R011090,2024-11-30,Riverton,Regular
R011091,2025-11-08,Hillview,Regular
R011092,2025-04-05,Riverton,Occasional
R011093,2024-04-26,Lakewood,Regular
R011094,2025-01-09,Riverton,Occasional
R011095,2024-04-07,Riverton,Regular
R011096,2025-04-14,Hillview,Occasional
R011097,2025-05-26,Metroville,Occasional
R011098,2025-08-10,Riverton,Occasional
R011099,2024-04-22,Hillview,Regular
R011100,2024-12-04,Lakewood,Occasional
R011101,2024-09-16,Riverton,Regular
R011102,2024-10-30,Metroville,Regular
R011103,2025-11-18,Metroville,Regular
R011104,2025-02-12,Metroville,Occasional
R011105,2024-11-20,Lakewood,Frequent
R011106,2025-10-24,Metroville,Regular
R011107,2025-01-24,Lakewood,Regular
R011108,2024-11-05,Lakewood,Frequent
R011109,2025-01-30,Metroville,Regular
R011110,2025-09-12,Metroville,Frequent
R011111,2024-11-27,Riverton,Occasional
R011112,2025-03-27,Lakewood,Frequent
R011113,2024-05-10,Riverton,Frequent
R011114,2024-01-10,Riverton,Occasional
R011115,2024-02-19,Riverton,Regular
R011116,2024-12-14,Riverton,Frequent
R011117,2025-06-09,Riverton,Occasional
R011118,2024-06-03,Lakewood,Regular
R011119,2025-11-21,Lakewood,Occasional
R011120,2024-04-20,Metroville,Occasional
R011121,2025-05-24,Hillview,Regular
R011122,2024-06-20,Hillview,Occasional
R011123,2024-02-13,Riverton,Regular
R011124,2025-06-05,Riverton,Regular
R011125,2025-01-14,Lakewood,Frequent
R011126,2025-04-04,Metroville,Occasional
R011127,2025-11-20,Metroville,Regular
R011128,2025-01-27,Metroville,Regular
R011129,2025-09-07,Riverton,Frequent
R011130,2024-12-28,Riverton,Frequent
R011131,2024-09-12,Lakewood,Occasional
R011132,2024-10-11,Metroville,Frequent
R011133,2024-09-09,Hillview,Regular
R011134,2025-10-10,Riverton,Occasional
R011135,2025-01-09,Riverton,Occasional
R011136,2025-11-13,Lakewood,Occasional
R011137,2024-07-02,Lakewood,Regular
R011138,2025-07-13,Lakewood,Regular
R011139,2024-03-25,Metroville,Occasional
R011140,2024-07-29,Lakewood,Frequent
R011141,2024-01-25,Lakewood,Regular
R011142,2025-10-30,Riverton,Frequent
R011143,2024-08-06,Lakewood,Occasional
R011144,2025-08-22,Metroville,Occasional
R011145,2024-11-07,Lakewood,Frequent
R011146,2024-03-31,Lakewood,Regular
R011147,2024-09-08,Riverton,Occasional
R011148,2024-09-07,Hillview,Occasional
R011149,2025-01-07,Metroville,Occasional
R011150,2024-08-27,Lakewood,Regular
R011151,2025-05-09,Lakewood,Occasional
R011152,2025-06-18,Riverton,Occasional
R011153,2024-04-23,Hillview,Frequent
R011154,2025-01-18,Lakewood,Occasional
R011155,2025-02-27,Hillview,Regular
R011156,2024-07-14,Metroville,Occasional
R011157,2025-07-18,Hillview,Occasional
R011158,2024-06-17,Riverton,Occasional
R011159,2025-09-29,Metroville,Occasional
R011160,2024-11-30,Riverton,Regular
R011161,2024-09-24,Lakewood,Occasional
R011162,2025-05-02,Hillview,Regular
R011163,2025-03-29,Metroville,Occasional
R011164,2025-01-07,Riverton,Frequent
R011165,2025-05-17,Lakewood,Regular
R011166,2024-07-10,Metroville,Occasional
R011167,2025-08-15,Riverton,Frequent
R011168,2025-03-29,Riverton,Occasional
R011169,2024-06-04,Lakewood,Occasional
R011170,2026-01-01,Hillview,Regular
R011171,2025-09-25,Hillview,Occasional
R011172,2024-05-09,Riverton,Occasional
R011173,2025-07-28,Metroville,Occasional
R011174,2025-01-21,Hillview,Regular
R011175,2025-07-17,Metroville,Regular
R011176,2024-10-01,Lakewood,Occasional
R011177,2024-06-27,Hillview,Occasional
R011178,2024-06-08,Metroville,Occasional
R011179,2024-02-18,Metroville,Occasional
R011180,2025-10-02,Hillview,Occasional
R011181,2024-08-16,Metroville,Regular
R011182,2025-12-02,Metroville,Occasional
R011183,2024-06-14,Metroville,Occasional
R011184,2024-09-13,Riverton,Frequent
R011185,2025-10-05,Lakewood,Occasional
R011186,2024-09-11,Lakewood,Regular
R011187,2025-07-09,Hillview,Occasional
R011188,2024-03-08,Riverton,Regular
R011189,2025-11-29,Riverton,Regular
R011190,2025-03-28,Metroville,Regular
R011191,2025-07-03,Hillview,Occasional
R011192,2024-01-20,Metroville,Occasional
R011193,2025-12-07,Hillview,Occasional
R011194,2024-12-29,Metroville,Regular
R011195,2024-06-04,Hillview,Frequent
R011196,2024-04-21,Hillview,Occasional
R011197,2024-03-04,Metroville,Occasional
R011198,2025-05-07,Metroville,Occasional
R011199,2024-06-04,Metroville,Occasional
R011200,2025-11-10,Metroville,Regular
R011201,2024-06-15,Lakewood,Occasional
R011202,2024-03-05,Metroville,Regular
R011203,2025-09-16,Metroville,Occasional
R011204,2025-07-23,Lakewood,Regular
R011205,2025-01-14,Metroville,Regular
R011206,2025-08-30,Riverton,Frequent
R011207,2025-06-15,Metroville,Regular
R011208,2024-05-08,Metroville,Regular
R011209,2024-10-31,Metroville,Regular
R011210,2025-11-06,Metroville,Occasional
R011211,2025-05-11,Metroville,Occasional
R011212,2025-03-30,Metroville,Frequent
R011213,2024-05-09,Metroville,Frequent
R011214,2025-01-26,Lakewood,Frequent
R011215,2024-05-01,Lakewood,Regular
R011216,2025-05-06,Riverton,Occasional
R011217,2024-06-11,Hillview,Frequent
R011218,2024-07-29,Riverton,Regular
R011219,2025-02-23,Metroville,Occasional
R011220,2024-01-19,Lakewood,Occasional
R011221,2025-05-27,Riverton,Regular
R011222,2024-11-19,Lakewood,Regular
R011223,2025-01-09,Metroville,Occasional
R011224,2025-06-28,Riverton,Frequent
R011225,2025-07-17,Metroville,Occasional
R011226,2025-11-03,Metroville,Occasional
R011227,2024-05-11,Riverton,Occasional
R011228,2024-11-10,Hillview,Regular
R011229,2024-03-10,Hillview,Regular
R011230,2024-07-11,Hillview,Regular
R011231,2025-02-07,Lakewood,Occasional
R011232,2024-04-06,Lakewood,Regular
R011233,2024-11-22,Metroville,Regular
R011234,2025-11-15,Lakewood,Frequent
R011235,2024-02-21,Riverton,Frequent
R011236,2024-06-18,Metroville,Frequent
R011237,2024-07-25,Metroville,Frequent
R011238,2025-10-28,Hillview,Occasional
R011239,2025-06-21,Metroville,Regular
R011240,2024-05-14,Metroville,Frequent
R011241,2025-05-27,Hillview,Frequent
R011242,2024-01-14,Metroville,Frequent
R011243,2025-08-07,Hillview,Occasional
R011244,2024-06-13,Metroville,Occasional
R011245,2025-06-05,Metroville,Occasional
R011246,2024-12-26,Metroville,Occasional
R011247,2025-06-20,Metroville,Regular
R011248,2024-09-12,Lakewood,Frequent
R011249,2025-01-23,Riverton,Regular
R011250,2025-10-26,Lakewood,Regular
R011251,2025-08-10,Lakewood,Frequent
R011252,2025-02-03,Metroville,Regular
R011253,2025-11-06,Riverton,Occasional
R011254,2024-03-27,Metroville,Regular
R011255,2025-05-27,Metroville,Occasional
R011256,2025-04-02,Hillview,Occasional
R011257,2024-07-06,Hillview,Occasional
R011258,2024-10-11,Metroville,Frequent
R011259,2024-10-24,Metroville,Occasional
R011260,2025-05-11,Lakewood,Frequent
R011261,2025-04-02,Lakewood,Occasional
R011262,2025-07-29,Hillview,Regular
R011263,2025-04-26,Lakewood,Frequent
R011264,2025-12-22,Metroville,Occasional
R011265,2025-08-30,Lakewood,Regular
R011266,2025-02-26,Metroville,Frequent
R011267,2024-01-14,Lakewood,Occasional
R011268,2024-09-25,Lakewood,Occasional
R011269,2024-04-03,Hillview,Regular
R011270,2024-11-13,Metroville,Occasional
R011271,2025-12-28,Riverton,Occasional
R011272,2024-10-21,Metroville,Regular
R011273,2025-08-21,Hillview,Frequent
R011274,2024-11-25,Metroville,Occasional
R011275,2025-02-26,Metroville,Occasional
R011276,2024-01-23,Metroville,Regular
R011277,2025-05-18,Riverton,Regular
R011278,2024-06-30,Metroville,Regular
R011279,2024-12-02,Riverton,Frequent
R011280,2025-12-24,Metroville,Occasional
R011281,2024-06-12,Riverton,Regular
R011282,2025-11-10,Hillview,Occasional
R011283,2025-08-29,Metroville,Occasional
R011284,2024-02-05,Riverton,Regular
R011285,2024-09-27,Lakewood,Occasional
R011286,2025-12-18,Lakewood,Occasional
R011287,2024-11-28,Metroville,Occasional
R011288,2025-08-02,Metroville,Occasional
R011289,2025-11-03,Riverton,Occasional
R011290,2024-01-03,Metroville,Occasional
R011291,2025-06-19,Metroville,Occasional
R011292,2025-10-30,Metroville,Regular
R011293,2025-02-26,Riverton,Regular
R011294,2025-12-03,Hillview,Occasional
R011295,2025-05-26,Hillview,Regular
R011296,2025-04-05,Riverton,Frequent
R011297,2024-03-31,Hillview,Regular
R011298,2025-07-31,Riverton,Occasional
R011299,2025-09-18,Lakewood,Regular
R011300,2024-08-31,Lakewood,Occasional
R011301,2024-04-25,Hillview,Occasional
R011302,2025-02-22,Metroville,Frequent
R011303,2025-11-18,Lakewood,Occasional
R011304,2025-06-19,Riverton,Frequent
R011305,2025-08-16,Metroville,Occasional
R011306,2025-02-14,Hillview,Regular
R011307,2024-11-01,Hillview,Regular
R011308,2024-08-10,Lakewood,Regular
R011309,2025-08-14,Hillview,Regular
R011310,2025-04-20,Metroville,Occasional
R011311,2025-07-01,Hillview,Occasional
R011312,2025-09-05,Metroville,Regular
R011313,2025-12-17,Metroville,Regular
R011314,2025-09-03,Lakewood,Regular
R011315,2024-11-22,Riverton,Frequent
R011316,2024-04-06,Riverton,Occasional
R011317,2025-02-13,Lakewood,Frequent
R011318,2024-11-22,Riverton,Occasional
R011319,2025-11-15,Riverton,Frequent
R011320,2024-01-29,Hillview,Regular
R011321,2025-09-18,Metroville,Regular
R011322,2025-04-08,Hillview,Frequent
R011323,2024-02-21,Hillview,Frequent
R011324,2024-06-26,Hillview,Occasional
R011325,2024-02-15,Lakewood,Regular
R011326,2025-11-12,Hillview,Regular
R011327,2025-04-17,Metroville,Occasional
R011328,2025-03-28,Metroville,Regular
R011329,2025-01-15,Lakewood,Occasional
R011330,2024-10-20,Hillview,Regular
R011331,2024-05-05,Hillview,Regular
R011332,2025-06-19,Lakewood,Frequent
R011333,2024-04-06,Riverton,Regular
R011334,2024-05-31,Lakewood,Occasional
R011335,2025-12-16,Metroville,Occasional
R011336,2024-03-07,Riverton,Regular
R011337,2025-11-27,Metroville,Frequent
R011338,2024-03-04,Riverton,Occasional
R011339,2024-12-22,Metroville,Occasional
R011340,2025-03-02,Metroville,Regular
R011341,2024-03-24,Riverton,Occasional
R011342,2025-10-12,Lakewood,Occasional
R011343,2025-12-01,Hillview,Occasional
R011344,2024-06-12,Riverton,Regular
R011345,2024-06-11,Metroville,Occasional
R011346,2025-07-10,Riverton,Regular
R011347,2024-09-29,Metroville,Regular
R011348,2024-01-28,Riverton,Occasional
R011349,2025-07-03,Lakewood,Regular
R011350,2024-09-15,Metroville,Occasional
R011351,2024-10-25,Lakewood,Frequent
R011352,2025-04-23,Hillview,Frequent
R011353,2025-02-26,Metroville,Regular
R011354,2025-08-27,Hillview,Occasional
R011355,2025-08-07,Lakewood,Frequent
R011356,2025-11-21,Metroville,Occasional
R011357,2025-11-03,Riverton,Regular
R011358,2025-04-08,Riverton,Frequent
R011359,2025-02-11,Lakewood,Regular
R011360,2024-12-04,Metroville,Occasional
R011361,2025-05-01,Riverton,Occasional
R011362,2024-02-14,Riverton,Regular
R011363,2024-10-21,Riverton,Occasional
R011364,2024-07-20,Riverton,Occasional
R011365,2025-02-11,Lakewood,Occasional
R011366,2025-11-06,Lakewood,Regular
R011367,2024-12-18,Riverton,Frequent
R011368,2025-03-02,Metroville,Occasional
R011369,2024-10-21,Riverton,Regular
R011370,2024-09-07,Metroville,Regular
R011371,2025-05-13,Hillview,Regular
R011372,2024-07-01,Metroville,Regular
R011373,2025-10-05,Riverton,Regular
R011374,2024-03-24,Metroville,Frequent
R011375,2024-06-11,Hillview,Occasional
R011376,2025-07-04,Riverton,Occasional
R011377,2024-03-01,Lakewood,Frequent
R011378,2024-10-28,Metroville,Occasional
R011379,2024-10-03,Riverton,Frequent
R011380,2025-11-16,Lakewood,Regular
R011381,2024-04-26,Riverton,Occasional
R011382,2024-11-28,Riverton,Occasional
R011383,2024-12-02,Riverton,Occasional
R011384,2025-08-22,Metroville,Frequent
R011385,2025-01-30,Metroville,Regular
R011386,2024-04-05,Lakewood,Occasional
R011387,2025-09-29,Lakewood,Regular
R011388,2024-04-20,Riverton,Regular
R011389,2025-05-23,Lakewood,Regular
R011390,2024-07-18,Lakewood,Occasional
R011391,2024-03-30,Lakewood,Frequent
R011392,2024-05-19,Lakewood,Occasional
R011393,2025-11-22,Hillview,Frequent
R011394,2025-12-15,Metroville,Regular
R011395,2025-03-15,Metroville,Frequent
R011396,2025-08-14,Metroville,Frequent
R011397,2025-10-22,Metroville,Occasional
R011398,2024-09-12,Riverton,Occasional
R011399,2025-07-08,Hillview,Regular
R011400,2025-01-15,Riverton,Occasional
R011401,2024-05-06,Hillview,Regular
R011402,2025-01-25,Metroville,Occasional
R011403,2024-02-03,Metroville,Frequent
R011404,2025-03-20,Metroville,Occasional
R011405,2024-07-09,Riverton,Occasional
R011406,2024-03-16,Lakewood,Regular
R011407,2025-05-31,Metroville,Occasional
R011408,2024-09-12,Metroville,Frequent
R011409,2024-11-23,Hillview,Occasional
R011410,2024-03-03,Metroville,Regular
R011411,2024-02-28,Metroville,Occasional
R011412,2025-11-03,Lakewood,Frequent
R011413,2025-03-15,Lakewood,Frequent
R011414,2024-10-22,Riverton,Frequent
R011415,2025-05-02,Riverton,Occasional
R011416,2025-06-16,Riverton,Occasional
R011417,2024-03-24,Hillview,Occasional
R011418,2025-11-05,Lakewood,Frequent
R011419,2025-04-24,Hillview,Frequent
R011420,2024-08-14,Riverton,Occasional
R011421,2024-07-15,Hillview,Regular
R011422,2024-03-05,Lakewood,Regular
R011423,2024-07-06,Metroville,Regular
R011424,2024-09-03,Riverton,Regular
R011425,2024-06-04,Hillview,Regular
R011426,2025-05-06,Hillview,Regular
R011427,2024-07-03,Metroville,Occasional
R011428,2024-12-31,Lakewood,Occasional
R011429,2025-02-12,Hillview,Occasional
R011430,2024-02-24,Lakewood,Occasional
R011431,2024-05-03,Lakewood,Regular
R011432,2024-02-21,Hillview,Regular
R011433,2025-05-20,Lakewood,Occasional
R011434,2025-05-27,Metroville,Occasional
R011435,2024-04-04,Metroville,Frequent
R011436,2025-06-23,Lakewood,Frequent
R011437,2025-08-16,Lakewood,Regular
R011438,2024-03-21,Hillview,Occasional
R011439,2024-03-26,Riverton,Regular
R011440,2025-08-04,Metroville,Occasional
R011441,2024-08-13,Riverton,Frequent
R011442,2024-09-09,Metroville,Regular
R011443,2025-03-06,Metroville,Occasional
R011444,2024-02-19,Lakewood,Occasional
R011445,2024-11-16,Lakewood,Regular
R011446,2024-09-01,Metroville,Occasional
R011447,2025-08-25,Lakewood,Regular
R011448,2025-06-18,Hillview,Occasional
R011449,2024-07-28,Riverton,Frequent
R011450,2025-04-25,Metroville,Regular
R011451,2024-10-21,Hillview,Occasional
R011452,2024-12-18,Metroville,Regular
R011453,2025-06-22,Metroville,Regular
R011454,2024-07-23,Metroville,Occasional
R011455,2025-02-27,Metroville,Regular
R011456,2024-11-01,Metroville,Occasional
R011457,2025-04-20,Metroville,Occasional
R011458,2024-10-06,Lakewood,Frequent
R011459,2025-11-15,Metroville,Occasional
R011460,2024-10-12,Metroville,Regular
R011461,2024-03-21,Riverton,Frequent
R011462,2024-12-24,Lakewood,Occasional
R011463,2024-06-23,Riverton,Occasional
R011464,2024-11-29,Metroville,Regular
R011465,2025-11-04,Riverton,Regular
R011466,2024-03-16,Hillview,Frequent
R011467,2024-02-01,Metroville,Regular
R011468,2024-07-31,Riverton,Frequent
R011469,2024-11-15,Riverton,Occasional
R011470,2024-04-04,Lakewood,Regular
R011471,2025-05-24,Metroville,Frequent
R011472,2025-03-16,Metroville,Occasional
R011473,2025-05-28,Riverton,Regular
R011474,2024-11-05,Lakewood,Occasional
R011475,2025-11-12,Hillview,Regular
R011476,2025-05-06,Metroville,Occasional
R011477,2025-11-04,Metroville,Regular
R011478,2024-03-05,Lakewood,Regular
R011479,2025-05-03,Lakewood,Regular
R011480,2024-09-09,Riverton,Occasional
R011481,2024-05-21,Metroville,Occasional
R011482,2024-05-12,Lakewood,Regular
R011483,2024-05-23,Riverton,Regular
R011484,2024-03-08,Hillview,Frequent
R011485,2024-11-28,Hillview,Occasional
R011486,2025-07-20,Lakewood,Frequent
R011487,2024-12-05,Hillview,Frequent
R011488,2024-04-05,Lakewood,Occasional
R011489,2025-06-01,Metroville,Regular
R011490,2024-05-08,Hillview,Occasional
R011491,2025-09-28,Metroville,Regular
R011492,2024-09-25,Metroville,Frequent
R011493,2024-01-01,Metroville,Occasional
R011494,2024-08-02,Lakewood,Frequent
R011495,2025-09-01,Lakewood,Regular
R011496,2025-11-04,Riverton,Regular
R011497,2024-11-04,Metroville,Regular
R011498,2025-12-24,Metroville,Occasional
R011499,2024-06-18,Metroville,Occasional
R011500,2024-11-05,Metroville,Regular
R011501,2024-12-01,Metroville,Occasional
R011502,2024-05-27,Metroville,Regular
R011503,2024-10-07,Hillview,Occasional
R011504,2024-12-30,Riverton,Regular
R011505,2025-05-27,Lakewood,Regular
R011506,2024-12-28,Lakewood,Frequent
R011507,2024-03-16,Hillview,Regular
R011508,2024-12-07,Riverton,Occasional
R011509,2025-09-13,Hillview,Frequent
R011510,2024-01-15,Hillview,Frequent
R011511,2025-12-31,Metroville,Regular
R011512,2024-04-03,Metroville,Occasional
R011513,2024-01-07,Metroville,Regular
R011514,2024-04-13,Lakewood,Frequent
R011515,2024-07-02,Hillview,Occasional
R011516,2024-09-14,Metroville,Occasional
R011517,2025-08-30,Hillview,Frequent
R011518,2025-03-01,Riverton,Occasional
R011519,2025-04-12,Riverton,Regular
R011520,2025-10-04,Riverton,Frequent
R011521,2024-04-06,Lakewood,Occasional
R011522,2024-06-12,Riverton,Frequent
R011523,2025-12-09,Riverton,Frequent
R011524,2025-07-18,Lakewood,Regular
R011525,2024-02-13,Metroville,Regular
R011526,2024-06-14,Lakewood,Occasional
R011527,2024-09-30,Lakewood,Regular
R011528,2024-01-24,Hillview,Occasional
R011529,2025-03-02,Metroville,Occasional
R011530,2025-04-20,Metroville,Regular
R011531,2024-09-02,Lakewood,Frequent
R011532,2024-06-06,Riverton,Occasional
R011533,2024-11-07,Lakewood,Occasional
R011534,2025-11-04,Metroville,Occasional
R011535,2025-06-09,Riverton,Frequent
R011536,2025-11-14,Lakewood,Occasional
R011537,2025-02-08,Lakewood,Occasional
R011538,2024-03-17,Lakewood,Frequent
R011539,2024-02-13,Riverton,Occasional
R011540,2024-05-22,Metroville,Regular
R011541,2025-01-16,Metroville,Regular
R011542,2024-06-03,Riverton,Frequent
R011543,2024-08-20,Metroville,Occasional
R011544,2025-10-29,Metroville,Regular
R011545,2024-02-01,Lakewood,Occasional
R011546,2024-02-27,Riverton,Regular
R011547,2024-10-12,Riverton,Occasional
R011548,2025-07-03,Hillview,Occasional
R011549,2025-08-25,Metroville,Frequent
R011550,2024-07-29,Metroville,Regular
R011551,2024-07-31,Hillview,Regular
R011552,2025-03-02,Metroville,Occasional
R011553,2025-09-25,Riverton,Regular
R011554,2024-05-09,Metroville,Regular
R011555,2025-10-15,Lakewood,Regular
R011556,2025-08-13,Riverton,Regular
R011557,2024-07-14,Lakewood,Frequent
R011558,2025-05-06,Lakewood,Occasional
R011559,2025-04-05,Metroville,Frequent
R011560,2024-01-16,Metroville,Occasional
R011561,2024-10-21,Lakewood,Regular
R011562,2024-06-22,Hillview,Occasional
R011563,2024-02-19,Lakewood,Frequent
R011564,2024-12-07,Lakewood,Occasional
R011565,2025-05-29,Hillview,Occasional
R011566,2025-01-23,Lakewood,Frequent
R011567,2024-03-05,Lakewood,Occasional
R011568,2025-08-28,Metroville,Frequent
R011569,2024-02-21,Riverton,Frequent
R011570,2024-10-10,Metroville,Regular
R011571,2025-02-20,Metroville,Occasional
R011572,2025-11-09,Metroville,Occasional
R011573,2025-07-05,Metroville,Occasional
R011574,2024-05-21,Lakewood,Frequent
R011575,2024-11-09,Metroville,Occasional
R011576,2025-09-19,Lakewood,Occasional
R011577,2024-06-30,Lakewood,Occasional
R011578,2025-10-23,Metroville,Regular
R011579,2025-01-25,Metroville,Regular
R011580,2025-04-03,Metroville,Regular
R011581,2025-04-30,Riverton,Frequent
R011582,2025-12-09,Riverton,Occasional
R011583,2025-05-18,Metroville,Occasional
R011584,2024-10-27,Metroville,Regular
R011585,2025-03-07,Metroville,Occasional
R011586,2025-05-26,Hillview,Occasional
R011587,2025-03-13,Hillview,Regular
R011588,2024-01-08,Lakewood,Occasional
R011589,2025-10-22,Hillview,Frequent
R011590,2024-07-20,Metroville,Regular
R011591,2025-04-21,Riverton,Occasional
R011592,2025-02-18,Riverton,Occasional
R011593,2024-03-28,Lakewood,Occasional
R011594,2025-10-03,Riverton,Occasional
R011595,2024-03-01,Lakewood,Regular
R011596,2025-11-28,Hillview,Regular
R011597,2025-11-05,Metroville,Occasional
R011598,2025-02-28,Metroville,Occasional
R011599,2025-11-29,Lakewood,Regular
R011600,2025-09-18,Metroville,Occasional
R011601,2025-10-20,Metroville,Occasional
R011602,2025-08-08,Metroville,Occasional
R011603,2025-11-11,Lakewood,Frequent
R011604,2025-07-20,Riverton,Occasional
R011605,2025-10-06,Lakewood,Occasional
R011606,2024-03-22,Lakewood,Regular
R011607,2024-11-08,Metroville,Occasional
R011608,2024-12-16,Lakewood,Occasional
R011609,2025-10-27,Metroville,Frequent
R011610,2024-12-21,Metroville,Frequent
R011611,2024-11-17,Lakewood,Occasional
R011612,2025-07-30,Metroville,Occasional
R011613,2025-04-20,Metroville,Frequent
R011614,2025-03-05,Hillview,Occasional
R011615,2025-10-30,Riverton,Occasional
R011616,2025-08-23,Hillview,Occasional
R011617,2025-06-04,Riverton,Regular
R011618,2025-12-01,Metroville,Occasional
R011619,2024-02-05,Riverton,Regular
R011620,2025-02-10,Hillview,Frequent
R011621,2024-01-23,Hillview,Regular
R011622,2025-08-02,Lakewood,Frequent
R011623,2024-04-03,Metroville,Regular
R011624,2025-02-14,Riverton,Occasional
R011625,2025-07-26,Metroville,Frequent
R011626,2025-04-03,Metroville,Frequent
R011627,2024-02-12,Metroville,Occasional
R011628,2024-12-14,Metroville,Frequent
R011629,2025-07-24,Lakewood,Frequent
R011630,2025-12-03,Hillview,Occasional
R011631,2025-10-19,Riverton,Regular
R011632,2025-08-21,Riverton,Occasional
R011633,2024-08-12,Riverton,Occasional
R011634,2025-07-04,Metroville,Occasional
R011635,2024-05-02,Lakewood,Occasional
R011636,2024-08-29,Riverton,Frequent
R011637,2024-07-26,Metroville,Occasional
R011638,2024-12-21,Lakewood,Regular
R011639,2025-10-02,Riverton,Frequent
R011640,2025-09-23,Riverton,Regular
R011641,2025-10-15,Lakewood,Frequent
R011642,2025-11-16,Riverton,Occasional
R011643,2024-01-21,Riverton,Occasional
R011644,2025-12-31,Hillview,Regular
R011645,2025-10-04,Riverton,Regular
R011646,2025-06-21,Metroville,Regular
R011647,2024-02-28,Riverton,Occasional
R011648,2025-06-18,Hillview,Regular
R011649,2025-05-09,Lakewood,Occasional
R011650,2024-03-09,Riverton,Frequent
R011651,2024-05-27,Lakewood,Frequent
R011652,2025-07-04,Lakewood,Occasional
R011653,2024-05-02,Lakewood,Regular
R011654,2024-09-10,Lakewood,Occasional
R011655,2025-03-21,Metroville,Regular
R011656,2025-09-24,Riverton,Occasional
R011657,2024-07-27,Lakewood,Occasional
R011658,2024-01-09,Hillview,Occasional
R011659,2025-09-15,Metroville,Frequent
R011660,2025-11-14,Riverton,Occasional
R011661,2025-09-17,Metroville,Frequent
R011662,2024-12-20,Riverton,Occasional
R011663,2025-06-11,Hillview,Occasional
R011664,2024-04-03,Riverton,Occasional
R011665,2025-04-11,Lakewood,Occasional
R011666,2025-03-15,Metroville,Regular
R011667,2025-04-10,Hillview,Occasional
R011668,2025-05-21,Metroville,Regular
R011669,2025-10-13,Metroville,Frequent
R011670,2025-07-24,Metroville,Frequent
R011671,2024-01-27,Riverton,Occasional
R011672,2025-05-28,Hillview,Regular
R011673,2025-06-17,Riverton,Occasional
R011674,2025-02-09,Lakewood,Occasional
R011675,2025-04-01,Riverton,Frequent
R011676,2024-02-29,Hillview,Frequent
R011677,2024-07-10,Riverton,Frequent
R011678,2025-09-23,Lakewood,Regular
R011679,2024-01-02,Hillview,Frequent
R011680,2025-12-20,Hillview,Occasional
R011681,2024-06-11,Riverton,Occasional
R011682,2025-07-23,Lakewood,Regular
R011683,2024-06-09,Hillview,Regular
R011684,2024-01-26,Riverton,Occasional
R011685,2025-03-18,Metroville,Regular
R011686,2025-07-07,Hillview,Occasional
R011687,2024-03-03,Riverton,Regular
R011688,2024-07-16,Riverton,Regular
R011689,2024-08-10,Lakewood,Regular
R011690,2025-12-05,Metroville,Frequent
R011691,2024-08-15,Metroville,Frequent
R011692,2024-02-16,Metroville,Frequent
R011693,2025-12-22,Lakewood,Occasional
R011694,2024-03-08,Riverton,Regular
R011695,2024-12-22,Lakewood,Regular
R011696,2024-05-12,Lakewood,Regular
R011697,2024-07-03,Metroville,Regular
R011698,2025-07-05,Riverton,Occasional
R011699,2024-04-09,Riverton,Regular
R011700,2025-04-21,Lakewood,Regular
R011701,2025-02-18,Metroville,Occasional
R011702,2025-06-16,Metroville,Occasional
R011703,2024-04-27,Riverton,Frequent
R011704,2024-09-16,Riverton,Frequent
R011705,2024-01-03,Riverton,Occasional
R011706,2025-10-05,Hillview,Frequent
R011707,2025-12-24,Riverton,Frequent
R011708,2024-11-22,Lakewood,Occasional
R011709,2025-01-22,Metroville,Occasional
R011710,2024-04-08,Lakewood,Regular
R011711,2025-10-03,Metroville,Regular
R011712,2025-07-15,Metroville,Regular
R011713,2024-03-25,Metroville,Frequent
R011714,2025-01-22,Metroville,Occasional
R011715,2024-05-05,Metroville,Occasional
R011716,2025-03-10,Hillview,Regular
R011717,2025-04-25,Lakewood,Regular
R011718,2024-10-08,Lakewood,Occasional
R011719,2024-11-19,Metroville,Frequent
R011720,2025-06-04,Lakewood,Occasional
R011721,2024-04-24,Hillview,Occasional
R011722,2024-01-27,Metroville,Frequent
R011723,2024-10-31,Hillview,Frequent
R011724,2024-12-25,Hillview,Occasional
R011725,2024-07-28,Riverton,Occasional
R011726,2024-11-08,Lakewood,Occasional
R011727,2024-03-15,Metroville,Occasional
R011728,2025-06-30,Metroville,Occasional
R011729,2025-07-15,Riverton,Regular
R011730,2024-07-13,Hillview,Frequent
R011731,2025-04-22,Riverton,Occasional
R011732,2024-06-20,Metroville,Frequent
R011733,2024-10-16,Metroville,Occasional
R011734,2024-08-22,Lakewood,Occasional
R011735,2025-12-11,Hillview,Occasional
R011736,2024-12-17,Metroville,Regular
R011737,2025-04-08,Metroville,Occasional
R011738,2024-06-02,Lakewood,Regular
R011739,2025-11-09,Metroville,Occasional
R011740,2025-05-15,Metroville,Regular
R011741,2024-03-18,Metroville,Occasional
R011742,2024-08-30,Lakewood,Regular
R011743,2025-01-05,Metroville,Regular
R011744,2024-11-04,Metroville,Frequent
R011745,2025-08-09,Lakewood,Regular
R011746,2025-02-12,Riverton,Regular
R011747,2025-02-11,Riverton,Frequent
R011748,2024-10-02,Riverton,Frequent
R011749,2025-09-09,Lakewood,Frequent
R011750,2025-05-28,Riverton,Occasional
R011751,2025-05-31,Metroville,Regular
R011752,2025-04-25,Metroville,Regular
R011753,2025-05-01,Riverton,Frequent
R011754,2025-07-08,Metroville,Regular
R011755,2024-06-20,Metroville,Occasional
R011756,2025-01-17,Metroville,Occasional
R011757,2024-04-06,Hillview,Regular
R011758,2024-09-25,Hillview,Regular
R011759,2024-08-01,Metroville,Occasional
R011760,2024-05-27,Metroville,Frequent
R011761,2025-02-04,Metroville,Frequent
R011762,2024-11-15,Metroville,Regular
R011763,2024-11-28,Metroville,Occasional
R011764,2025-10-01,Metroville,Regular
R011765,2024-09-21,Riverton,Frequent
R011766,2024-03-29,Hillview,Regular
R011767,2025-08-02,Metroville,Regular
R011768,2024-06-06,Metroville,Occasional
R011769,2025-12-13,Riverton,Occasional
R011770,2025-05-01,Metroville,Regular
R011771,2024-07-06,Metroville,Frequent
R011772,2025-02-24,Metroville,Regular
R011773,2025-11-13,Lakewood,Occasional
R011774,2025-11-01,Metroville,Regular
R011775,2024-10-17,Metroville,Regular
R011776,2024-01-22,Riverton,Occasional
R011777,2024-02-28,Metroville,Occasional
R011778,2025-10-05,Hillview,Regular
R011779,2025-04-28,Lakewood,Frequent
R011780,2025-06-15,Metroville,Occasional
R011781,2025-06-12,Metroville,Occasional
R011782,2025-07-21,Hillview,Regular
R011783,2025-01-07,Metroville,Frequent
R011784,2024-10-04,Metroville,Occasional
R011785,2024-06-21,Metroville,Regular
R011786,2024-08-12,Hillview,Occasional
R011787,2025-07-03,Hillview,Regular
R011788,2024-01-11,Riverton,Occasional
R011789,2024-04-16,Metroville,Occasional
R011790,2025-07-30,Metroville,Occasional
R011791,2025-04-19,Metroville,Regular
R011792,2024-04-28,Metroville,Regular
R011793,2024-01-27,Hillview,Occasional
R011794,2024-06-14,Riverton,Regular
R011795,2024-03-27,Metroville,Occasional
R011796,2024-07-21,Riverton,Regular
R011797,2025-09-01,Metroville,Occasional
R011798,2025-09-28,Lakewood,Regular
R011799,2024-07-28,Metroville,Regular
R011800,2024-07-29,Lakewood,Occasional
R011801,2025-08-28,Metroville,Frequent
R011802,2024-11-07,Metroville,Occasional
R011803,2024-06-05,Hillview,Occasional
R011804,2025-07-01,Hillview,Occasional
R011805,2024-12-25,Lakewood,Occasional
R011806,2025-10-15,Riverton,Frequent
R011807,2025-10-04,Metroville,Occasional
R011808,2025-08-02,Lakewood,Occasional
R011809,2025-12-12,Metroville,Regular
R011810,2025-01-26,Metroville,Regular
R011811,2025-02-04,Lakewood,Frequent
R011812,2024-01-02,Riverton,Regular
R011813,2024-05-03,Riverton,Occasional
R011814,2024-04-25,Lakewood,Occasional
R011815,2025-11-05,Lakewood,Frequent
R011816,2024-07-04,Riverton,Regular
R011817,2025-03-31,Hillview,Occasional
R011818,2024-10-29,Metroville,Regular
R011819,2025-07-13,Lakewood,Occasional
R011820,2024-09-22,Hillview,Occasional
R011821,2025-11-17,Lakewood,Occasional
R011822,2025-01-11,Riverton,Frequent
R011823,2024-06-27,Lakewood,Occasional
R011824,2024-10-28,Hillview,Occasional
R011825,2024-09-24,Hillview,Frequent
R011826,2025-06-15,Lakewood,Occasional
R011827,2024-08-25,Metroville,Regular
R011828,2024-02-08,Lakewood,Frequent
R011829,2025-07-27,Metroville,Occasional
R011830,2025-12-29,Metroville,Regular
R011831,2024-07-02,Lakewood,Occasional
R011832,2025-09-09,Lakewood,Frequent
R011833,2024-01-29,Hillview,Occasional
R011834,2024-09-02,Metroville,Regular
R011835,2024-01-09,Metroville,Regular
R011836,2024-10-17,Riverton,Frequent
R011837,2025-03-22,Riverton,Occasional
R011838,2025-12-06,Metroville,Occasional
R011839,2025-09-07,Metroville,Regular
R011840,2025-11-16,Metroville,Occasional
R011841,2025-04-22,Hillview,Occasional
R011842,2024-10-14,Metroville,Occasional
R011843,2025-10-25,Lakewood,Regular
R011844,2024-02-13,Hillview,Occasional
R011845,2025-08-19,Metroville,Regular
R011846,2025-12-24,Hillview,Occasional
R011847,2024-01-17,Riverton,Regular
R011848,2025-04-23,Lakewood,Occasional
R011849,2025-10-03,Hillview,Regular
R011850,2025-05-22,Metroville,Occasional
R011851,2025-12-15,Hillview,Occasional
R011852,2024-07-20,Metroville,Regular
R011853,2025-04-12,Lakewood,Occasional
R011854,2025-08-22,Metroville,Occasional
R011855,2024-02-20,Lakewood,Occasional
R011856,2025-02-12,Metroville,Frequent
R011857,2025-12-03,Metroville,Regular
R011858,2024-12-10,Metroville,Regular
R011859,2025-08-20,Metroville,Occasional
R011860,2025-06-26,Metroville,Occasional
R011861,2024-07-16,Riverton,Occasional
R011862,2024-09-29,Riverton,Regular
R011863,2024-12-25,Riverton,Occasional
R011864,2024-11-10,Riverton,Occasional
R011865,2025-03-11,Metroville,Occasional
R011866,2025-04-22,Metroville,Regular
R011867,2024-10-29,Riverton,Occasional
R011868,2025-04-13,Lakewood,Occasional
R011869,2025-04-27,Riverton,Regular
R011870,2025-12-11,Metroville,Occasional
R011871,2025-08-20,Lakewood,Frequent
R011872,2025-02-16,Lakewood,Occasional
R011873,2024-05-09,Riverton,Regular
R011874,2024-08-22,Hillview,Regular
R011875,2024-08-30,Lakewood,Frequent
R011876,2024-07-29,Riverton,Frequent
R011877,2025-11-23,Riverton,Occasional
R011878,2025-01-25,Hillview,Regular
R011879,2025-12-25,Riverton,Occasional
R011880,2024-03-28,Metroville,Frequent
R011881,2025-06-05,Metroville,Regular
R011882,2025-03-06,Hillview,Occasional
R011883,2025-07-12,Lakewood,Occasional
R011884,2024-10-12,Lakewood,Frequent
R011885,2025-01-15,Riverton,Regular
R011886,2024-09-14,Metroville,Regular
R011887,2025-05-25,Riverton,Frequent
R011888,2024-05-20,Lakewood,Occasional
R011889,2025-04-28,Hillview,Occasional
R011890,2024-12-28,Riverton,Frequent
R011891,2025-08-06,Metroville,Regular
R011892,2024-01-28,Hillview,Regular
R011893,2024-05-13,Lakewood,Occasional
R011894,2025-03-20,Riverton,Occasional
R011895,2024-09-30,Metroville,Occasional
R011896,2024-07-28,Lakewood,Occasional
R011897,2025-11-13,Riverton,Occasional
R011898,2025-10-24,Riverton,Frequent
R011899,2024-03-08,Hillview,Frequent
R011900,2025-01-20,Riverton,Regular
R011901,2025-05-03,Metroville,Occasional
R011902,2025-07-25,Hillview,Regular
R011903,2024-05-28,Hillview,Occasional
R011904,2025-09-15,Hillview,Occasional
R011905,2025-04-24,Hillview,Occasional
R011906,2025-10-05,Riverton,Regular
R011907,2025-05-13,Riverton,Occasional
R011908,2025-09-29,Riverton,Regular
R011909,2024-01-22,Metroville,Regular
R011910,2024-06-14,Riverton,Occasional
R011911,2025-01-24,Metroville,Occasional
R011912,2024-08-10,Lakewood,Frequent
R011913,2024-05-24,Metroville,Regular
R011914,2025-06-02,Metroville,Occasional
R011915,2025-12-27,Riverton,Regular
R011916,2025-01-28,Lakewood,Occasional
R011917,2025-03-21,Lakewood,Regular
R011918,2025-03-22,Lakewood,Regular
R011919,2024-11-01,Riverton,Occasional
R011920,2025-05-11,Metroville,Regular
R011921,2025-08-13,Lakewood,Regular
R011922,2024-03-24,Metroville,Regular
R011923,2024-07-20,Hillview,Occasional
R011924,2024-05-03,Metroville,Occasional
R011925,2025-08-03,Hillview,Occasional
R011926,2025-04-11,Metroville,Regular
R011927,2025-05-06,Metroville,Occasional
R011928,2025-04-02,Hillview,Regular
R011929,2025-01-24,Riverton,Frequent
R011930,2025-08-21,Metroville,Frequent
R011931,2024-04-25,Lakewood,Frequent
R011932,2025-05-22,Metroville,Frequent
R011933,2025-09-02,Metroville,Regular
R011934,2024-06-01,Metroville,Occasional
R011935,2025-06-03,Metroville,Occasional
R011936,2024-02-21,Metroville,Occasional
R011937,2024-04-29,Lakewood,Occasional
R011938,2024-10-13,Hillview,Regular
R011939,2026-01-01,Lakewood,Regular
R011940,2024-09-28,Lakewood,Frequent
R011941,2024-11-09,Metroville,Occasional
R011942,2025-07-15,Hillview,Frequent
R011943,2025-08-07,Metroville,Frequent
R011944,2025-05-06,Metroville,Regular
R011945,2024-01-23,Hillview,Occasional
R011946,2025-09-30,Lakewood,Regular
R011947,2024-07-10,Metroville,Regular
R011948,2025-01-04,Riverton,Regular
R011949,2025-06-19,Metroville,Regular
R011950,2024-07-30,Metroville,Frequent
R011951,2025-05-16,Lakewood,Occasional
R011952,2025-01-04,Hillview,Occasional
R011953,2024-04-24,Hillview,Regular
R011954,2024-06-06,Riverton,Frequent
R011955,2025-07-12,Metroville,Occasional
R011956,2024-02-14,Lakewood,Occasional
R011957,2024-10-06,Hillview,Regular
R011958,2024-12-31,Riverton,Regular
R011959,2024-10-08,Metroville,Regular
R011960,2024-10-29,Hillview,Occasional
R011961,2025-12-12,Hillview,Regular
R011962,2024-01-24,Metroville,Occasional
R011963,2025-12-19,Riverton,Occasional
R011964,2025-06-11,Hillview,Regular
R011965,2025-11-02,Metroville,Occasional
R011966,2025-04-16,Hillview,Regular
R011967,2025-11-21,Metroville,Regular
R011968,2024-02-24,Lakewood,Frequent
R011969,2025-06-09,Hillview,Frequent
R011970,2025-06-03,Hillview,Occasional
R011971,2025-11-13,Metroville,Occasional
R011972,2024-03-01,Hillview,Occasional
R011973,2025-01-06,Riverton,Regular
R011974,2025-01-13,Hillview,Occasional
R011975,2024-03-10,Lakewood,Frequent
R011976,2025-03-31,Hillview,Regular
R011977,2024-12-17,Riverton,Frequent
R011978,2024-12-31,Riverton,Regular
R011979,2025-05-14,Lakewood,Frequent
R011980,2025-07-01,Lakewood,Frequent
R011981,2025-04-29,Metroville,Occasional
R011982,2024-10-09,Metroville,Regular
R011983,2025-12-06,Hillview,Frequent
R011984,2024-06-04,Lakewood,Frequent
R011985,2024-09-05,Lakewood,Frequent
R011986,2024-12-22,Metroville,Regular
R011987,2024-08-16,Riverton,Regular
R011988,2024-09-07,Lakewood,Regular
R011989,2025-11-09,Riverton,Occasional
R011990,2024-04-20,Metroville,Regular
R011991,2025-01-09,Metroville,Occasional
R011992,2024-12-10,Metroville,Occasional
R011993,2024-03-04,Metroville,Occasional
R011994,2024-05-27,Riverton,Regular
R011995,2024-07-18,Riverton,Occasional
R011996,2024-12-10,Lakewood,Frequent
R011997,2024-10-31,Riverton,Frequent
R011998,2025-03-09,Hillview,Regular
R011999,2024-10-02,Riverton,Regular
R012000,2025-07-26,Riverton,Frequent
R012001,2024-09-25,Lakewood,Occasional
R012002,2025-09-16,Lakewood,Regular
R012003,2026-01-01,Metroville,Regular
R012004,2025-05-04,Metroville,Regular
R012005,2024-03-15,Metroville,Frequent
R012006,2025-10-16,Lakewood,Occasional
R012007,2025-08-20,Metroville,Frequent
R012008,2025-02-12,Lakewood,Occasional
R012009,2024-09-05,Riverton,Regular
R012010,2025-06-04,Lakewood,Occasional
R012011,2025-03-26,Metroville,Occasional
R012012,2025-07-17,Lakewood,Regular
R012013,2025-04-17,Lakewood,Regular
R012014,2025-08-26,Metroville,Regular
R012015,2025-12-09,Lakewood,Frequent
R012016,2025-07-04,Metroville,Regular
R012017,2024-08-20,Lakewood,Occasional
R012018,2025-10-22,Riverton,Occasional
R012019,2025-08-28,Lakewood,Frequent
R012020,2024-12-12,Hillview,Frequent
R012021,2024-02-13,Metroville,Regular
R012022,2025-11-28,Lakewood,Regular
R012023,2025-01-30,Metroville,Regular
R012024,2024-10-20,Hillview,Regular
R012025,2025-03-20,Metroville,Frequent
R012026,2024-02-21,Lakewood,Occasional
R012027,2025-08-27,Lakewood,Regular
R012028,2024-05-13,Hillview,Regular
R012029,2024-07-07,Lakewood,Occasional
R012030,2025-02-12,Lakewood,Occasional
R012031,2025-05-01,Lakewood,Occasional
R012032,2024-01-11,Riverton,Frequent
R012033,2025-03-01,Metroville,Occasional
R012034,2024-04-25,Metroville,Occasional
R012035,2025-11-29,Metroville,Regular
R012036,2024-09-30,Lakewood,Occasional
R012037,2024-12-24,Lakewood,Regular
R012038,2025-04-01,Hillview,Regular
R012039,2024-04-24,Lakewood,Regular
R012040,2024-05-01,Metroville,Occasional
R012041,2025-12-03,Lakewood,Regular
R012042,2025-02-24,Lakewood,Occasional
R012043,2024-06-15,Riverton,Regular
R012044,2025-04-30,Riverton,Regular
R012045,2025-10-15,Riverton,Frequent
R012046,2025-07-12,Hillview,Regular
R012047,2024-10-19,Metroville,Regular
R012048,2025-04-28,Riverton,Regular
R012049,2025-10-17,Hillview,Occasional
R012050,2024-07-02,Metroville,Occasional
R012051,2025-08-01,Riverton,Regular
R012052,2025-12-31,Metroville,Regular
R012053,2024-09-09,Lakewood,Occasional
R012054,2025-10-12,Metroville,Regular
R012055,2024-01-17,Metroville,Occasional
R012056,2024-09-30,Riverton,Occasional
R012057,2024-07-21,Lakewood,Occasional
R012058,2024-01-22,Metroville,Occasional
R012059,2025-03-17,Riverton,Occasional
R012060,2025-01-22,Lakewood,Regular
R012061,2024-10-04,Metroville,Occasional
R012062,2025-09-25,Hillview,Frequent
R012063,2024-06-30,Hillview,Regular
R012064,2025-08-24,Metroville,Occasional
R012065,2025-04-10,Hillview,Frequent
R012066,2025-10-19,Hillview,Occasional
R012067,2024-01-06,Lakewood,Regular
R012068,2025-12-10,Hillview,Regular
R012069,2024-01-02,Riverton,Frequent
R012070,2025-06-05,Hillview,Occasional
R012071,2025-07-04,Metroville,Occasional
R012072,2024-04-28,Riverton,Occasional
R012073,2024-01-26,Metroville,Occasional
R012074,2024-01-27,Riverton,Occasional
R012075,2024-04-04,Metroville,Regular
R012076,2024-04-20,Riverton,Regular
R012077,2025-12-08,Hillview,Occasional
R012078,2024-05-27,Lakewood,Occasional
R012079,2025-08-12,Lakewood,Occasional
R012080,2024-02-14,Metroville,Occasional
R012081,2025-04-23,Metroville,Regular
R012082,2024-11-27,Hillview,Regular
R012083,2025-01-30,Riverton,Frequent
R012084,2025-07-27,Riverton,Regular
R012085,2024-06-02,Riverton,Regular
R012086,2024-01-04,Lakewood,Frequent
R012087,2024-06-10,Lakewood,Regular
R012088,2025-08-11,Metroville,Regular
R012089,2025-03-08,Metroville,Regular
R012090,2025-11-08,Riverton,Regular
R012091,2025-09-02,Hillview,Frequent
R012092,2024-04-21,Metroville,Regular
R012093,2024-02-12,Lakewood,Frequent
R012094,2024-01-16,Lakewood,Regular
R012095,2024-05-18,Riverton,Occasional
R012096,2024-12-16,Riverton,Frequent
R012097,2024-01-13,Metroville,Occasional
R012098,2025-09-27,Riverton,Frequent
R012099,2024-12-16,Riverton,Frequent
R012100,2025-06-23,Metroville,Occasional
R012101,2025-09-30,Riverton,Frequent
R012102,2024-01-26,Lakewood,Frequent
R012103,2024-11-13,Hillview,Occasional
R012104,2025-05-07,Hillview,Frequent
R012105,2025-12-30,Lakewood,Regular
R012106,2025-08-21,Lakewood,Occasional
R012107,2024-06-07,Hillview,Regular
R012108,2024-07-17,Metroville,Frequent
R012109,2025-08-08,Lakewood,Regular
R012110,2025-04-23,Lakewood,Regular
R012111,2024-07-01,Metroville,Regular
R012112,2024-12-27,Hillview,Regular
R012113,2025-11-10,Metroville,Occasional
R012114,2024-05-30,Riverton,Frequent
R012115,2024-08-29,Riverton,Regular
R012116,2025-10-21,Riverton,Frequent
R012117,2025-05-07,Metroville,Regular
R012118,2024-06-12,Lakewood,Occasional
R012119,2024-07-29,Hillview,Occasional
R012120,2025-09-07,Lakewood,Regular
R012121,2024-07-24,Metroville,Regular
R012122,2025-05-28,Riverton,Frequent
R012123,2024-12-28,Riverton,Frequent
R012124,2024-06-10,Lakewood,Occasional
R012125,2024-09-26,Lakewood,Frequent
R012126,2025-06-04,Metroville,Frequent
R012127,2025-08-10,Metroville,Occasional
R012128,2024-01-20,Lakewood,Occasional
R012129,2025-10-24,Hillview,Regular
R012130,2024-06-21,Riverton,Occasional
R012131,2025-04-19,Riverton,Occasional
R012132,2024-07-27,Lakewood,Regular
R012133,2024-07-14,Riverton,Frequent
R012134,2025-10-12,Lakewood,Frequent
R012135,2025-05-28,Hillview,Occasional
R012136,2025-11-01,Lakewood,Regular
R012137,2024-01-16,Metroville,Occasional
R012138,2024-07-17,Lakewood,Frequent
R012139,2024-02-05,Metroville,Regular
R012140,2024-12-13,Lakewood,Occasional
R012141,2024-12-03,Riverton,Frequent
R012142,2025-12-19,Riverton,Occasional
R012143,2024-06-18,Metroville,Occasional
R012144,2025-05-02,Riverton,Occasional
R012145,2025-12-28,Metroville,Occasional
R012146,2024-02-21,Riverton,Occasional
R012147,2024-11-21,Metroville,Frequent
R012148,2024-10-13,Riverton,Regular
R012149,2024-01-20,Hillview,Regular
R012150,2024-11-04,Metroville,Occasional
R012151,2024-07-04,Riverton,Occasional
R012152,2024-08-12,Riverton,Regular
R012153,2024-06-04,Riverton,Regular
R012154,2025-01-15,Hillview,Regular
R012155,2024-10-18,Lakewood,Regular
R012156,2025-06-22,Metroville,Occasional
R012157,2024-09-15,Riverton,Regular
R012158,2025-05-21,Lakewood,Regular
R012159,2025-01-21,Riverton,Occasional
R012160,2024-09-14,Riverton,Regular
R012161,2025-08-25,Riverton,Frequent
R012162,2025-06-23,Lakewood,Occasional
R012163,2025-01-19,Lakewood,Occasional
R012164,2025-01-25,Hillview,Occasional
R012165,2025-07-13,Lakewood,Regular
R012166,2025-07-17,Lakewood,Regular
R012167,2025-06-05,Riverton,Occasional
R012168,2024-03-24,Metroville,Regular
R012169,2024-06-17,Riverton,Regular
R012170,2024-10-23,Metroville,Regular
R012171,2025-02-25,Hillview,Occasional
R012172,2024-10-15,Lakewood,Frequent
R012173,2025-08-29,Metroville,Occasional
R012174,2024-09-14,Riverton,Frequent
R012175,2025-02-02,Hillview,Occasional
R012176,2025-05-25,Metroville,Occasional
R012177,2024-10-03,Metroville,Occasional
R012178,2025-02-11,Lakewood,Frequent
R012179,2025-06-15,Riverton,Regular
R012180,2024-10-09,Metroville,Regular
R012181,2025-12-11,Lakewood,Frequent
R012182,2025-01-27,Lakewood,Occasional
R012183,2025-07-29,Hillview,Occasional
R012184,2025-05-30,Riverton,Occasional
R012185,2025-08-19,Metroville,Occasional
R012186,2025-05-09,Riverton,Occasional
R012187,2025-01-29,Lakewood,Occasional
R012188,2025-07-10,Lakewood,Occasional
R012189,2024-12-07,Metroville,Regular
R012190,2025-09-15,Riverton,Occasional
R012191,2025-01-02,Hillview,Occasional
R012192,2025-06-25,Metroville,Regular
R012193,2024-05-31,Metroville,Occasional
R012194,2024-05-11,Riverton,Occasional
R012195,2025-02-17,Hillview,Regular
R012196,2025-09-11,Riverton,Frequent
R012197,2025-06-21,Metroville,Frequent
R012198,2024-08-31,Hillview,Frequent
R012199,2025-09-18,Lakewood,Regular
R012200,2025-05-02,Lakewood,Occasional
R012201,2025-02-11,Metroville,Regular
R012202,2025-12-26,Metroville,Regular
R012203,2025-07-24,Lakewood,Occasional
R012204,2024-08-03,Riverton,Frequent
R012205,2024-02-17,Riverton,Frequent
R012206,2024-07-16,Hillview,Regular
R012207,2024-05-09,Lakewood,Regular
R012208,2024-05-13,Riverton,Regular
R012209,2025-01-17,Riverton,Frequent
R012210,2025-12-21,Lakewood,Occasional
R012211,2025-04-20,Metroville,Occasional
R012212,2024-11-08,Hillview,Regular
R012213,2024-06-30,Metroville,Occasional
R012214,2025-07-27,Hillview,Occasional
R012215,2025-02-05,Hillview,Occasional
R012216,2024-02-06,Metroville,Regular
R012217,2024-12-07,Metroville,Occasional
R012218,2024-05-12,Riverton,Regular
R012219,2024-12-30,Lakewood,Regular
R012220,2024-02-16,Riverton,Occasional
R012221,2024-06-05,Metroville,Occasional
R012222,2025-08-20,Hillview,Occasional
R012223,2024-05-03,Lakewood,Occasional
R012224,2024-03-18,Lakewood,Occasional
R012225,2024-06-10,Hillview,Regular
R012226,2025-11-06,Riverton,Frequent
R012227,2025-11-24,Riverton,Occasional
R012228,2025-04-30,Hillview,Frequent
R012229,2025-07-25,Hillview,Occasional
R012230,2025-10-27,Riverton,Regular
R012231,2024-08-04,Riverton,Regular
R012232,2024-10-26,Metroville,Frequent
R012233,2024-01-21,Hillview,Regular
R012234,2025-01-19,Hillview,Regular
R012235,2025-11-08,Lakewood,Occasional
R012236,2024-01-21,Riverton,Frequent
R012237,2025-06-04,Riverton,Frequent
R012238,2024-12-07,Lakewood,Occasional
R012239,2025-12-07,Metroville,Occasional
R012240,2025-03-08,Riverton,Frequent
R012241,2024-10-23,Lakewood,Regular
R012242,2024-03-14,Lakewood,Occasional
R012243,2025-02-14,Hillview,Occasional
R012244,2025-12-19,Metroville,Regular
R012245,2024-01-10,Hillview,Frequent
R012246,2024-01-04,Lakewood,Occasional
R012247,2025-10-13,Hillview,Occasional
R012248,2024-07-14,Metroville,Occasional
R012249,2025-03-20,Metroville,Frequent
R012250,2025-03-26,Riverton,Frequent
R012251,2024-12-17,Lakewood,Regular
R012252,2024-12-30,Riverton,Occasional
R012253,2025-05-18,Riverton,Regular
R012254,2024-06-24,Lakewood,Regular
R012255,2024-05-11,Hillview,Frequent
R012256,2025-12-23,Metroville,Regular
R012257,2024-01-07,Metroville,Regular
R012258,2024-05-18,Riverton,Frequent
R012259,2025-06-17,Lakewood,Occasional
R012260,2025-02-20,Lakewood,Regular
R012261,2024-08-23,Riverton,Frequent
R012262,2024-03-25,Metroville,Occasional
R012263,2024-09-25,Lakewood,Occasional
R012264,2024-02-11,Metroville,Occasional
R012265,2025-02-09,Metroville,Frequent
R012266,2024-12-23,Metroville,Regular
R012267,2025-11-04,Metroville,Regular
R012268,2025-08-12,Hillview,Regular
R012269,2024-12-09,Hillview,Occasional
R012270,2025-01-23,Metroville,Occasional
R012271,2025-05-19,Riverton,Occasional
R012272,2024-08-02,Lakewood,Occasional
R012273,2025-03-15,Metroville,Frequent
R012274,2024-01-13,Metroville,Frequent
R012275,2025-11-18,Riverton,Occasional
R012276,2025-11-19,Metroville,Occasional
R012277,2025-10-13,Hillview,Regular
R012278,2024-06-04,Riverton,Regular
R012279,2025-07-30,Riverton,Occasional
R012280,2025-02-24,Hillview,Occasional
R012281,2025-12-20,Metroville,Regular
R012282,2024-01-12,Riverton,Regular
R012283,2024-10-17,Metroville,Regular
R012284,2024-03-12,Lakewood,Occasional
R012285,2025-11-23,Lakewood,Regular
R012286,2024-05-04,Metroville,Regular
R012287,2024-01-29,Riverton,Occasional
R012288,2024-03-23,Metroville,Occasional
R012289,2025-12-07,Metroville,Regular
R012290,2025-01-23,Hillview,Regular
R012291,2024-03-19,Metroville,Occasional
R012292,2024-10-17,Metroville,Occasional
R012293,2024-11-07,Metroville,Occasional
R012294,2025-08-09,Lakewood,Frequent
R012295,2024-06-09,Hillview,Frequent
R012296,2024-03-26,Hillview,Regular
R012297,2025-07-02,Riverton,Occasional
R012298,2024-11-11,Lakewood,Regular
R012299,2024-03-31,Hillview,Frequent
R012300,2024-11-09,Riverton,Regular
R012301,2024-11-07,Hillview,Occasional
R012302,2024-06-17,Metroville,Occasional
R012303,2024-05-26,Riverton,Occasional
R012304,2024-03-11,Metroville,Occasional
R012305,2025-09-07,Lakewood,Regular
R012306,2024-01-08,Hillview,Regular
R012307,2025-01-06,Riverton,Regular
R012308,2024-01-14,Riverton,Regular
R012309,2025-08-11,Metroville,Occasional
R012310,2024-10-18,Lakewood,Frequent
R012311,2025-12-19,Hillview,Occasional
R012312,2024-02-09,Metroville,Occasional
R012313,2024-08-31,Metroville,Frequent
R012314,2024-10-15,Lakewood,Regular
R012315,2024-02-20,Riverton,Occasional
R012316,2024-11-16,Lakewood,Regular
R012317,2024-12-02,Metroville,Regular
R012318,2024-11-22,Riverton,Frequent
R012319,2025-01-25,Riverton,Regular
R012320,2024-05-20,Riverton,Frequent
R012321,2024-06-23,Metroville,Regular
R012322,2024-12-31,Metroville,Regular
R012323,2025-04-16,Lakewood,Frequent
R012324,2024-10-14,Lakewood,Occasional
R012325,2024-11-30,Metroville,Occasional
R012326,2025-12-25,Hillview,Occasional
R012327,2025-04-17,Hillview,Occasional
R012328,2024-02-03,Metroville,Regular
R012329,2024-09-20,Lakewood,Occasional
R012330,2024-02-09,Lakewood,Regular
R012331,2025-10-02,Lakewood,Frequent
R012332,2025-08-26,Lakewood,Occasional
R012333,2024-12-06,Lakewood,Regular
R012334,2024-07-13,Lakewood,Frequent
R012335,2025-06-10,Metroville,Occasional
R012336,2024-05-14,Riverton,Occasional
R012337,2025-07-17,Lakewood,Frequent
R012338,2025-10-02,Metroville,Occasional
R012339,2024-05-11,Lakewood,Frequent
R012340,2025-01-24,Metroville,Occasional
R012341,2024-04-23,Lakewood,Regular
R012342,2025-03-26,Metroville,Frequent
R012343,2025-05-08,Riverton,Frequent
R012344,2024-01-06,Lakewood,Occasional
R012345,2025-11-22,Lakewood,Occasional
R012346,2024-07-09,Lakewood,Occasional
R012347,2024-12-05,Riverton,Regular
R012348,2024-07-08,Hillview,Occasional
R012349,2025-10-24,Lakewood,Occasional
R012350,2025-07-10,Lakewood,Regular
R012351,2025-12-25,Hillview,Frequent
R012352,2024-10-09,Riverton,Frequent
R012353,2025-02-15,Lakewood,Occasional
R012354,2025-02-26,Riverton,Frequent
R012355,2024-06-17,Metroville,Occasional
R012356,2025-11-13,Metroville,Frequent
R012357,2025-09-24,Riverton,Regular
R012358,2025-12-21,Riverton,Occasional
R012359,2024-11-30,Lakewood,Frequent
R012360,2024-04-03,Metroville,Occasional
R012361,2024-04-26,Hillview,Regular
R012362,2025-02-10,Riverton,Regular
R012363,2025-08-22,Lakewood,Occasional
R012364,2025-05-26,Metroville,Occasional
R012365,2025-06-20,Lakewood,Occasional
R012366,2025-07-26,Metroville,Occasional
R012367,2025-09-08,Lakewood,Frequent
R012368,2025-11-04,Hillview,Occasional
R012369,2024-09-22,Riverton,Regular
R012370,2025-06-17,Hillview,Regular
R012371,2024-07-22,Lakewood,Regular
R012372,2025-05-20,Metroville,Occasional
R012373,2024-02-10,Hillview,Regular
R012374,2024-02-09,Hillview,Frequent
R012375,2024-05-26,Lakewood,Occasional
R012376,2025-02-02,Metroville,Occasional
R012377,2025-10-28,Riverton,Frequent
R012378,2025-03-14,Metroville,Frequent
R012379,2025-02-14,Hillview,Regular
R012380,2025-05-24,Riverton,Frequent
R012381,2025-10-10,Metroville,Frequent
R012382,2025-03-03,Metroville,Occasional
R012383,2025-06-24,Metroville,Occasional
R012384,2024-10-26,Riverton,Regular
R012385,2025-12-29,Metroville,Regular
R012386,2024-12-22,Lakewood,Frequent
R012387,2025-10-15,Lakewood,Regular
R012388,2025-12-09,Lakewood,Occasional
R012389,2025-10-08,Riverton,Occasional
R012390,2024-08-28,Metroville,Frequent
R012391,2024-09-30,Metroville,Regular
R012392,2025-07-28,Metroville,Occasional
R012393,2025-11-10,Hillview,Regular
R012394,2025-03-20,Lakewood,Regular
R012395,2025-07-22,Metroville,Occasional
R012396,2024-11-20,Lakewood,Frequent
R012397,2025-09-19,Metroville,Occasional
R012398,2024-10-30,Riverton,Regular
R012399,2025-03-31,Metroville,Occasional
R012400,2025-01-28,Hillview,Regular
R012401,2025-09-04,Riverton,Frequent
R012402,2025-08-08,Riverton,Regular
R012403,2025-09-06,Metroville,Regular
R012404,2024-03-30,Metroville,Regular
R012405,2024-06-28,Metroville,Regular
R012406,2025-10-28,Hillview,Frequent
R012407,2024-04-05,Hillview,Regular
R012408,2025-07-20,Metroville,Regular
R012409,2025-04-09,Hillview,Occasional
R012410,2024-09-12,Riverton,Occasional
R012411,2024-01-28,Riverton,Occasional
R012412,2024-01-08,Hillview,Regular
R012413,2025-10-15,Hillview,Frequent
R012414,2024-03-18,Lakewood,Regular
R012415,2025-06-29,Lakewood,Occasional
R012416,2024-04-15,Riverton,Regular
R012417,2024-10-17,Metroville,Occasional
R012418,2024-03-16,Lakewood,Regular
R012419,2025-04-11,Hillview,Regular
R012420,2024-03-16,Metroville,Regular
R012421,2025-04-03,Lakewood,Frequent
R012422,2025-12-03,Metroville,Regular
R012423,2025-06-27,Lakewood,Regular
R012424,2025-04-26,Metroville,Regular
R012425,2025-10-25,Hillview,Frequent
R012426,2025-08-23,Riverton,Regular
R012427,2025-06-20,Metroville,Occasional
R012428,2025-02-15,Metroville,Occasional
R012429,2024-10-12,Metroville,Occasional
R012430,2025-03-29,Metroville,Occasional
R012431,2024-03-19,Lakewood,Frequent
R012432,2025-10-06,Metroville,Occasional
R012433,2025-10-09,Lakewood,Occasional
R012434,2024-07-10,Metroville,Regular
R012435,2025-07-08,Metroville,Occasional
R012436,2025-05-23,Hillview,Occasional
R012437,2025-09-17,Hillview,Regular
R012438,2025-10-20,Metroville,Occasional
R012439,2025-06-28,Riverton,Occasional
R012440,2025-11-16,Metroville,Regular
R012441,2024-08-25,Riverton,Frequent
R012442,2024-11-21,Hillview,Occasional
R012443,2024-04-19,Riverton,Regular
R012444,2025-09-19,Riverton,Occasional
R012445,2024-07-22,Hillview,Occasional
R012446,2025-01-03,Metroville,Occasional
R012447,2024-04-29,Riverton,Frequent
R012448,2024-07-07,Metroville,Occasional
R012449,2025-05-09,Metroville,Occasional
R012450,2024-07-02,Riverton,Regular
R012451,2025-01-12,Metroville,Frequent
R012452,2024-11-26,Metroville,Occasional
R012453,2025-03-26,Metroville,Occasional
R012454,2024-07-07,Hillview,Occasional
R012455,2024-12-20,Metroville,Frequent
R012456,2024-01-22,Lakewood,Frequent
R012457,2025-01-14,Metroville,Frequent
R012458,2024-03-18,Hillview,Occasional
R012459,2025-06-17,Metroville,Occasional
R012460,2025-09-13,Lakewood,Occasional
R012461,2024-10-20,Lakewood,Occasional
R012462,2025-10-07,Riverton,Occasional
R012463,2024-10-14,Hillview,Occasional
R012464,2025-10-01,Metroville,Frequent
R012465,2025-01-15,Metroville,Regular
R012466,2025-02-09,Lakewood,Occasional
R012467,2024-10-26,Lakewood,Occasional
R012468,2025-11-15,Hillview,Frequent
R012469,2025-06-01,Metroville,Frequent
R012470,2024-12-31,Hillview,Occasional
R012471,2025-08-05,Metroville,Frequent
R012472,2024-12-04,Metroville,Regular
R012473,2025-10-03,Riverton,Regular
R012474,2024-12-13,Riverton,Regular
R012475,2025-08-15,Metroville,Regular
R012476,2024-07-05,Hillview,Occasional
R012477,2025-02-18,Metroville,Regular
R012478,2025-03-25,Hillview,Occasional
R012479,2025-01-21,Metroville,Occasional
R012480,2024-11-24,Metroville,Occasional
R012481,2024-01-01,Hillview,Regular
R012482,2025-12-14,Metroville,Occasional
R012483,2024-06-07,Lakewood,Occasional
R012484,2024-05-05,Hillview,Occasional
R012485,2025-08-16,Metroville,Regular
R012486,2024-02-26,Riverton,Regular
R012487,2025-07-12,Lakewood,Occasional
R012488,2024-09-14,Metroville,Regular
R012489,2025-06-11,Metroville,Occasional
R012490,2024-06-06,Metroville,Frequent
R012491,2025-05-29,Lakewood,Occasional
R012492,2025-12-27,Lakewood,Regular
R012493,2025-01-04,Riverton,Frequent
R012494,2025-02-12,Lakewood,Occasional
R012495,2025-03-24,Lakewood,Regular
R012496,2024-09-20,Riverton,Occasional
R012497,2025-02-07,Lakewood,Frequent
R012498,2025-04-15,Hillview,Occasional
R012499,2024-01-19,Lakewood,Occasional
R012500,2024-11-27,Hillview,Occasional
R012501,2025-01-20,Hillview,Frequent
R012502,2024-06-01,Lakewood,Occasional
R012503,2024-12-10,Riverton,Frequent
R012504,2024-10-15,Metroville,Frequent
R012505,2025-02-09,Lakewood,Frequent
R012506,2024-07-28,Lakewood,Occasional
R012507,2025-10-19,Lakewood,Regular
R012508,2025-04-11,Metroville,Occasional
R012509,2025-04-03,Hillview,Regular
R012510,2025-08-20,Metroville,Occasional
R012511,2024-01-16,Riverton,Frequent
R012512,2024-07-11,Hillview,Occasional
R012513,2024-05-12,Metroville,Frequent
R012514,2025-03-30,Lakewood,Occasional
R012515,2024-09-07,Lakewood,Regular
R012516,2025-06-02,Hillview,Regular
R012517,2025-11-20,Hillview,Occasional
R012518,2024-09-27,Lakewood,Regular
R012519,2024-08-30,Hillview,Occasional
R012520,2024-12-22,Metroville,Occasional
R012521,2024-12-24,Metroville,Regular
R012522,2024-09-19,Lakewood,Regular
R012523,2024-09-10,Riverton,Regular
R012524,2024-09-29,Metroville,Frequent
R012525,2024-12-22,Riverton,Regular
R012526,2024-11-22,Metroville,Occasional
R012527,2024-11-30,Metroville,Frequent
R012528,2024-08-04,Hillview,Frequent
R012529,2025-04-08,Riverton,Regular
R012530,2024-12-23,Lakewood,Frequent
R012531,2024-06-16,Riverton,Frequent
R012532,2025-07-04,Lakewood,Regular
R012533,2025-10-06,Metroville,Frequent
R012534,2024-10-15,Lakewood,Occasional
R012535,2025-01-17,Hillview,Occasional
R012536,2025-11-23,Metroville,Occasional
R012537,2024-08-19,Metroville,Occasional
R012538,2024-06-08,Riverton,Regular
R012539,2024-09-10,Lakewood,Occasional
R012540,2024-11-25,Metroville,Occasional
R012541,2024-11-20,Lakewood,Occasional
R012542,2025-03-16,Hillview,Occasional
R012543,2024-07-21,Metroville,Frequent
R012544,2025-02-01,Metroville,Frequent
R012545,2024-03-19,Lakewood,Occasional
R012546,2025-11-24,Lakewood,Regular
R012547,2024-08-03,Metroville,Regular
R012548,2024-08-25,Lakewood,Regular
R012549,2024-04-28,Lakewood,Occasional
R012550,2024-10-03,Riverton,Occasional
R012551,2025-12-14,Lakewood,Occasional
R012552,2025-03-12,Metroville,Regular
R012553,2025-05-03,Metroville,Regular
R012554,2025-03-12,Hillview,Regular
R012555,2024-09-01,Riverton,Regular
R012556,2025-07-30,Lakewood,Regular
R012557,2024-09-07,Riverton,Regular
R012558,2025-08-04,Metroville,Occasional
R012559,2025-12-22,Hillview,Regular
R012560,2024-01-08,Riverton,Occasional
R012561,2024-05-02,Metroville,Occasional
R012562,2025-07-13,Metroville,Frequent
R012563,2024-03-29,Metroville,Regular
R012564,2025-06-09,Metroville,Regular
R012565,2024-06-29,Lakewood,Occasional
R012566,2025-03-04,Metroville,Regular
R012567,2025-04-22,Riverton,Occasional
R012568,2024-08-20,Lakewood,Occasional
R012569,2025-09-19,Metroville,Occasional
R012570,2025-10-25,Metroville,Regular
R012571,2024-06-08,Metroville,Occasional
R012572,2025-06-24,Lakewood,Occasional
R012573,2025-05-07,Lakewood,Occasional
R012574,2024-07-07,Lakewood,Regular
R012575,2025-08-20,Metroville,Occasional
R012576,2024-08-11,Hillview,Regular
R012577,2024-07-06,Lakewood,Occasional
R012578,2025-06-04,Lakewood,Regular
R012579,2024-03-28,Lakewood,Occasional
R012580,2025-11-02,Metroville,Occasional
R012581,2024-10-08,Riverton,Occasional
R012582,2024-12-25,Riverton,Occasional
R012583,2025-05-12,Metroville,Frequent
R012584,2025-10-05,Metroville,Occasional
R012585,2025-07-17,Lakewood,Frequent
R012586,2024-10-06,Lakewood,Occasional
R012587,2025-07-02,Hillview,Occasional
R012588,2024-10-16,Lakewood,Occasional
R012589,2025-01-13,Hillview,Occasional
R012590,2025-05-17,Metroville,Frequent
R012591,2025-02-06,Lakewood,Regular
R012592,2024-02-06,Metroville,Regular
R012593,2024-02-02,Hillview,Occasional
R012594,2024-04-11,Lakewood,Occasional
R012595,2024-03-02,Riverton,Regular
R012596,2025-06-17,Metroville,Regular
R012597,2024-05-20,Lakewood,Occasional
R012598,2024-06-26,Lakewood,Regular
R012599,2024-08-18,Metroville,Regular
R012600,2024-05-08,Riverton,Occasional
R012601,2025-09-27,Lakewood,Occasional
R012602,2024-03-06,Lakewood,Regular
R012603,2024-05-20,Lakewood,Occasional
R012604,2024-06-13,Riverton,Occasional
R012605,2024-03-02,Metroville,Regular
R012606,2024-07-02,Lakewood,Frequent
R012607,2024-05-16,Hillview,Occasional
R012608,2024-09-06,Metroville,Occasional
R012609,2024-04-22,Hillview,Occasional
R012610,2025-11-17,Hillview,Regular
R012611,2025-07-29,Metroville,Occasional
R012612,2025-04-16,Metroville,Frequent
R012613,2025-03-09,Riverton,Frequent
R012614,2025-05-22,Hillview,Occasional
R012615,2025-11-19,Metroville,Frequent
R012616,2024-04-07,Hillview,Occasional
R012617,2025-01-23,Metroville,Occasional
R012618,2024-05-21,Lakewood,Frequent
R012619,2024-11-27,Hillview,Occasional
R012620,2025-10-19,Metroville,Occasional
R012621,2025-04-07,Riverton,Occasional
R012622,2025-04-09,Metroville,Occasional
R012623,2024-03-11,Lakewood,Frequent
R012624,2025-08-15,Hillview,Occasional
R012625,2025-06-07,Metroville,Occasional
R012626,2024-09-18,Riverton,Frequent
R012627,2024-09-01,Hillview,Occasional
R012628,2025-02-26,Riverton,Frequent
R012629,2025-07-09,Hillview,Occasional
R012630,2025-01-02,Hillview,Regular
R012631,2025-09-18,Metroville,Frequent
R012632,2024-05-30,Riverton,Frequent
R012633,2025-05-20,Lakewood,Occasional
R012634,2025-08-26,Riverton,Regular
R012635,2025-06-01,Riverton,Occasional
R012636,2024-09-01,Metroville,Occasional
R012637,2024-12-05,Riverton,Occasional
R012638,2024-12-07,Lakewood,Regular
R012639,2024-08-13,Riverton,Occasional
R012640,2024-04-07,Lakewood,Frequent
R012641,2024-05-16,Metroville,Occasional
R012642,2025-04-12,Riverton,Occasional
R012643,2024-06-13,Lakewood,Regular
R012644,2025-08-02,Hillview,Regular
R012645,2025-08-03,Riverton,Occasional
R012646,2024-10-27,Hillview,Regular
R012647,2024-09-23,Riverton,Occasional
R012648,2025-12-16,Hillview,Regular
R012649,2024-01-10,Metroville,Frequent
R012650,2024-07-07,Riverton,Regular
R012651,2025-05-20,Metroville,Occasional
R012652,2025-10-01,Lakewood,Frequent
R012653,2024-12-02,Hillview,Frequent
R012654,2025-06-11,Riverton,Occasional
R012655,2024-06-08,Lakewood,Frequent
R012656,2025-11-09,Riverton,Regular
R012657,2025-03-02,Metroville,Frequent
R012658,2025-06-26,Hillview,Regular
R012659,2024-05-09,Metroville,Occasional
R012660,2024-12-28,Metroville,Occasional
R012661,2025-06-16,Metroville,Regular
R012662,2024-10-29,Hillview,Occasional
R012663,2025-12-04,Lakewood,Regular
R012664,2025-08-30,Lakewood,Occasional
R012665,2024-04-04,Lakewood,Occasional
R012666,2025-09-07,Metroville,Regular
R012667,2024-10-07,Metroville,Regular
R012668,2025-03-07,Metroville,Occasional
R012669,2024-10-26,Lakewood,Occasional
R012670,2025-05-28,Metroville,Regular
R012671,2024-11-10,Lakewood,Occasional
R012672,2024-12-04,Lakewood,Occasional
R012673,2025-03-02,Lakewood,Frequent
R012674,2024-06-08,Hillview,Occasional
R012675,2024-11-08,Metroville,Frequent
R012676,2024-02-06,Lakewood,Occasional
R012677,2024-02-12,Metroville,Frequent
R012678,2025-04-23,Hillview,Occasional
R012679,2024-07-22,Hillview,Regular
R012680,2025-05-04,Metroville,Frequent
R012681,2025-07-10,Metroville,Occasional
R012682,2025-05-01,Metroville,Occasional
R012683,2024-11-04,Metroville,Occasional
R012684,2025-02-15,Metroville,Regular
R012685,2025-07-27,Metroville,Regular
R012686,2024-09-07,Metroville,Frequent
R012687,2024-11-01,Metroville,Occasional
R012688,2024-06-26,Lakewood,Occasional
R012689,2024-05-27,Metroville,Occasional
R012690,2024-02-18,Lakewood,Occasional
R012691,2024-02-21,Hillview,Occasional
R012692,2024-04-18,Lakewood,Occasional
R012693,2025-07-16,Metroville,Occasional
R012694,2025-04-04,Hillview,Occasional
R012695,2024-03-05,Metroville,Regular
R012696,2025-07-16,Metroville,Regular
R012697,2025-07-03,Riverton,Frequent
R012698,2025-10-26,Metroville,Occasional
R012699,2025-12-09,Lakewood,Regular
R012700,2024-03-02,Riverton,Regular
R012701,2025-01-18,Lakewood,Frequent
R012702,2025-08-18,Riverton,Regular
R012703,2024-06-24,Metroville,Occasional
R012704,2025-03-13,Metroville,Occasional
R012705,2024-03-07,Lakewood,Regular
R012706,2024-08-08,Lakewood,Regular
R012707,2025-12-18,Riverton,Occasional
R012708,2025-06-15,Riverton,Regular
R012709,2024-07-10,Metroville,Occasional
R012710,2025-12-25,Hillview,Frequent
R012711,2024-05-28,Metroville,Frequent
R012712,2024-10-04,Hillview,Frequent
R012713,2024-11-21,Metroville,Frequent
R012714,2025-04-04,Riverton,Frequent
R012715,2024-07-10,Riverton,Occasional
R012716,2024-07-09,Lakewood,Regular
R012717,2025-05-05,Riverton,Occasional
R012718,2024-05-30,Lakewood,Regular
R012719,2024-04-14,Riverton,Occasional
R012720,2024-04-19,Hillview,Regular
R012721,2024-08-28,Metroville,Occasional
R012722,2024-01-24,Lakewood,Frequent
R012723,2024-01-26,Riverton,Frequent
R012724,2025-06-13,Metroville,Frequent
R012725,2025-01-31,Metroville,Occasional
R012726,2024-04-16,Metroville,Frequent
R012727,2024-07-05,Metroville,Occasional
R012728,2025-05-10,Riverton,Occasional
R012729,2025-08-10,Riverton,Regular
R012730,2025-09-28,Metroville,Occasional
R012731,2024-06-08,Lakewood,Frequent
R012732,2025-09-11,Metroville,Frequent
R012733,2024-11-08,Hillview,Regular
R012734,2024-08-06,Riverton,Occasional
R012735,2025-02-26,Metroville,Frequent
R012736,2024-04-01,Metroville,Regular
R012737,2024-12-05,Hillview,Occasional
R012738,2024-11-20,Lakewood,Occasional
R012739,2025-03-12,Lakewood,Occasional
R012740,2024-05-12,Lakewood,Frequent
R012741,2024-02-15,Lakewood,Frequent
R012742,2024-09-30,Hillview,Regular
R012743,2025-12-20,Hillview,Occasional
R012744,2025-02-20,Metroville,Regular
R012745,2025-02-04,Riverton,Regular
R012746,2025-04-16,Hillview,Occasional
R012747,2025-01-06,Metroville,Frequent
R012748,2024-06-08,Hillview,Frequent
R012749,2025-12-22,Lakewood,Occasional
R012750,2024-06-15,Metroville,Frequent
R012751,2025-04-13,Hillview,Occasional
R012752,2025-09-25,Riverton,Occasional
R012753,2025-04-26,Metroville,Regular
R012754,2025-11-22,Lakewood,Regular
R012755,2024-05-10,Riverton,Regular
R012756,2025-04-15,Riverton,Occasional
R012757,2024-03-08,Metroville,Regular
R012758,2025-02-11,Riverton,Regular
R012759,2024-05-14,Hillview,Regular
R012760,2025-04-26,Riverton,Occasional
R012761,2024-08-26,Metroville,Regular
R012762,2024-04-04,Hillview,Regular
R012763,2025-09-25,Metroville,Regular
R012764,2025-10-18,Riverton,Regular
R012765,2024-05-04,Metroville,Occasional
R012766,2024-06-01,Hillview,Occasional
R012767,2024-01-28,Hillview,Occasional
R012768,2025-05-05,Hillview,Occasional
R012769,2025-10-16,Metroville,Regular
R012770,2024-06-11,Riverton,Frequent
R012771,2024-11-26,Metroville,Regular
R012772,2025-05-31,Lakewood,Regular
R012773,2024-11-19,Hillview,Regular
R012774,2025-07-05,Riverton,Frequent
R012775,2025-07-05,Riverton,Frequent
R012776,2025-06-26,Metroville,Frequent
R012777,2025-06-07,Lakewood,Occasional
R012778,2024-11-09,Metroville,Regular
R012779,2024-10-15,Metroville,Regular
R012780,2025-03-20,Hillview,Occasional
R012781,2024-03-19,Lakewood,Occasional
R012782,2025-03-13,Metroville,Occasional
R012783,2024-01-24,Lakewood,Occasional
R012784,2025-06-11,Metroville,Occasional
R012785,2025-03-19,Metroville,Occasional
R012786,2024-12-31,Riverton,Regular
R012787,2024-08-09,Metroville,Occasional
R012788,2025-01-06,Metroville,Frequent
R012789,2025-04-10,Metroville,Occasional
R012790,2025-05-15,Riverton,Regular
R012791,2025-11-06,Metroville,Occasional
R012792,2024-05-04,Metroville,Occasional
R012793,2024-02-02,Hillview,Occasional
R012794,2025-04-22,Lakewood,Frequent
R012795,2024-04-29,Metroville,Regular
R012796,2024-04-18,Hillview,Occasional
R012797,2024-07-20,Lakewood,Frequent
R012798,2025-06-14,Hillview,Regular
R012799,2024-02-15,Metroville,Occasional
R012800,2024-10-11,Metroville,Regular
R012801,2024-03-18,Metroville,Occasional
R012802,2025-09-06,Lakewood,Regular
R012803,2025-07-11,Lakewood,Occasional
R012804,2024-03-05,Lakewood,Occasional
R012805,2024-07-19,Lakewood,Regular
R012806,2024-12-03,Lakewood,Occasional
R012807,2024-11-30,Lakewood,Regular
R012808,2024-05-02,Metroville,Frequent
R012809,2024-12-07,Lakewood,Occasional
R012810,2025-09-28,Hillview,Occasional
R012811,2024-06-10,Hillview,Occasional
R012812,2024-04-01,Metroville,Regular
R012813,2024-10-09,Lakewood,Frequent
R012814,2024-12-21,Metroville,Occasional
R012815,2024-07-27,Lakewood,Occasional
R012816,2024-03-18,Lakewood,Regular
R012817,2024-03-03,Hillview,Regular
R012818,2025-08-06,Hillview,Occasional
R012819,2024-04-06,Metroville,Occasional
R012820,2024-07-25,Lakewood,Occasional
R012821,2025-07-11,Lakewood,Occasional
R012822,2025-03-10,Riverton,Occasional
R012823,2024-01-19,Riverton,Occasional
R012824,2024-05-04,Metroville,Occasional
R012825,2024-12-10,Metroville,Frequent
R012826,2024-09-14,Riverton,Occasional
R012827,2025-12-24,Lakewood,Regular
R012828,2024-03-24,Riverton,Occasional
R012829,2024-01-20,Metroville,Occasional
R012830,2025-02-07,Metroville,Frequent
R012831,2025-12-02,Metroville,Regular
R012832,2024-01-03,Riverton,Occasional
R012833,2025-08-29,Lakewood,Regular
R012834,2025-12-27,Metroville,Regular
R012835,2024-10-31,Metroville,Regular
R012836,2024-10-31,Hillview,Occasional
R012837,2025-12-27,Lakewood,Occasional
R012838,2025-04-05,Hillview,Frequent
R012839,2025-02-04,Hillview,Occasional
R012840,2024-07-28,Metroville,Regular
R012841,2025-11-12,Hillview,Regular
R012842,2024-07-04,Lakewood,Regular
R012843,2024-10-14,Riverton,Regular
R012844,2025-09-11,Lakewood,Occasional
R012845,2025-01-08,Riverton,Frequent
R012846,2025-07-08,Riverton,Occasional
R012847,2025-12-29,Metroville,Regular
R012848,2025-04-15,Lakewood,Frequent
R012849,2024-04-29,Metroville,Regular
R012850,2025-07-04,Metroville,Regular
R012851,2025-03-15,Lakewood,Frequent
R012852,2024-05-08,Riverton,Occasional
R012853,2024-03-22,Metroville,Occasional
R012854,2025-11-14,Metroville,Frequent
R012855,2024-03-18,Hillview,Regular
R012856,2024-11-28,Lakewood,Occasional
R012857,2025-12-22,Riverton,Frequent
R012858,2025-09-27,Metroville,Regular
R012859,2025-09-06,Riverton,Frequent
R012860,2025-06-22,Riverton,Regular
R012861,2024-12-15,Metroville,Occasional
R012862,2024-07-28,Lakewood,Frequent
R012863,2025-10-18,Metroville,Frequent
R012864,2025-02-20,Metroville,Regular
R012865,2024-10-16,Riverton,Occasional
R012866,2025-12-08,Riverton,Frequent
R012867,2024-09-27,Lakewood,Regular
R012868,2024-01-28,Lakewood,Occasional
R012869,2025-03-15,Lakewood,Regular
R012870,2024-11-08,Lakewood,Frequent
R012871,2025-03-31,Metroville,Regular
R012872,2025-03-30,Metroville,Regular
R012873,2025-04-06,Metroville,Regular
R012874,2024-09-05,Hillview,Regular
R012875,2024-07-03,Metroville,Regular
R012876,2024-08-20,Lakewood,Occasional
R012877,2025-12-07,Lakewood,Occasional
R012878,2025-07-02,Riverton,Frequent
R012879,2024-10-14,Riverton,Occasional
R012880,2025-11-01,Riverton,Occasional
R012881,2025-07-13,Metroville,Occasional
R012882,2025-01-28,Metroville,Frequent
R012883,2025-08-08,Riverton,Occasional
R012884,2025-11-25,Hillview,Regular
R012885,2025-02-19,Hillview,Occasional
R012886,2024-03-15,Hillview,Occasional
R012887,2024-11-11,Lakewood,Occasional
R012888,2024-06-15,Metroville,Frequent
R012889,2025-05-26,Riverton,Occasional
R012890,2024-03-05,Riverton,Occasional
R012891,2024-12-08,Metroville,Occasional
R012892,2024-11-14,Riverton,Regular
R012893,2024-10-09,Hillview,Occasional
R012894,2025-04-03,Metroville,Regular
R012895,2025-02-03,Lakewood,Regular
R012896,2024-05-26,Lakewood,Regular
R012897,2025-08-08,Metroville,Occasional
R012898,2024-11-24,Riverton,Regular
R012899,2024-04-24,Riverton,Occasional
R012900,2025-05-15,Metroville,Frequent
R012901,2024-10-14,Hillview,Regular
R012902,2025-04-13,Lakewood,Occasional
R012903,2025-07-06,Lakewood,Regular
R012904,2025-04-05,Riverton,Frequent
R012905,2025-11-19,Hillview,Occasional
R012906,2025-03-19,Metroville,Occasional
R012907,2024-10-05,Lakewood,Occasional
R012908,2025-12-23,Riverton,Occasional
R012909,2025-01-11,Hillview,Regular
R012910,2025-06-06,Riverton,Frequent
R012911,2024-08-30,Hillview,Occasional
R012912,2025-10-26,Metroville,Frequent
R012913,2025-11-19,Lakewood,Occasional
R012914,2025-11-27,Metroville,Frequent
R012915,2024-10-11,Lakewood,Occasional
R012916,2025-09-21,Riverton,Frequent
R012917,2025-05-06,Lakewood,Frequent
R012918,2024-03-10,Metroville,Occasional
R012919,2025-11-02,Riverton,Occasional
R012920,2025-01-22,Metroville,Occasional
R012921,2025-01-24,Metroville,Occasional
R012922,2024-10-06,Riverton,Frequent
R012923,2025-09-16,Hillview,Regular
R012924,2024-03-12,Metroville,Regular
R012925,2024-10-08,Lakewood,Regular
R012926,2025-02-17,Lakewood,Occasional
R012927,2024-05-23,Metroville,Regular
R012928,2024-06-04,Lakewood,Occasional
R012929,2025-03-26,Metroville,Regular
R012930,2025-03-01,Riverton,Regular
R012931,2025-08-21,Riverton,Regular
R012932,2025-08-21,Metroville,Occasional
R012933,2024-01-14,Metroville,Regular
R012934,2024-10-15,Metroville,Occasional
R012935,2025-09-11,Hillview,Occasional
R012936,2025-11-26,Hillview,Regular
R012937,2024-03-10,Hillview,Occasional
R012938,2025-07-15,Lakewood,Occasional
R012939,2024-06-19,Riverton,Frequent
R012940,2025-08-11,Lakewood,Occasional
R012941,2024-11-22,Metroville,Regular
R012942,2024-03-23,Lakewood,Regular
R012943,2024-05-29,Lakewood,Occasional
R012944,2025-11-20,Lakewood,Occasional
R012945,2025-07-15,Metroville,Occasional
R012946,2024-01-26,Lakewood,Occasional
R012947,2025-11-24,Lakewood,Occasional
R012948,2025-09-09,Metroville,Occasional
R012949,2025-02-03,Metroville,Frequent
R012950,2024-01-22,Riverton,Occasional
R012951,2024-11-14,Lakewood,Occasional
R012952,2024-04-28,Lakewood,Regular
R012953,2024-09-24,Hillview,Occasional
R012954,2024-08-18,Lakewood,Regular
R012955,2025-06-05,Metroville,Regular
R012956,2025-06-24,Metroville,Frequent
R012957,2024-05-06,Metroville,Occasional
R012958,2025-10-20,Metroville,Occasional
R012959,2025-05-05,Hillview,Occasional
R012960,2025-05-02,Hillview,Regular
R012961,2025-07-22,Lakewood,Occasional
R012962,2025-06-16,Metroville,Regular
R012963,2025-07-31,Metroville,Regular
R012964,2024-07-31,Riverton,Regular
R012965,2025-05-17,Hillview,Occasional
R012966,2025-12-14,Lakewood,Occasional
R012967,2025-07-06,Hillview,Occasional
R012968,2024-10-25,Metroville,Frequent
R012969,2025-04-07,Riverton,Occasional
R012970,2025-10-30,Metroville,Frequent
R012971,2025-04-24,Lakewood,Frequent
R012972,2025-07-24,Riverton,Occasional
R012973,2025-10-13,Riverton,Frequent
R012974,2024-09-25,Riverton,Frequent
R012975,2024-09-02,Metroville,Regular
R012976,2024-09-08,Metroville,Frequent
R012977,2024-09-27,Riverton,Occasional
R012978,2025-05-12,Lakewood,Regular
R012979,2024-12-21,Hillview,Occasional
R012980,2025-11-19,Riverton,Frequent
R012981,2025-05-17,Lakewood,Regular
R012982,2025-05-07,Lakewood,Occasional
R012983,2025-11-26,Riverton,Regular
R012984,2025-09-19,Metroville,Regular
R012985,2024-01-24,Lakewood,Frequent
R012986,2025-12-08,Metroville,Occasional
R012987,2025-10-07,Metroville,Regular
R012988,2024-08-29,Hillview,Regular
R012989,2024-06-21,Lakewood,Regular
R012990,2025-01-29,Hillview,Regular
R012991,2026-01-01,Hillview,Occasional
R012992,2025-03-21,Riverton,Occasional
R012993,2025-02-27,Riverton,Occasional
R012994,2024-06-07,Metroville,Regular
R012995,2025-10-19,Metroville,Occasional
R012996,2025-08-06,Riverton,Frequent
R012997,2024-02-11,Metroville,Occasional
R012998,2024-07-10,Lakewood,Occasional
R012999,2025-10-07,Hillview,Frequent
R013000,2025-06-01,Riverton,Occasional
R013001,2024-10-22,Metroville,Occasional
R013002,2025-01-18,Riverton,Occasional
R013003,2024-04-02,Riverton,Regular
R013004,2025-09-04,Hillview,Occasional
R013005,2025-04-07,Riverton,Frequent
R013006,2025-01-09,Metroville,Regular
R013007,2025-03-23,Riverton,Occasional
R013008,2025-03-05,Riverton,Regular
R013009,2024-11-13,Lakewood,Frequent
R013010,2024-05-12,Riverton,Frequent
R013011,2024-12-17,Lakewood,Occasional
R013012,2025-08-14,Hillview,Frequent
R013013,2024-02-09,Hillview,Occasional
R013014,2024-10-21,Metroville,Occasional
R013015,2025-08-23,Lakewood,Regular
R013016,2025-02-28,Metroville,Regular
R013017,2024-01-19,Metroville,Occasional
R013018,2025-09-11,Metroville,Regular
R013019,2024-02-09,Lakewood,Occasional
R013020,2024-12-16,Metroville,Occasional
R013021,2024-03-24,Riverton,Frequent
R013022,2024-07-19,Metroville,Occasional
R013023,2024-10-15,Metroville,Regular
R013024,2024-07-13,Metroville,Occasional
R013025,2025-10-02,Lakewood,Occasional
R013026,2025-02-18,Metroville,Occasional
R013027,2024-09-21,Hillview,Regular
R013028,2024-08-01,Lakewood,Occasional
R013029,2024-12-30,Hillview,Regular
R013030,2024-09-04,Metroville,Occasional
R013031,2025-08-13,Metroville,Occasional
R013032,2024-06-20,Hillview,Regular
R013033,2025-05-19,Lakewood,Regular
R013034,2024-11-22,Metroville,Frequent
R013035,2024-07-12,Metroville,Regular
R013036,2024-12-07,Hillview,Occasional
R013037,2024-03-28,Metroville,Occasional
R013038,2025-01-19,Lakewood,Regular
R013039,2025-06-08,Hillview,Occasional
R013040,2025-03-09,Riverton,Occasional
R013041,2024-01-12,Riverton,Regular
R013042,2025-03-06,Lakewood,Regular
R013043,2024-01-19,Riverton,Occasional
R013044,2024-09-25,Lakewood,Regular
R013045,2025-04-09,Metroville,Occasional
R013046,2025-10-21,Lakewood,Regular
R013047,2025-12-15,Hillview,Occasional
R013048,2025-01-09,Metroville,Regular
R013049,2024-06-05,Lakewood,Occasional
R013050,2025-09-01,Lakewood,Occasional
R013051,2024-09-17,Riverton,Occasional
R013052,2025-02-12,Riverton,Frequent
R013053,2024-05-25,Lakewood,Frequent
R013054,2024-09-28,Metroville,Occasional
R013055,2024-12-17,Metroville,Regular
R013056,2025-06-24,Metroville,Frequent
R013057,2025-10-20,Riverton,Occasional
R013058,2024-05-09,Lakewood,Regular
R013059,2025-02-13,Lakewood,Occasional
R013060,2025-12-10,Lakewood,Occasional
R013061,2024-01-13,Lakewood,Occasional
R013062,2025-02-22,Riverton,Frequent
R013063,2025-07-15,Riverton,Regular
R013064,2024-03-17,Riverton,Regular
R013065,2025-05-04,Metroville,Regular
R013066,2024-11-04,Riverton,Occasional
R013067,2025-03-16,Metroville,Regular
R013068,2025-06-05,Metroville,Regular
R013069,2024-04-15,Riverton,Occasional
R013070,2024-02-19,Metroville,Occasional
R013071,2024-08-19,Metroville,Occasional
R013072,2024-07-10,Metroville,Regular
R013073,2024-07-30,Riverton,Regular
R013074,2025-11-07,Metroville,Occasional
R013075,2025-05-18,Riverton,Occasional
R013076,2024-09-17,Lakewood,Regular
R013077,2025-03-19,Metroville,Occasional
R013078,2024-04-26,Lakewood,Regular
R013079,2024-05-13,Riverton,Regular
R013080,2024-03-13,Riverton,Frequent
R013081,2024-11-08,Metroville,Occasional
R013082,2025-03-29,Riverton,Regular
R013083,2025-01-07,Lakewood,Regular
R013084,2025-02-12,Hillview,Occasional
R013085,2024-04-29,Lakewood,Regular
R013086,2025-04-19,Metroville,Occasional
R013087,2025-02-08,Riverton,Regular
R013088,2025-12-02,Metroville,Regular
R013089,2024-06-29,Riverton,Frequent
R013090,2024-02-14,Lakewood,Frequent
R013091,2024-11-29,Metroville,Frequent
R013092,2024-05-24,Metroville,Regular
R013093,2024-05-08,Metroville,Regular
R013094,2024-06-20,Metroville,Regular
R013095,2025-05-12,Lakewood,Regular
R013096,2024-11-08,Riverton,Frequent
R013097,2025-10-01,Metroville,Occasional
R013098,2024-03-29,Metroville,Regular
R013099,2025-11-13,Riverton,Occasional
R013100,2024-10-27,Metroville,Occasional
R013101,2025-01-25,Hillview,Regular
R013102,2025-08-20,Metroville,Regular
R013103,2024-12-25,Hillview,Regular
R013104,2024-04-29,Riverton,Occasional
R013105,2024-06-25,Metroville,Occasional
R013106,2025-11-01,Metroville,Regular
R013107,2024-02-21,Metroville,Occasional
R013108,2025-10-29,Metroville,Regular
R013109,2025-05-09,Lakewood,Regular
R013110,2025-01-10,Riverton,Regular
R013111,2024-08-19,Riverton,Occasional
R013112,2025-09-21,Metroville,Occasional
R013113,2024-01-24,Riverton,Occasional
R013114,2025-06-04,Metroville,Regular
R013115,2024-06-02,Metroville,Frequent
R013116,2024-09-18,Metroville,Regular
R013117,2024-02-16,Metroville,Frequent
R013118,2025-02-15,Metroville,Regular
R013119,2024-04-17,Metroville,Occasional
R013120,2024-03-26,Lakewood,Regular
R013121,2024-08-28,Hillview,Regular
R013122,2024-12-28,Riverton,Regular
R013123,2025-11-22,Hillview,Frequent
R013124,2025-08-30,Metroville,Regular
R013125,2024-10-20,Hillview,Regular
R013126,2025-03-04,Metroville,Occasional
R013127,2025-07-17,Metroville,Occasional
R013128,2024-10-06,Metroville,Occasional
R013129,2025-07-16,Lakewood,Occasional
R013130,2025-04-30,Metroville,Regular
R013131,2025-05-29,Riverton,Occasional
R013132,2025-12-16,Riverton,Occasional
R013133,2024-10-02,Metroville,Regular
R013134,2024-02-19,Riverton,Frequent
R013135,2025-01-27,Metroville,Occasional
R013136,2024-08-29,Metroville,Regular
R013137,2024-02-13,Metroville,Occasional
R013138,2024-04-24,Metroville,Frequent
R013139,2025-01-25,Metroville,Occasional
R013140,2025-12-01,Metroville,Regular
R013141,2024-09-04,Metroville,Occasional
R013142,2025-02-03,Hillview,Frequent
R013143,2024-05-09,Hillview,Regular
R013144,2024-04-04,Hillview,Frequent
R013145,2025-07-26,Metroville,Occasional
R013146,2025-03-24,Metroville,Regular
R013147,2024-05-18,Lakewood,Occasional
R013148,2025-01-01,Riverton,Occasional
R013149,2025-02-28,Metroville,Regular
R013150,2024-02-13,Riverton,Occasional
R013151,2024-08-07,Hillview,Occasional
R013152,2025-09-24,Metroville,Occasional
R013153,2024-09-22,Hillview,Occasional
R013154,2025-06-03,Metroville,Regular
R013155,2025-03-19,Lakewood,Occasional
R013156,2024-01-04,Metroville,Frequent
R013157,2025-11-24,Lakewood,Occasional
R013158,2025-12-03,Metroville,Frequent
R013159,2025-05-04,Lakewood,Occasional
R013160,2024-04-26,Metroville,Regular
R013161,2025-09-10,Lakewood,Regular
R013162,2024-01-01,Riverton,Occasional
R013163,2025-01-08,Metroville,Occasional
R013164,2024-11-08,Lakewood,Occasional
R013165,2025-05-25,Hillview,Frequent
R013166,2024-04-13,Hillview,Frequent
R013167,2025-10-02,Hillview,Occasional
R013168,2025-02-21,Metroville,Occasional
R013169,2024-07-09,Lakewood,Occasional
R013170,2024-08-15,Riverton,Occasional
R013171,2025-05-17,Hillview,Occasional
R013172,2024-05-15,Metroville,Regular
R013173,2024-08-05,Hillview,Regular
R013174,2025-12-22,Lakewood,Occasional
R013175,2025-10-06,Riverton,Regular
R013176,2024-08-31,Lakewood,Occasional
R013177,2025-02-10,Metroville,Regular
R013178,2024-10-30,Metroville,Occasional
R013179,2024-05-26,Metroville,Occasional
R013180,2024-08-03,Riverton,Occasional
R013181,2024-03-20,Lakewood,Occasional
R013182,2025-09-04,Lakewood,Regular
R013183,2024-06-29,Riverton,Occasional
R013184,2024-05-24,Lakewood,Occasional
R013185,2025-04-12,Metroville,Regular
R013186,2024-04-03,Metroville,Regular
R013187,2025-11-30,Lakewood,Occasional
R013188,2025-10-07,Lakewood,Frequent
R013189,2024-10-29,Hillview,Regular
R013190,2024-05-14,Hillview,Frequent
R013191,2024-04-12,Lakewood,Frequent
R013192,2025-09-20,Metroville,Regular
R013193,2024-11-18,Riverton,Occasional
R013194,2025-02-27,Metroville,Regular
R013195,2024-03-31,Lakewood,Occasional
R013196,2025-08-25,Hillview,Occasional
R013197,2025-01-13,Hillview,Occasional
R013198,2024-02-21,Hillview,Occasional
R013199,2024-02-25,Metroville,Regular
R013200,2025-12-06,Lakewood,Regular
R013201,2024-02-11,Riverton,Frequent
R013202,2024-08-07,Metroville,Regular
R013203,2024-01-10,Riverton,Occasional
R013204,2024-02-12,Metroville,Frequent
R013205,2025-08-17,Hillview,Frequent
R013206,2025-07-13,Lakewood,Occasional
R013207,2024-08-30,Metroville,Frequent
R013208,2024-05-10,Hillview,Regular
R013209,2024-07-01,Riverton,Occasional
R013210,2024-09-14,Lakewood,Occasional
R013211,2025-07-22,Hillview,Regular
R013212,2025-03-11,Riverton,Frequent
R013213,2024-11-21,Lakewood,Occasional
R013214,2024-02-20,Lakewood,Frequent
R013215,2024-03-25,Hillview,Occasional
R013216,2024-05-27,Lakewood,Regular
R013217,2024-06-04,Riverton,Regular
R013218,2024-12-24,Hillview,Occasional
R013219,2025-09-23,Metroville,Occasional
R013220,2024-11-04,Riverton,Occasional
R013221,2024-08-28,Riverton,Occasional
R013222,2025-02-12,Metroville,Occasional
R013223,2024-02-25,Riverton,Regular
R013224,2025-06-17,Hillview,Regular
R013225,2024-02-10,Lakewood,Occasional
R013226,2024-09-15,Metroville,Occasional
R013227,2025-11-28,Metroville,Regular
R013228,2024-10-23,Metroville,Frequent
R013229,2025-07-01,Lakewood,Regular
R013230,2024-07-18,Riverton,Occasional
R013231,2025-09-15,Lakewood,Occasional
R013232,2024-09-05,Lakewood,Regular
R013233,2024-06-15,Lakewood,Regular
R013234,2024-02-07,Riverton,Occasional
R013235,2024-08-12,Hillview,Regular
R013236,2025-02-28,Hillview,Occasional
R013237,2024-02-16,Riverton,Occasional
R013238,2024-05-06,Metroville,Regular
R013239,2024-09-10,Hillview,Occasional
R013240,2025-06-08,Hillview,Occasional
R013241,2025-03-12,Hillview,Regular
R013242,2024-01-31,Riverton,Occasional
R013243,2024-01-27,Metroville,Occasional
R013244,2024-02-13,Lakewood,Occasional
R013245,2024-08-30,Metroville,Regular
R013246,2024-07-27,Lakewood,Frequent
R013247,2024-03-26,Lakewood,Regular
R013248,2024-11-16,Hillview,Frequent
R013249,2025-03-08,Lakewood,Frequent
R013250,2025-05-22,Lakewood,Frequent
R013251,2025-12-29,Riverton,Occasional
R013252,2025-05-21,Metroville,Regular
R013253,2025-12-22,Metroville,Regular
R013254,2025-12-13,Riverton,Occasional
R013255,2025-09-11,Metroville,Occasional
R013256,2024-09-14,Metroville,Frequent
R013257,2024-02-01,Lakewood,Occasional
R013258,2024-02-13,Metroville,Frequent
R013259,2025-09-29,Metroville,Occasional
R013260,2025-09-22,Lakewood,Occasional
R013261,2024-08-14,Hillview,Occasional
R013262,2025-06-18,Metroville,Regular
R013263,2024-11-28,Lakewood,Occasional
R013264,2024-02-19,Lakewood,Regular
R013265,2025-04-23,Riverton,Regular
R013266,2024-03-02,Lakewood,Occasional
R013267,2024-04-05,Riverton,Occasional
R013268,2024-12-14,Hillview,Regular
R013269,2024-02-21,Metroville,Frequent
R013270,2024-09-07,Hillview,Regular
R013271,2025-07-05,Metroville,Regular
R013272,2025-03-12,Riverton,Regular
R013273,2024-02-10,Riverton,Frequent
R013274,2024-06-09,Lakewood,Occasional
R013275,2025-12-28,Lakewood,Occasional
R013276,2025-12-03,Lakewood,Occasional
R013277,2025-11-03,Metroville,Occasional
R013278,2025-01-09,Lakewood,Occasional
R013279,2024-11-11,Riverton,Frequent
R013280,2025-07-03,Lakewood,Regular
R013281,2025-12-01,Lakewood,Regular
R013282,2024-04-02,Metroville,Frequent
R013283,2025-10-17,Riverton,Occasional
R013284,2025-03-27,Lakewood,Frequent
R013285,2024-04-13,Lakewood,Regular
R013286,2025-09-25,Hillview,Occasional
R013287,2024-01-24,Metroville,Occasional
R013288,2024-01-17,Metroville,Occasional
R013289,2024-09-26,Hillview,Frequent
R013290,2025-01-30,Riverton,Frequent
R013291,2024-11-09,Lakewood,Occasional
R013292,2024-06-29,Metroville,Regular
R013293,2025-04-26,Lakewood,Occasional
R013294,2024-12-16,Riverton,Regular
R013295,2024-03-28,Lakewood,Occasional
R013296,2025-08-20,Hillview,Occasional
R013297,2024-08-14,Metroville,Frequent
R013298,2025-05-20,Lakewood,Occasional
R013299,2024-09-13,Metroville,Regular
R013300,2025-07-06,Lakewood,Occasional
R013301,2024-07-25,Hillview,Occasional
R013302,2024-06-03,Metroville,Regular
R013303,2024-02-24,Riverton,Frequent
R013304,2025-09-01,Metroville,Regular
R013305,2025-06-12,Lakewood,Occasional
R013306,2025-03-25,Metroville,Frequent
R013307,2025-03-20,Lakewood,Occasional
R013308,2024-02-20,Hillview,Frequent
R013309,2024-10-28,Metroville,Frequent
R013310,2025-09-23,Metroville,Frequent
R013311,2024-07-30,Metroville,Regular
R013312,2024-02-10,Lakewood,Frequent
R013313,2025-09-06,Metroville,Frequent
R013314,2024-01-22,Hillview,Frequent
R013315,2025-05-19,Riverton,Occasional
R013316,2025-09-02,Riverton,Occasional
R013317,2025-06-29,Metroville,Frequent
R013318,2024-01-10,Lakewood,Occasional
R013319,2025-10-18,Riverton,Regular
R013320,2024-03-05,Lakewood,Regular
R013321,2025-09-15,Riverton,Occasional
R013322,2024-01-13,Riverton,Occasional
R013323,2024-12-25,Hillview,Occasional
R013324,2025-10-06,Lakewood,Occasional
R013325,2024-07-11,Hillview,Frequent
R013326,2024-02-02,Metroville,Occasional
R013327,2024-03-05,Lakewood,Occasional
R013328,2024-09-29,Riverton,Occasional
R013329,2024-09-20,Lakewood,Occasional
R013330,2024-06-07,Metroville,Regular
R013331,2024-11-30,Lakewood,Occasional
R013332,2024-09-07,Metroville,Occasional
R013333,2025-03-08,Lakewood,Frequent
R013334,2024-07-31,Metroville,Regular
R013335,2024-08-18,Lakewood,Occasional
R013336,2025-10-11,Lakewood,Regular
R013337,2025-07-28,Metroville,Occasional
R013338,2025-07-16,Riverton,Occasional
R013339,2024-10-04,Metroville,Occasional
R013340,2025-10-09,Lakewood,Regular
R013341,2024-09-06,Hillview,Occasional
R013342,2025-06-11,Hillview,Regular
R013343,2025-07-03,Lakewood,Regular
R013344,2024-08-29,Lakewood,Occasional
R013345,2025-03-26,Lakewood,Regular
R013346,2024-05-16,Lakewood,Regular
R013347,2024-10-08,Metroville,Frequent
R013348,2025-01-22,Metroville,Regular
R013349,2025-05-02,Hillview,Occasional
R013350,2024-09-18,Metroville,Regular
R013351,2025-06-05,Metroville,Occasional
R013352,2025-04-15,Metroville,Occasional
R013353,2025-09-24,Metroville,Occasional
R013354,2024-01-29,Metroville,Regular
R013355,2025-01-10,Lakewood,Occasional
R013356,2025-06-05,Lakewood,Frequent
R013357,2024-11-05,Hillview,Occasional
R013358,2024-08-07,Riverton,Occasional
R013359,2025-03-01,Riverton,Regular
R013360,2024-12-04,Lakewood,Frequent
R013361,2024-11-10,Metroville,Occasional
R013362,2025-12-17,Hillview,Regular
R013363,2024-11-05,Lakewood,Regular
R013364,2024-06-06,Riverton,Regular
R013365,2024-01-13,Metroville,Occasional
R013366,2024-03-27,Lakewood,Occasional
R013367,2025-01-28,Metroville,Frequent
R013368,2024-06-02,Metroville,Regular
R013369,2024-03-21,Riverton,Occasional
R013370,2024-09-14,Hillview,Regular
R013371,2024-06-24,Hillview,Occasional
R013372,2025-01-27,Riverton,Occasional
R013373,2024-02-11,Riverton,Regular
R013374,2025-12-18,Hillview,Occasional
R013375,2025-10-29,Riverton,Regular
R013376,2025-09-28,Riverton,Occasional
R013377,2024-05-05,Metroville,Occasional
R013378,2025-06-07,Hillview,Occasional
R013379,2024-01-10,Lakewood,Occasional
R013380,2025-06-11,Metroville,Regular
R013381,2025-08-06,Lakewood,Regular
R013382,2024-07-26,Hillview,Regular
R013383,2024-12-05,Riverton,Frequent
R013384,2025-11-10,Metroville,Occasional
R013385,2024-05-25,Lakewood,Regular
R013386,2025-01-29,Riverton,Regular
R013387,2024-08-10,Riverton,Occasional
R013388,2024-04-28,Metroville,Regular
R013389,2025-05-14,Riverton,Regular
R013390,2025-11-26,Riverton,Occasional
R013391,2025-02-17,Metroville,Regular
R013392,2025-01-05,Metroville,Occasional
R013393,2025-01-25,Lakewood,Occasional
R013394,2024-04-23,Riverton,Regular
R013395,2024-05-27,Hillview,Frequent
R013396,2025-06-22,Hillview,Frequent
R013397,2025-03-04,Riverton,Regular
R013398,2024-06-20,Lakewood,Occasional
R013399,2024-01-15,Metroville,Regular
R013400,2024-05-17,Lakewood,Frequent
R013401,2025-01-04,Lakewood,Frequent
R013402,2024-07-14,Riverton,Frequent
R013403,2025-06-19,Hillview,Regular
R013404,2025-02-27,Metroville,Regular
R013405,2024-04-17,Lakewood,Occasional
R013406,2024-08-02,Lakewood,Regular
R013407,2024-01-27,Lakewood,Regular
R013408,2024-01-30,Metroville,Occasional
R013409,2025-07-04,Lakewood,Regular
R013410,2024-10-10,Metroville,Frequent
R013411,2025-10-07,Lakewood,Occasional
R013412,2024-06-20,Hillview,Occasional
R013413,2024-08-23,Lakewood,Occasional
R013414,2025-01-09,Metroville,Regular
R013415,2024-07-24,Hillview,Frequent
R013416,2024-12-02,Metroville,Regular
R013417,2024-03-30,Metroville,Occasional
R013418,2024-02-27,Hillview,Regular
R013419,2025-09-22,Riverton,Occasional
R013420,2024-06-28,Metroville,Regular
R013421,2024-03-15,Riverton,Regular
R013422,2024-07-25,Lakewood,Regular
R013423,2024-11-03,Hillview,Regular
R013424,2024-12-20,Lakewood,Frequent
R013425,2025-07-14,Riverton,Occasional
R013426,2025-08-24,Metroville,Occasional
R013427,2024-08-01,Metroville,Regular
R013428,2024-06-09,Metroville,Frequent
R013429,2024-03-31,Lakewood,Frequent
R013430,2024-04-25,Lakewood,Frequent
R013431,2024-01-21,Metroville,Regular
R013432,2024-01-01,Metroville,Frequent
R013433,2024-11-02,Lakewood,Regular
R013434,2025-03-19,Metroville,Occasional
R013435,2025-08-22,Hillview,Regular
R013436,2024-08-26,Hillview,Regular
R013437,2024-07-30,Lakewood,Regular
R013438,2025-05-05,Hillview,Occasional
R013439,2025-04-11,Riverton,Frequent
R013440,2025-05-20,Lakewood,Frequent
R013441,2024-05-04,Lakewood,Frequent
R013442,2024-02-02,Metroville,Occasional
R013443,2025-02-02,Metroville,Occasional
R013444,2024-11-02,Lakewood,Frequent
R013445,2024-07-08,Metroville,Frequent
R013446,2025-12-09,Riverton,Occasional
R013447,2024-04-26,Metroville,Regular
R013448,2024-07-20,Lakewood,Occasional
R013449,2025-07-02,Lakewood,Frequent
R013450,2025-01-22,Metroville,Regular
R013451,2024-06-18,Metroville,Regular
R013452,2025-01-28,Lakewood,Occasional
R013453,2024-11-02,Metroville,Occasional
R013454,2024-07-09,Metroville,Frequent
R013455,2025-05-06,Metroville,Regular
R013456,2025-07-24,Lakewood,Occasional
R013457,2024-02-20,Hillview,Occasional
R013458,2024-01-03,Riverton,Regular
R013459,2025-10-23,Lakewood,Frequent
R013460,2024-06-15,Riverton,Regular
R013461,2024-03-04,Hillview,Regular
R013462,2025-03-09,Lakewood,Frequent
R013463,2024-08-24,Hillview,Regular
R013464,2025-11-02,Riverton,Frequent
R013465,2025-12-04,Metroville,Occasional
R013466,2024-01-07,Lakewood,Occasional
R013467,2024-05-20,Hillview,Frequent
R013468,2025-03-15,Metroville,Frequent
R013469,2024-09-03,Metroville,Occasional
R013470,2024-01-03,Metroville,Regular
R013471,2024-12-04,Metroville,Regular
R013472,2025-03-31,Metroville,Frequent
R013473,2025-12-25,Lakewood,Regular
R013474,2024-10-28,Riverton,Frequent
R013475,2025-07-31,Metroville,Regular
R013476,2024-11-14,Hillview,Occasional
R013477,2025-05-06,Hillview,Occasional
R013478,2025-12-09,Lakewood,Frequent
R013479,2025-08-17,Hillview,Frequent
R013480,2025-05-14,Lakewood,Occasional
R013481,2025-08-28,Metroville,Regular
R013482,2024-05-23,Metroville,Occasional
R013483,2025-08-05,Lakewood,Regular
R013484,2025-12-31,Hillview,Occasional
R013485,2025-12-13,Metroville,Frequent
R013486,2024-07-06,Lakewood,Regular
R013487,2024-11-08,Riverton,Regular
R013488,2025-05-17,Hillview,Occasional
R013489,2024-02-23,Hillview,Occasional
R013490,2025-05-12,Metroville,Regular
R013491,2024-07-20,Metroville,Occasional
R013492,2025-09-13,Metroville,Occasional
R013493,2025-03-25,Metroville,Frequent
R013494,2024-10-18,Hillview,Regular
R013495,2024-02-06,Riverton,Occasional
R013496,2025-05-24,Hillview,Frequent
R013497,2025-01-27,Lakewood,Regular
R013498,2025-04-03,Lakewood,Regular
R013499,2024-01-14,Metroville,Regular
R013500,2024-11-15,Lakewood,Occasional
R013501,2025-07-07,Riverton,Occasional
R013502,2025-11-01,Riverton,Occasional
R013503,2024-09-13,Riverton,Occasional
R013504,2024-07-03,Hillview,Frequent
R013505,2025-05-31,Metroville,Frequent
R013506,2024-06-13,Metroville,Occasional
R013507,2025-10-12,Riverton,Frequent
R013508,2025-04-06,Lakewood,Frequent
R013509,2025-11-08,Metroville,Occasional
R013510,2024-05-19,Metroville,Regular
R013511,2024-03-02,Hillview,Regular
R013512,2025-08-30,Hillview,Occasional
R013513,2024-07-30,Metroville,Occasional
R013514,2024-09-05,Riverton,Occasional
R013515,2024-07-15,Metroville,Regular
R013516,2024-11-04,Metroville,Occasional
R013517,2025-10-19,Metroville,Regular
R013518,2025-05-14,Metroville,Regular
R013519,2024-02-22,Hillview,Regular
R013520,2025-10-09,Metroville,Occasional
R013521,2024-11-19,Lakewood,Occasional
R013522,2025-05-20,Hillview,Regular
R013523,2024-09-24,Metroville,Occasional
R013524,2024-03-09,Lakewood,Occasional
R013525,2024-11-03,Lakewood,Occasional
R013526,2024-09-04,Metroville,Frequent
R013527,2024-01-14,Metroville,Regular
R013528,2025-07-03,Riverton,Regular
R013529,2025-09-22,Lakewood,Frequent
R013530,2025-10-26,Metroville,Regular
R013531,2024-06-27,Lakewood,Occasional
R013532,2025-04-08,Riverton,Frequent
R013533,2025-01-24,Riverton,Occasional
R013534,2025-03-12,Hillview,Occasional
R013535,2025-08-07,Riverton,Occasional
R013536,2024-10-04,Metroville,Occasional
R013537,2024-07-20,Metroville,Regular
R013538,2024-12-15,Lakewood,Occasional
R013539,2025-05-02,Lakewood,Regular
R013540,2024-11-12,Lakewood,Regular
R013541,2024-08-10,Riverton,Frequent
R013542,2024-02-10,Metroville,Occasional
R013543,2025-02-23,Hillview,Regular
R013544,2024-01-16,Lakewood,Regular
R013545,2024-12-10,Riverton,Occasional
R013546,2025-03-27,Lakewood,Occasional
R013547,2024-12-03,Riverton,Occasional
R013548,2025-01-08,Hillview,Occasional
R013549,2024-07-22,Metroville,Occasional
R013550,2024-06-28,Lakewood,Frequent
R013551,2025-09-10,Riverton,Occasional
R013552,2025-10-15,Hillview,Regular
R013553,2024-04-27,Riverton,Regular
R013554,2024-05-31,Metroville,Occasional
R013555,2024-09-18,Riverton,Regular
R013556,2025-05-27,Riverton,Frequent
R013557,2024-02-15,Metroville,Regular
R013558,2025-07-31,Riverton,Frequent
R013559,2024-01-06,Lakewood,Occasional
R013560,2025-09-07,Metroville,Occasional
R013561,2024-01-30,Metroville,Occasional
R013562,2025-09-06,Riverton,Regular
R013563,2025-11-21,Metroville,Regular
R013564,2025-08-04,Metroville,Regular
R013565,2025-12-21,Riverton,Frequent
R013566,2024-12-01,Metroville,Occasional
R013567,2025-04-14,Metroville,Regular
R013568,2025-04-01,Hillview,Regular
R013569,2024-01-09,Lakewood,Occasional
R013570,2025-09-19,Metroville,Regular
R013571,2025-05-31,Metroville,Regular
R013572,2024-11-03,Metroville,Frequent
R013573,2024-06-06,Riverton,Regular
R013574,2025-05-06,Lakewood,Regular
R013575,2025-12-19,Metroville,Frequent
R013576,2024-04-26,Hillview,Regular
R013577,2025-11-04,Riverton,Occasional
R013578,2025-02-17,Riverton,Regular
R013579,2025-07-31,Riverton,Occasional
R013580,2024-04-13,Hillview,Occasional
R013581,2024-03-17,Metroville,Frequent
R013582,2025-04-28,Metroville,Occasional
R013583,2024-07-26,Metroville,Frequent
R013584,2024-10-02,Metroville,Regular
R013585,2025-03-31,Hillview,Regular
R013586,2024-06-15,Riverton,Regular
R013587,2024-09-07,Metroville,Regular
R013588,2024-09-21,Metroville,Frequent
R013589,2024-09-15,Riverton,Regular
R013590,2025-05-28,Lakewood,Occasional
R013591,2024-04-21,Riverton,Frequent
R013592,2025-10-26,Hillview,Regular
R013593,2025-06-08,Riverton,Occasional
R013594,2024-01-09,Metroville,Frequent
R013595,2025-02-17,Riverton,Occasional
R013596,2024-05-02,Lakewood,Occasional
R013597,2024-04-21,Hillview,Regular
R013598,2025-05-31,Metroville,Frequent
R013599,2024-07-01,Riverton,Frequent
R013600,2025-02-20,Lakewood,Occasional
R013601,2024-07-27,Lakewood,Regular
R013602,2024-08-21,Metroville,Occasional
R013603,2025-05-06,Metroville,Regular
R013604,2025-04-22,Riverton,Occasional
R013605,2024-01-16,Metroville,Occasional
R013606,2025-09-26,Lakewood,Frequent
R013607,2025-03-05,Lakewood,Regular
R013608,2024-07-07,Metroville,Regular
R013609,2024-03-23,Riverton,Occasional
R013610,2024-12-21,Metroville,Occasional
R013611,2025-05-24,Lakewood,Regular
R013612,2024-01-16,Metroville,Occasional
R013613,2024-07-31,Lakewood,Occasional
R013614,2025-11-23,Lakewood,Occasional
R013615,2024-03-14,Hillview,Regular
R013616,2025-08-09,Metroville,Frequent
R013617,2024-06-23,Metroville,Occasional
R013618,2025-01-04,Metroville,Regular
R013619,2025-07-12,Metroville,Occasional
R013620,2025-12-27,Lakewood,Regular
R013621,2025-03-17,Hillview,Regular
R013622,2024-06-10,Lakewood,Occasional
R013623,2024-02-29,Metroville,Occasional
R013624,2025-06-28,Hillview,Occasional
R013625,2025-02-27,Riverton,Frequent
R013626,2025-07-17,Lakewood,Regular
R013627,2025-12-23,Riverton,Occasional
R013628,2025-08-31,Riverton,Regular
R013629,2025-01-02,Hillview,Regular
R013630,2025-05-16,Metroville,Occasional
R013631,2025-04-02,Lakewood,Regular
R013632,2024-05-19,Riverton,Occasional
R013633,2024-08-14,Hillview,Occasional
R013634,2024-03-07,Riverton,Frequent
R013635,2024-09-26,Metroville,Regular
R013636,2024-05-12,Hillview,Frequent
R013637,2025-10-18,Lakewood,Regular
R013638,2025-09-20,Lakewood,Frequent
R013639,2025-06-16,Metroville,Occasional
R013640,2024-10-21,Riverton,Occasional
R013641,2024-01-06,Lakewood,Regular
R013642,2025-02-03,Hillview,Regular
R013643,2024-01-19,Lakewood,Occasional
R013644,2024-01-19,Metroville,Regular
R013645,2024-04-23,Riverton,Occasional
R013646,2024-12-25,Metroville,Occasional
R013647,2025-07-02,Metroville,Occasional
R013648,2024-10-26,Hillview,Frequent
R013649,2025-07-21,Hillview,Occasional
R013650,2025-01-26,Riverton,Occasional
R013651,2025-10-16,Metroville,Regular
R013652,2024-10-01,Riverton,Occasional
R013653,2024-08-07,Lakewood,Occasional
R013654,2024-02-25,Lakewood,Occasional
R013655,2024-06-09,Lakewood,Frequent
R013656,2024-02-02,Lakewood,Occasional
R013657,2024-05-07,Metroville,Regular
R013658,2025-11-26,Lakewood,Occasional
R013659,2025-02-02,Metroville,Frequent
R013660,2025-03-17,Hillview,Regular
R013661,2024-10-08,Hillview,Frequent
R013662,2025-04-15,Lakewood,Frequent
R013663,2025-02-15,Hillview,Frequent
R013664,2025-11-01,Riverton,Occasional
R013665,2025-08-05,Hillview,Regular
R013666,2025-02-07,Hillview,Regular
R013667,2025-07-26,Metroville,Occasional
R013668,2025-03-26,Riverton,Occasional
R013669,2025-12-29,Metroville,Occasional
R013670,2025-01-17,Hillview,Frequent
R013671,2025-09-14,Lakewood,Frequent
R013672,2024-05-08,Riverton,Frequent
R013673,2024-05-03,Metroville,Occasional
R013674,2024-08-16,Metroville,Regular
R013675,2025-08-25,Metroville,Occasional
R013676,2025-10-09,Metroville,Frequent
R013677,2024-10-20,Lakewood,Regular
R013678,2024-11-20,Metroville,Regular
R013679,2024-12-24,Hillview,Frequent
R013680,2024-05-29,Hillview,Occasional
R013681,2025-01-28,Lakewood,Occasional
R013682,2025-08-29,Hillview,Occasional
R013683,2025-07-03,Lakewood,Occasional
R013684,2024-03-04,Hillview,Regular
R013685,2024-09-15,Riverton,Frequent
R013686,2025-04-13,Riverton,Frequent
R013687,2025-03-10,Metroville,Frequent
R013688,2025-05-27,Riverton,Occasional
R013689,2025-07-01,Riverton,Occasional
R013690,2024-08-10,Metroville,Occasional
R013691,2024-12-09,Metroville,Regular
R013692,2024-05-02,Hillview,Regular
R013693,2025-06-08,Hillview,Regular
R013694,2024-11-24,Riverton,Occasional
R013695,2024-09-12,Metroville,Regular
R013696,2025-07-06,Lakewood,Occasional
R013697,2025-11-17,Metroville,Occasional
R013698,2025-10-11,Hillview,Regular
R013699,2024-04-08,Metroville,Frequent
R013700,2025-08-19,Metroville,Regular
R013701,2025-02-19,Lakewood,Occasional
R013702,2024-03-21,Riverton,Occasional
R013703,2024-10-10,Hillview,Frequent
R013704,2024-06-12,Lakewood,Regular
R013705,2024-07-07,Metroville,Frequent
R013706,2025-03-27,Metroville,Regular
R013707,2024-10-22,Riverton,Occasional
R013708,2025-06-03,Metroville,Regular
R013709,2025-08-13,Riverton,Frequent
R013710,2024-01-07,Lakewood,Frequent
R013711,2025-08-26,Lakewood,Regular
R013712,2024-04-14,Metroville,Frequent
R013713,2024-01-05,Hillview,Regular
R013714,2024-03-09,Riverton,Regular
R013715,2024-02-07,Lakewood,Frequent
R013716,2024-09-06,Lakewood,Occasional
R013717,2025-09-06,Lakewood,Occasional
R013718,2025-05-13,Lakewood,Occasional
R013719,2024-11-19,Hillview,Regular
R013720,2025-11-21,Lakewood,Frequent
R013721,2024-12-22,Metroville,Occasional
R013722,2024-03-06,Hillview,Regular
R013723,2024-01-15,Lakewood,Regular
R013724,2025-01-05,Metroville,Regular
R013725,2024-06-13,Metroville,Occasional
R013726,2024-09-29,Lakewood,Occasional
R013727,2024-08-14,Riverton,Occasional
R013728,2024-10-18,Hillview,Occasional
R013729,2025-12-05,Metroville,Occasional
R013730,2024-02-19,Lakewood,Regular
R013731,2024-03-20,Metroville,Regular
R013732,2024-07-30,Lakewood,Regular
R013733,2025-06-27,Riverton,Regular
R013734,2024-07-03,Metroville,Occasional
R013735,2024-07-01,Hillview,Regular
R013736,2025-06-09,Metroville,Occasional
R013737,2025-03-16,Riverton,Regular
R013738,2025-04-14,Riverton,Frequent
R013739,2025-04-27,Lakewood,Regular
R013740,2025-04-10,Hillview,Occasional
R013741,2025-02-10,Riverton,Occasional
R013742,2025-01-15,Riverton,Regular
R013743,2025-07-15,Lakewood,Frequent
R013744,2024-09-07,Riverton,Regular
R013745,2024-08-23,Metroville,Occasional
R013746,2024-06-27,Riverton,Regular
R013747,2025-08-30,Hillview,Occasional
R013748,2024-01-09,Riverton,Occasional
R013749,2024-06-02,Riverton,Occasional
R013750,2024-04-18,Hillview,Regular
R013751,2024-09-30,Metroville,Frequent
R013752,2024-06-09,Riverton,Occasional
R013753,2025-01-04,Hillview,Regular
R013754,2025-12-15,Metroville,Regular
R013755,2024-11-08,Metroville,Regular
R013756,2025-12-11,Metroville,Occasional
R013757,2024-08-14,Hillview,Regular
R013758,2025-07-15,Hillview,Frequent
R013759,2024-04-11,Hillview,Occasional
R013760,2025-03-22,Lakewood,Regular
R013761,2025-07-04,Riverton,Regular
R013762,2025-05-04,Metroville,Frequent
R013763,2025-11-17,Hillview,Occasional
R013764,2025-03-15,Hillview,Frequent
R013765,2025-03-05,Lakewood,Occasional
R013766,2025-04-18,Metroville,Regular
R013767,2024-09-15,Hillview,Regular
R013768,2024-06-09,Hillview,Regular
R013769,2025-10-24,Hillview,Occasional
R013770,2025-12-15,Lakewood,Occasional
R013771,2025-11-12,Metroville,Frequent
R013772,2025-07-07,Lakewood,Regular
R013773,2024-06-12,Lakewood,Regular
R013774,2024-06-20,Hillview,Occasional
R013775,2024-08-14,Metroville,Frequent
R013776,2025-01-10,Riverton,Regular
R013777,2024-06-21,Hillview,Frequent
R013778,2025-07-31,Metroville,Occasional
R013779,2024-03-02,Lakewood,Occasional
R013780,2025-10-28,Riverton,Regular
R013781,2024-11-27,Lakewood,Regular
R013782,2024-10-07,Lakewood,Frequent
R013783,2024-11-25,Riverton,Occasional
R013784,2024-12-20,Metroville,Regular
R013785,2025-02-07,Riverton,Occasional
R013786,2024-08-14,Hillview,Regular
R013787,2024-08-10,Metroville,Frequent
R013788,2024-10-02,Metroville,Regular
R013789,2024-04-24,Metroville,Occasional
R013790,2024-06-15,Riverton,Regular
R013791,2024-11-02,Lakewood,Regular
R013792,2024-01-22,Lakewood,Regular
R013793,2024-11-03,Riverton,Occasional
R013794,2024-10-31,Lakewood,Regular
R013795,2024-01-02,Riverton,Regular
R013796,2024-12-10,Hillview,Occasional
R013797,2025-04-29,Lakewood,Occasional
R013798,2025-07-24,Hillview,Regular
R013799,2024-10-10,Lakewood,Regular
R013800,2025-01-17,Lakewood,Occasional
R013801,2024-02-27,Metroville,Frequent
R013802,2024-08-26,Riverton,Regular
R013803,2025-04-30,Riverton,Occasional
R013804,2024-12-05,Riverton,Frequent
R013805,2025-11-29,Lakewood,Regular
R013806,2025-08-05,Hillview,Occasional
R013807,2025-10-25,Metroville,Frequent
R013808,2024-12-18,Riverton,Regular
R013809,2024-02-26,Lakewood,Occasional
R013810,2025-02-10,Metroville,Occasional
R013811,2025-11-23,Lakewood,Frequent
R013812,2024-05-06,Metroville,Occasional
R013813,2025-12-03,Metroville,Occasional
R013814,2024-01-06,Lakewood,Frequent
R013815,2025-03-25,Hillview,Occasional
R013816,2025-11-11,Hillview,Frequent
R013817,2024-06-03,Hillview,Occasional
R013818,2024-07-15,Metroville,Occasional
R013819,2025-08-13,Metroville,Regular
R013820,2024-09-11,Metroville,Occasional
R013821,2025-04-24,Riverton,Occasional
R013822,2024-03-25,Hillview,Occasional
R013823,2025-05-06,Lakewood,Occasional
R013824,2025-01-10,Lakewood,Frequent
R013825,2025-01-01,Metroville,Occasional
R013826,2025-06-23,Riverton,Frequent
R013827,2024-11-23,Hillview,Regular
R013828,2025-05-17,Riverton,Regular
R013829,2024-11-07,Riverton,Regular
R013830,2025-09-18,Lakewood,Occasional
R013831,2025-02-10,Lakewood,Frequent
R013832,2024-07-28,Lakewood,Regular
R013833,2025-10-05,Hillview,Frequent
R013834,2024-08-18,Riverton,Occasional
R013835,2025-11-20,Metroville,Regular
R013836,2025-12-07,Lakewood,Regular
R013837,2025-02-12,Metroville,Occasional
R013838,2024-11-30,Metroville,Occasional
R013839,2024-07-13,Metroville,Regular
R013840,2025-09-02,Hillview,Regular
R013841,2024-07-15,Metroville,Occasional
R013842,2025-03-23,Hillview,Frequent
R013843,2025-08-11,Metroville,Occasional
R013844,2024-05-12,Lakewood,Frequent
R013845,2024-05-06,Riverton,Regular
R013846,2025-12-01,Metroville,Frequent
R013847,2025-12-23,Hillview,Regular
R013848,2024-08-25,Riverton,Regular
R013849,2024-06-18,Metroville,Occasional
R013850,2025-04-14,Hillview,Frequent
R013851,2025-03-03,Metroville,Occasional
R013852,2024-07-05,Metroville,Regular
R013853,2024-06-06,Hillview,Occasional
R013854,2025-02-25,Metroville,Occasional
R013855,2024-07-20,Riverton,Frequent
R013856,2025-01-31,Metroville,Occasional
R013857,2025-05-18,Hillview,Occasional
R013858,2024-07-10,Lakewood,Occasional
R013859,2025-02-22,Metroville,Frequent
R013860,2025-12-24,Hillview,Regular
R013861,2025-01-28,Riverton,Regular
R013862,2024-04-12,Riverton,Frequent
R013863,2025-06-22,Lakewood,Regular
R013864,2024-11-20,Riverton,Frequent
R013865,2025-06-08,Metroville,Occasional
R013866,2024-01-23,Lakewood,Occasional
R013867,2025-06-04,Lakewood,Regular
R013868,2025-05-14,Lakewood,Occasional
R013869,2024-01-03,Metroville,Regular
R013870,2024-12-04,Riverton,Regular
R013871,2024-12-10,Metroville,Occasional
R013872,2025-02-13,Lakewood,Occasional
R013873,2025-03-27,Riverton,Frequent
R013874,2025-05-26,Metroville,Regular
R013875,2025-10-30,Metroville,Regular
R013876,2025-07-13,Metroville,Regular
R013877,2024-08-15,Metroville,Occasional
R013878,2025-12-07,Riverton,Regular
R013879,2024-12-16,Lakewood,Frequent
R013880,2025-09-24,Lakewood,Frequent
R013881,2024-12-21,Metroville,Occasional
R013882,2024-08-25,Lakewood,Occasional
R013883,2025-06-13,Metroville,Occasional
R013884,2025-06-16,Metroville,Occasional
R013885,2024-03-29,Lakewood,Occasional
R013886,2024-02-25,Riverton,Regular
R013887,2025-07-08,Metroville,Occasional
R013888,2024-04-09,Metroville,Regular
R013889,2024-12-02,Riverton,Frequent
R013890,2024-12-02,Metroville,Occasional
R013891,2024-11-17,Metroville,Occasional
R013892,2024-12-02,Hillview,Occasional
R013893,2025-11-26,Metroville,Frequent
R013894,2025-01-05,Riverton,Regular
R013895,2025-09-27,Riverton,Occasional
R013896,2024-12-13,Metroville,Occasional
R013897,2024-12-11,Lakewood,Frequent
R013898,2025-04-14,Lakewood,Regular
R013899,2024-06-20,Metroville,Occasional
R013900,2025-11-29,Metroville,Occasional
R013901,2025-11-13,Hillview,Frequent
R013902,2024-05-06,Metroville,Frequent
R013903,2024-04-17,Riverton,Occasional
R013904,2024-09-18,Lakewood,Regular
R013905,2024-05-19,Riverton,Occasional
R013906,2024-02-24,Lakewood,Regular
R013907,2025-08-14,Lakewood,Frequent
R013908,2024-05-26,Lakewood,Occasional
R013909,2024-09-26,Lakewood,Occasional
R013910,2025-12-23,Riverton,Regular
R013911,2024-10-19,Hillview,Occasional
R013912,2024-01-29,Metroville,Occasional
R013913,2024-06-27,Metroville,Occasional
R013914,2024-06-05,Riverton,Occasional
R013915,2025-02-11,Metroville,Occasional
R013916,2024-11-08,Hillview,Frequent
R013917,2024-02-26,Metroville,Frequent
R013918,2024-08-02,Metroville,Regular
R013919,2024-12-08,Metroville,Occasional
R013920,2025-02-03,Metroville,Occasional
R013921,2024-11-01,Riverton,Regular
R013922,2025-12-26,Lakewood,Regular
R013923,2024-12-25,Hillview,Occasional
R013924,2025-05-30,Lakewood,Frequent
R013925,2025-02-22,Riverton,Regular
R013926,2024-10-24,Riverton,Occasional
R013927,2024-01-21,Metroville,Frequent
R013928,2025-05-14,Hillview,Regular
R013929,2025-09-21,Lakewood,Frequent
R013930,2025-09-30,Lakewood,Frequent
R013931,2025-08-03,Lakewood,Occasional
R013932,2024-06-16,Lakewood,Regular
R013933,2024-11-26,Metroville,Occasional
R013934,2025-06-08,Metroville,Occasional
R013935,2025-06-19,Hillview,Occasional
R013936,2025-03-25,Hillview,Regular
R013937,2024-02-06,Hillview,Frequent
R013938,2025-06-21,Riverton,Occasional
R013939,2025-02-18,Riverton,Regular
R013940,2024-03-02,Hillview,Frequent
R013941,2025-01-29,Lakewood,Regular
R013942,2025-06-20,Hillview,Occasional
R013943,2025-11-15,Lakewood,Regular
R013944,2025-07-30,Lakewood,Occasional
R013945,2024-07-10,Lakewood,Regular
R013946,2025-05-18,Metroville,Regular
R013947,2025-05-09,Metroville,Occasional
R013948,2024-05-24,Hillview,Occasional
R013949,2025-08-30,Lakewood,Occasional
R013950,2024-04-28,Metroville,Frequent
R013951,2025-07-03,Hillview,Occasional
R013952,2025-06-24,Hillview,Frequent
R013953,2025-12-04,Riverton,Frequent
R013954,2025-04-19,Metroville,Regular
R013955,2024-02-22,Metroville,Frequent
R013956,2025-12-21,Hillview,Regular
R013957,2024-10-07,Metroville,Occasional
R013958,2024-11-28,Metroville,Occasional
R013959,2025-09-27,Metroville,Frequent
R013960,2024-06-16,Riverton,Frequent
R013961,2025-04-29,Lakewood,Frequent
R013962,2025-07-17,Hillview,Occasional
R013963,2025-01-22,Riverton,Occasional
R013964,2025-07-01,Hillview,Occasional
R013965,2025-06-06,Metroville,Frequent
R013966,2025-01-17,Lakewood,Occasional
R013967,2024-03-07,Riverton,Regular
R013968,2025-06-30,Hillview,Frequent
R013969,2025-08-01,Metroville,Frequent
R013970,2024-08-15,Metroville,Occasional
R013971,2025-08-22,Riverton,Occasional
R013972,2024-06-06,Riverton,Regular
R013973,2024-05-05,Metroville,Occasional
R013974,2024-04-02,Lakewood,Occasional
R013975,2025-02-08,Lakewood,Occasional
R013976,2024-07-31,Lakewood,Occasional
R013977,2025-05-23,Metroville,Occasional
R013978,2025-04-24,Riverton,Occasional
R013979,2024-11-08,Metroville,Frequent
R013980,2024-07-08,Metroville,Regular
R013981,2025-10-31,Lakewood,Frequent
R013982,2025-10-08,Metroville,Regular
R013983,2024-09-11,Riverton,Regular
R013984,2024-07-01,Lakewood,Regular
R013985,2025-08-11,Lakewood,Regular
R013986,2025-05-16,Metroville,Occasional
R013987,2024-11-30,Metroville,Regular
R013988,2025-01-21,Riverton,Regular
R013989,2025-06-14,Metroville,Regular
R013990,2024-06-03,Metroville,Regular
R013991,2025-12-30,Riverton,Frequent
R013992,2025-02-11,Metroville,Occasional
R013993,2024-04-02,Lakewood,Occasional
R013994,2025-11-29,Metroville,Occasional
R013995,2025-12-30,Metroville,Frequent
R013996,2025-11-22,Hillview,Frequent
R013997,2025-05-26,Riverton,Frequent
R013998,2024-08-01,Metroville,Regular
R013999,2025-01-23,Metroville,Frequent
R014000,2025-01-27,Lakewood,Regular
R014001,2025-01-07,Riverton,Occasional
R014002,2024-04-20,Lakewood,Occasional
R014003,2024-08-15,Metroville,Frequent
R014004,2024-12-09,Hillview,Frequent
R014005,2025-01-21,Hillview,Occasional
R014006,2024-08-23,Riverton,Occasional
R014007,2025-06-18,Hillview,Frequent
R014008,2025-11-11,Metroville,Regular
R014009,2024-12-07,Metroville,Regular
R014010,2025-04-08,Metroville,Occasional
R014011,2024-05-20,Metroville,Regular
R014012,2024-05-15,Metroville,Occasional
R014013,2024-02-23,Hillview,Occasional
R014014,2025-12-27,Hillview,Occasional
R014015,2024-08-08,Lakewood,Frequent
R014016,2025-05-23,Riverton,Occasional
R014017,2025-04-01,Metroville,Regular
R014018,2024-04-08,Metroville,Regular
R014019,2024-05-01,Lakewood,Occasional
R014020,2025-08-08,Riverton,Frequent
R014021,2025-08-05,Riverton,Regular
R014022,2025-02-12,Riverton,Regular
R014023,2024-09-09,Hillview,Occasional
R014024,2024-10-19,Metroville,Frequent
R014025,2025-08-01,Metroville,Frequent
R014026,2024-05-23,Metroville,Regular
R014027,2024-03-05,Hillview,Occasional
R014028,2024-07-22,Lakewood,Frequent
R014029,2024-05-18,Lakewood,Occasional
R014030,2024-05-02,Hillview,Frequent
R014031,2024-12-05,Lakewood,Occasional
R014032,2025-08-11,Metroville,Regular
R014033,2025-05-21,Metroville,Occasional
R014034,2024-07-18,Lakewood,Regular
R014035,2024-11-06,Riverton,Occasional
R014036,2024-12-10,Hillview,Occasional
R014037,2024-10-12,Metroville,Regular
R014038,2025-12-09,Riverton,Frequent
R014039,2025-11-26,Metroville,Occasional
R014040,2025-12-29,Riverton,Occasional
R014041,2024-11-02,Metroville,Occasional
R014042,2025-08-02,Metroville,Regular
R014043,2025-06-22,Lakewood,Occasional
R014044,2025-08-07,Hillview,Occasional
R014045,2024-04-28,Metroville,Regular
R014046,2025-11-22,Metroville,Occasional
R014047,2025-11-18,Metroville,Regular
R014048,2025-08-06,Hillview,Occasional
R014049,2025-02-23,Lakewood,Regular
R014050,2024-11-26,Hillview,Occasional
R014051,2024-06-30,Metroville,Regular
R014052,2024-02-14,Lakewood,Occasional
R014053,2025-12-04,Lakewood,Regular
R014054,2024-06-01,Metroville,Occasional
R014055,2024-09-07,Lakewood,Occasional
R014056,2024-11-21,Lakewood,Regular
R014057,2025-05-10,Metroville,Regular
R014058,2024-07-13,Lakewood,Occasional
R014059,2024-06-06,Riverton,Regular
R014060,2024-08-28,Lakewood,Occasional
R014061,2024-08-29,Lakewood,Occasional
R014062,2024-02-13,Hillview,Regular
R014063,2024-10-13,Riverton,Frequent
R014064,2025-02-08,Riverton,Regular
R014065,2024-11-23,Metroville,Occasional
R014066,2024-09-14,Riverton,Regular
R014067,2025-11-02,Metroville,Regular
R014068,2024-07-08,Metroville,Occasional
R014069,2025-09-09,Lakewood,Occasional
R014070,2025-03-22,Hillview,Occasional
R014071,2025-04-22,Metroville,Regular
R014072,2024-07-21,Lakewood,Frequent
R014073,2025-12-08,Metroville,Occasional
R014074,2024-12-14,Metroville,Occasional
R014075,2025-01-06,Lakewood,Occasional
R014076,2024-06-29,Metroville,Occasional
R014077,2024-12-16,Hillview,Regular
R014078,2025-05-13,Metroville,Regular
R014079,2025-11-16,Lakewood,Regular
R014080,2025-09-17,Metroville,Regular
R014081,2024-04-24,Metroville,Occasional
R014082,2024-02-29,Lakewood,Occasional
R014083,2025-11-28,Metroville,Frequent
R014084,2025-08-23,Metroville,Frequent
R014085,2024-04-20,Metroville,Occasional
R014086,2025-09-15,Metroville,Frequent
R014087,2025-07-11,Riverton,Frequent
R014088,2025-12-07,Hillview,Regular
R014089,2024-04-27,Metroville,Regular
R014090,2025-08-28,Metroville,Occasional
R014091,2024-09-24,Metroville,Frequent
R014092,2025-02-08,Riverton,Occasional
R014093,2024-07-08,Metroville,Occasional
R014094,2024-02-21,Metroville,Regular
R014095,2025-05-25,Lakewood,Frequent
R014096,2024-02-24,Riverton,Frequent
R014097,2024-12-06,Lakewood,Frequent
R014098,2024-05-23,Riverton,Occasional
R014099,2025-11-04,Metroville,Regular
R014100,2024-11-23,Metroville,Frequent
R014101,2024-05-16,Riverton,Frequent
R014102,2025-11-30,Riverton,Regular
R014103,2025-05-18,Metroville,Regular
R014104,2024-05-08,Metroville,Frequent
R014105,2024-09-16,Metroville,Regular
R014106,2025-01-29,Hillview,Occasional
R014107,2025-07-23,Metroville,Regular
R014108,2025-12-31,Hillview,Frequent
R014109,2025-09-07,Hillview,Occasional
R014110,2024-01-11,Lakewood,Occasional
R014111,2024-12-14,Hillview,Frequent
R014112,2024-02-04,Metroville,Regular
R014113,2024-08-09,Metroville,Occasional
R014114,2024-07-16,Lakewood,Regular
R014115,2024-07-13,Riverton,Regular
R014116,2024-06-13,Hillview,Regular
R014117,2024-10-19,Lakewood,Occasional
R014118,2024-12-30,Metroville,Frequent
R014119,2025-11-29,Metroville,Occasional
R014120,2024-11-03,Lakewood,Regular
R014121,2024-01-18,Riverton,Regular
R014122,2025-03-03,Lakewood,Occasional
R014123,2024-08-08,Hillview,Occasional
R014124,2024-04-17,Metroville,Occasional
R014125,2025-05-05,Lakewood,Occasional
R014126,2025-05-17,Metroville,Frequent
R014127,2024-09-12,Riverton,Frequent
R014128,2024-06-06,Riverton,Frequent
R014129,2024-12-24,Lakewood,Frequent
R014130,2024-11-26,Lakewood,Occasional
R014131,2025-12-10,Metroville,Regular
R014132,2024-01-25,Hillview,Regular
R014133,2024-05-11,Riverton,Occasional
R014134,2025-08-07,Riverton,Regular
R014135,2025-11-25,Metroville,Occasional
R014136,2025-04-04,Metroville,Frequent
R014137,2024-08-19,Lakewood,Frequent
R014138,2024-06-01,Lakewood,Frequent
R014139,2025-09-09,Lakewood,Occasional
R014140,2025-03-16,Metroville,Occasional
R014141,2024-10-25,Lakewood,Occasional
R014142,2024-11-15,Lakewood,Frequent
R014143,2024-04-18,Metroville,Regular
R014144,2025-08-27,Riverton,Regular
R014145,2024-02-05,Riverton,Occasional
R014146,2025-12-21,Metroville,Regular
R014147,2024-05-02,Hillview,Regular
R014148,2024-04-01,Hillview,Frequent
R014149,2024-02-23,Lakewood,Regular
R014150,2024-12-24,Riverton,Occasional
R014151,2024-02-11,Lakewood,Regular
R014152,2024-07-07,Metroville,Regular
R014153,2025-08-07,Metroville,Regular
R014154,2025-07-02,Metroville,Regular
R014155,2024-09-07,Metroville,Frequent
R014156,2024-01-26,Hillview,Regular
R014157,2024-04-25,Hillview,Occasional
R014158,2025-02-02,Lakewood,Frequent
R014159,2024-12-07,Lakewood,Frequent
R014160,2025-09-19,Hillview,Occasional
R014161,2024-12-19,Riverton,Regular
R014162,2024-10-11,Metroville,Occasional
R014163,2025-04-02,Hillview,Occasional
R014164,2025-09-05,Lakewood,Frequent
R014165,2025-08-21,Metroville,Frequent
R014166,2024-04-17,Metroville,Occasional
R014167,2024-11-02,Riverton,Regular
R014168,2025-11-03,Metroville,Occasional
R014169,2025-08-14,Hillview,Regular
R014170,2025-08-02,Riverton,Frequent
R014171,2024-03-25,Metroville,Occasional
R014172,2024-10-13,Metroville,Occasional
R014173,2025-09-01,Lakewood,Frequent
R014174,2024-04-05,Metroville,Occasional
R014175,2025-06-09,Lakewood,Occasional
R014176,2025-01-15,Hillview,Occasional
R014177,2025-06-17,Riverton,Regular
R014178,2025-05-05,Lakewood,Regular
R014179,2024-03-10,Hillview,Occasional
R014180,2024-04-04,Hillview,Occasional
R014181,2024-09-03,Hillview,Regular
R014182,2025-11-14,Metroville,Occasional
R014183,2025-11-16,Metroville,Occasional
R014184,2025-07-12,Riverton,Frequent
R014185,2024-06-24,Metroville,Frequent
R014186,2025-11-27,Lakewood,Frequent
R014187,2025-06-09,Hillview,Regular
R014188,2024-08-07,Hillview,Occasional
R014189,2025-06-04,Metroville,Frequent
R014190,2024-11-13,Hillview,Occasional
R014191,2024-12-16,Lakewood,Regular
R014192,2024-06-24,Riverton,Frequent
R014193,2025-04-15,Metroville,Frequent
R014194,2024-07-19,Metroville,Regular
R014195,2025-11-06,Riverton,Frequent
R014196,2024-04-16,Lakewood,Occasional
R014197,2024-07-03,Hillview,Occasional
R014198,2024-04-01,Metroville,Regular
R014199,2024-06-25,Metroville,Frequent
R014200,2025-05-06,Metroville,Occasional
R014201,2025-11-23,Riverton,Occasional
R014202,2024-04-24,Riverton,Frequent
R014203,2024-06-12,Lakewood,Frequent
R014204,2024-04-07,Metroville,Occasional
R014205,2025-08-14,Metroville,Frequent
R014206,2025-01-26,Metroville,Regular
R014207,2024-09-23,Metroville,Occasional
R014208,2025-05-30,Hillview,Regular
R014209,2024-03-03,Metroville,Occasional
R014210,2025-07-23,Metroville,Regular
R014211,2024-03-10,Riverton,Occasional
R014212,2025-02-28,Hillview,Regular
R014213,2024-01-23,Riverton,Regular
R014214,2024-05-27,Metroville,Frequent
R014215,2025-04-02,Lakewood,Occasional
R014216,2025-02-23,Metroville,Regular
R014217,2024-11-23,Metroville,Frequent
R014218,2025-04-03,Riverton,Regular
R014219,2025-09-04,Hillview,Occasional
R014220,2024-07-07,Metroville,Regular
R014221,2025-12-12,Riverton,Frequent
R014222,2024-04-15,Riverton,Occasional
R014223,2025-12-17,Lakewood,Frequent
R014224,2025-11-08,Metroville,Occasional
R014225,2024-11-09,Hillview,Frequent
R014226,2024-03-11,Metroville,Regular
R014227,2024-10-24,Metroville,Occasional
R014228,2024-07-21,Metroville,Regular
R014229,2025-02-28,Riverton,Regular
R014230,2024-06-18,Hillview,Regular
R014231,2024-02-19,Metroville,Occasional
R014232,2025-10-14,Metroville,Occasional
R014233,2025-09-26,Hillview,Occasional
R014234,2025-01-02,Riverton,Regular
R014235,2025-09-15,Hillview,Occasional
R014236,2025-12-01,Riverton,Regular
R014237,2025-11-04,Riverton,Regular
R014238,2025-08-29,Lakewood,Occasional
R014239,2024-02-02,Metroville,Regular
R014240,2025-07-06,Lakewood,Regular
R014241,2025-11-03,Lakewood,Regular
R014242,2024-05-09,Lakewood,Regular
R014243,2024-02-18,Lakewood,Regular
R014244,2024-09-09,Metroville,Occasional
R014245,2025-08-25,Riverton,Regular
R014246,2025-08-23,Lakewood,Occasional
R014247,2025-03-03,Riverton,Regular
R014248,2025-12-20,Metroville,Regular
R014249,2024-04-29,Lakewood,Regular
R014250,2025-10-04,Lakewood,Regular
R014251,2025-09-29,Metroville,Occasional
R014252,2025-11-25,Lakewood,Regular
R014253,2024-08-01,Lakewood,Regular
R014254,2025-04-14,Riverton,Occasional
R014255,2024-07-20,Metroville,Occasional
R014256,2024-12-19,Hillview,Frequent
R014257,2025-12-04,Metroville,Frequent
R014258,2025-01-11,Lakewood,Occasional
R014259,2025-07-16,Riverton,Occasional
R014260,2024-12-01,Metroville,Frequent
R014261,2024-01-01,Metroville,Regular
R014262,2024-04-23,Metroville,Occasional
R014263,2025-05-07,Lakewood,Regular
R014264,2024-08-11,Metroville,Occasional
R014265,2024-08-16,Hillview,Regular
R014266,2024-03-07,Metroville,Occasional
R014267,2025-08-23,Hillview,Occasional
R014268,2024-03-05,Hillview,Occasional
R014269,2025-01-28,Metroville,Frequent
R014270,2024-08-16,Riverton,Occasional
R014271,2025-10-25,Hillview,Regular
R014272,2025-05-02,Metroville,Occasional
R014273,2024-02-20,Lakewood,Occasional
R014274,2025-03-25,Riverton,Occasional
R014275,2024-05-01,Riverton,Occasional
R014276,2025-02-13,Hillview,Regular
R014277,2024-06-27,Metroville,Regular
R014278,2025-07-02,Metroville,Occasional
R014279,2024-12-12,Riverton,Frequent
R014280,2024-11-05,Metroville,Occasional
R014281,2025-10-04,Riverton,Frequent
R014282,2024-11-19,Lakewood,Regular
R014283,2024-06-21,Lakewood,Occasional
R014284,2025-01-14,Hillview,Occasional
R014285,2025-08-15,Riverton,Occasional
R014286,2024-02-18,Riverton,Regular
R014287,2024-07-25,Hillview,Regular
R014288,2025-03-01,Metroville,Occasional
R014289,2024-06-25,Riverton,Frequent
R014290,2025-07-03,Lakewood,Frequent
R014291,2024-02-11,Lakewood,Occasional
R014292,2024-07-11,Riverton,Occasional
R014293,2025-03-06,Hillview,Frequent
R014294,2025-09-17,Lakewood,Frequent
R014295,2024-09-15,Hillview,Occasional
R014296,2024-07-13,Metroville,Frequent
R014297,2025-11-09,Riverton,Frequent
R014298,2025-01-10,Hillview,Frequent
R014299,2024-05-28,Riverton,Regular
R014300,2025-10-02,Riverton,Occasional
R014301,2024-01-21,Hillview,Regular
R014302,2025-06-24,Metroville,Regular
R014303,2025-10-25,Riverton,Occasional
R014304,2025-02-25,Riverton,Regular
R014305,2025-10-31,Lakewood,Regular
R014306,2025-03-31,Hillview,Regular
R014307,2025-03-13,Lakewood,Frequent
R014308,2024-03-20,Metroville,Frequent
R014309,2024-05-10,Hillview,Occasional
R014310,2025-05-26,Metroville,Regular
R014311,2025-05-14,Riverton,Regular
R014312,2025-03-23,Hillview,Occasional
R014313,2024-06-02,Hillview,Regular
R014314,2024-03-02,Riverton,Regular
R014315,2024-03-03,Hillview,Frequent
R014316,2024-03-31,Lakewood,Occasional
R014317,2024-06-08,Metroville,Frequent
R014318,2025-12-11,Riverton,Occasional
R014319,2025-07-24,Riverton,Regular
R014320,2024-05-10,Hillview,Regular
R014321,2024-08-12,Lakewood,Regular
R014322,2025-10-17,Metroville,Occasional
R014323,2024-11-25,Metroville,Occasional
R014324,2024-07-20,Metroville,Occasional
R014325,2024-08-28,Riverton,Frequent
R014326,2024-10-16,Lakewood,Frequent
R014327,2025-02-01,Metroville,Occasional
R014328,2025-02-10,Metroville,Regular
R014329,2025-01-24,Metroville,Regular
R014330,2025-04-03,Lakewood,Occasional
R014331,2024-08-05,Hillview,Regular
R014332,2024-12-30,Hillview,Frequent
R014333,2025-08-30,Lakewood,Occasional
R014334,2024-09-12,Lakewood,Occasional
R014335,2025-12-20,Metroville,Frequent
R014336,2024-12-31,Lakewood,Regular
R014337,2024-10-02,Riverton,Occasional
R014338,2025-05-27,Metroville,Occasional
R014339,2024-10-13,Metroville,Regular
R014340,2024-10-17,Hillview,Regular
R014341,2024-10-01,Riverton,Occasional
R014342,2025-02-03,Lakewood,Regular
R014343,2024-01-31,Lakewood,Occasional
R014344,2024-10-04,Lakewood,Occasional
R014345,2025-07-16,Metroville,Occasional
R014346,2024-08-29,Hillview,Frequent
R014347,2025-01-29,Metroville,Occasional
R014348,2024-08-06,Metroville,Occasional
R014349,2025-11-20,Lakewood,Regular
R014350,2024-06-12,Lakewood,Occasional
R014351,2025-07-22,Lakewood,Regular
R014352,2025-07-10,Hillview,Occasional
R014353,2024-10-24,Metroville,Occasional
R014354,2025-12-21,Metroville,Regular
R014355,2025-12-23,Metroville,Frequent
R014356,2024-01-22,Metroville,Occasional
R014357,2025-02-20,Riverton,Occasional
R014358,2024-05-23,Lakewood,Regular
R014359,2025-12-31,Metroville,Frequent
R014360,2025-12-06,Riverton,Regular
R014361,2024-11-05,Riverton,Regular
R014362,2024-09-07,Hillview,Occasional
R014363,2025-08-22,Lakewood,Occasional
R014364,2024-10-11,Riverton,Occasional
R014365,2025-06-18,Metroville,Occasional
R014366,2025-04-30,Hillview,Regular
R014367,2024-07-26,Hillview,Regular
R014368,2024-09-15,Riverton,Regular
R014369,2025-11-13,Riverton,Regular
R014370,2024-12-26,Riverton,Occasional
R014371,2024-11-01,Lakewood,Regular
R014372,2025-10-21,Lakewood,Regular
R014373,2025-02-22,Riverton,Occasional
R014374,2025-02-17,Hillview,Frequent
R014375,2024-10-11,Riverton,Regular
R014376,2025-05-03,Metroville,Frequent
R014377,2024-02-02,Lakewood,Regular
R014378,2024-06-07,Lakewood,Frequent
R014379,2025-08-23,Metroville,Occasional
R014380,2024-07-10,Lakewood,Frequent
R014381,2025-12-21,Metroville,Frequent
R014382,2025-10-14,Lakewood,Occasional
R014383,2024-10-06,Metroville,Regular
R014384,2025-11-02,Lakewood,Occasional
R014385,2025-06-07,Hillview,Regular
R014386,2025-08-13,Metroville,Frequent
R014387,2024-12-10,Metroville,Occasional
R014388,2024-03-30,Lakewood,Regular
R014389,2025-02-04,Lakewood,Occasional
R014390,2025-08-22,Hillview,Regular
R014391,2024-03-07,Riverton,Occasional
R014392,2024-01-15,Hillview,Frequent
R014393,2025-08-23,Metroville,Occasional
R014394,2025-03-12,Metroville,Occasional
R014395,2025-01-17,Hillview,Frequent
R014396,2025-05-09,Metroville,Regular
R014397,2025-05-15,Lakewood,Regular
R014398,2024-11-08,Lakewood,Regular
R014399,2025-03-23,Hillview,Frequent
R014400,2024-12-16,Lakewood,Frequent
R014401,2024-05-31,Hillview,Occasional
R014402,2025-06-27,Lakewood,Occasional
R014403,2024-10-02,Metroville,Regular
R014404,2025-10-17,Metroville,Regular
R014405,2024-10-17,Lakewood,Occasional
R014406,2024-05-18,Metroville,Occasional
R014407,2025-08-29,Metroville,Occasional
R014408,2024-04-11,Lakewood,Frequent
R014409,2025-12-23,Lakewood,Occasional
R014410,2025-04-06,Lakewood,Occasional
R014411,2024-12-18,Hillview,Occasional
R014412,2024-06-17,Metroville,Regular
R014413,2024-05-27,Hillview,Frequent
R014414,2024-05-22,Riverton,Occasional
R014415,2025-09-01,Hillview,Regular
R014416,2024-05-28,Riverton,Regular
R014417,2024-01-27,Metroville,Frequent
R014418,2024-05-24,Riverton,Occasional
R014419,2025-03-22,Hillview,Frequent
R014420,2024-12-15,Riverton,Frequent
R014421,2024-09-30,Hillview,Frequent
R014422,2025-12-06,Metroville,Regular
R014423,2024-09-08,Hillview,Occasional
R014424,2025-08-29,Hillview,Occasional
R014425,2024-03-31,Hillview,Occasional
R014426,2025-02-01,Riverton,Occasional
R014427,2024-04-05,Hillview,Frequent
R014428,2024-02-29,Riverton,Frequent
R014429,2025-05-12,Lakewood,Occasional
R014430,2025-05-07,Hillview,Regular
R014431,2025-02-24,Metroville,Occasional
R014432,2024-11-26,Hillview,Occasional
R014433,2024-07-17,Lakewood,Frequent
R014434,2025-07-23,Metroville,Frequent
R014435,2024-05-18,Lakewood,Occasional
R014436,2024-12-27,Riverton,Frequent
R014437,2025-11-21,Metroville,Occasional
R014438,2025-05-04,Riverton,Regular
R014439,2025-09-10,Lakewood,Occasional
R014440,2024-05-26,Riverton,Occasional
R014441,2024-01-19,Metroville,Regular
R014442,2025-09-01,Metroville,Occasional
R014443,2025-02-16,Metroville,Occasional
R014444,2025-07-24,Metroville,Occasional
R014445,2025-09-08,Riverton,Regular
R014446,2024-09-30,Lakewood,Occasional
R014447,2024-03-21,Riverton,Occasional
R014448,2025-12-06,Riverton,Occasional
R014449,2024-08-11,Metroville,Occasional
R014450,2024-04-27,Hillview,Occasional
R014451,2025-02-21,Riverton,Occasional
R014452,2024-01-15,Metroville,Regular
R014453,2024-02-13,Lakewood,Occasional
R014454,2025-07-12,Lakewood,Occasional
R014455,2024-03-05,Lakewood,Occasional
R014456,2025-03-15,Lakewood,Occasional
R014457,2024-11-27,Lakewood,Occasional
R014458,2024-03-22,Lakewood,Regular
R014459,2025-11-21,Lakewood,Occasional
R014460,2024-04-26,Lakewood,Regular
R014461,2025-04-21,Riverton,Occasional
R014462,2024-04-05,Metroville,Occasional
R014463,2025-03-08,Metroville,Occasional
R014464,2024-05-02,Lakewood,Occasional
R014465,2025-10-12,Lakewood,Regular
R014466,2024-12-03,Lakewood,Regular
R014467,2024-01-07,Riverton,Occasional
R014468,2024-02-07,Metroville,Occasional
R014469,2025-02-01,Riverton,Occasional
R014470,2025-01-15,Lakewood,Occasional
R014471,2024-08-30,Lakewood,Regular
R014472,2025-03-19,Lakewood,Frequent
R014473,2025-08-06,Riverton,Regular
R014474,2025-06-16,Riverton,Occasional
R014475,2025-07-02,Hillview,Occasional
R014476,2025-11-23,Lakewood,Regular
R014477,2024-05-31,Hillview,Frequent
R014478,2024-03-01,Hillview,Occasional
R014479,2024-03-29,Metroville,Occasional
R014480,2024-01-26,Hillview,Regular
R014481,2024-08-02,Lakewood,Regular
R014482,2024-04-11,Hillview,Frequent
R014483,2025-11-05,Hillview,Regular
R014484,2024-09-03,Lakewood,Occasional
R014485,2024-06-08,Metroville,Regular
R014486,2025-01-19,Riverton,Occasional
R014487,2024-11-11,Lakewood,Frequent
R014488,2024-01-04,Riverton,Occasional
R014489,2025-12-03,Lakewood,Frequent
R014490,2025-05-21,Lakewood,Occasional
R014491,2025-08-26,Lakewood,Regular
R014492,2025-12-01,Riverton,Regular
R014493,2025-10-10,Riverton,Occasional
R014494,2024-07-01,Riverton,Regular
R014495,2025-07-12,Hillview,Regular
R014496,2024-01-07,Riverton,Regular
R014497,2024-09-21,Lakewood,Occasional
R014498,2025-07-05,Metroville,Occasional
R014499,2025-05-27,Lakewood,Occasional
R014500,2025-07-17,Lakewood,Occasional
R014501,2025-07-08,Metroville,Regular
R014502,2024-02-01,Riverton,Occasional
R014503,2025-03-02,Metroville,Occasional
R014504,2025-03-27,Metroville,Occasional
R014505,2024-04-23,Riverton,Frequent
R014506,2024-06-26,Riverton,Occasional
R014507,2024-12-22,Lakewood,Regular
R014508,2025-04-08,Riverton,Frequent
R014509,2025-09-14,Hillview,Regular
R014510,2025-06-15,Metroville,Occasional
R014511,2025-12-15,Hillview,Regular
R014512,2024-06-12,Lakewood,Frequent
R014513,2024-10-14,Lakewood,Occasional
R014514,2024-07-09,Riverton,Frequent
R014515,2025-10-14,Riverton,Regular
R014516,2025-03-23,Riverton,Regular
R014517,2025-01-06,Lakewood,Regular
R014518,2025-03-02,Metroville,Occasional
R014519,2024-08-27,Lakewood,Occasional
R014520,2025-10-10,Lakewood,Regular
R014521,2025-03-26,Lakewood,Frequent
R014522,2025-01-08,Hillview,Occasional
R014523,2025-05-30,Lakewood,Regular
R014524,2025-08-08,Riverton,Regular
R014525,2024-10-16,Riverton,Occasional
R014526,2025-06-19,Riverton,Regular
R014527,2025-08-07,Hillview,Occasional
R014528,2025-05-02,Riverton,Occasional
R014529,2024-03-26,Metroville,Occasional
R014530,2024-05-20,Riverton,Occasional
R014531,2024-01-23,Hillview,Regular
R014532,2024-07-21,Metroville,Occasional
R014533,2024-04-30,Lakewood,Regular
R014534,2025-02-18,Lakewood,Frequent
R014535,2025-10-27,Lakewood,Regular
R014536,2024-02-18,Hillview,Regular
R014537,2024-07-27,Riverton,Regular
R014538,2024-02-02,Metroville,Frequent
R014539,2024-03-02,Metroville,Regular
R014540,2024-02-06,Metroville,Occasional
R014541,2025-03-20,Hillview,Occasional
R014542,2025-11-05,Metroville,Occasional
R014543,2025-06-14,Riverton,Frequent
R014544,2025-05-19,Riverton,Regular
R014545,2024-04-24,Metroville,Occasional
R014546,2025-09-04,Metroville,Occasional
R014547,2025-02-28,Hillview,Frequent
R014548,2025-12-06,Lakewood,Regular
R014549,2024-10-12,Lakewood,Occasional
R014550,2025-05-28,Lakewood,Regular
R014551,2024-12-17,Metroville,Occasional
R014552,2025-01-12,Lakewood,Frequent
R014553,2024-03-18,Metroville,Regular
R014554,2024-12-16,Metroville,Occasional
R014555,2024-05-02,Metroville,Occasional
R014556,2025-06-30,Riverton,Regular
R014557,2025-06-02,Metroville,Regular
R014558,2025-09-27,Metroville,Occasional
R014559,2024-12-03,Riverton,Regular
R014560,2025-08-30,Lakewood,Occasional
R014561,2025-10-13,Hillview,Frequent
R014562,2024-12-26,Riverton,Frequent
R014563,2025-11-24,Lakewood,Occasional
R014564,2025-07-20,Lakewood,Occasional
R014565,2024-07-31,Hillview,Occasional
R014566,2024-12-14,Lakewood,Occasional
R014567,2024-03-14,Metroville,Regular
R014568,2024-10-08,Metroville,Frequent
R014569,2024-09-20,Hillview,Regular
R014570,2024-08-05,Metroville,Frequent
R014571,2024-09-17,Hillview,Frequent
R014572,2024-02-09,Lakewood,Regular
R014573,2024-11-27,Lakewood,Occasional
R014574,2024-05-27,Lakewood,Frequent
R014575,2024-06-16,Lakewood,Occasional
R014576,2025-06-18,Metroville,Frequent
R014577,2025-10-12,Riverton,Occasional
R014578,2024-05-05,Riverton,Occasional
R014579,2025-02-14,Lakewood,Occasional
R014580,2025-10-21,Lakewood,Occasional
R014581,2025-03-20,Riverton,Regular
R014582,2024-02-27,Lakewood,Occasional
R014583,2025-07-21,Hillview,Regular
R014584,2024-02-07,Metroville,Occasional
R014585,2025-03-27,Hillview,Regular
R014586,2024-12-18,Lakewood,Regular
R014587,2025-01-21,Lakewood,Frequent
R014588,2024-06-11,Lakewood,Frequent
R014589,2025-10-10,Lakewood,Occasional
R014590,2024-03-16,Metroville,Regular
R014591,2025-11-17,Lakewood,Occasional
R014592,2024-02-13,Lakewood,Occasional
R014593,2024-08-10,Metroville,Occasional
R014594,2025-01-20,Metroville,Frequent
R014595,2025-01-12,Hillview,Regular
R014596,2024-07-08,Hillview,Frequent
R014597,2024-07-29,Lakewood,Occasional
R014598,2025-02-10,Metroville,Frequent
R014599,2024-01-16,Lakewood,Regular
R014600,2024-04-18,Hillview,Occasional
R014601,2024-10-16,Riverton,Occasional
R014602,2024-01-18,Riverton,Regular
R014603,2024-03-04,Riverton,Occasional
R014604,2024-01-20,Riverton,Occasional
R014605,2025-08-21,Metroville,Frequent
R014606,2024-03-23,Metroville,Regular
R014607,2024-05-14,Hillview,Occasional
R014608,2025-08-05,Metroville,Occasional
R014609,2024-11-12,Metroville,Regular
R014610,2024-11-24,Hillview,Regular
R014611,2025-04-25,Riverton,Frequent
R014612,2025-04-01,Metroville,Regular
R014613,2024-10-29,Lakewood,Frequent
R014614,2025-10-02,Metroville,Regular
R014615,2024-06-15,Metroville,Regular
R014616,2024-06-04,Metroville,Regular
R014617,2025-01-11,Riverton,Occasional
R014618,2025-09-29,Metroville,Regular
R014619,2025-10-18,Riverton,Occasional
R014620,2025-06-29,Metroville,Occasional
R014621,2024-01-03,Metroville,Occasional
R014622,2025-06-17,Metroville,Regular
R014623,2024-04-29,Riverton,Frequent
R014624,2025-09-29,Hillview,Regular
R014625,2024-03-24,Metroville,Occasional
R014626,2024-04-02,Lakewood,Frequent
R014627,2025-01-12,Metroville,Occasional
R014628,2025-01-30,Metroville,Occasional
R014629,2024-09-05,Metroville,Occasional
R014630,2024-12-19,Metroville,Occasional
R014631,2025-06-07,Hillview,Occasional
R014632,2025-05-01,Riverton,Occasional
R014633,2025-06-05,Hillview,Occasional
R014634,2024-06-23,Hillview,Occasional
R014635,2025-02-13,Riverton,Occasional
R014636,2024-04-03,Lakewood,Regular
R014637,2024-06-26,Metroville,Occasional
R014638,2025-12-13,Metroville,Regular
R014639,2024-02-01,Metroville,Regular
R014640,2024-12-06,Metroville,Regular
R014641,2024-12-26,Metroville,Regular
R014642,2024-06-18,Riverton,Regular
R014643,2024-02-06,Lakewood,Regular
R014644,2024-04-04,Lakewood,Occasional
R014645,2025-06-18,Lakewood,Occasional
R014646,2025-03-10,Metroville,Regular
R014647,2025-02-12,Metroville,Frequent
R014648,2024-04-18,Lakewood,Regular
R014649,2025-02-02,Hillview,Occasional
R014650,2024-05-13,Riverton,Occasional
R014651,2024-08-16,Hillview,Occasional
R014652,2025-11-27,Lakewood,Frequent
R014653,2024-11-23,Hillview,Occasional
R014654,2024-01-22,Riverton,Frequent
R014655,2025-03-11,Hillview,Frequent
R014656,2024-05-16,Metroville,Occasional
R014657,2024-01-04,Riverton,Occasional
R014658,2025-05-06,Lakewood,Occasional
R014659,2025-04-08,Lakewood,Regular
R014660,2024-06-07,Lakewood,Occasional
R014661,2025-06-26,Lakewood,Occasional
R014662,2024-05-13,Hillview,Occasional
R014663,2025-01-02,Hillview,Occasional
R014664,2025-02-11,Riverton,Occasional
R014665,2024-03-23,Metroville,Regular
R014666,2025-05-24,Lakewood,Occasional
R014667,2025-01-03,Lakewood,Regular
R014668,2024-11-11,Riverton,Occasional
R014669,2025-06-23,Metroville,Regular
R014670,2025-07-25,Riverton,Occasional
R014671,2024-12-27,Lakewood,Regular
R014672,2025-08-19,Metroville,Occasional
R014673,2024-02-08,Metroville,Regular
R014674,2025-04-01,Metroville,Occasional
R014675,2024-07-22,Hillview,Regular
R014676,2025-02-26,Lakewood,Occasional
R014677,2025-04-02,Lakewood,Frequent
R014678,2025-08-20,Metroville,Regular
R014679,2025-02-12,Riverton,Regular
R014680,2024-01-12,Metroville,Occasional
R014681,2025-12-17,Lakewood,Regular
R014682,2025-01-08,Riverton,Frequent
R014683,2024-03-30,Metroville,Frequent
R014684,2024-04-04,Riverton,Regular
R014685,2024-01-24,Hillview,Occasional
R014686,2024-06-11,Lakewood,Occasional
R014687,2024-07-14,Lakewood,Occasional
R014688,2025-11-25,Metroville,Regular
R014689,2025-08-18,Riverton,Occasional
R014690,2024-01-03,Metroville,Occasional
R014691,2024-09-03,Riverton,Occasional
R014692,2024-08-12,Riverton,Occasional
R014693,2024-11-25,Lakewood,Regular
R014694,2024-04-22,Metroville,Regular
R014695,2024-07-15,Lakewood,Occasional
R014696,2025-02-21,Metroville,Occasional
R014697,2025-01-15,Hillview,Frequent
R014698,2025-09-09,Riverton,Occasional
R014699,2025-11-08,Riverton,Regular
R014700,2024-10-13,Metroville,Regular
R014701,2025-08-19,Lakewood,Regular
R014702,2025-09-04,Lakewood,Frequent
R014703,2024-09-10,Hillview,Occasional
R014704,2024-11-18,Riverton,Frequent
R014705,2025-04-04,Metroville,Occasional
R014706,2025-10-27,Hillview,Frequent
R014707,2025-07-20,Metroville,Regular
R014708,2025-09-11,Riverton,Occasional
R014709,2025-08-03,Hillview,Regular
R014710,2024-05-10,Riverton,Frequent
R014711,2024-06-05,Hillview,Occasional
R014712,2025-10-09,Hillview,Frequent
R014713,2024-11-24,Metroville,Regular
R014714,2024-05-20,Riverton,Frequent
R014715,2024-08-06,Riverton,Frequent
R014716,2024-12-24,Lakewood,Occasional
R014717,2025-02-10,Hillview,Occasional
R014718,2024-05-23,Riverton,Regular
R014719,2024-07-03,Lakewood,Frequent
R014720,2024-10-09,Metroville,Occasional
R014721,2024-06-05,Metroville,Frequent
R014722,2025-12-22,Metroville,Occasional
R014723,2024-01-15,Lakewood,Regular
R014724,2025-07-14,Riverton,Regular
R014725,2024-08-02,Metroville,Regular
R014726,2025-02-09,Lakewood,Occasional
R014727,2024-08-13,Metroville,Regular
R014728,2025-11-15,Hillview,Occasional
R014729,2025-12-13,Hillview,Regular
R014730,2024-09-20,Metroville,Occasional
R014731,2024-01-21,Metroville,Frequent
R014732,2024-05-06,Hillview,Occasional
R014733,2025-06-08,Metroville,Occasional
R014734,2025-08-29,Riverton,Frequent
R014735,2024-01-30,Metroville,Regular
R014736,2024-01-09,Lakewood,Occasional
R014737,2024-12-25,Riverton,Frequent
R014738,2025-08-11,Lakewood,Occasional
R014739,2025-07-15,Riverton,Regular
R014740,2024-01-16,Hillview,Regular
R014741,2025-12-24,Lakewood,Occasional
R014742,2024-07-27,Lakewood,Regular
R014743,2024-06-16,Riverton,Regular
R014744,2024-09-17,Riverton,Regular
R014745,2025-07-07,Metroville,Regular
R014746,2024-08-21,Lakewood,Occasional
R014747,2025-04-18,Lakewood,Occasional
R014748,2024-06-27,Metroville,Occasional
R014749,2024-03-27,Riverton,Occasional
R014750,2024-03-20,Hillview,Occasional
R014751,2024-11-17,Hillview,Occasional
R014752,2024-01-03,Riverton,Frequent
R014753,2025-02-13,Riverton,Occasional
R014754,2025-07-21,Metroville,Frequent
R014755,2025-02-16,Metroville,Occasional
R014756,2024-11-30,Lakewood,Regular
R014757,2024-05-04,Lakewood,Occasional
R014758,2024-04-28,Hillview,Frequent
R014759,2024-03-26,Riverton,Occasional
R014760,2024-03-01,Lakewood,Occasional
R014761,2025-02-16,Metroville,Frequent
R014762,2024-07-22,Metroville,Occasional
R014763,2025-04-29,Lakewood,Occasional
R014764,2024-09-16,Riverton,Occasional
R014765,2024-08-23,Hillview,Occasional
R014766,2024-12-03,Metroville,Occasional
R014767,2024-09-22,Riverton,Occasional
R014768,2024-03-14,Riverton,Occasional
R014769,2024-01-19,Lakewood,Occasional
R014770,2025-12-18,Metroville,Regular
R014771,2024-03-19,Metroville,Regular
R014772,2024-07-15,Riverton,Regular
R014773,2024-10-23,Hillview,Occasional
R014774,2024-11-19,Riverton,Regular
R014775,2025-07-02,Riverton,Frequent
R014776,2025-06-02,Lakewood,Frequent
R014777,2025-03-19,Metroville,Frequent
R014778,2024-08-15,Metroville,Occasional
R014779,2025-11-28,Riverton,Frequent
R014780,2024-03-01,Lakewood,Occasional
R014781,2024-08-15,Hillview,Occasional
R014782,2024-10-02,Lakewood,Occasional
R014783,2024-09-13,Metroville,Occasional
R014784,2025-02-08,Riverton,Regular
R014785,2024-02-07,Riverton,Frequent
R014786,2025-09-08,Riverton,Regular
R014787,2024-04-27,Metroville,Regular
R014788,2024-09-26,Metroville,Occasional
R014789,2025-03-01,Lakewood,Regular
R014790,2025-10-13,Lakewood,Occasional
R014791,2025-02-12,Metroville,Occasional
R014792,2025-02-03,Lakewood,Occasional
R014793,2024-06-29,Riverton,Frequent
R014794,2025-06-09,Lakewood,Occasional
R014795,2025-02-14,Metroville,Frequent
R014796,2024-01-23,Hillview,Regular
R014797,2024-11-03,Metroville,Occasional
R014798,2025-10-17,Metroville,Regular
R014799,2025-09-20,Metroville,Regular
R014800,2024-06-05,Metroville,Frequent
R014801,2025-06-26,Riverton,Occasional
R014802,2024-08-26,Metroville,Occasional
R014803,2025-07-11,Metroville,Occasional
R014804,2025-01-18,Metroville,Occasional
R014805,2024-08-22,Metroville,Regular
R014806,2025-12-03,Lakewood,Regular
R014807,2024-06-25,Metroville,Occasional
R014808,2024-09-10,Metroville,Frequent
R014809,2025-11-14,Hillview,Occasional
R014810,2024-06-10,Lakewood,Occasional
R014811,2024-05-24,Metroville,Occasional
R014812,2025-12-04,Lakewood,Regular
R014813,2024-12-19,Metroville,Regular
R014814,2025-08-14,Metroville,Regular
R014815,2024-03-06,Metroville,Occasional
R014816,2025-04-30,Metroville,Frequent
R014817,2024-03-17,Metroville,Occasional
R014818,2024-10-26,Metroville,Regular
R014819,2024-05-28,Lakewood,Regular
R014820,2024-11-03,Metroville,Occasional
R014821,2024-10-13,Metroville,Occasional
R014822,2025-11-26,Hillview,Regular
R014823,2025-04-29,Riverton,Occasional
R014824,2024-02-20,Riverton,Occasional
R014825,2024-12-22,Lakewood,Occasional
R014826,2025-07-08,Lakewood,Regular
R014827,2024-12-26,Riverton,Regular
R014828,2025-03-16,Lakewood,Frequent
R014829,2025-01-10,Hillview,Frequent
R014830,2025-12-09,Riverton,Regular
R014831,2025-04-25,Metroville,Frequent
R014832,2025-02-12,Metroville,Occasional
R014833,2025-11-20,Metroville,Occasional
R014834,2024-07-24,Lakewood,Regular
R014835,2025-07-06,Riverton,Regular
R014836,2025-07-24,Lakewood,Regular
R014837,2024-09-27,Lakewood,Regular
R014838,2025-12-22,Lakewood,Occasional
R014839,2024-08-04,Riverton,Occasional
R014840,2025-10-26,Lakewood,Occasional
R014841,2024-01-14,Lakewood,Occasional
R014842,2024-08-03,Riverton,Occasional
R014843,2024-08-11,Riverton,Regular
R014844,2024-09-10,Riverton,Regular
R014845,2024-11-15,Riverton,Occasional
R014846,2025-07-06,Riverton,Regular
R014847,2024-11-10,Hillview,Occasional
R014848,2025-03-13,Riverton,Occasional
R014849,2024-03-24,Lakewood,Regular
R014850,2024-01-09,Hillview,Regular
R014851,2024-10-15,Hillview,Regular
R014852,2024-04-13,Lakewood,Occasional
R014853,2024-03-20,Riverton,Occasional
R014854,2024-03-03,Hillview,Regular
R014855,2024-07-18,Metroville,Occasional
R014856,2024-05-10,Lakewood,Frequent
R014857,2024-04-16,Lakewood,Occasional
R014858,2024-08-11,Riverton,Occasional
R014859,2024-07-05,Hillview,Regular
R014860,2025-12-08,Metroville,Regular
R014861,2025-04-12,Riverton,Regular
R014862,2025-05-10,Riverton,Regular
R014863,2025-05-17,Riverton,Frequent
R014864,2024-02-10,Lakewood,Frequent
R014865,2024-12-27,Lakewood,Regular
R014866,2025-03-20,Metroville,Regular
R014867,2025-11-18,Metroville,Occasional
R014868,2024-11-15,Metroville,Regular
R014869,2024-07-19,Metroville,Regular
R014870,2025-07-05,Riverton,Regular
R014871,2024-05-15,Hillview,Occasional
R014872,2025-10-09,Metroville,Regular
R014873,2024-09-18,Riverton,Occasional
R014874,2024-02-17,Metroville,Regular
R014875,2024-09-14,Lakewood,Regular
R014876,2025-12-18,Metroville,Frequent
R014877,2024-11-12,Metroville,Occasional
R014878,2024-02-12,Hillview,Occasional
R014879,2024-09-29,Lakewood,Occasional
R014880,2025-06-20,Metroville,Regular
R014881,2024-02-09,Metroville,Occasional
R014882,2025-10-23,Hillview,Occasional
R014883,2025-07-05,Lakewood,Occasional
R014884,2025-07-04,Hillview,Regular
R014885,2025-07-05,Lakewood,Occasional
R014886,2024-04-20,Lakewood,Occasional
R014887,2025-08-09,Lakewood,Occasional
R014888,2024-06-01,Riverton,Regular
R014889,2024-04-22,Hillview,Occasional
R014890,2024-01-31,Metroville,Occasional
R014891,2024-04-14,Lakewood,Frequent
R014892,2024-04-05,Metroville,Occasional
R014893,2025-10-09,Hillview,Occasional
R014894,2024-02-14,Riverton,Regular
R014895,2025-04-18,Metroville,Occasional
R014896,2024-02-09,Lakewood,Occasional
R014897,2025-12-04,Lakewood,Occasional
R014898,2025-02-15,Hillview,Regular
R014899,2025-01-11,Lakewood,Occasional
R014900,2024-02-26,Metroville,Frequent
R014901,2025-09-27,Riverton,Occasional
R014902,2024-11-07,Metroville,Frequent
R014903,2024-04-12,Riverton,Occasional
R014904,2025-06-03,Lakewood,Occasional
R014905,2025-11-22,Riverton,Occasional
R014906,2024-01-12,Lakewood,Regular
R014907,2024-05-27,Metroville,Occasional
R014908,2025-04-12,Hillview,Occasional
R014909,2024-02-15,Hillview,Regular
R014910,2025-07-08,Lakewood,Occasional
R014911,2025-03-22,Riverton,Regular
R014912,2025-01-27,Lakewood,Occasional
R014913,2024-08-28,Lakewood,Occasional
R014914,2024-12-14,Metroville,Frequent
R014915,2024-03-01,Lakewood,Occasional
R014916,2025-06-18,Metroville,Occasional
R014917,2025-03-25,Riverton,Regular
R014918,2025-01-22,Hillview,Frequent
R014919,2025-07-27,Metroville,Regular
R014920,2025-01-07,Riverton,Frequent
R014921,2024-10-22,Metroville,Occasional
R014922,2025-08-09,Metroville,Occasional
R014923,2025-11-15,Metroville,Regular
R014924,2025-09-05,Lakewood,Regular
R014925,2025-01-09,Riverton,Occasional
R014926,2024-09-26,Metroville,Regular
R014927,2024-04-05,Hillview,Regular
R014928,2024-10-31,Lakewood,Occasional
R014929,2025-08-31,Metroville,Occasional
R014930,2025-08-09,Lakewood,Regular
R014931,2024-04-03,Riverton,Occasional
R014932,2025-02-02,Lakewood,Occasional
R014933,2025-05-04,Lakewood,Frequent
R014934,2025-05-17,Metroville,Occasional
R014935,2025-10-02,Riverton,Regular
R014936,2024-02-25,Lakewood,Frequent
R014937,2024-12-06,Hillview,Occasional
R014938,2024-03-10,Lakewood,Regular
R014939,2025-06-14,Metroville,Regular
R014940,2025-01-24,Hillview,Occasional
R014941,2024-11-12,Metroville,Regular
R014942,2025-08-22,Metroville,Occasional
R014943,2025-09-11,Riverton,Frequent
R014944,2024-08-19,Metroville,Occasional
R014945,2025-08-20,Lakewood,Occasional
R014946,2025-12-04,Lakewood,Occasional
R014947,2024-02-07,Riverton,Regular
R014948,2025-07-10,Lakewood,Regular
R014949,2024-03-25,Riverton,Regular
R014950,2025-07-26,Hillview,Frequent
R014951,2025-05-12,Riverton,Regular
R014952,2025-09-02,Metroville,Regular
R014953,2025-02-24,Riverton,Occasional
R014954,2024-07-05,Hillview,Frequent
R014955,2025-05-24,Lakewood,Occasional
R014956,2024-08-29,Riverton,Regular
R014957,2024-01-23,Lakewood,Frequent
R014958,2024-03-27,Metroville,Regular
R014959,2025-09-29,Riverton,Occasional
R014960,2024-10-05,Lakewood,Regular
R014961,2024-04-15,Metroville,Occasional
R014962,2024-01-27,Lakewood,Regular
R014963,2024-01-31,Lakewood,Regular
R014964,2025-07-04,Riverton,Regular
R014965,2024-04-05,Hillview,Occasional
R014966,2025-08-10,Riverton,Regular
R014967,2025-02-13,Hillview,Occasional
R014968,2024-06-05,Metroville,Occasional
R014969,2025-10-21,Metroville,Occasional
R014970,2024-12-24,Riverton,Regular
R014971,2024-10-15,Riverton,Occasional
R014972,2025-05-06,Hillview,Regular
R014973,2025-04-26,Riverton,Frequent
R014974,2025-06-27,Metroville,Regular
R014975,2025-03-25,Riverton,Regular
R014976,2025-12-10,Metroville,Frequent
R014977,2024-10-31,Lakewood,Frequent
R014978,2024-05-26,Riverton,Occasional
R014979,2024-04-02,Riverton,Regular
R014980,2024-06-29,Lakewood,Occasional
R014981,2025-07-20,Riverton,Occasional
R014982,2025-09-17,Hillview,Occasional
R014983,2024-08-01,Metroville,Regular
R014984,2024-03-12,Metroville,Frequent
R014985,2025-06-11,Metroville,Frequent
R014986,2025-07-29,Lakewood,Occasional
R014987,2024-02-10,Metroville,Occasional
R014988,2024-04-07,Lakewood,Frequent
R014989,2024-09-02,Metroville,Regular
R014990,2024-12-05,Metroville,Frequent
R014991,2024-03-21,Metroville,Occasional
R014992,2025-03-09,Hillview,Occasional
R014993,2024-12-29,Metroville,Regular
R014994,2025-07-16,Metroville,Frequent
R014995,2025-11-28,Metroville,Occasional
R014996,2024-03-24,Hillview,Occasional
R014997,2024-11-27,Lakewood,Regular
R014998,2025-08-26,Riverton,Occasional
R014999,2024-01-07,Metroville,Occasional
R015000,2025-09-14,Metroville,Frequent
R015001,2024-10-17,Lakewood,Occasional
R015002,2025-08-03,Riverton,Regular
R015003,2025-03-16,Hillview,Occasional
R015004,2025-11-17,Metroville,Frequent
R015005,2024-04-20,Hillview,Regular
R015006,2025-09-30,Lakewood,Frequent
R015007,2025-02-18,Lakewood,Frequent
R015008,2025-07-16,Hillview,Regular
R015009,2025-07-19,Lakewood,Occasional
R015010,2025-02-28,Riverton,Regular
R015011,2024-11-27,Lakewood,Occasional
R015012,2025-08-14,Metroville,Regular
R015013,2025-01-05,Metroville,Frequent
R015014,2025-12-14,Hillview,Occasional
R015015,2025-05-03,Hillview,Occasional
R015016,2025-04-11,Hillview,Occasional
R015017,2025-03-02,Riverton,Regular
R015018,2024-06-26,Riverton,Frequent
R015019,2025-07-02,Metroville,Regular
R015020,2024-06-30,Riverton,Regular
R015021,2025-03-26,Lakewood,Occasional
R015022,2025-08-05,Lakewood,Occasional
R015023,2024-11-26,Riverton,Occasional
R015024,2025-12-25,Metroville,Occasional
R015025,2024-04-29,Lakewood,Frequent
R015026,2024-06-02,Riverton,Regular
R015027,2024-08-09,Hillview,Occasional
R015028,2025-12-11,Lakewood,Regular
R015029,2025-01-25,Lakewood,Regular
R015030,2024-07-15,Lakewood,Frequent
R015031,2025-12-07,Metroville,Occasional
R015032,2024-10-29,Metroville,Occasional
R015033,2024-07-14,Riverton,Occasional
R015034,2025-10-26,Metroville,Occasional
R015035,2024-04-23,Lakewood,Occasional
R015036,2025-12-05,Lakewood,Frequent
R015037,2024-02-03,Hillview,Frequent
R015038,2025-02-19,Riverton,Regular
R015039,2025-03-02,Riverton,Regular
R015040,2025-11-26,Riverton,Regular
R015041,2025-11-11,Metroville,Regular
R015042,2025-09-08,Lakewood,Frequent
R015043,2025-11-01,Metroville,Frequent
R015044,2025-09-26,Lakewood,Occasional
R015045,2025-01-10,Metroville,Regular
R015046,2025-09-27,Hillview,Occasional
R015047,2025-07-18,Metroville,Occasional
R015048,2024-10-09,Metroville,Occasional
R015049,2025-10-06,Lakewood,Regular
R015050,2024-01-23,Metroville,Occasional
R015051,2024-03-16,Metroville,Frequent
R015052,2024-04-30,Hillview,Regular
R015053,2025-01-26,Metroville,Occasional
R015054,2024-02-24,Riverton,Regular
R015055,2024-06-13,Riverton,Regular
R015056,2024-06-26,Metroville,Regular
R015057,2024-06-26,Metroville,Occasional
R015058,2024-02-10,Lakewood,Occasional
R015059,2024-06-13,Hillview,Occasional
R015060,2024-07-21,Riverton,Regular
R015061,2025-07-09,Metroville,Occasional
R015062,2025-03-07,Metroville,Occasional
R015063,2024-08-18,Riverton,Regular
R015064,2024-04-13,Lakewood,Occasional
R015065,2025-01-10,Metroville,Regular
R015066,2024-08-19,Riverton,Regular
R015067,2025-05-25,Hillview,Occasional
R015068,2024-06-13,Hillview,Frequent
R015069,2025-12-30,Riverton,Occasional
R015070,2024-03-10,Hillview,Regular
R015071,2025-09-03,Lakewood,Regular
R015072,2025-05-09,Metroville,Regular
R015073,2025-05-07,Lakewood,Occasional
R015074,2025-10-15,Riverton,Regular
R015075,2024-11-26,Riverton,Frequent
R015076,2025-06-08,Hillview,Frequent
R015077,2025-01-21,Lakewood,Occasional
R015078,2025-05-15,Lakewood,Occasional
R015079,2025-02-08,Metroville,Occasional
R015080,2025-12-20,Riverton,Frequent
R015081,2024-08-24,Riverton,Frequent
R015082,2025-06-19,Riverton,Occasional
R015083,2024-05-01,Metroville,Regular
R015084,2024-02-04,Lakewood,Occasional
R015085,2025-05-29,Metroville,Regular
R015086,2024-06-08,Lakewood,Occasional
R015087,2024-01-12,Metroville,Occasional
R015088,2025-04-11,Hillview,Occasional
R015089,2025-03-23,Riverton,Frequent
R015090,2025-04-12,Riverton,Occasional
R015091,2024-11-28,Metroville,Occasional
R015092,2025-09-01,Lakewood,Regular
R015093,2024-01-10,Metroville,Occasional
R015094,2024-04-26,Metroville,Occasional
R015095,2024-10-02,Lakewood,Regular
R015096,2025-12-19,Metroville,Occasional
R015097,2025-06-11,Hillview,Occasional
R015098,2025-01-12,Hillview,Frequent
R015099,2025-11-25,Hillview,Regular
R015100,2025-11-04,Metroville,Regular
R015101,2024-03-17,Lakewood,Occasional
R015102,2025-01-22,Metroville,Regular
R015103,2025-11-27,Riverton,Occasional
R015104,2024-05-16,Lakewood,Frequent
R015105,2024-04-25,Lakewood,Regular
R015106,2024-09-13,Metroville,Regular
R015107,2025-12-10,Metroville,Occasional
R015108,2024-06-10,Metroville,Occasional
R015109,2025-04-10,Metroville,Occasional
R015110,2024-07-12,Metroville,Occasional
R015111,2025-06-23,Hillview,Occasional
R015112,2025-10-13,Metroville,Occasional
R015113,2024-01-30,Metroville,Occasional
R015114,2024-10-03,Hillview,Regular
R015115,2025-02-27,Hillview,Occasional
R015116,2024-05-13,Lakewood,Frequent
R015117,2025-04-09,Riverton,Regular
R015118,2024-09-23,Metroville,Occasional
R015119,2024-01-26,Riverton,Occasional
R015120,2025-03-27,Hillview,Occasional
R015121,2024-01-28,Lakewood,Occasional
R015122,2024-05-27,Metroville,Occasional
R015123,2024-04-29,Lakewood,Occasional
R015124,2024-02-07,Riverton,Occasional
R015125,2024-10-28,Hillview,Occasional
R015126,2025-09-30,Lakewood,Occasional
R015127,2024-08-11,Metroville,Regular
R015128,2024-06-24,Riverton,Regular
R015129,2025-08-13,Metroville,Occasional
R015130,2025-11-16,Metroville,Regular
R015131,2024-08-08,Metroville,Frequent
R015132,2024-02-04,Lakewood,Frequent
R015133,2025-07-10,Lakewood,Occasional
R015134,2025-04-21,Riverton,Occasional
R015135,2025-12-31,Metroville,Occasional
R015136,2025-05-01,Lakewood,Regular
R015137,2025-11-11,Riverton,Frequent
R015138,2024-04-24,Lakewood,Occasional
R015139,2024-04-30,Riverton,Regular
R015140,2025-05-01,Hillview,Regular
R015141,2025-07-01,Metroville,Occasional
R015142,2024-10-10,Hillview,Occasional
R015143,2024-11-11,Hillview,Occasional
R015144,2024-10-06,Lakewood,Regular
R015145,2024-02-05,Riverton,Occasional
R015146,2025-10-04,Lakewood,Occasional
R015147,2025-10-26,Riverton,Frequent
R015148,2025-11-28,Riverton,Occasional
R015149,2025-01-04,Hillview,Occasional
R015150,2024-05-04,Metroville,Regular
R015151,2024-10-22,Riverton,Frequent
R015152,2025-05-15,Metroville,Regular
R015153,2024-05-06,Hillview,Regular
R015154,2024-04-23,Metroville,Occasional
R015155,2025-12-27,Lakewood,Occasional
R015156,2024-01-26,Hillview,Frequent
R015157,2025-03-13,Lakewood,Frequent
R015158,2024-04-19,Riverton,Occasional
R015159,2024-01-17,Lakewood,Frequent
R015160,2025-04-09,Lakewood,Occasional
R015161,2024-05-14,Hillview,Occasional
R015162,2025-06-15,Hillview,Regular
R015163,2025-08-26,Lakewood,Regular
R015164,2025-01-06,Riverton,Occasional
R015165,2024-05-02,Lakewood,Occasional
R015166,2025-11-27,Hillview,Regular
R015167,2024-09-29,Riverton,Occasional
R015168,2025-07-13,Lakewood,Occasional
R015169,2024-05-21,Lakewood,Frequent
R015170,2024-04-28,Metroville,Frequent
R015171,2025-05-08,Hillview,Frequent
R015172,2024-06-01,Metroville,Regular
R015173,2025-01-25,Metroville,Frequent
R015174,2025-03-12,Lakewood,Frequent
R015175,2024-03-30,Riverton,Regular
R015176,2024-08-31,Riverton,Regular
R015177,2024-05-21,Metroville,Regular
R015178,2024-01-01,Metroville,Occasional
R015179,2025-11-25,Metroville,Occasional
R015180,2024-01-18,Riverton,Frequent
R015181,2025-08-30,Hillview,Regular
R015182,2024-10-25,Hillview,Occasional
R015183,2024-07-21,Lakewood,Frequent
R015184,2025-01-18,Lakewood,Frequent
R015185,2025-11-01,Lakewood,Regular
R015186,2025-04-23,Riverton,Frequent
R015187,2024-02-28,Riverton,Frequent
R015188,2025-07-12,Metroville,Occasional
R015189,2025-07-12,Metroville,Regular
R015190,2025-12-10,Lakewood,Occasional
R015191,2024-05-27,Lakewood,Regular
R015192,2025-09-06,Hillview,Occasional
R015193,2024-09-27,Metroville,Occasional
R015194,2024-09-17,Riverton,Frequent
R015195,2025-04-08,Hillview,Occasional
R015196,2025-01-26,Lakewood,Frequent
R015197,2024-06-17,Metroville,Occasional
R015198,2024-06-07,Metroville,Occasional
R015199,2025-04-20,Riverton,Occasional
R015200,2025-12-10,Metroville,Frequent
R015201,2024-06-16,Hillview,Regular
R015202,2025-01-26,Riverton,Regular
R015203,2024-08-12,Riverton,Frequent
R015204,2024-07-01,Riverton,Regular
R015205,2025-08-05,Metroville,Frequent
R015206,2025-06-14,Riverton,Occasional
R015207,2024-12-16,Lakewood,Occasional
R015208,2024-12-23,Metroville,Regular
R015209,2024-11-07,Metroville,Frequent
R015210,2025-12-30,Lakewood,Regular
R015211,2025-11-23,Lakewood,Occasional
R015212,2024-02-24,Metroville,Frequent
R015213,2025-08-20,Lakewood,Occasional
R015214,2024-09-02,Hillview,Occasional
R015215,2025-04-22,Lakewood,Regular
R015216,2025-11-20,Metroville,Occasional
R015217,2024-11-04,Lakewood,Frequent
R015218,2024-12-03,Lakewood,Regular
R015219,2025-04-03,Hillview,Frequent
R015220,2024-08-16,Lakewood,Occasional
R015221,2024-07-12,Metroville,Regular
R015222,2025-03-18,Metroville,Regular
R015223,2024-06-01,Metroville,Occasional
R015224,2025-05-01,Riverton,Occasional
R015225,2024-07-01,Metroville,Frequent
R015226,2024-03-08,Riverton,Occasional
R015227,2024-03-15,Lakewood,Occasional
R015228,2024-07-08,Riverton,Regular
R015229,2024-03-15,Metroville,Frequent
R015230,2024-08-14,Metroville,Frequent
R015231,2024-11-01,Lakewood,Frequent
R015232,2024-06-28,Lakewood,Regular
R015233,2025-01-26,Lakewood,Occasional
R015234,2024-10-07,Riverton,Regular
R015235,2024-02-28,Hillview,Regular
R015236,2024-09-02,Lakewood,Regular
R015237,2024-01-09,Metroville,Frequent
R015238,2025-06-19,Metroville,Frequent
R015239,2024-11-20,Hillview,Frequent
R015240,2025-03-14,Metroville,Occasional
R015241,2024-04-14,Metroville,Occasional
R015242,2024-11-10,Hillview,Occasional
R015243,2025-08-15,Metroville,Occasional
R015244,2024-05-26,Riverton,Regular
R015245,2025-12-21,Metroville,Regular
R015246,2024-11-03,Riverton,Regular
R015247,2024-04-09,Metroville,Regular
R015248,2024-05-12,Hillview,Occasional
R015249,2024-12-04,Metroville,Frequent
R015250,2025-11-27,Metroville,Occasional
R015251,2024-12-11,Riverton,Occasional
R015252,2024-05-07,Lakewood,Frequent
R015253,2024-10-11,Lakewood,Regular
R015254,2025-09-20,Lakewood,Occasional
R015255,2025-12-21,Lakewood,Occasional
R015256,2025-03-26,Hillview,Regular
R015257,2025-09-25,Riverton,Regular
R015258,2025-08-16,Lakewood,Frequent
R015259,2024-11-06,Metroville,Occasional
R015260,2025-10-12,Lakewood,Frequent
R015261,2024-02-25,Hillview,Occasional
R015262,2025-08-11,Metroville,Occasional
R015263,2025-03-01,Metroville,Regular
R015264,2025-03-07,Metroville,Frequent
R015265,2025-11-15,Riverton,Occasional
R015266,2024-07-14,Riverton,Occasional
R015267,2024-05-24,Riverton,Regular
R015268,2025-04-28,Riverton,Regular
R015269,2025-06-26,Riverton,Frequent
R015270,2024-01-04,Hillview,Regular
R015271,2024-12-31,Lakewood,Regular
R015272,2024-10-03,Metroville,Frequent
R015273,2025-08-22,Lakewood,Occasional
R015274,2025-09-20,Riverton,Occasional
R015275,2024-04-11,Lakewood,Regular
R015276,2025-02-28,Lakewood,Regular
R015277,2025-06-12,Riverton,Frequent
R015278,2024-07-09,Metroville,Occasional
R015279,2025-11-14,Riverton,Occasional
R015280,2025-10-15,Riverton,Occasional
R015281,2024-05-06,Hillview,Regular
R015282,2024-01-12,Riverton,Occasional
R015283,2025-02-27,Metroville,Regular
R015284,2025-10-08,Lakewood,Regular
R015285,2025-05-14,Lakewood,Occasional
R015286,2025-07-09,Lakewood,Occasional
R015287,2025-06-10,Riverton,Regular
R015288,2024-04-17,Lakewood,Regular
R015289,2024-02-19,Riverton,Occasional
R015290,2024-02-16,Riverton,Regular
R015291,2025-12-21,Riverton,Frequent
R015292,2025-11-27,Riverton,Frequent
R015293,2025-09-02,Metroville,Frequent
R015294,2024-02-19,Metroville,Regular
R015295,2025-10-12,Metroville,Frequent
R015296,2025-12-13,Riverton,Regular
R015297,2025-07-28,Hillview,Occasional
R015298,2024-11-03,Hillview,Occasional
R015299,2024-03-09,Metroville,Regular
R015300,2024-09-15,Hillview,Regular
R015301,2024-05-29,Hillview,Frequent
R015302,2025-04-20,Metroville,Frequent
R015303,2025-10-08,Lakewood,Occasional
R015304,2024-12-29,Hillview,Frequent
R015305,2024-02-05,Lakewood,Occasional
R015306,2024-10-12,Hillview,Occasional
R015307,2025-08-08,Lakewood,Regular
R015308,2025-04-13,Metroville,Frequent
R015309,2024-01-30,Metroville,Frequent
R015310,2024-09-13,Metroville,Regular
R015311,2024-09-14,Riverton,Regular
R015312,2024-01-26,Metroville,Occasional
R015313,2024-09-12,Lakewood,Frequent
R015314,2025-08-26,Hillview,Frequent
R015315,2024-04-05,Metroville,Occasional
R015316,2025-01-11,Lakewood,Occasional
R015317,2025-04-25,Hillview,Occasional
R015318,2025-05-17,Hillview,Frequent
R015319,2024-08-29,Riverton,Regular
R015320,2025-02-25,Lakewood,Occasional
R015321,2025-06-13,Metroville,Regular
R015322,2025-03-25,Riverton,Occasional
R015323,2025-09-05,Hillview,Regular
R015324,2024-06-09,Riverton,Regular
R015325,2024-03-19,Metroville,Regular
R015326,2025-11-15,Riverton,Occasional
R015327,2025-06-21,Riverton,Frequent
R015328,2024-11-23,Hillview,Frequent
R015329,2025-02-21,Metroville,Occasional
R015330,2025-11-04,Metroville,Regular
R015331,2025-09-26,Lakewood,Regular
R015332,2025-08-13,Riverton,Regular
R015333,2025-03-08,Hillview,Occasional
R015334,2025-06-11,Metroville,Regular
R015335,2025-02-28,Lakewood,Regular
R015336,2024-12-02,Riverton,Occasional
R015337,2025-05-08,Metroville,Occasional
R015338,2024-01-17,Riverton,Regular
R015339,2025-08-27,Lakewood,Occasional
R015340,2024-08-18,Hillview,Frequent
R015341,2025-02-03,Lakewood,Regular
R015342,2025-05-01,Hillview,Regular
R015343,2024-08-27,Metroville,Regular
R015344,2024-08-30,Lakewood,Occasional
R015345,2024-05-09,Lakewood,Frequent
R015346,2024-03-13,Metroville,Occasional
R015347,2025-10-07,Lakewood,Regular
R015348,2025-01-13,Riverton,Occasional
R015349,2025-05-12,Lakewood,Regular
R015350,2024-04-23,Hillview,Regular
R015351,2025-09-16,Metroville,Regular
R015352,2024-08-12,Metroville,Frequent
R015353,2024-12-02,Metroville,Frequent
R015354,2025-01-02,Riverton,Occasional
R015355,2025-06-28,Metroville,Frequent
R015356,2024-03-26,Metroville,Occasional
R015357,2025-10-26,Metroville,Regular
R015358,2024-03-23,Lakewood,Frequent
R015359,2025-04-11,Lakewood,Occasional
R015360,2024-06-02,Lakewood,Regular
R015361,2025-11-06,Riverton,Regular
R015362,2025-03-09,Lakewood,Regular
R015363,2025-11-22,Metroville,Frequent
R015364,2025-11-14,Riverton,Regular
R015365,2024-07-14,Metroville,Regular
R015366,2024-06-23,Metroville,Occasional
R015367,2024-03-23,Riverton,Occasional
R015368,2025-06-10,Metroville,Regular
R015369,2024-01-19,Riverton,Frequent
R015370,2024-05-18,Riverton,Regular
R015371,2025-10-27,Hillview,Regular
R015372,2025-04-10,Lakewood,Frequent
R015373,2024-11-25,Riverton,Frequent
R015374,2024-04-10,Lakewood,Regular
R015375,2025-09-10,Riverton,Occasional
R015376,2025-09-10,Metroville,Regular
R015377,2024-02-03,Lakewood,Occasional
R015378,2025-06-27,Lakewood,Occasional
R015379,2024-08-28,Metroville,Frequent
R015380,2025-05-13,Metroville,Frequent
R015381,2024-08-03,Hillview,Regular
R015382,2024-01-11,Riverton,Occasional
R015383,2025-07-05,Riverton,Occasional
R015384,2025-09-04,Riverton,Occasional
R015385,2025-05-15,Metroville,Occasional
R015386,2024-04-20,Metroville,Occasional
R015387,2024-11-25,Riverton,Regular
R015388,2025-01-25,Riverton,Occasional
R015389,2025-08-03,Riverton,Occasional
R015390,2025-07-22,Lakewood,Frequent
R015391,2025-10-11,Lakewood,Regular
R015392,2025-04-07,Riverton,Regular
R015393,2025-11-18,Lakewood,Regular
R015394,2025-08-22,Lakewood,Frequent
R015395,2024-05-26,Metroville,Regular
R015396,2025-06-02,Metroville,Occasional
R015397,2024-03-03,Riverton,Regular
R015398,2025-07-07,Lakewood,Occasional
R015399,2024-06-11,Riverton,Frequent
R015400,2024-08-06,Riverton,Regular
R015401,2025-02-24,Lakewood,Regular
R015402,2024-10-04,Riverton,Frequent
R015403,2025-04-19,Metroville,Occasional
R015404,2025-01-02,Metroville,Frequent
R015405,2025-04-10,Lakewood,Regular
R015406,2025-03-05,Riverton,Frequent
R015407,2024-05-30,Metroville,Regular
R015408,2025-05-21,Metroville,Regular
R015409,2025-12-02,Hillview,Occasional
R015410,2025-02-10,Hillview,Occasional
R015411,2025-03-20,Hillview,Regular
R015412,2025-06-04,Metroville,Occasional
R015413,2024-03-02,Riverton,Occasional
R015414,2024-04-20,Riverton,Regular
R015415,2025-02-12,Metroville,Occasional
R015416,2024-10-15,Metroville,Regular
R015417,2025-05-21,Metroville,Occasional
R015418,2025-10-30,Hillview,Occasional
R015419,2025-07-26,Riverton,Regular
R015420,2024-06-07,Metroville,Occasional
R015421,2024-08-12,Metroville,Occasional
R015422,2024-04-15,Hillview,Occasional
R015423,2024-03-12,Riverton,Occasional
R015424,2025-06-29,Hillview,Occasional
R015425,2025-05-21,Metroville,Regular
R015426,2024-05-22,Hillview,Regular
R015427,2025-05-30,Metroville,Occasional
R015428,2024-11-30,Metroville,Regular
R015429,2025-10-03,Hillview,Frequent
R015430,2025-06-05,Metroville,Regular
R015431,2024-07-17,Lakewood,Frequent
R015432,2024-12-20,Metroville,Occasional
R015433,2024-06-19,Riverton,Regular
R015434,2025-10-21,Metroville,Regular
R015435,2025-01-11,Lakewood,Regular
R015436,2025-10-04,Metroville,Regular
R015437,2025-01-09,Hillview,Regular
R015438,2025-01-03,Hillview,Frequent
R015439,2024-05-15,Riverton,Occasional
R015440,2025-12-04,Hillview,Regular
R015441,2025-05-07,Riverton,Occasional
R015442,2024-08-01,Metroville,Occasional
R015443,2025-09-06,Metroville,Regular
R015444,2024-06-20,Riverton,Regular
R015445,2024-03-11,Lakewood,Frequent
R015446,2025-05-05,Metroville,Regular
R015447,2025-07-01,Metroville,Regular
R015448,2025-02-23,Hillview,Occasional
R015449,2025-06-06,Metroville,Occasional
R015450,2024-07-02,Lakewood,Regular
R015451,2024-07-22,Riverton,Occasional
R015452,2024-09-28,Riverton,Frequent
R015453,2024-05-31,Metroville,Frequent
R015454,2024-06-19,Riverton,Occasional
R015455,2024-02-04,Metroville,Occasional
R015456,2024-06-22,Metroville,Regular
R015457,2025-02-04,Riverton,Occasional
R015458,2024-09-26,Hillview,Occasional
R015459,2024-11-10,Riverton,Occasional
R015460,2025-11-07,Metroville,Regular
R015461,2024-01-05,Metroville,Occasional
R015462,2025-09-03,Lakewood,Frequent
R015463,2024-01-25,Metroville,Regular
R015464,2025-01-10,Metroville,Regular
R015465,2024-04-05,Metroville,Occasional
R015466,2024-12-15,Metroville,Occasional
R015467,2025-10-16,Lakewood,Occasional
R015468,2024-01-24,Metroville,Frequent
R015469,2025-01-05,Metroville,Frequent
R015470,2024-12-04,Metroville,Occasional
R015471,2024-11-26,Lakewood,Occasional
R015472,2025-04-01,Lakewood,Regular
R015473,2024-08-26,Metroville,Occasional
R015474,2025-07-23,Lakewood,Frequent
R015475,2024-06-23,Metroville,Regular
R015476,2024-09-17,Hillview,Occasional
R015477,2024-12-08,Lakewood,Occasional
R015478,2025-11-03,Riverton,Occasional
R015479,2025-01-25,Riverton,Regular
R015480,2025-09-07,Lakewood,Regular
R015481,2024-04-12,Lakewood,Regular
R015482,2024-03-01,Lakewood,Frequent
R015483,2025-01-02,Lakewood,Regular
R015484,2025-10-22,Metroville,Frequent
R015485,2024-06-20,Metroville,Regular
R015486,2024-06-12,Metroville,Frequent
R015487,2024-04-18,Lakewood,Occasional
R015488,2025-11-06,Metroville,Occasional
R015489,2024-03-08,Hillview,Frequent
R015490,2025-04-06,Metroville,Occasional
R015491,2024-10-05,Metroville,Occasional
R015492,2024-10-28,Riverton,Regular
R015493,2025-06-04,Hillview,Regular
R015494,2024-11-15,Lakewood,Occasional
R015495,2024-01-17,Lakewood,Regular
R015496,2025-02-15,Metroville,Occasional
R015497,2024-01-19,Hillview,Occasional
R015498,2025-09-09,Riverton,Frequent
R015499,2025-11-23,Metroville,Occasional
R015500,2025-09-04,Riverton,Occasional
R015501,2024-10-29,Metroville,Occasional
R015502,2024-10-30,Lakewood,Frequent
R015503,2025-03-04,Lakewood,Occasional
R015504,2025-09-13,Riverton,Occasional
R015505,2025-07-05,Hillview,Occasional
R015506,2024-12-11,Lakewood,Occasional
R015507,2025-08-16,Riverton,Occasional
R015508,2024-11-01,Riverton,Occasional
R015509,2025-07-17,Metroville,Regular
R015510,2024-06-27,Riverton,Frequent
R015511,2024-11-27,Hillview,Occasional
R015512,2025-08-29,Lakewood,Regular
R015513,2024-06-29,Lakewood,Frequent
R015514,2025-03-29,Riverton,Frequent
R015515,2024-07-24,Riverton,Frequent
R015516,2024-11-11,Metroville,Regular
R015517,2024-08-25,Metroville,Occasional
R015518,2025-04-29,Riverton,Occasional
R015519,2025-07-06,Metroville,Occasional
R015520,2025-09-22,Hillview,Regular
R015521,2024-09-17,Metroville,Occasional
R015522,2024-05-24,Metroville,Regular
R015523,2025-11-12,Riverton,Frequent
R015524,2024-10-14,Metroville,Occasional
R015525,2025-04-22,Lakewood,Frequent
R015526,2024-10-05,Lakewood,Regular
R015527,2025-09-02,Hillview,Regular
R015528,2024-02-25,Metroville,Occasional
R015529,2024-01-30,Riverton,Occasional
R015530,2024-09-01,Hillview,Regular
R015531,2024-10-30,Lakewood,Frequent
R015532,2025-07-11,Metroville,Regular
R015533,2024-12-10,Metroville,Regular
R015534,2024-07-04,Lakewood,Occasional
R015535,2024-02-25,Metroville,Regular
R015536,2025-08-16,Lakewood,Regular
R015537,2025-01-07,Lakewood,Occasional
R015538,2025-11-30,Riverton,Regular
R015539,2024-08-30,Riverton,Occasional
R015540,2024-06-12,Riverton,Regular
R015541,2024-07-17,Metroville,Frequent
R015542,2024-10-26,Lakewood,Frequent
R015543,2024-04-13,Hillview,Occasional
R015544,2024-04-06,Riverton,Regular
R015545,2025-08-03,Metroville,Regular
R015546,2025-05-21,Metroville,Regular
R015547,2025-01-02,Riverton,Occasional
R015548,2024-12-18,Lakewood,Regular
R015549,2024-12-29,Lakewood,Regular
R015550,2025-03-06,Metroville,Frequent
R015551,2024-07-28,Lakewood,Frequent
R015552,2025-07-24,Metroville,Regular
R015553,2024-01-06,Metroville,Occasional
R015554,2025-07-22,Lakewood,Regular
R015555,2025-08-03,Hillview,Frequent
R015556,2025-01-12,Hillview,Occasional
R015557,2024-08-04,Metroville,Frequent
R015558,2025-10-07,Metroville,Occasional
R015559,2025-08-22,Metroville,Frequent
R015560,2025-11-13,Hillview,Frequent
R015561,2024-01-12,Metroville,Frequent
R015562,2025-04-06,Hillview,Occasional
R015563,2024-01-06,Riverton,Frequent
R015564,2024-01-29,Riverton,Occasional
R015565,2024-02-15,Metroville,Occasional
R015566,2025-07-22,Riverton,Occasional
R015567,2025-06-16,Metroville,Frequent
R015568,2025-10-14,Riverton,Occasional
R015569,2025-04-09,Riverton,Occasional
R015570,2025-02-11,Hillview,Regular
R015571,2024-05-13,Riverton,Frequent
R015572,2025-05-27,Hillview,Occasional
R015573,2025-10-28,Lakewood,Occasional
R015574,2024-09-17,Lakewood,Occasional
R015575,2025-05-24,Metroville,Regular
R015576,2025-01-02,Metroville,Regular
R015577,2025-01-16,Metroville,Occasional
R015578,2025-08-07,Metroville,Regular
R015579,2024-08-01,Metroville,Occasional
R015580,2025-10-03,Metroville,Occasional
R015581,2025-12-22,Metroville,Occasional
R015582,2024-03-25,Riverton,Regular
R015583,2025-01-09,Lakewood,Frequent
R015584,2024-01-13,Hillview,Occasional
R015585,2024-09-04,Metroville,Regular
R015586,2024-09-30,Metroville,Frequent
R015587,2025-04-30,Hillview,Regular
R015588,2024-10-13,Hillview,Occasional
R015589,2024-09-22,Lakewood,Occasional
R015590,2025-07-20,Metroville,Occasional
R015591,2025-07-09,Hillview,Frequent
R015592,2024-01-07,Hillview,Frequent
R015593,2024-09-03,Hillview,Occasional
R015594,2025-07-13,Lakewood,Regular
R015595,2024-03-16,Metroville,Occasional
R015596,2025-01-27,Lakewood,Occasional
R015597,2024-12-26,Lakewood,Occasional
R015598,2025-05-25,Metroville,Occasional
R015599,2025-05-09,Metroville,Regular
R015600,2025-01-07,Hillview,Occasional
R015601,2024-10-29,Metroville,Regular
R015602,2025-08-01,Metroville,Frequent
R015603,2024-10-06,Lakewood,Frequent
R015604,2024-11-15,Hillview,Occasional
R015605,2024-11-03,Hillview,Occasional
R015606,2024-09-10,Metroville,Frequent
R015607,2025-04-05,Riverton,Frequent
R015608,2025-04-10,Hillview,Regular
R015609,2025-10-20,Riverton,Occasional
R015610,2024-11-21,Metroville,Occasional
R015611,2025-07-10,Riverton,Occasional
R015612,2024-08-10,Lakewood,Occasional
R015613,2025-12-05,Lakewood,Occasional
R015614,2025-10-30,Lakewood,Regular
R015615,2025-03-08,Metroville,Regular
R015616,2025-06-13,Riverton,Regular
R015617,2025-02-28,Metroville,Frequent
R015618,2024-05-24,Metroville,Regular
R015619,2025-11-19,Lakewood,Occasional
R015620,2025-06-25,Riverton,Frequent
R015621,2024-11-03,Lakewood,Occasional
R015622,2024-07-03,Riverton,Occasional
R015623,2025-05-04,Hillview,Occasional
R015624,2024-11-11,Riverton,Frequent
R015625,2025-08-29,Lakewood,Occasional
R015626,2024-06-08,Lakewood,Occasional
R015627,2025-01-16,Lakewood,Regular
R015628,2024-03-23,Lakewood,Frequent
R015629,2025-06-06,Lakewood,Frequent
R015630,2024-10-19,Riverton,Occasional
R015631,2024-05-21,Riverton,Frequent
R015632,2025-02-10,Metroville,Occasional
R015633,2025-02-22,Hillview,Occasional
R015634,2024-08-09,Hillview,Occasional
R015635,2025-11-18,Metroville,Occasional
R015636,2024-02-24,Hillview,Regular
R015637,2024-08-31,Lakewood,Regular
R015638,2024-07-01,Metroville,Regular
R015639,2025-11-08,Riverton,Regular
R015640,2024-06-28,Metroville,Regular
R015641,2024-06-10,Riverton,Frequent
R015642,2025-03-08,Hillview,Occasional
R015643,2024-07-09,Lakewood,Regular
R015644,2024-07-25,Metroville,Frequent
R015645,2024-06-28,Metroville,Occasional
R015646,2025-01-25,Lakewood,Occasional
R015647,2025-07-02,Lakewood,Occasional
R015648,2024-12-10,Riverton,Regular
R015649,2025-10-13,Hillview,Occasional
R015650,2024-07-13,Lakewood,Occasional
R015651,2025-09-10,Lakewood,Occasional
R015652,2025-06-26,Lakewood,Occasional
R015653,2024-02-23,Lakewood,Frequent
R015654,2025-05-03,Metroville,Regular
R015655,2025-12-27,Lakewood,Frequent
R015656,2025-05-12,Lakewood,Occasional
R015657,2024-07-07,Riverton,Regular
R015658,2024-11-13,Metroville,Regular
R015659,2025-09-28,Lakewood,Occasional
R015660,2024-08-19,Riverton,Occasional
R015661,2024-12-14,Riverton,Occasional
R015662,2025-03-08,Lakewood,Occasional
R015663,2025-08-28,Hillview,Regular
R015664,2025-12-03,Riverton,Frequent
R015665,2025-05-30,Riverton,Occasional
R015666,2024-11-13,Riverton,Occasional
R015667,2024-10-27,Riverton,Occasional
R015668,2025-05-01,Hillview,Regular
R015669,2024-02-24,Metroville,Occasional
R015670,2024-11-19,Lakewood,Frequent
R015671,2024-09-17,Hillview,Frequent
R015672,2025-11-13,Metroville,Frequent
R015673,2025-09-18,Metroville,Regular
R015674,2024-07-12,Lakewood,Frequent
R015675,2025-04-24,Lakewood,Frequent
R015676,2024-12-01,Riverton,Occasional
R015677,2025-08-30,Lakewood,Regular
R015678,2024-12-27,Metroville,Regular
R015679,2025-04-14,Hillview,Regular
R015680,2025-06-17,Metroville,Occasional
R015681,2025-08-25,Hillview,Occasional
R015682,2025-06-11,Lakewood,Regular
R015683,2024-08-05,Metroville,Occasional
R015684,2025-06-25,Lakewood,Occasional
R015685,2024-08-19,Riverton,Frequent
R015686,2025-06-20,Hillview,Frequent
R015687,2025-11-26,Lakewood,Frequent
R015688,2024-12-09,Hillview,Frequent
R015689,2025-10-15,Lakewood,Occasional
R015690,2024-04-23,Metroville,Regular
R015691,2024-11-07,Lakewood,Occasional
R015692,2025-09-29,Riverton,Regular
R015693,2025-06-18,Metroville,Regular
R015694,2024-08-25,Metroville,Frequent
R015695,2025-01-01,Riverton,Frequent
R015696,2024-03-21,Lakewood,Regular
R015697,2025-08-20,Riverton,Occasional
R015698,2024-04-04,Metroville,Occasional
R015699,2025-02-16,Lakewood,Regular
R015700,2024-12-28,Lakewood,Occasional
R015701,2025-03-28,Hillview,Occasional
R015702,2024-11-07,Metroville,Occasional
R015703,2024-03-03,Metroville,Occasional
R015704,2025-04-30,Metroville,Frequent
R015705,2025-10-16,Hillview,Occasional
R015706,2025-03-23,Metroville,Regular
R015707,2024-02-01,Hillview,Regular
R015708,2024-03-19,Lakewood,Regular
R015709,2024-07-20,Riverton,Frequent
R015710,2024-08-05,Metroville,Frequent
R015711,2024-03-30,Lakewood,Occasional
R015712,2025-10-18,Hillview,Occasional
R015713,2025-06-23,Metroville,Occasional
R015714,2025-07-15,Riverton,Frequent
R015715,2025-12-06,Hillview,Occasional
R015716,2025-09-29,Metroville,Frequent
R015717,2024-05-05,Hillview,Frequent
R015718,2024-01-17,Metroville,Frequent
R015719,2025-06-17,Metroville,Regular
R015720,2025-10-29,Metroville,Regular
R015721,2025-05-28,Riverton,Regular
R015722,2025-09-22,Metroville,Occasional
R015723,2025-03-21,Lakewood,Occasional
R015724,2024-11-27,Riverton,Regular
R015725,2024-04-05,Metroville,Regular
R015726,2025-05-08,Metroville,Frequent
R015727,2024-08-01,Metroville,Occasional
R015728,2024-07-18,Metroville,Occasional
R015729,2025-10-03,Lakewood,Regular
R015730,2025-04-27,Lakewood,Occasional
R015731,2024-11-21,Hillview,Regular
R015732,2025-08-07,Riverton,Occasional
R015733,2025-06-20,Hillview,Regular
R015734,2024-12-19,Riverton,Occasional
R015735,2025-12-16,Hillview,Occasional
R015736,2024-01-21,Metroville,Regular
R015737,2024-12-26,Metroville,Regular
R015738,2024-10-31,Lakewood,Frequent
R015739,2024-03-30,Lakewood,Regular
R015740,2025-06-14,Hillview,Regular
R015741,2024-03-14,Lakewood,Regular
R015742,2025-05-30,Hillview,Regular
R015743,2025-07-06,Metroville,Frequent
R015744,2024-12-21,Lakewood,Occasional
R015745,2024-06-27,Riverton,Regular
R015746,2025-12-22,Metroville,Occasional
R015747,2025-05-31,Riverton,Occasional
R015748,2024-03-26,Riverton,Regular
R015749,2025-06-23,Metroville,Regular
R015750,2024-04-25,Lakewood,Regular
R015751,2025-04-01,Riverton,Occasional
R015752,2024-07-08,Riverton,Occasional
R015753,2025-04-09,Lakewood,Regular
R015754,2025-08-11,Riverton,Regular
R015755,2025-07-27,Metroville,Occasional
R015756,2025-07-12,Metroville,Regular
R015757,2025-06-01,Metroville,Regular
R015758,2025-07-19,Lakewood,Occasional
R015759,2025-10-22,Metroville,Regular
R015760,2025-10-05,Riverton,Regular
R015761,2025-07-19,Hillview,Occasional
R015762,2024-11-20,Hillview,Regular
R015763,2024-08-02,Lakewood,Occasional
R015764,2024-08-21,Riverton,Frequent
R015765,2025-03-24,Hillview,Regular
R015766,2025-03-15,Lakewood,Occasional
R015767,2024-11-08,Metroville,Regular
R015768,2024-10-27,Metroville,Occasional
R015769,2025-06-14,Metroville,Frequent
R015770,2025-01-18,Hillview,Occasional
R015771,2024-01-14,Metroville,Occasional
R015772,2024-04-12,Metroville,Frequent
R015773,2024-08-30,Riverton,Frequent
R015774,2024-10-17,Hillview,Occasional
R015775,2025-06-20,Metroville,Occasional
R015776,2024-12-11,Riverton,Frequent
R015777,2024-11-08,Lakewood,Occasional
R015778,2024-03-05,Metroville,Frequent
R015779,2024-02-14,Lakewood,Regular
R015780,2025-12-28,Riverton,Frequent
R015781,2025-09-22,Metroville,Regular
R015782,2024-01-28,Metroville,Frequent
R015783,2024-11-28,Hillview,Occasional
R015784,2025-11-04,Hillview,Frequent
R015785,2025-06-05,Lakewood,Occasional
R015786,2024-02-28,Metroville,Occasional
R015787,2024-11-10,Metroville,Regular
R015788,2025-09-21,Metroville,Occasional
R015789,2024-08-07,Metroville,Occasional
R015790,2025-02-05,Riverton,Regular
R015791,2024-08-24,Metroville,Regular
R015792,2024-05-23,Metroville,Regular
R015793,2025-09-21,Riverton,Occasional
R015794,2024-06-18,Metroville,Occasional
R015795,2025-03-02,Metroville,Occasional
R015796,2024-09-14,Lakewood,Regular
R015797,2025-03-24,Metroville,Occasional
R015798,2025-08-04,Riverton,Frequent
R015799,2025-02-08,Metroville,Frequent
R015800,2024-04-17,Metroville,Frequent
R015801,2024-07-29,Lakewood,Occasional
R015802,2024-06-26,Riverton,Regular
R015803,2025-05-19,Metroville,Regular
R015804,2025-05-22,Hillview,Regular
R015805,2024-04-14,Hillview,Frequent
R015806,2025-03-25,Lakewood,Frequent
R015807,2024-12-05,Metroville,Occasional
R015808,2024-11-04,Metroville,Occasional
R015809,2025-09-20,Hillview,Regular
R015810,2024-02-14,Metroville,Occasional
R015811,2025-06-15,Metroville,Regular
R015812,2025-02-12,Metroville,Regular
R015813,2024-07-08,Metroville,Regular
R015814,2024-06-16,Metroville,Occasional
R015815,2024-04-29,Metroville,Regular
R015816,2025-03-24,Riverton,Occasional
R015817,2025-04-24,Metroville,Occasional
R015818,2024-07-19,Riverton,Regular
R015819,2024-10-06,Lakewood,Occasional
R015820,2025-12-18,Metroville,Frequent
R015821,2025-05-31,Hillview,Occasional
R015822,2025-03-08,Riverton,Frequent
R015823,2024-03-28,Riverton,Frequent
R015824,2025-02-22,Metroville,Occasional
R015825,2024-10-14,Riverton,Occasional
R015826,2025-09-04,Riverton,Occasional
R015827,2024-05-20,Hillview,Regular
R015828,2025-12-27,Riverton,Occasional
R015829,2025-11-20,Lakewood,Frequent
R015830,2025-07-24,Riverton,Regular
R015831,2025-01-01,Metroville,Regular
R015832,2025-03-10,Lakewood,Regular
R015833,2025-10-25,Riverton,Regular
R015834,2025-09-24,Lakewood,Occasional
R015835,2025-08-15,Metroville,Regular
R015836,2024-05-12,Metroville,Regular
R015837,2024-10-25,Metroville,Regular
R015838,2025-07-13,Hillview,Frequent
R015839,2024-04-01,Riverton,Regular
R015840,2025-05-12,Riverton,Regular
R015841,2024-09-19,Hillview,Regular
R015842,2025-02-16,Metroville,Regular
R015843,2025-11-02,Riverton,Frequent
R015844,2025-09-26,Lakewood,Regular
R015845,2024-09-26,Riverton,Occasional
R015846,2025-06-03,Riverton,Regular
R015847,2024-01-08,Hillview,Frequent
R015848,2025-06-08,Riverton,Occasional
R015849,2024-04-10,Metroville,Frequent
R015850,2025-10-27,Riverton,Frequent
R015851,2024-08-06,Metroville,Occasional
R015852,2025-05-26,Lakewood,Frequent
R015853,2025-05-02,Metroville,Regular
R015854,2024-07-05,Lakewood,Frequent
R015855,2025-09-05,Riverton,Regular
R015856,2024-05-14,Metroville,Regular
R015857,2025-10-21,Metroville,Occasional
R015858,2025-01-10,Metroville,Occasional
R015859,2024-12-07,Metroville,Occasional
R015860,2024-06-20,Metroville,Regular
R015861,2024-01-07,Riverton,Occasional
R015862,2025-05-27,Riverton,Frequent
R015863,2025-06-20,Lakewood,Occasional
R015864,2025-09-08,Metroville,Regular
R015865,2025-12-06,Lakewood,Frequent
R015866,2024-08-01,Hillview,Occasional
R015867,2025-02-19,Lakewood,Occasional
R015868,2025-10-30,Lakewood,Occasional
R015869,2025-02-19,Lakewood,Frequent
R015870,2025-06-30,Metroville,Frequent
R015871,2025-06-06,Metroville,Regular
R015872,2025-12-24,Riverton,Regular
R015873,2024-09-06,Metroville,Regular
R015874,2024-05-25,Riverton,Regular
R015875,2025-11-01,Lakewood,Regular
R015876,2024-12-03,Metroville,Occasional
R015877,2024-05-22,Lakewood,Frequent
R015878,2025-04-13,Metroville,Frequent
R015879,2025-09-15,Metroville,Frequent
R015880,2025-07-12,Lakewood,Occasional
R015881,2024-09-02,Riverton,Occasional
R015882,2025-10-29,Hillview,Frequent
R015883,2024-01-30,Hillview,Occasional
R015884,2025-10-14,Lakewood,Occasional
R015885,2024-05-14,Metroville,Occasional
R015886,2024-06-21,Metroville,Occasional
R015887,2024-08-18,Metroville,Occasional
R015888,2024-11-05,Metroville,Occasional
R015889,2024-02-05,Metroville,Regular
R015890,2025-06-09,Riverton,Occasional
R015891,2024-04-06,Lakewood,Occasional
R015892,2024-04-06,Metroville,Regular
R015893,2024-01-04,Riverton,Occasional
R015894,2025-12-03,Riverton,Occasional
R015895,2024-02-05,Metroville,Regular
R015896,2025-06-30,Metroville,Regular
R015897,2025-04-08,Lakewood,Regular
R015898,2025-08-29,Metroville,Occasional
R015899,2024-11-25,Metroville,Frequent
R015900,2025-10-26,Lakewood,Occasional
R015901,2024-12-11,Lakewood,Occasional
R015902,2024-05-10,Riverton,Occasional
R015903,2025-10-22,Metroville,Regular
R015904,2024-11-04,Hillview,Regular
R015905,2024-01-05,Metroville,Frequent
R015906,2025-04-22,Metroville,Regular
R015907,2024-08-22,Metroville,Occasional
R015908,2025-08-25,Metroville,Regular
R015909,2024-04-22,Riverton,Occasional
R015910,2025-06-24,Metroville,Frequent
R015911,2025-08-30,Metroville,Occasional
R015912,2024-03-29,Riverton,Occasional
R015913,2025-03-04,Metroville,Frequent
R015914,2025-04-17,Riverton,Regular
R015915,2025-11-05,Hillview,Occasional
R015916,2024-08-03,Metroville,Regular
R015917,2024-12-22,Metroville,Occasional
R015918,2024-10-24,Lakewood,Occasional
R015919,2024-09-30,Hillview,Occasional
R015920,2025-12-28,Hillview,Frequent
R015921,2025-04-25,Riverton,Regular
R015922,2024-04-24,Riverton,Occasional
R015923,2025-09-24,Lakewood,Regular
R015924,2024-03-17,Riverton,Frequent
R015925,2025-10-03,Riverton,Regular
R015926,2024-10-26,Metroville,Occasional
R015927,2025-05-10,Riverton,Frequent
R015928,2025-09-24,Riverton,Frequent
R015929,2025-09-29,Hillview,Regular
R015930,2024-04-28,Riverton,Frequent
R015931,2024-10-23,Riverton,Occasional
R015932,2024-02-28,Hillview,Occasional
R015933,2025-04-15,Metroville,Regular
R015934,2024-11-02,Lakewood,Frequent
R015935,2025-12-31,Hillview,Regular
R015936,2025-04-07,Riverton,Frequent
R015937,2024-11-17,Hillview,Regular
R015938,2024-04-23,Metroville,Regular
R015939,2024-07-29,Metroville,Frequent
R015940,2025-08-11,Metroville,Occasional
R015941,2024-04-14,Metroville,Regular
R015942,2025-09-11,Riverton,Occasional
R015943,2025-03-16,Lakewood,Regular
R015944,2025-01-17,Metroville,Regular
R015945,2024-12-14,Riverton,Regular
R015946,2024-01-23,Riverton,Frequent
R015947,2024-06-14,Metroville,Occasional
R015948,2025-01-12,Lakewood,Frequent
R015949,2024-12-21,Riverton,Regular
R015950,2024-06-05,Metroville,Regular
R015951,2025-08-10,Riverton,Regular
R015952,2024-11-22,Riverton,Occasional
R015953,2024-10-10,Riverton,Occasional
R015954,2025-07-10,Metroville,Occasional
R015955,2024-04-18,Riverton,Occasional
R015956,2024-02-09,Metroville,Occasional
R015957,2024-08-24,Hillview,Occasional
R015958,2024-01-01,Metroville,Regular
R015959,2024-09-28,Metroville,Regular
R015960,2024-04-07,Riverton,Regular
R015961,2025-04-27,Metroville,Occasional
R015962,2024-02-03,Metroville,Regular
R015963,2024-05-31,Metroville,Frequent
R015964,2024-07-09,Hillview,Frequent
R015965,2025-03-12,Lakewood,Regular
R015966,2024-10-22,Lakewood,Regular
R015967,2025-07-16,Metroville,Frequent
R015968,2025-07-24,Lakewood,Occasional
R015969,2024-10-08,Lakewood,Occasional
R015970,2024-01-23,Metroville,Regular
R015971,2025-12-03,Metroville,Occasional
R015972,2024-09-13,Riverton,Occasional
R015973,2025-01-28,Metroville,Frequent
R015974,2025-11-11,Hillview,Occasional
R015975,2025-04-22,Metroville,Regular
R015976,2025-02-25,Metroville,Occasional
R015977,2024-09-05,Metroville,Occasional
R015978,2025-08-28,Riverton,Occasional
R015979,2024-05-22,Metroville,Occasional
R015980,2024-12-19,Metroville,Occasional
R015981,2024-09-13,Metroville,Regular
R015982,2024-03-12,Metroville,Regular
R015983,2024-07-21,Metroville,Occasional
R015984,2024-05-16,Lakewood,Regular
R015985,2024-03-07,Riverton,Regular
R015986,2025-07-08,Metroville,Occasional
R015987,2025-06-04,Lakewood,Occasional
R015988,2025-09-24,Hillview,Regular
R015989,2024-01-23,Riverton,Regular
R015990,2024-12-08,Hillview,Occasional
R015991,2025-04-28,Metroville,Occasional
R015992,2024-12-26,Lakewood,Regular
R015993,2024-01-19,Metroville,Regular
R015994,2024-11-25,Hillview,Regular
R015995,2024-03-31,Hillview,Occasional
R015996,2024-01-14,Lakewood,Regular
R015997,2025-06-18,Metroville,Occasional
R015998,2024-03-10,Lakewood,Regular
R015999,2024-08-06,Hillview,Occasional
R016000,2025-12-27,Lakewood,Occasional
R016001,2025-11-24,Riverton,Regular
R016002,2024-01-31,Riverton,Regular
R016003,2024-10-20,Metroville,Occasional
R016004,2024-09-12,Riverton,Occasional
R016005,2025-03-31,Metroville,Regular
R016006,2025-05-20,Hillview,Regular
R016007,2024-02-25,Metroville,Occasional
R016008,2024-11-06,Lakewood,Regular
R016009,2024-07-23,Metroville,Frequent
R016010,2025-12-20,Metroville,Regular
R016011,2024-08-01,Riverton,Regular
R016012,2024-01-24,Riverton,Frequent
R016013,2025-04-01,Hillview,Frequent
R016014,2025-10-02,Lakewood,Occasional
R016015,2025-08-24,Metroville,Occasional
R016016,2024-04-08,Metroville,Regular
R016017,2025-06-27,Lakewood,Occasional
R016018,2024-05-29,Metroville,Occasional
R016019,2024-04-15,Lakewood,Frequent
R016020,2025-01-21,Metroville,Regular
R016021,2025-08-12,Hillview,Occasional
R016022,2025-09-29,Metroville,Occasional
R016023,2025-03-28,Riverton,Regular
R016024,2024-10-30,Lakewood,Regular
R016025,2025-03-04,Lakewood,Occasional
R016026,2024-08-02,Riverton,Frequent
R016027,2024-04-09,Hillview,Frequent
R016028,2024-10-21,Riverton,Occasional
R016029,2024-05-03,Metroville,Regular
R016030,2024-03-10,Metroville,Occasional
R016031,2025-07-01,Hillview,Frequent
R016032,2025-09-05,Lakewood,Occasional
R016033,2025-07-02,Riverton,Occasional
R016034,2025-10-31,Lakewood,Occasional
R016035,2024-12-20,Riverton,Occasional
R016036,2025-05-09,Lakewood,Regular
R016037,2024-05-28,Lakewood,Occasional
R016038,2024-11-21,Hillview,Regular
R016039,2024-03-14,Lakewood,Regular
R016040,2025-03-25,Metroville,Occasional
R016041,2024-11-15,Lakewood,Occasional
R016042,2025-02-07,Metroville,Occasional
R016043,2025-09-17,Metroville,Regular
R016044,2024-02-07,Riverton,Occasional
R016045,2024-11-21,Metroville,Regular
R016046,2024-10-15,Lakewood,Regular
R016047,2025-06-25,Lakewood,Frequent
R016048,2025-04-25,Metroville,Frequent
R016049,2025-06-11,Metroville,Occasional
R016050,2025-09-12,Riverton,Regular
R016051,2024-08-06,Hillview,Regular
R016052,2024-09-19,Metroville,Frequent
R016053,2024-09-10,Metroville,Occasional
R016054,2025-08-22,Hillview,Occasional
R016055,2024-12-06,Hillview,Occasional
R016056,2025-07-08,Hillview,Occasional
R016057,2024-06-28,Metroville,Regular
R016058,2025-11-11,Hillview,Frequent
R016059,2024-12-20,Hillview,Regular
R016060,2025-12-25,Metroville,Regular
R016061,2024-11-23,Riverton,Regular
R016062,2024-01-31,Metroville,Occasional
R016063,2024-07-11,Lakewood,Occasional
R016064,2024-11-16,Riverton,Occasional
R016065,2024-04-07,Metroville,Occasional
R016066,2025-07-20,Hillview,Regular
R016067,2024-09-12,Hillview,Regular
R016068,2025-08-25,Hillview,Occasional
R016069,2025-12-06,Metroville,Regular
R016070,2024-03-01,Riverton,Regular
R016071,2024-07-23,Hillview,Occasional
R016072,2025-03-20,Metroville,Regular
R016073,2025-09-25,Riverton,Occasional
R016074,2025-10-19,Metroville,Occasional
R016075,2024-05-22,Riverton,Frequent
R016076,2024-06-15,Riverton,Frequent
R016077,2024-05-25,Hillview,Regular
R016078,2024-09-11,Lakewood,Occasional
R016079,2025-03-23,Riverton,Occasional
R016080,2024-10-16,Metroville,Regular
R016081,2025-06-15,Riverton,Occasional
R016082,2024-10-15,Hillview,Occasional
R016083,2025-03-07,Riverton,Regular
R016084,2025-02-15,Hillview,Frequent
R016085,2024-07-04,Riverton,Occasional
R016086,2024-02-14,Lakewood,Frequent
R016087,2024-06-10,Hillview,Occasional
R016088,2025-07-24,Metroville,Occasional
R016089,2025-06-30,Riverton,Frequent
R016090,2024-03-30,Riverton,Occasional
R016091,2024-10-08,Riverton,Regular
R016092,2025-08-18,Lakewood,Regular
R016093,2025-08-13,Lakewood,Occasional
R016094,2024-01-13,Metroville,Regular
R016095,2025-07-29,Hillview,Occasional
R016096,2025-07-30,Lakewood,Regular
R016097,2024-03-26,Lakewood,Regular
R016098,2024-09-17,Metroville,Frequent
R016099,2024-02-09,Riverton,Occasional
R016100,2025-04-25,Metroville,Regular
R016101,2025-09-22,Lakewood,Regular
R016102,2024-05-11,Riverton,Frequent
R016103,2024-09-14,Riverton,Frequent
R016104,2025-01-28,Metroville,Regular
R016105,2024-02-22,Riverton,Occasional
R016106,2024-08-06,Lakewood,Occasional
R016107,2024-06-08,Metroville,Regular
R016108,2024-01-03,Metroville,Occasional
R016109,2025-05-04,Riverton,Frequent
R016110,2025-06-14,Hillview,Regular
R016111,2024-02-29,Riverton,Occasional
R016112,2024-04-06,Hillview,Regular
R016113,2024-02-21,Lakewood,Frequent
R016114,2025-11-18,Lakewood,Occasional
R016115,2025-02-20,Riverton,Occasional
R016116,2025-02-02,Lakewood,Regular
R016117,2024-03-04,Riverton,Occasional
R016118,2024-01-02,Riverton,Occasional
R016119,2025-11-10,Metroville,Occasional
R016120,2025-11-22,Metroville,Regular
R016121,2025-02-02,Metroville,Frequent
R016122,2024-04-07,Metroville,Frequent
R016123,2024-01-22,Lakewood,Occasional
R016124,2025-09-02,Metroville,Occasional
R016125,2025-01-22,Metroville,Frequent
R016126,2024-08-29,Metroville,Regular
R016127,2024-01-09,Riverton,Occasional
R016128,2025-02-19,Riverton,Regular
R016129,2025-10-04,Lakewood,Regular
R016130,2025-09-03,Riverton,Regular
R016131,2025-06-19,Riverton,Occasional
R016132,2024-02-06,Riverton,Regular
R016133,2025-07-07,Hillview,Occasional
R016134,2025-05-12,Riverton,Frequent
R016135,2025-09-06,Lakewood,Frequent
R016136,2024-04-18,Hillview,Frequent
R016137,2025-09-23,Riverton,Occasional
R016138,2025-06-08,Lakewood,Occasional
R016139,2025-07-13,Riverton,Regular
R016140,2024-04-27,Metroville,Occasional
R016141,2025-09-18,Riverton,Occasional
R016142,2024-01-17,Riverton,Regular
R016143,2024-06-11,Riverton,Occasional
R016144,2024-04-23,Metroville,Occasional
R016145,2024-06-18,Lakewood,Frequent
R016146,2025-04-03,Riverton,Occasional
R016147,2025-11-08,Lakewood,Frequent
R016148,2025-12-22,Hillview,Regular
R016149,2024-03-20,Metroville,Regular
R016150,2025-12-11,Riverton,Occasional
R016151,2024-03-20,Metroville,Occasional
R016152,2025-06-29,Riverton,Frequent
R016153,2024-05-14,Hillview,Regular
R016154,2025-08-26,Lakewood,Occasional
R016155,2024-09-12,Lakewood,Occasional
R016156,2025-10-01,Hillview,Occasional
R016157,2025-01-31,Lakewood,Regular
R016158,2025-01-21,Lakewood,Regular
R016159,2024-11-18,Metroville,Regular
R016160,2024-06-16,Lakewood,Frequent
R016161,2025-01-12,Riverton,Regular
R016162,2025-04-28,Lakewood,Occasional
R016163,2024-04-12,Metroville,Occasional
R016164,2024-04-13,Metroville,Regular
R016165,2024-11-08,Metroville,Occasional
R016166,2025-09-01,Hillview,Frequent
R016167,2024-09-15,Hillview,Occasional
R016168,2024-10-28,Lakewood,Occasional
R016169,2025-12-03,Hillview,Occasional
R016170,2024-07-14,Metroville,Regular
R016171,2024-09-25,Hillview,Regular
R016172,2025-09-09,Metroville,Occasional
R016173,2025-01-14,Metroville,Occasional
R016174,2024-03-22,Metroville,Occasional
R016175,2024-06-06,Lakewood,Occasional
R016176,2025-12-14,Lakewood,Occasional
R016177,2025-08-16,Metroville,Occasional
R016178,2025-11-26,Metroville,Frequent
R016179,2024-12-17,Riverton,Regular
R016180,2025-03-21,Riverton,Regular
R016181,2024-04-10,Metroville,Regular
R016182,2025-06-05,Metroville,Occasional
R016183,2025-02-20,Riverton,Frequent
R016184,2024-01-28,Riverton,Occasional
R016185,2025-09-12,Lakewood,Frequent
R016186,2024-11-15,Lakewood,Frequent
R016187,2025-12-28,Lakewood,Occasional
R016188,2025-10-09,Lakewood,Occasional
R016189,2024-11-03,Riverton,Occasional
R016190,2024-01-09,Hillview,Regular
R016191,2024-04-17,Riverton,Occasional
R016192,2024-07-31,Metroville,Frequent
R016193,2024-08-05,Hillview,Frequent
R016194,2024-09-16,Metroville,Occasional
R016195,2025-11-30,Hillview,Occasional
R016196,2025-05-09,Lakewood,Frequent
R016197,2024-05-19,Riverton,Occasional
R016198,2025-05-30,Lakewood,Regular
R016199,2024-02-11,Lakewood,Regular
R016200,2024-02-17,Metroville,Regular
R016201,2025-04-16,Metroville,Regular
R016202,2024-06-08,Metroville,Occasional
R016203,2024-11-16,Metroville,Regular
R016204,2025-08-27,Lakewood,Occasional
R016205,2024-10-11,Hillview,Regular
R016206,2024-05-20,Metroville,Occasional
R016207,2026-01-01,Riverton,Occasional
R016208,2024-07-28,Metroville,Occasional
R016209,2025-04-27,Riverton,Regular
R016210,2024-04-28,Riverton,Regular
R016211,2024-04-28,Riverton,Occasional
R016212,2025-07-06,Metroville,Occasional
R016213,2025-10-19,Metroville,Regular
R016214,2024-01-20,Metroville,Occasional
R016215,2025-12-14,Hillview,Regular
R016216,2024-08-09,Metroville,Frequent
R016217,2025-12-22,Riverton,Occasional
R016218,2025-01-24,Metroville,Regular
R016219,2025-07-14,Lakewood,Occasional
R016220,2024-01-05,Lakewood,Regular
R016221,2024-04-25,Metroville,Frequent
R016222,2025-11-29,Lakewood,Frequent
R016223,2024-04-30,Metroville,Occasional
R016224,2025-09-28,Metroville,Frequent
R016225,2024-03-27,Lakewood,Regular
R016226,2025-04-18,Riverton,Regular
R016227,2024-09-29,Metroville,Regular
R016228,2024-11-17,Metroville,Regular
R016229,2025-06-04,Metroville,Occasional
R016230,2024-04-23,Riverton,Frequent
R016231,2024-09-08,Metroville,Occasional
R016232,2025-02-09,Riverton,Occasional
R016233,2024-09-20,Metroville,Occasional
R016234,2024-06-24,Metroville,Occasional
R016235,2024-02-02,Lakewood,Occasional
R016236,2025-04-12,Lakewood,Occasional
R016237,2024-02-15,Lakewood,Regular
R016238,2024-04-16,Lakewood,Frequent
R016239,2024-06-22,Hillview,Occasional
R016240,2025-06-08,Riverton,Frequent
R016241,2024-03-30,Hillview,Regular
R016242,2024-08-24,Hillview,Regular
R016243,2024-02-24,Lakewood,Occasional
R016244,2025-01-02,Riverton,Frequent
R016245,2024-05-12,Lakewood,Regular
R016246,2024-04-28,Lakewood,Occasional
R016247,2024-08-22,Riverton,Occasional
R016248,2024-07-06,Lakewood,Regular
R016249,2024-02-05,Lakewood,Frequent
R016250,2024-11-25,Metroville,Regular
R016251,2025-01-03,Hillview,Occasional
R016252,2024-12-01,Metroville,Occasional
R016253,2024-11-19,Metroville,Occasional
R016254,2026-01-01,Metroville,Regular
R016255,2024-07-20,Riverton,Regular
R016256,2024-09-02,Metroville,Regular
R016257,2025-01-08,Hillview,Regular
R016258,2024-03-02,Lakewood,Regular
R016259,2025-12-24,Riverton,Occasional
R016260,2025-01-18,Metroville,Occasional
R016261,2025-05-24,Lakewood,Regular
R016262,2024-08-23,Riverton,Occasional
R016263,2025-05-21,Metroville,Occasional
R016264,2025-10-04,Lakewood,Occasional
R016265,2025-02-27,Riverton,Regular
R016266,2024-06-02,Riverton,Occasional
R016267,2025-05-15,Hillview,Occasional
R016268,2025-09-18,Lakewood,Occasional
R016269,2025-05-22,Metroville,Regular
R016270,2025-04-30,Hillview,Regular
R016271,2024-12-05,Hillview,Regular
R016272,2024-05-17,Lakewood,Frequent
R016273,2025-06-10,Metroville,Occasional
R016274,2024-10-23,Metroville,Occasional
R016275,2024-06-17,Riverton,Frequent
R016276,2024-12-26,Metroville,Regular
R016277,2024-01-17,Metroville,Occasional
R016278,2025-01-16,Lakewood,Regular
R016279,2025-02-04,Riverton,Occasional
R016280,2024-10-17,Lakewood,Frequent
R016281,2025-05-29,Lakewood,Frequent
R016282,2025-03-03,Riverton,Frequent
R016283,2024-09-24,Riverton,Regular
R016284,2025-06-08,Metroville,Occasional
R016285,2024-03-26,Metroville,Occasional
R016286,2025-01-05,Metroville,Regular
R016287,2024-04-12,Metroville,Occasional
R016288,2025-03-16,Metroville,Occasional
R016289,2024-01-13,Lakewood,Occasional
R016290,2025-09-21,Metroville,Frequent
R016291,2024-01-23,Riverton,Frequent
R016292,2024-12-30,Metroville,Regular
R016293,2025-05-02,Hillview,Regular
R016294,2024-10-31,Metroville,Frequent
R016295,2024-06-06,Metroville,Occasional
R016296,2024-06-30,Riverton,Regular
R016297,2025-09-08,Hillview,Occasional
R016298,2024-04-06,Metroville,Occasional
R016299,2025-06-04,Riverton,Regular
R016300,2024-08-01,Riverton,Occasional
R016301,2024-01-09,Lakewood,Regular
R016302,2024-10-24,Riverton,Regular
R016303,2024-03-10,Lakewood,Occasional
R016304,2025-07-13,Metroville,Occasional
R016305,2025-07-16,Metroville,Frequent
R016306,2024-06-08,Metroville,Regular
R016307,2025-07-20,Lakewood,Regular
R016308,2025-05-28,Metroville,Occasional
R016309,2025-05-10,Metroville,Regular
R016310,2024-02-27,Metroville,Occasional
R016311,2024-04-03,Riverton,Occasional
R016312,2024-04-25,Riverton,Occasional
R016313,2025-08-21,Riverton,Occasional
R016314,2024-08-26,Hillview,Frequent
R016315,2025-01-22,Hillview,Regular
R016316,2024-12-09,Metroville,Occasional
R016317,2026-01-01,Lakewood,Regular
R016318,2024-05-12,Lakewood,Occasional
R016319,2025-07-23,Metroville,Occasional
R016320,2024-03-23,Metroville,Occasional
R016321,2025-12-16,Hillview,Occasional
R016322,2025-02-18,Lakewood,Occasional
R016323,2024-07-11,Lakewood,Frequent
R016324,2024-10-28,Riverton,Regular
R016325,2025-06-17,Riverton,Frequent
R016326,2024-10-31,Hillview,Occasional
R016327,2024-02-19,Hillview,Occasional
R016328,2024-08-13,Metroville,Regular
R016329,2025-11-01,Riverton,Regular
R016330,2024-09-28,Metroville,Regular
R016331,2024-12-25,Hillview,Regular
R016332,2024-05-14,Metroville,Occasional
R016333,2024-01-20,Lakewood,Regular
R016334,2024-07-17,Hillview,Frequent
R016335,2025-09-27,Riverton,Regular
R016336,2025-01-31,Metroville,Frequent
R016337,2024-10-03,Metroville,Occasional
R016338,2025-01-17,Lakewood,Occasional
R016339,2025-08-17,Lakewood,Frequent
R016340,2025-10-25,Riverton,Regular
R016341,2024-08-20,Metroville,Regular
R016342,2025-09-01,Riverton,Occasional
R016343,2025-08-09,Lakewood,Occasional
R016344,2024-01-06,Hillview,Occasional
R016345,2025-10-16,Riverton,Occasional
R016346,2024-06-17,Hillview,Frequent
R016347,2025-07-14,Metroville,Occasional
R016348,2025-10-11,Hillview,Occasional
R016349,2025-02-23,Hillview,Occasional
R016350,2024-08-18,Lakewood,Occasional
R016351,2025-09-18,Hillview,Regular
R016352,2024-12-15,Riverton,Occasional
R016353,2025-07-16,Hillview,Frequent
R016354,2025-05-09,Riverton,Occasional
R016355,2024-08-22,Hillview,Frequent
R016356,2025-02-01,Metroville,Occasional
R016357,2024-05-27,Metroville,Frequent
R016358,2024-01-04,Lakewood,Regular
R016359,2025-05-19,Riverton,Frequent
R016360,2024-05-31,Metroville,Frequent
R016361,2025-01-15,Lakewood,Regular
R016362,2024-03-14,Metroville,Occasional
R016363,2025-04-24,Hillview,Occasional
R016364,2024-05-02,Riverton,Occasional
R016365,2024-07-01,Metroville,Occasional
R016366,2024-04-17,Metroville,Occasional
R016367,2025-11-02,Hillview,Occasional
R016368,2025-03-31,Lakewood,Occasional
R016369,2025-05-02,Riverton,Frequent
R016370,2024-10-24,Hillview,Regular
R016371,2025-09-20,Hillview,Frequent
R016372,2024-02-18,Metroville,Occasional
R016373,2024-10-29,Riverton,Frequent
R016374,2024-03-01,Hillview,Occasional
R016375,2025-05-25,Metroville,Occasional
R016376,2025-11-26,Riverton,Occasional
R016377,2025-07-14,Riverton,Occasional
R016378,2024-04-23,Metroville,Occasional
R016379,2025-07-30,Lakewood,Frequent
R016380,2024-07-04,Metroville,Regular
R016381,2024-09-12,Metroville,Regular
R016382,2025-02-24,Metroville,Occasional
R016383,2024-11-27,Metroville,Regular
R016384,2024-05-16,Lakewood,Regular
R016385,2025-01-22,Hillview,Frequent
R016386,2024-05-24,Hillview,Occasional
R016387,2025-06-09,Hillview,Occasional
R016388,2024-02-23,Riverton,Occasional
R016389,2025-08-15,Metroville,Regular
R016390,2025-12-18,Lakewood,Regular
R016391,2025-06-30,Riverton,Regular
R016392,2025-03-19,Hillview,Regular
R016393,2024-11-18,Lakewood,Occasional
R016394,2025-01-22,Riverton,Occasional
R016395,2025-01-09,Hillview,Frequent
R016396,2025-10-12,Riverton,Occasional
R016397,2024-04-03,Riverton,Occasional
R016398,2025-03-11,Hillview,Occasional
R016399,2025-02-06,Riverton,Occasional
R016400,2024-07-11,Metroville,Regular
R016401,2024-10-29,Hillview,Regular
R016402,2024-12-11,Riverton,Regular
R016403,2024-01-26,Metroville,Occasional
R016404,2024-12-15,Hillview,Occasional
R016405,2024-05-04,Metroville,Occasional
R016406,2024-10-18,Hillview,Occasional
R016407,2024-07-22,Hillview,Regular
R016408,2025-07-05,Metroville,Occasional
R016409,2025-12-03,Hillview,Occasional
R016410,2024-03-21,Metroville,Occasional
R016411,2024-07-06,Hillview,Regular
R016412,2024-04-26,Riverton,Occasional
R016413,2024-12-19,Lakewood,Occasional
R016414,2024-09-29,Hillview,Occasional
R016415,2024-11-29,Metroville,Regular
R016416,2024-02-22,Lakewood,Occasional
R016417,2025-09-29,Riverton,Occasional
R016418,2025-12-23,Metroville,Regular
R016419,2025-10-29,Metroville,Frequent
R016420,2024-12-28,Riverton,Regular
R016421,2025-05-03,Metroville,Occasional
R016422,2024-02-06,Lakewood,Frequent
R016423,2025-03-23,Riverton,Occasional
R016424,2025-03-20,Lakewood,Regular
R016425,2025-06-21,Metroville,Regular
R016426,2025-07-25,Metroville,Regular
R016427,2024-01-01,Metroville,Occasional
R016428,2024-10-25,Riverton,Occasional
R016429,2024-12-21,Metroville,Occasional
R016430,2024-12-17,Hillview,Occasional
R016431,2025-02-06,Metroville,Regular
R016432,2025-05-27,Metroville,Occasional
R016433,2025-03-05,Riverton,Regular
R016434,2024-06-20,Metroville,Regular
R016435,2025-05-01,Lakewood,Regular
R016436,2025-03-13,Metroville,Frequent
R016437,2024-05-26,Hillview,Occasional
R016438,2025-04-06,Metroville,Regular
R016439,2025-01-16,Metroville,Regular
R016440,2025-08-11,Riverton,Regular
R016441,2024-10-13,Lakewood,Regular
R016442,2025-10-14,Hillview,Occasional
R016443,2025-01-27,Hillview,Regular
R016444,2025-11-19,Riverton,Occasional
R016445,2024-03-15,Metroville,Occasional
R016446,2024-04-02,Riverton,Occasional
R016447,2024-06-08,Metroville,Regular
R016448,2025-08-20,Metroville,Occasional
R016449,2025-01-05,Metroville,Regular
R016450,2025-05-09,Lakewood,Regular
R016451,2024-01-15,Lakewood,Regular
R016452,2024-09-28,Riverton,Frequent
R016453,2024-09-15,Lakewood,Occasional
R016454,2025-11-06,Metroville,Frequent
R016455,2024-03-17,Metroville,Occasional
R016456,2025-09-21,Lakewood,Occasional
R016457,2024-09-26,Riverton,Regular
R016458,2025-07-20,Metroville,Occasional
R016459,2024-07-31,Riverton,Occasional
R016460,2024-02-12,Hillview,Regular
R016461,2025-05-12,Metroville,Regular
R016462,2024-05-09,Riverton,Occasional
R016463,2024-04-18,Hillview,Occasional
R016464,2025-11-03,Hillview,Regular
R016465,2024-06-14,Metroville,Regular
R016466,2025-12-19,Metroville,Regular
R016467,2024-09-11,Riverton,Frequent
R016468,2024-07-21,Lakewood,Frequent
R016469,2024-11-28,Metroville,Occasional
R016470,2024-07-22,Lakewood,Occasional
R016471,2025-11-09,Lakewood,Frequent
R016472,2025-03-22,Metroville,Occasional
R016473,2025-06-27,Metroville,Occasional
R016474,2024-02-25,Riverton,Occasional
R016475,2024-06-24,Lakewood,Regular
R016476,2025-03-11,Metroville,Occasional
R016477,2024-12-22,Hillview,Occasional
R016478,2025-12-10,Riverton,Occasional
R016479,2025-06-13,Lakewood,Regular
R016480,2024-08-05,Metroville,Occasional
R016481,2024-11-28,Riverton,Regular
R016482,2025-06-27,Riverton,Regular
R016483,2024-10-26,Hillview,Occasional
R016484,2025-01-19,Metroville,Occasional
R016485,2025-08-08,Riverton,Regular
R016486,2024-07-29,Metroville,Regular
R016487,2024-03-14,Hillview,Occasional
R016488,2024-10-28,Metroville,Regular
R016489,2024-06-09,Lakewood,Occasional
R016490,2025-02-07,Riverton,Occasional
R016491,2025-09-16,Riverton,Frequent
R016492,2025-07-11,Riverton,Regular
R016493,2025-06-17,Lakewood,Regular
R016494,2025-01-30,Hillview,Occasional
R016495,2025-10-12,Lakewood,Frequent
R016496,2025-11-08,Lakewood,Occasional
R016497,2025-07-08,Hillview,Occasional
R016498,2024-03-26,Lakewood,Occasional
R016499,2024-08-05,Riverton,Frequent
R016500,2025-12-02,Metroville,Frequent
R016501,2024-02-23,Metroville,Frequent
R016502,2025-02-07,Lakewood,Occasional
R016503,2025-04-12,Metroville,Regular
R016504,2024-10-13,Metroville,Regular
R016505,2025-05-30,Lakewood,Occasional
R016506,2024-02-25,Riverton,Frequent
R016507,2024-06-09,Metroville,Frequent
R016508,2024-08-04,Lakewood,Occasional
R016509,2024-05-05,Metroville,Occasional
R016510,2024-11-16,Metroville,Occasional
R016511,2024-12-08,Metroville,Frequent
R016512,2025-11-16,Riverton,Frequent
R016513,2024-12-21,Lakewood,Regular
R016514,2025-07-07,Hillview,Occasional
R016515,2024-03-05,Riverton,Regular
R016516,2024-02-13,Hillview,Occasional
R016517,2024-10-16,Metroville,Regular
R016518,2024-08-28,Lakewood,Regular
R016519,2025-11-06,Lakewood,Occasional
R016520,2024-12-25,Lakewood,Occasional
R016521,2024-12-22,Hillview,Occasional
R016522,2025-09-14,Lakewood,Regular
R016523,2025-09-25,Metroville,Occasional
R016524,2025-07-22,Riverton,Regular
R016525,2024-11-16,Metroville,Regular
R016526,2024-06-07,Metroville,Regular
R016527,2024-01-26,Lakewood,Frequent
R016528,2024-02-06,Metroville,Regular
R016529,2025-08-19,Riverton,Regular
R016530,2024-04-06,Lakewood,Frequent
R016531,2024-10-30,Hillview,Occasional
R016532,2025-01-03,Lakewood,Occasional
R016533,2025-02-10,Lakewood,Occasional
R016534,2024-03-06,Lakewood,Regular
R016535,2025-01-18,Riverton,Regular
R016536,2024-07-01,Metroville,Regular
R016537,2024-09-06,Metroville,Regular
R016538,2025-08-24,Metroville,Regular
R016539,2024-12-02,Lakewood,Occasional
R016540,2024-10-21,Hillview,Occasional
R016541,2024-01-12,Riverton,Frequent
R016542,2025-12-30,Lakewood,Occasional
R016543,2025-03-10,Metroville,Occasional
R016544,2025-07-07,Lakewood,Regular
R016545,2024-11-13,Riverton,Regular
R016546,2024-07-12,Lakewood,Regular
R016547,2024-07-19,Hillview,Regular
R016548,2024-01-06,Lakewood,Frequent
R016549,2025-10-12,Metroville,Regular
R016550,2025-01-20,Hillview,Frequent
R016551,2024-09-15,Lakewood,Frequent
R016552,2025-05-31,Lakewood,Occasional
R016553,2024-04-04,Hillview,Regular
R016554,2024-12-09,Hillview,Frequent
R016555,2024-11-15,Hillview,Occasional
R016556,2025-10-25,Riverton,Occasional
R016557,2025-08-07,Lakewood,Occasional
R016558,2025-07-16,Lakewood,Regular
R016559,2024-07-09,Lakewood,Regular
R016560,2025-01-15,Metroville,Occasional
R016561,2025-12-18,Hillview,Regular
R016562,2024-01-14,Metroville,Regular
R016563,2025-04-21,Hillview,Occasional
R016564,2024-09-04,Metroville,Occasional
R016565,2025-06-26,Metroville,Occasional
R016566,2024-12-27,Metroville,Occasional
R016567,2025-05-27,Lakewood,Regular
R016568,2024-07-02,Metroville,Frequent
R016569,2025-10-07,Metroville,Frequent
R016570,2025-09-05,Riverton,Occasional
R016571,2025-04-11,Lakewood,Regular
R016572,2024-11-06,Metroville,Occasional
R016573,2024-04-21,Metroville,Occasional
R016574,2024-05-29,Metroville,Occasional
R016575,2024-10-18,Hillview,Frequent
R016576,2025-07-24,Hillview,Occasional
R016577,2025-11-23,Lakewood,Occasional
R016578,2025-03-21,Metroville,Occasional
R016579,2025-11-17,Metroville,Regular
R016580,2024-05-24,Riverton,Occasional
R016581,2025-06-27,Metroville,Occasional
R016582,2025-01-24,Riverton,Frequent
R016583,2024-04-12,Metroville,Occasional
R016584,2025-05-23,Riverton,Regular
R016585,2025-10-23,Lakewood,Frequent
R016586,2024-11-24,Metroville,Regular
R016587,2024-07-05,Metroville,Regular
R016588,2024-08-09,Riverton,Frequent
R016589,2025-03-16,Riverton,Occasional
R016590,2025-05-19,Lakewood,Frequent
R016591,2024-06-07,Metroville,Occasional
R016592,2025-05-18,Riverton,Occasional
R016593,2025-06-30,Metroville,Regular
R016594,2024-01-13,Riverton,Frequent
R016595,2024-10-08,Riverton,Occasional
R016596,2024-06-20,Metroville,Occasional
R016597,2025-08-03,Riverton,Occasional
R016598,2025-04-18,Hillview,Occasional
R016599,2025-01-25,Hillview,Frequent
R016600,2024-06-13,Metroville,Regular
R016601,2024-12-18,Hillview,Regular
R016602,2025-12-05,Metroville,Occasional
R016603,2025-12-29,Lakewood,Frequent
R016604,2024-04-29,Lakewood,Occasional
R016605,2024-12-20,Metroville,Occasional
R016606,2025-07-01,Metroville,Occasional
R016607,2024-08-05,Hillview,Regular
R016608,2025-12-31,Metroville,Frequent
R016609,2024-12-07,Lakewood,Regular
R016610,2024-09-10,Hillview,Occasional
R016611,2025-11-20,Metroville,Regular
R016612,2025-03-17,Hillview,Regular
R016613,2024-02-15,Hillview,Occasional
R016614,2024-03-18,Metroville,Occasional
R016615,2025-12-18,Lakewood,Occasional
R016616,2025-03-31,Metroville,Frequent
R016617,2025-09-28,Hillview,Frequent
R016618,2025-12-23,Metroville,Frequent
R016619,2025-06-29,Lakewood,Regular
R016620,2025-12-13,Riverton,Occasional
R016621,2025-11-29,Riverton,Regular
R016622,2024-10-28,Riverton,Frequent
R016623,2025-04-12,Metroville,Regular
R016624,2025-08-23,Riverton,Frequent
R016625,2025-11-24,Riverton,Occasional
R016626,2025-08-28,Lakewood,Regular
R016627,2025-08-13,Riverton,Frequent
R016628,2024-08-27,Metroville,Regular
R016629,2024-11-09,Metroville,Occasional
R016630,2025-08-25,Metroville,Occasional
R016631,2024-04-02,Metroville,Occasional
R016632,2024-04-28,Metroville,Frequent
R016633,2025-07-30,Metroville,Regular
R016634,2025-12-17,Lakewood,Frequent
R016635,2024-11-02,Riverton,Occasional
R016636,2025-09-24,Lakewood,Occasional
R016637,2024-09-17,Hillview,Regular
R016638,2025-01-08,Lakewood,Occasional
R016639,2025-12-13,Lakewood,Regular
R016640,2024-10-09,Metroville,Occasional
R016641,2025-10-09,Riverton,Occasional
R016642,2025-11-23,Riverton,Occasional
R016643,2025-06-24,Metroville,Frequent
R016644,2024-02-22,Metroville,Regular
R016645,2025-12-04,Metroville,Regular
R016646,2024-12-30,Lakewood,Regular
R016647,2024-07-31,Metroville,Frequent
R016648,2024-12-22,Riverton,Regular
R016649,2024-11-18,Metroville,Regular
R016650,2024-10-06,Hillview,Occasional
R016651,2025-05-10,Metroville,Regular
R016652,2024-03-23,Lakewood,Occasional
R016653,2025-04-08,Hillview,Occasional
R016654,2024-07-03,Metroville,Frequent
R016655,2025-08-02,Hillview,Regular
R016656,2025-12-20,Metroville,Regular
R016657,2024-12-11,Lakewood,Regular
R016658,2025-08-14,Hillview,Occasional
R016659,2024-08-22,Metroville,Frequent
R016660,2025-09-05,Metroville,Regular
R016661,2025-01-25,Metroville,Regular
R016662,2025-01-07,Metroville,Occasional
R016663,2024-03-15,Lakewood,Frequent
R016664,2025-04-29,Riverton,Regular
R016665,2025-08-02,Metroville,Occasional
R016666,2025-01-04,Lakewood,Frequent
R016667,2024-04-26,Riverton,Occasional
R016668,2025-05-10,Riverton,Regular
R016669,2025-04-02,Hillview,Occasional
R016670,2025-09-24,Hillview,Occasional
R016671,2025-11-30,Metroville,Occasional
R016672,2024-06-26,Metroville,Occasional
R016673,2024-08-01,Riverton,Frequent
R016674,2025-11-27,Metroville,Frequent
R016675,2024-03-27,Metroville,Occasional
R016676,2025-10-30,Hillview,Regular
R016677,2024-04-22,Lakewood,Frequent
R016678,2024-11-02,Lakewood,Occasional
R016679,2024-04-11,Lakewood,Frequent
R016680,2025-12-16,Metroville,Regular
R016681,2025-01-01,Metroville,Occasional
R016682,2025-10-08,Hillview,Frequent
R016683,2024-01-23,Metroville,Occasional
R016684,2024-01-30,Lakewood,Regular
R016685,2025-01-24,Metroville,Occasional
R016686,2024-01-31,Metroville,Regular
R016687,2025-02-02,Metroville,Regular
R016688,2025-06-01,Metroville,Regular
R016689,2024-12-23,Riverton,Occasional
R016690,2025-07-27,Metroville,Frequent
R016691,2024-03-15,Lakewood,Frequent
R016692,2024-07-01,Riverton,Frequent
R016693,2024-04-27,Lakewood,Regular
R016694,2024-12-31,Metroville,Regular
R016695,2024-10-17,Metroville,Frequent
R016696,2025-01-29,Metroville,Occasional
R016697,2024-04-22,Metroville,Regular
R016698,2024-11-22,Lakewood,Regular
R016699,2025-07-14,Lakewood,Regular
R016700,2024-02-20,Metroville,Occasional
R016701,2025-07-30,Metroville,Occasional
R016702,2024-06-09,Riverton,Frequent
R016703,2025-09-27,Metroville,Occasional
R016704,2025-08-19,Lakewood,Frequent
R016705,2024-11-23,Hillview,Regular
R016706,2024-02-23,Riverton,Occasional
R016707,2024-10-08,Metroville,Regular
R016708,2025-03-31,Lakewood,Frequent
R016709,2024-09-05,Hillview,Occasional
R016710,2025-04-09,Riverton,Regular
R016711,2025-08-25,Lakewood,Frequent
R016712,2025-12-01,Lakewood,Occasional
R016713,2024-10-18,Hillview,Frequent
R016714,2025-12-23,Metroville,Occasional
R016715,2024-07-01,Lakewood,Regular
R016716,2025-11-22,Lakewood,Occasional
R016717,2024-04-14,Lakewood,Regular
R016718,2025-01-31,Metroville,Occasional
R016719,2025-05-07,Riverton,Frequent
R016720,2024-01-31,Metroville,Frequent
R016721,2024-11-20,Lakewood,Frequent
R016722,2024-07-21,Hillview,Frequent
R016723,2025-08-20,Metroville,Regular
R016724,2024-12-14,Metroville,Occasional
R016725,2024-03-17,Lakewood,Frequent
R016726,2024-01-29,Lakewood,Occasional
R016727,2024-01-18,Metroville,Frequent
R016728,2024-01-28,Riverton,Regular
R016729,2024-12-21,Riverton,Regular
R016730,2024-08-25,Metroville,Regular
R016731,2024-06-01,Lakewood,Occasional
R016732,2024-10-10,Lakewood,Regular
R016733,2024-11-16,Lakewood,Occasional
R016734,2025-03-01,Hillview,Frequent
R016735,2024-12-30,Lakewood,Occasional
R016736,2025-11-13,Metroville,Frequent
R016737,2024-09-30,Lakewood,Regular
R016738,2024-10-13,Lakewood,Regular
R016739,2024-10-28,Lakewood,Regular
R016740,2024-02-05,Metroville,Occasional
R016741,2025-07-02,Metroville,Regular
R016742,2025-01-30,Riverton,Occasional
R016743,2024-10-18,Metroville,Regular
R016744,2024-09-19,Metroville,Occasional
R016745,2025-01-14,Hillview,Frequent
R016746,2025-10-21,Riverton,Regular
R016747,2024-10-18,Metroville,Regular
R016748,2024-11-11,Metroville,Occasional
R016749,2024-04-07,Lakewood,Regular
R016750,2024-08-23,Riverton,Regular
R016751,2025-07-02,Metroville,Occasional
R016752,2025-06-13,Riverton,Regular
R016753,2025-08-12,Metroville,Occasional
R016754,2024-12-27,Metroville,Occasional
R016755,2025-10-20,Lakewood,Occasional
R016756,2025-02-10,Riverton,Regular
R016757,2024-04-05,Riverton,Regular
R016758,2024-04-21,Metroville,Occasional
R016759,2024-12-29,Lakewood,Frequent
R016760,2024-10-01,Metroville,Occasional
R016761,2024-03-19,Metroville,Regular
R016762,2024-02-03,Lakewood,Frequent
R016763,2025-03-28,Lakewood,Regular
R016764,2025-07-06,Hillview,Occasional
R016765,2024-06-10,Hillview,Frequent
R016766,2024-06-28,Lakewood,Regular
R016767,2025-01-26,Riverton,Occasional
R016768,2024-03-29,Metroville,Regular
R016769,2025-09-05,Riverton,Occasional
R016770,2025-03-07,Metroville,Occasional
R016771,2024-09-21,Lakewood,Occasional
R016772,2025-02-28,Metroville,Occasional
R016773,2024-04-29,Lakewood,Occasional
R016774,2024-08-19,Riverton,Occasional
R016775,2025-01-24,Metroville,Regular
R016776,2025-12-05,Riverton,Occasional
R016777,2025-09-09,Hillview,Regular
R016778,2025-04-10,Lakewood,Regular
R016779,2024-09-02,Metroville,Frequent
R016780,2025-11-09,Riverton,Occasional
R016781,2024-04-04,Metroville,Regular
R016782,2024-08-08,Metroville,Regular
R016783,2024-11-10,Metroville,Regular
R016784,2025-02-07,Lakewood,Regular
R016785,2025-05-08,Metroville,Regular
R016786,2024-10-29,Metroville,Regular
R016787,2025-11-21,Lakewood,Regular
R016788,2024-10-29,Riverton,Occasional
R016789,2025-04-05,Hillview,Regular
R016790,2024-02-04,Hillview,Regular
R016791,2024-04-25,Metroville,Frequent
R016792,2024-06-09,Riverton,Occasional
R016793,2024-01-01,Riverton,Occasional
R016794,2025-09-28,Metroville,Regular
R016795,2025-04-02,Lakewood,Frequent
R016796,2025-09-14,Metroville,Frequent
R016797,2024-08-31,Lakewood,Regular
R016798,2024-03-17,Hillview,Regular
R016799,2024-08-28,Lakewood,Occasional
R016800,2024-01-14,Metroville,Occasional
R016801,2024-08-10,Riverton,Regular
R016802,2024-03-15,Riverton,Frequent
R016803,2024-06-05,Lakewood,Occasional
R016804,2025-04-12,Lakewood,Regular
R016805,2025-12-05,Riverton,Frequent
R016806,2024-06-24,Metroville,Occasional
R016807,2025-12-20,Lakewood,Occasional
R016808,2025-07-12,Hillview,Regular
R016809,2024-03-29,Riverton,Occasional
R016810,2024-01-05,Metroville,Regular
R016811,2024-03-23,Hillview,Occasional
R016812,2025-06-07,Metroville,Regular
R016813,2025-05-06,Lakewood,Frequent
R016814,2025-10-10,Riverton,Regular
R016815,2025-01-19,Metroville,Regular
R016816,2024-02-02,Metroville,Frequent
R016817,2026-01-01,Lakewood,Occasional
R016818,2025-09-26,Metroville,Occasional
R016819,2025-06-08,Lakewood,Regular
R016820,2025-11-02,Riverton,Regular
R016821,2024-07-23,Riverton,Occasional
R016822,2025-01-27,Hillview,Regular
R016823,2025-01-24,Hillview,Regular
R016824,2024-07-27,Hillview,Occasional
R016825,2025-12-30,Lakewood,Occasional
R016826,2025-02-15,Metroville,Regular
R016827,2025-11-03,Riverton,Occasional
R016828,2024-08-15,Hillview,Occasional
R016829,2024-12-28,Riverton,Occasional
R016830,2025-11-14,Riverton,Occasional
R016831,2024-05-11,Riverton,Occasional
R016832,2025-02-01,Lakewood,Regular
R016833,2025-08-05,Lakewood,Frequent
R016834,2025-08-07,Metroville,Regular
R016835,2025-07-04,Riverton,Regular
R016836,2025-03-22,Metroville,Regular
R016837,2024-01-05,Metroville,Regular
R016838,2024-07-30,Metroville,Occasional
R016839,2025-08-05,Lakewood,Occasional
R016840,2025-01-01,Lakewood,Regular
R016841,2024-09-19,Hillview,Occasional
R016842,2025-10-06,Hillview,Frequent
R016843,2024-09-08,Metroville,Occasional
R016844,2024-10-07,Metroville,Regular
R016845,2024-10-23,Metroville,Occasional
R016846,2024-09-06,Metroville,Regular
R016847,2025-01-05,Riverton,Regular
R016848,2025-12-01,Riverton,Regular
R016849,2025-12-30,Metroville,Occasional
R016850,2024-09-01,Lakewood,Regular
R016851,2024-09-27,Hillview,Regular
R016852,2025-09-21,Metroville,Occasional
R016853,2025-02-25,Hillview,Regular
R016854,2024-05-10,Metroville,Regular
R016855,2025-02-06,Metroville,Regular
R016856,2025-08-02,Lakewood,Occasional
R016857,2024-10-22,Metroville,Regular
R016858,2025-03-26,Metroville,Regular
R016859,2025-07-21,Metroville,Occasional
R016860,2024-03-28,Metroville,Regular
R016861,2025-12-14,Lakewood,Occasional
R016862,2024-02-16,Metroville,Regular
R016863,2024-03-24,Metroville,Occasional
R016864,2024-08-06,Lakewood,Occasional
R016865,2024-01-15,Lakewood,Frequent
R016866,2025-04-26,Riverton,Occasional
R016867,2025-01-19,Lakewood,Frequent
R016868,2024-09-20,Hillview,Regular
R016869,2025-12-23,Metroville,Frequent
R016870,2024-07-17,Riverton,Frequent
R016871,2025-10-05,Lakewood,Frequent
R016872,2025-03-01,Hillview,Occasional
R016873,2025-05-22,Metroville,Frequent
R016874,2025-11-28,Hillview,Occasional
R016875,2024-07-04,Hillview,Frequent
R016876,2024-03-30,Metroville,Regular
R016877,2025-08-03,Lakewood,Occasional
R016878,2025-04-16,Metroville,Frequent
R016879,2024-05-24,Metroville,Regular
R016880,2025-10-29,Lakewood,Regular
R016881,2025-06-09,Lakewood,Frequent
R016882,2025-01-31,Lakewood,Frequent
R016883,2024-04-06,Metroville,Regular
R016884,2025-12-06,Metroville,Regular
R016885,2025-01-19,Metroville,Occasional
R016886,2025-03-13,Metroville,Regular
R016887,2024-01-20,Lakewood,Regular
R016888,2025-05-07,Metroville,Regular
R016889,2025-09-03,Hillview,Regular
R016890,2025-08-02,Riverton,Regular
R016891,2024-10-02,Hillview,Occasional
R016892,2024-05-26,Metroville,Occasional
R016893,2024-11-20,Metroville,Occasional
R016894,2025-02-14,Metroville,Regular
R016895,2024-07-15,Metroville,Regular
R016896,2025-03-25,Hillview,Regular
R016897,2025-11-07,Lakewood,Regular
R016898,2024-03-28,Hillview,Frequent
R016899,2024-06-29,Hillview,Regular
R016900,2024-11-29,Lakewood,Frequent
R016901,2024-05-07,Lakewood,Regular
R016902,2025-07-18,Metroville,Regular
R016903,2024-02-14,Riverton,Occasional
R016904,2024-01-30,Lakewood,Occasional
R016905,2024-09-15,Metroville,Occasional
R016906,2024-10-29,Hillview,Regular
R016907,2025-05-31,Riverton,Occasional
R016908,2024-04-16,Hillview,Occasional
R016909,2025-07-27,Metroville,Frequent
R016910,2024-05-08,Riverton,Occasional
R016911,2025-11-25,Riverton,Frequent
R016912,2025-01-10,Metroville,Frequent
R016913,2025-07-15,Metroville,Occasional
R016914,2024-01-22,Metroville,Occasional
R016915,2025-06-08,Metroville,Regular
R016916,2024-11-07,Riverton,Occasional
R016917,2025-01-02,Hillview,Occasional
R016918,2024-01-19,Hillview,Regular
R016919,2025-03-30,Metroville,Regular
R016920,2025-11-08,Riverton,Occasional
R016921,2025-12-29,Metroville,Occasional
R016922,2025-10-08,Metroville,Occasional
R016923,2025-06-09,Hillview,Frequent
R016924,2024-06-03,Hillview,Frequent
R016925,2024-09-27,Hillview,Frequent
R016926,2024-02-18,Lakewood,Occasional
R016927,2024-06-13,Riverton,Occasional
R016928,2024-07-02,Lakewood,Frequent
R016929,2025-05-03,Riverton,Frequent
R016930,2024-01-21,Metroville,Occasional
R016931,2025-11-11,Metroville,Occasional
R016932,2025-06-21,Hillview,Regular
R016933,2025-05-07,Metroville,Regular
R016934,2025-02-24,Hillview,Regular
R016935,2024-07-04,Metroville,Frequent
R016936,2025-02-02,Hillview,Occasional
R016937,2025-04-11,Hillview,Frequent
R016938,2025-09-15,Metroville,Occasional
R016939,2025-05-14,Lakewood,Regular
R016940,2025-08-15,Riverton,Regular
R016941,2024-11-30,Metroville,Regular
R016942,2024-10-26,Metroville,Occasional
R016943,2025-07-25,Metroville,Occasional
R016944,2025-03-22,Metroville,Frequent
R016945,2024-10-15,Metroville,Occasional
R016946,2024-11-19,Metroville,Occasional
R016947,2025-02-11,Metroville,Occasional
R016948,2025-04-01,Hillview,Regular
R016949,2024-09-21,Metroville,Regular
R016950,2024-04-20,Metroville,Regular
R016951,2025-10-19,Riverton,Occasional
R016952,2024-08-07,Riverton,Frequent
R016953,2024-04-28,Lakewood,Occasional
R016954,2024-07-03,Lakewood,Frequent
R016955,2025-09-27,Metroville,Occasional
R016956,2024-05-02,Hillview,Regular
R016957,2025-05-25,Hillview,Regular
R016958,2024-10-29,Metroville,Regular
R016959,2025-03-20,Lakewood,Frequent
R016960,2025-06-15,Riverton,Regular
R016961,2024-06-11,Hillview,Regular
R016962,2024-10-16,Metroville,Occasional
R016963,2025-08-01,Hillview,Regular
R016964,2025-12-20,Riverton,Regular
R016965,2025-09-16,Lakewood,Frequent
R016966,2024-08-09,Lakewood,Regular
R016967,2024-06-22,Lakewood,Occasional
R016968,2025-11-25,Riverton,Occasional
R016969,2025-05-17,Lakewood,Occasional
R016970,2024-05-21,Riverton,Regular
R016971,2025-04-18,Hillview,Regular
R016972,2024-08-22,Riverton,Regular
R016973,2024-04-24,Metroville,Regular
R016974,2024-04-30,Lakewood,Regular
R016975,2024-10-03,Metroville,Regular
R016976,2024-06-23,Metroville,Frequent
R016977,2025-07-28,Riverton,Regular
R016978,2024-04-25,Lakewood,Occasional
R016979,2024-05-17,Metroville,Occasional
R016980,2025-04-02,Riverton,Occasional
R016981,2024-11-13,Metroville,Occasional
R016982,2024-05-26,Hillview,Regular
R016983,2024-02-20,Riverton,Occasional
R016984,2024-03-03,Metroville,Occasional
R016985,2024-08-01,Hillview,Regular
R016986,2024-07-14,Metroville,Occasional
R016987,2025-03-01,Metroville,Frequent
R016988,2025-05-11,Lakewood,Regular
R016989,2024-05-01,Metroville,Regular
R016990,2024-11-09,Riverton,Regular
R016991,2024-12-07,Hillview,Regular
R016992,2024-04-24,Riverton,Regular
R016993,2024-12-23,Lakewood,Frequent
R016994,2024-02-16,Metroville,Occasional
R016995,2024-08-16,Metroville,Occasional
R016996,2025-06-17,Metroville,Regular
R016997,2024-06-28,Hillview,Occasional
R016998,2025-05-30,Metroville,Occasional
R016999,2024-03-19,Metroville,Occasional
R017000,2024-12-03,Riverton,Occasional
R017001,2025-10-22,Riverton,Regular
R017002,2025-01-21,Hillview,Frequent
R017003,2025-08-20,Hillview,Regular
R017004,2024-06-25,Lakewood,Occasional
R017005,2024-05-15,Hillview,Regular
R017006,2024-12-21,Hillview,Occasional
R017007,2024-06-30,Hillview,Occasional
R017008,2025-06-17,Hillview,Occasional
R017009,2024-09-14,Lakewood,Occasional
R017010,2025-07-18,Metroville,Frequent
R017011,2024-01-26,Hillview,Occasional
R017012,2024-09-06,Metroville,Occasional
R017013,2024-06-26,Hillview,Regular
R017014,2025-05-11,Lakewood,Regular
R017015,2024-05-30,Lakewood,Frequent
R017016,2024-12-22,Hillview,Regular
R017017,2024-09-20,Lakewood,Frequent
R017018,2025-06-25,Metroville,Regular
R017019,2024-09-27,Riverton,Regular
R017020,2025-05-20,Metroville,Occasional
R017021,2024-03-06,Hillview,Occasional
R017022,2025-07-03,Hillview,Regular
R017023,2025-04-12,Lakewood,Regular
R017024,2024-04-30,Riverton,Occasional
R017025,2024-03-20,Metroville,Occasional
R017026,2024-08-23,Riverton,Occasional
R017027,2025-12-24,Lakewood,Occasional
R017028,2024-07-12,Metroville,Regular
R017029,2024-12-13,Hillview,Occasional
R017030,2024-11-23,Lakewood,Occasional
R017031,2024-08-03,Hillview,Occasional
R017032,2024-12-06,Lakewood,Occasional
R017033,2024-05-08,Hillview,Regular
R017034,2025-05-03,Riverton,Occasional
R017035,2024-04-27,Riverton,Regular
R017036,2025-02-20,Metroville,Occasional
R017037,2024-08-20,Riverton,Regular
R017038,2025-02-28,Lakewood,Occasional
R017039,2025-02-05,Riverton,Regular
R017040,2025-04-08,Hillview,Occasional
R017041,2025-03-19,Riverton,Regular
R017042,2024-07-18,Lakewood,Frequent
R017043,2025-03-06,Hillview,Regular
R017044,2024-06-14,Riverton,Occasional
R017045,2024-10-11,Riverton,Occasional
R017046,2024-06-06,Hillview,Occasional
R017047,2025-01-26,Metroville,Occasional
R017048,2025-07-24,Lakewood,Regular
R017049,2025-03-18,Metroville,Regular
R017050,2024-03-12,Riverton,Regular
R017051,2024-02-26,Lakewood,Occasional
R017052,2024-08-19,Riverton,Occasional
R017053,2025-03-06,Metroville,Occasional
R017054,2024-07-24,Riverton,Occasional
R017055,2025-12-29,Metroville,Occasional
R017056,2025-03-09,Lakewood,Frequent
R017057,2025-10-16,Lakewood,Occasional
R017058,2025-11-07,Riverton,Regular
R017059,2024-03-11,Lakewood,Frequent
R017060,2025-10-05,Riverton,Frequent
R017061,2024-02-07,Metroville,Occasional
R017062,2024-03-18,Riverton,Regular
R017063,2025-01-30,Lakewood,Frequent
R017064,2025-01-30,Metroville,Occasional
R017065,2025-04-19,Hillview,Regular
R017066,2024-01-28,Hillview,Frequent
R017067,2024-03-19,Metroville,Frequent
R017068,2025-08-03,Metroville,Frequent
R017069,2025-03-08,Riverton,Regular
R017070,2024-10-01,Hillview,Regular
R017071,2024-05-13,Lakewood,Occasional
R017072,2024-06-06,Riverton,Frequent
R017073,2024-08-12,Metroville,Regular
R017074,2024-12-20,Metroville,Occasional
R017075,2025-08-18,Metroville,Frequent
R017076,2024-11-14,Riverton,Occasional
R017077,2024-11-16,Lakewood,Frequent
R017078,2025-11-21,Riverton,Regular
R017079,2024-03-09,Metroville,Occasional
R017080,2024-01-25,Metroville,Occasional
R017081,2025-12-27,Lakewood,Regular
R017082,2025-11-26,Lakewood,Regular
R017083,2024-10-22,Lakewood,Occasional
R017084,2024-06-20,Riverton,Occasional
R017085,2024-03-31,Lakewood,Occasional
R017086,2024-04-16,Hillview,Frequent
R017087,2025-10-14,Riverton,Occasional
R017088,2025-06-27,Metroville,Occasional
R017089,2025-09-10,Hillview,Occasional
R017090,2025-01-17,Lakewood,Occasional
R017091,2025-04-26,Lakewood,Frequent
R017092,2025-10-17,Riverton,Regular
R017093,2024-09-18,Hillview,Regular
R017094,2025-02-01,Metroville,Frequent
R017095,2024-07-30,Metroville,Frequent
R017096,2025-01-05,Riverton,Frequent
R017097,2024-06-04,Lakewood,Frequent
R017098,2024-05-30,Hillview,Regular
R017099,2024-09-18,Lakewood,Frequent
R017100,2025-11-26,Hillview,Regular
R017101,2024-07-17,Metroville,Frequent
R017102,2025-05-01,Hillview,Frequent
R017103,2025-02-22,Riverton,Regular
R017104,2025-03-16,Hillview,Occasional
R017105,2024-04-05,Metroville,Frequent
R017106,2025-08-01,Lakewood,Regular
R017107,2025-07-28,Metroville,Frequent
R017108,2024-03-15,Hillview,Occasional
R017109,2024-10-15,Metroville,Regular
R017110,2025-09-26,Lakewood,Frequent
R017111,2024-06-22,Metroville,Occasional
R017112,2025-01-01,Riverton,Occasional
R017113,2025-08-28,Riverton,Frequent
R017114,2025-08-10,Metroville,Regular
R017115,2024-10-10,Riverton,Regular
R017116,2025-06-05,Metroville,Regular
R017117,2025-11-12,Hillview,Regular
R017118,2024-11-26,Hillview,Occasional
R017119,2025-12-14,Metroville,Frequent
R017120,2025-07-17,Metroville,Regular
R017121,2025-04-19,Lakewood,Frequent
R017122,2025-06-11,Riverton,Frequent
R017123,2024-05-17,Hillview,Occasional
R017124,2024-01-03,Lakewood,Frequent
R017125,2025-08-28,Lakewood,Occasional
R017126,2025-06-03,Metroville,Frequent
R017127,2025-11-17,Metroville,Regular
R017128,2025-01-07,Hillview,Occasional
R017129,2024-10-09,Hillview,Regular
R017130,2025-09-06,Lakewood,Frequent
R017131,2025-11-20,Metroville,Frequent
R017132,2025-08-15,Lakewood,Occasional
R017133,2025-08-28,Lakewood,Regular
R017134,2024-05-04,Riverton,Occasional
R017135,2025-09-27,Riverton,Occasional
R017136,2024-01-16,Riverton,Occasional
R017137,2025-07-06,Lakewood,Regular
R017138,2024-05-23,Riverton,Occasional
R017139,2024-01-31,Riverton,Regular
R017140,2025-06-26,Riverton,Frequent
R017141,2024-09-05,Riverton,Regular
R017142,2025-09-29,Hillview,Occasional
R017143,2024-07-25,Metroville,Frequent
R017144,2025-05-27,Metroville,Regular
R017145,2025-04-16,Metroville,Regular
R017146,2025-08-23,Riverton,Frequent
R017147,2025-09-22,Metroville,Occasional
R017148,2025-03-05,Lakewood,Occasional
R017149,2024-09-10,Metroville,Occasional
R017150,2025-01-05,Hillview,Occasional
R017151,2025-03-16,Lakewood,Occasional
R017152,2025-12-11,Metroville,Regular
R017153,2024-05-06,Lakewood,Occasional
R017154,2024-02-28,Metroville,Regular
R017155,2024-12-05,Hillview,Occasional
R017156,2024-11-04,Hillview,Occasional
R017157,2025-10-21,Riverton,Regular
R017158,2024-07-22,Lakewood,Occasional
R017159,2024-04-18,Hillview,Frequent
R017160,2024-03-30,Metroville,Occasional
R017161,2025-10-16,Riverton,Occasional
R017162,2025-03-19,Lakewood,Occasional
R017163,2025-12-15,Lakewood,Frequent
R017164,2024-07-11,Metroville,Regular
R017165,2024-02-29,Metroville,Occasional
R017166,2024-12-04,Hillview,Regular
R017167,2024-05-06,Riverton,Frequent
R017168,2024-04-09,Hillview,Occasional
R017169,2025-10-08,Riverton,Occasional
R017170,2024-10-12,Metroville,Occasional
R017171,2024-02-21,Metroville,Frequent
R017172,2024-05-26,Riverton,Occasional
R017173,2024-09-25,Metroville,Regular
R017174,2025-10-18,Metroville,Regular
R017175,2025-04-12,Lakewood,Occasional
R017176,2025-01-17,Riverton,Occasional
R017177,2025-03-02,Riverton,Frequent
R017178,2025-08-08,Metroville,Frequent
R017179,2024-05-21,Hillview,Frequent
R017180,2024-12-21,Hillview,Regular
R017181,2024-10-09,Riverton,Occasional
R017182,2024-02-01,Metroville,Regular
R017183,2025-02-07,Riverton,Regular
R017184,2025-05-23,Lakewood,Regular
R017185,2025-05-02,Metroville,Regular
R017186,2024-02-05,Riverton,Regular
R017187,2024-10-16,Hillview,Occasional
R017188,2024-10-16,Lakewood,Occasional
R017189,2024-04-23,Metroville,Regular
R017190,2025-02-04,Metroville,Regular
R017191,2025-01-23,Lakewood,Regular
R017192,2025-07-24,Riverton,Occasional
R017193,2025-07-12,Metroville,Frequent
R017194,2025-10-19,Metroville,Occasional
R017195,2024-11-06,Hillview,Frequent
R017196,2024-05-29,Hillview,Occasional
R017197,2025-01-31,Hillview,Occasional
R017198,2025-04-30,Metroville,Occasional
R017199,2024-08-31,Hillview,Regular
R017200,2024-12-10,Metroville,Regular
R017201,2025-11-03,Lakewood,Occasional
R017202,2025-07-15,Lakewood,Occasional
R017203,2025-03-22,Hillview,Occasional
R017204,2025-11-18,Metroville,Occasional
R017205,2024-01-11,Hillview,Regular
R017206,2025-01-25,Hillview,Occasional
R017207,2024-07-13,Hillview,Occasional
R017208,2024-07-28,Lakewood,Regular
R017209,2025-07-27,Lakewood,Regular
R017210,2025-08-07,Metroville,Occasional
R017211,2024-12-21,Lakewood,Occasional
R017212,2025-01-20,Metroville,Occasional
R017213,2025-03-15,Riverton,Occasional
R017214,2025-10-07,Hillview,Occasional
R017215,2024-01-17,Hillview,Occasional
R017216,2025-02-18,Lakewood,Occasional
R017217,2024-02-19,Lakewood,Regular
R017218,2025-11-16,Lakewood,Regular
R017219,2024-06-23,Hillview,Frequent
R017220,2024-01-13,Metroville,Frequent
R017221,2025-08-15,Metroville,Occasional
R017222,2025-06-24,Metroville,Frequent
R017223,2025-10-21,Riverton,Regular
R017224,2024-09-10,Lakewood,Regular
R017225,2024-07-21,Hillview,Regular
R017226,2025-05-04,Hillview,Occasional
R017227,2025-11-23,Hillview,Occasional
R017228,2025-11-20,Lakewood,Regular
R017229,2024-10-19,Hillview,Frequent
R017230,2025-04-23,Lakewood,Occasional
R017231,2025-08-28,Lakewood,Occasional
R017232,2025-06-29,Lakewood,Regular
R017233,2025-03-15,Riverton,Regular
R017234,2024-04-25,Metroville,Regular
R017235,2025-04-07,Lakewood,Occasional
R017236,2024-05-04,Hillview,Occasional
R017237,2024-11-26,Metroville,Regular
R017238,2025-02-23,Metroville,Occasional
R017239,2024-01-20,Hillview,Occasional
R017240,2024-11-11,Hillview,Regular
R017241,2024-08-17,Metroville,Occasional
R017242,2024-03-22,Lakewood,Frequent
R017243,2025-04-18,Metroville,Occasional
R017244,2025-06-17,Metroville,Occasional
R017245,2025-10-16,Metroville,Regular
R017246,2025-05-26,Metroville,Occasional
R017247,2024-05-13,Riverton,Occasional
R017248,2024-03-08,Metroville,Occasional
R017249,2025-08-24,Metroville,Occasional
R017250,2024-02-05,Metroville,Regular
R017251,2024-10-05,Metroville,Regular
R017252,2024-10-04,Lakewood,Occasional
R017253,2024-05-13,Riverton,Occasional
R017254,2025-04-08,Hillview,Regular
R017255,2025-07-17,Metroville,Regular
R017256,2025-10-16,Metroville,Regular
R017257,2024-12-09,Riverton,Regular
R017258,2024-11-14,Metroville,Occasional
R017259,2024-05-28,Lakewood,Regular
R017260,2024-03-02,Riverton,Regular
R017261,2025-09-07,Lakewood,Occasional
R017262,2025-09-07,Lakewood,Occasional
R017263,2025-12-19,Lakewood,Occasional
R017264,2024-04-01,Lakewood,Regular
R017265,2024-11-04,Metroville,Occasional
R017266,2025-04-11,Metroville,Frequent
R017267,2025-10-06,Riverton,Occasional
R017268,2024-10-29,Metroville,Occasional
R017269,2024-04-11,Metroville,Frequent
R017270,2025-10-27,Lakewood,Frequent
R017271,2024-03-01,Lakewood,Occasional
R017272,2025-05-30,Metroville,Regular
R017273,2024-09-25,Hillview,Regular
R017274,2024-01-01,Metroville,Regular
R017275,2025-01-19,Hillview,Regular
R017276,2024-09-29,Hillview,Frequent
R017277,2024-11-15,Metroville,Regular
R017278,2024-05-11,Metroville,Regular
R017279,2025-05-07,Metroville,Regular
R017280,2024-07-26,Hillview,Frequent
R017281,2024-04-21,Hillview,Frequent
R017282,2024-10-19,Lakewood,Regular
R017283,2024-05-17,Hillview,Regular
R017284,2025-01-31,Riverton,Regular
R017285,2025-01-24,Lakewood,Occasional
R017286,2025-08-07,Hillview,Frequent
R017287,2025-12-18,Lakewood,Occasional
R017288,2024-03-04,Lakewood,Occasional
R017289,2024-01-28,Riverton,Occasional
R017290,2024-11-18,Riverton,Regular
R017291,2024-02-19,Lakewood,Occasional
R017292,2025-09-14,Lakewood,Occasional
R017293,2025-08-14,Metroville,Occasional
R017294,2024-11-12,Metroville,Frequent
R017295,2025-12-04,Lakewood,Frequent
R017296,2025-01-15,Lakewood,Occasional
R017297,2025-02-03,Metroville,Frequent
R017298,2025-07-23,Metroville,Occasional
R017299,2025-02-07,Metroville,Regular
R017300,2025-06-05,Hillview,Occasional
R017301,2024-06-24,Riverton,Frequent
R017302,2025-01-08,Metroville,Occasional
R017303,2025-08-16,Riverton,Regular
R017304,2025-12-08,Lakewood,Regular
R017305,2024-05-20,Lakewood,Regular
R017306,2024-01-27,Hillview,Occasional
R017307,2025-03-10,Lakewood,Regular
R017308,2024-02-09,Metroville,Regular
R017309,2025-05-14,Riverton,Occasional
R017310,2024-11-08,Metroville,Occasional
R017311,2025-08-08,Hillview,Regular
R017312,2024-04-25,Hillview,Occasional
R017313,2024-02-03,Metroville,Regular
R017314,2024-06-07,Riverton,Frequent
R017315,2024-02-16,Hillview,Occasional
R017316,2024-04-19,Hillview,Frequent
R017317,2025-07-08,Metroville,Regular
R017318,2025-05-21,Metroville,Regular
R017319,2025-03-31,Lakewood,Occasional
R017320,2024-11-04,Lakewood,Frequent
R017321,2024-06-12,Metroville,Regular
R017322,2025-09-02,Metroville,Regular
R017323,2025-10-03,Lakewood,Frequent
R017324,2024-07-02,Metroville,Occasional
R017325,2025-10-18,Lakewood,Occasional
R017326,2025-04-01,Metroville,Occasional
R017327,2024-09-10,Lakewood,Frequent
R017328,2024-06-05,Lakewood,Frequent
R017329,2025-03-08,Lakewood,Occasional
R017330,2024-01-11,Metroville,Regular
R017331,2024-08-19,Lakewood,Frequent
R017332,2025-05-19,Metroville,Occasional
R017333,2024-12-29,Metroville,Occasional
R017334,2024-04-16,Riverton,Frequent
R017335,2024-04-26,Riverton,Occasional
R017336,2025-05-22,Metroville,Regular
R017337,2025-09-04,Hillview,Regular
R017338,2025-05-20,Riverton,Occasional
R017339,2024-04-25,Hillview,Regular
R017340,2025-05-04,Lakewood,Frequent
R017341,2024-07-21,Lakewood,Regular
R017342,2025-03-09,Riverton,Regular
R017343,2025-03-08,Lakewood,Occasional
R017344,2025-10-09,Riverton,Occasional
R017345,2025-08-27,Lakewood,Occasional
R017346,2024-02-25,Metroville,Regular
R017347,2024-01-01,Riverton,Occasional
R017348,2025-11-13,Lakewood,Frequent
R017349,2024-08-11,Riverton,Frequent
R017350,2024-02-18,Lakewood,Frequent
R017351,2024-05-19,Lakewood,Occasional
R017352,2024-12-28,Riverton,Regular
R017353,2025-10-12,Lakewood,Frequent
R017354,2025-11-06,Metroville,Occasional
R017355,2025-04-25,Metroville,Regular
R017356,2024-07-15,Metroville,Occasional
R017357,2025-06-05,Lakewood,Frequent
R017358,2025-09-05,Lakewood,Regular
R017359,2024-10-27,Metroville,Frequent
R017360,2025-03-10,Metroville,Occasional
R017361,2024-12-24,Riverton,Regular
R017362,2025-09-22,Metroville,Occasional
R017363,2025-03-24,Lakewood,Occasional
R017364,2024-02-05,Lakewood,Frequent
R017365,2025-09-29,Lakewood,Occasional
R017366,2025-02-10,Metroville,Regular
R017367,2024-11-11,Riverton,Occasional
R017368,2024-05-18,Metroville,Frequent
R017369,2025-05-26,Riverton,Regular
R017370,2024-01-14,Lakewood,Regular
R017371,2024-05-07,Lakewood,Regular
R017372,2025-05-19,Lakewood,Occasional
R017373,2024-07-18,Hillview,Frequent
R017374,2025-07-02,Metroville,Occasional
R017375,2024-07-10,Metroville,Occasional
R017376,2025-06-22,Lakewood,Regular
R017377,2025-05-12,Lakewood,Occasional
R017378,2025-06-16,Metroville,Occasional
R017379,2025-06-20,Hillview,Regular
R017380,2025-08-08,Metroville,Regular
R017381,2024-09-26,Hillview,Frequent
R017382,2024-12-09,Lakewood,Occasional
R017383,2024-02-21,Lakewood,Frequent
R017384,2024-09-11,Riverton,Regular
R017385,2024-12-02,Metroville,Frequent
R017386,2025-07-18,Lakewood,Regular
R017387,2025-10-22,Metroville,Frequent
R017388,2025-05-02,Metroville,Regular
R017389,2024-04-03,Riverton,Frequent
R017390,2024-05-26,Metroville,Regular
R017391,2025-01-25,Lakewood,Occasional
R017392,2024-11-14,Lakewood,Occasional
R017393,2025-11-12,Hillview,Occasional
R017394,2024-05-13,Hillview,Regular
R017395,2025-02-21,Metroville,Occasional
R017396,2025-07-24,Riverton,Occasional
R017397,2024-11-16,Metroville,Occasional
R017398,2024-06-29,Lakewood,Regular
R017399,2024-04-05,Riverton,Frequent
R017400,2025-03-31,Metroville,Occasional
R017401,2025-04-06,Riverton,Occasional
R017402,2025-06-22,Metroville,Regular
R017403,2025-09-05,Hillview,Regular
R017404,2025-12-26,Lakewood,Regular
R017405,2024-05-17,Metroville,Frequent
R017406,2024-11-13,Metroville,Regular
R017407,2024-08-25,Riverton,Occasional
R017408,2025-09-30,Riverton,Frequent
R017409,2024-03-27,Riverton,Occasional
R017410,2025-05-01,Lakewood,Occasional
R017411,2024-08-18,Lakewood,Occasional
R017412,2024-01-07,Riverton,Occasional
R017413,2025-03-13,Metroville,Regular
R017414,2024-10-13,Metroville,Occasional
R017415,2025-05-20,Metroville,Frequent
R017416,2024-10-15,Riverton,Frequent
R017417,2024-05-19,Lakewood,Frequent
R017418,2024-03-28,Metroville,Regular
R017419,2024-05-12,Hillview,Regular
R017420,2024-11-15,Lakewood,Occasional
R017421,2024-07-15,Metroville,Regular
R017422,2024-03-26,Lakewood,Regular
R017423,2024-08-19,Hillview,Frequent
R017424,2025-09-03,Riverton,Occasional
R017425,2025-09-06,Lakewood,Regular
R017426,2024-09-21,Riverton,Occasional
R017427,2025-01-16,Lakewood,Occasional
R017428,2024-05-14,Riverton,Frequent
R017429,2024-10-28,Hillview,Frequent
R017430,2025-03-16,Metroville,Occasional
R017431,2024-01-14,Lakewood,Occasional
R017432,2025-09-19,Metroville,Regular
R017433,2025-10-24,Riverton,Occasional
R017434,2025-11-15,Metroville,Regular
R017435,2024-06-03,Lakewood,Frequent
R017436,2025-10-16,Hillview,Occasional
R017437,2024-03-24,Lakewood,Frequent
R017438,2025-10-07,Metroville,Occasional
R017439,2024-04-09,Metroville,Occasional
R017440,2024-09-11,Hillview,Regular
R017441,2025-11-25,Riverton,Regular
R017442,2025-01-04,Riverton,Regular
R017443,2024-06-07,Lakewood,Regular
R017444,2024-09-28,Lakewood,Frequent
R017445,2024-08-29,Lakewood,Occasional
R017446,2025-11-06,Riverton,Occasional
R017447,2024-10-28,Lakewood,Regular
R017448,2024-03-08,Metroville,Regular
R017449,2024-05-01,Lakewood,Regular
R017450,2025-02-09,Riverton,Occasional
R017451,2024-01-11,Metroville,Regular
R017452,2024-06-29,Lakewood,Occasional
R017453,2025-03-18,Metroville,Occasional
R017454,2025-09-14,Hillview,Occasional
R017455,2024-03-11,Lakewood,Regular
R017456,2024-09-05,Riverton,Regular
R017457,2024-10-12,Lakewood,Regular
R017458,2025-09-24,Riverton,Occasional
R017459,2025-07-29,Hillview,Occasional
R017460,2025-11-10,Metroville,Occasional
R017461,2025-03-30,Metroville,Occasional
R017462,2024-05-05,Riverton,Regular
R017463,2025-11-18,Riverton,Regular
R017464,2025-07-06,Lakewood,Frequent
R017465,2025-04-28,Lakewood,Frequent
R017466,2024-09-13,Riverton,Occasional
R017467,2025-08-05,Riverton,Occasional
R017468,2024-10-22,Lakewood,Frequent
R017469,2024-08-25,Metroville,Regular
R017470,2024-07-19,Hillview,Occasional
R017471,2025-04-28,Lakewood,Frequent
R017472,2025-03-27,Metroville,Occasional
R017473,2024-06-15,Hillview,Occasional
R017474,2024-09-08,Riverton,Regular
R017475,2024-06-15,Lakewood,Occasional
R017476,2025-06-26,Riverton,Occasional
R017477,2024-09-08,Metroville,Occasional
R017478,2025-07-23,Lakewood,Regular
R017479,2024-06-18,Metroville,Frequent
R017480,2024-10-16,Hillview,Frequent
R017481,2024-01-20,Metroville,Regular
R017482,2024-01-04,Metroville,Regular
R017483,2024-01-22,Metroville,Occasional
R017484,2024-02-18,Lakewood,Regular
R017485,2025-11-10,Metroville,Regular
R017486,2024-07-19,Lakewood,Regular
R017487,2025-01-24,Riverton,Occasional
R017488,2025-11-29,Metroville,Regular
R017489,2024-12-22,Hillview,Regular
R017490,2024-10-15,Hillview,Regular
R017491,2025-06-17,Metroville,Occasional
R017492,2025-06-28,Metroville,Occasional
R017493,2024-03-14,Lakewood,Occasional
R017494,2025-11-16,Metroville,Occasional
R017495,2024-03-31,Lakewood,Occasional
R017496,2024-09-07,Lakewood,Regular
R017497,2025-11-28,Riverton,Occasional
R017498,2025-02-14,Riverton,Occasional
R017499,2025-02-20,Hillview,Frequent
R017500,2025-09-15,Riverton,Regular
R017501,2024-11-24,Metroville,Regular
R017502,2025-03-26,Metroville,Occasional
R017503,2025-02-03,Riverton,Regular
R017504,2024-03-23,Riverton,Regular
R017505,2024-08-10,Riverton,Regular
R017506,2025-07-17,Lakewood,Frequent
R017507,2024-08-28,Riverton,Occasional
R017508,2025-10-23,Hillview,Regular
R017509,2025-12-03,Metroville,Occasional
R017510,2025-07-16,Metroville,Occasional
R017511,2024-01-01,Hillview,Occasional
R017512,2025-07-04,Hillview,Regular
R017513,2025-12-19,Metroville,Regular
R017514,2025-07-07,Lakewood,Frequent
R017515,2025-04-11,Riverton,Occasional
R017516,2025-03-24,Metroville,Regular
R017517,2024-12-28,Metroville,Regular
R017518,2024-06-30,Metroville,Regular
R017519,2024-12-15,Lakewood,Occasional
R017520,2025-10-28,Metroville,Regular
R017521,2024-03-03,Metroville,Regular
R017522,2024-04-04,Metroville,Frequent
R017523,2025-10-02,Riverton,Regular
R017524,2025-08-28,Hillview,Regular
R017525,2025-01-08,Riverton,Occasional
R017526,2024-09-20,Metroville,Occasional
R017527,2024-03-22,Hillview,Frequent
R017528,2025-05-08,Hillview,Regular
R017529,2025-01-29,Metroville,Regular
R017530,2025-08-12,Hillview,Frequent
R017531,2024-09-22,Lakewood,Occasional
R017532,2025-08-07,Metroville,Regular
R017533,2025-11-29,Lakewood,Occasional
R017534,2024-04-27,Lakewood,Occasional
R017535,2025-07-13,Hillview,Occasional
R017536,2025-03-23,Lakewood,Regular
R017537,2024-10-25,Riverton,Regular
R017538,2024-06-06,Riverton,Occasional
R017539,2024-04-23,Metroville,Occasional
R017540,2024-03-23,Riverton,Frequent
R017541,2024-07-13,Lakewood,Occasional
R017542,2025-01-10,Metroville,Regular
R017543,2025-01-28,Lakewood,Occasional
R017544,2025-12-23,Hillview,Regular
R017545,2025-06-26,Riverton,Regular
R017546,2025-12-19,Riverton,Frequent
R017547,2025-07-05,Metroville,Occasional
R017548,2025-02-23,Riverton,Regular
R017549,2025-08-20,Riverton,Occasional
R017550,2025-07-19,Hillview,Occasional
R017551,2025-08-14,Riverton,Occasional
R017552,2024-07-01,Metroville,Frequent
R017553,2025-06-14,Hillview,Frequent
R017554,2024-06-13,Riverton,Occasional
R017555,2024-08-20,Metroville,Regular
R017556,2025-06-01,Riverton,Occasional
R017557,2025-01-04,Metroville,Regular
R017558,2025-07-29,Riverton,Frequent
R017559,2025-06-11,Metroville,Frequent
R017560,2025-06-27,Riverton,Regular
R017561,2024-04-18,Metroville,Occasional
R017562,2024-03-17,Hillview,Occasional
R017563,2024-06-30,Metroville,Occasional
R017564,2024-09-17,Metroville,Occasional
R017565,2025-08-23,Metroville,Occasional
R017566,2024-02-02,Lakewood,Regular
R017567,2025-01-30,Riverton,Occasional
R017568,2025-07-29,Lakewood,Regular
R017569,2024-09-22,Lakewood,Regular
R017570,2024-08-16,Hillview,Regular
R017571,2024-05-29,Lakewood,Frequent
R017572,2024-11-10,Lakewood,Frequent
R017573,2025-03-26,Lakewood,Occasional
R017574,2025-02-27,Hillview,Frequent
R017575,2025-09-14,Metroville,Frequent
R017576,2024-01-01,Metroville,Occasional
R017577,2024-08-02,Lakewood,Regular
R017578,2024-09-16,Riverton,Occasional
R017579,2024-10-13,Metroville,Occasional
R017580,2025-06-16,Hillview,Frequent
R017581,2024-03-14,Metroville,Frequent
R017582,2024-07-28,Riverton,Regular
R017583,2024-02-10,Metroville,Occasional
R017584,2025-02-21,Hillview,Occasional
R017585,2025-12-06,Lakewood,Regular
R017586,2025-12-16,Metroville,Occasional
R017587,2024-02-05,Metroville,Regular
R017588,2024-03-27,Metroville,Occasional
R017589,2025-02-21,Lakewood,Frequent
R017590,2024-07-15,Metroville,Occasional
R017591,2024-06-18,Lakewood,Occasional
R017592,2025-05-15,Lakewood,Occasional
R017593,2024-08-13,Lakewood,Occasional
R017594,2025-03-14,Metroville,Occasional
R017595,2024-01-29,Lakewood,Regular
R017596,2025-12-16,Hillview,Frequent
R017597,2024-03-02,Lakewood,Frequent
R017598,2024-01-26,Riverton,Regular
R017599,2024-11-01,Metroville,Frequent
R017600,2025-10-04,Metroville,Occasional
R017601,2025-04-12,Hillview,Regular
R017602,2024-12-23,Riverton,Occasional
R017603,2024-07-21,Riverton,Regular
R017604,2024-06-15,Lakewood,Frequent
R017605,2025-04-23,Riverton,Regular
R017606,2025-01-03,Hillview,Occasional
R017607,2025-03-24,Metroville,Occasional
R017608,2024-10-28,Metroville,Frequent
R017609,2024-08-08,Hillview,Frequent
R017610,2024-05-11,Metroville,Regular
R017611,2024-08-01,Lakewood,Occasional
R017612,2024-06-09,Metroville,Occasional
R017613,2024-12-23,Lakewood,Occasional
R017614,2024-07-29,Lakewood,Regular
R017615,2025-08-05,Metroville,Occasional
R017616,2025-02-08,Metroville,Occasional
R017617,2024-08-11,Lakewood,Regular
R017618,2024-03-01,Lakewood,Occasional
R017619,2024-03-30,Riverton,Occasional
R017620,2024-03-06,Riverton,Occasional
R017621,2024-08-23,Metroville,Regular
R017622,2024-08-30,Lakewood,Occasional
R017623,2024-02-06,Hillview,Regular
R017624,2025-06-01,Lakewood,Occasional
R017625,2025-01-22,Hillview,Occasional
R017626,2025-12-17,Hillview,Frequent
R017627,2025-10-11,Metroville,Occasional
R017628,2024-01-09,Metroville,Regular
R017629,2025-05-27,Metroville,Occasional
R017630,2025-12-12,Metroville,Regular
R017631,2025-08-09,Riverton,Occasional
R017632,2025-05-17,Metroville,Occasional
R017633,2024-04-11,Hillview,Regular
R017634,2025-10-21,Riverton,Frequent
R017635,2025-08-24,Hillview,Occasional
R017636,2025-01-27,Lakewood,Regular
R017637,2025-11-05,Metroville,Occasional
R017638,2024-12-04,Metroville,Regular
R017639,2025-01-25,Riverton,Frequent
R017640,2025-07-28,Metroville,Occasional
R017641,2025-06-11,Hillview,Frequent
R017642,2025-02-07,Metroville,Frequent
R017643,2025-07-27,Riverton,Frequent
R017644,2025-10-18,Lakewood,Occasional
R017645,2025-04-19,Riverton,Regular
R017646,2025-10-15,Riverton,Occasional
R017647,2024-10-27,Metroville,Occasional
R017648,2025-01-23,Hillview,Regular
R017649,2025-04-19,Lakewood,Regular
R017650,2025-02-23,Lakewood,Regular
R017651,2024-05-10,Hillview,Occasional
R017652,2024-11-29,Riverton,Occasional
R017653,2024-04-08,Metroville,Occasional
R017654,2025-05-19,Metroville,Frequent
R017655,2025-08-07,Hillview,Frequent
R017656,2025-05-14,Lakewood,Occasional
R017657,2025-09-25,Lakewood,Occasional
R017658,2025-04-21,Metroville,Occasional
R017659,2024-10-04,Lakewood,Regular
R017660,2024-02-15,Metroville,Occasional
R017661,2024-01-25,Metroville,Regular
R017662,2025-12-06,Lakewood,Frequent
R017663,2025-07-24,Metroville,Regular
R017664,2024-09-02,Lakewood,Regular
R017665,2025-11-30,Riverton,Regular
R017666,2024-06-29,Riverton,Occasional
R017667,2025-07-19,Metroville,Regular
R017668,2024-06-03,Metroville,Regular
R017669,2025-06-03,Riverton,Occasional
R017670,2024-02-20,Lakewood,Occasional
R017671,2025-05-14,Metroville,Regular
R017672,2024-11-30,Riverton,Frequent
R017673,2025-03-02,Lakewood,Occasional
R017674,2024-01-31,Metroville,Occasional
R017675,2024-09-27,Riverton,Occasional
R017676,2024-04-27,Lakewood,Occasional
R017677,2025-03-27,Lakewood,Regular
R017678,2024-01-04,Hillview,Occasional
R017679,2025-10-24,Metroville,Occasional
R017680,2024-05-07,Lakewood,Frequent
R017681,2025-01-16,Metroville,Occasional
R017682,2025-12-29,Hillview,Occasional
R017683,2024-10-27,Metroville,Occasional
R017684,2025-01-31,Hillview,Regular
R017685,2025-12-03,Lakewood,Frequent
R017686,2024-02-19,Hillview,Regular
R017687,2025-02-15,Riverton,Regular
R017688,2025-02-16,Metroville,Regular
R017689,2025-06-13,Riverton,Occasional
R017690,2025-03-15,Metroville,Frequent
R017691,2024-12-17,Metroville,Frequent
R017692,2025-02-04,Metroville,Regular
R017693,2024-07-27,Riverton,Frequent
R017694,2024-09-02,Metroville,Regular
R017695,2025-11-26,Riverton,Regular
R017696,2025-04-26,Riverton,Regular
R017697,2025-05-14,Metroville,Occasional
R017698,2024-04-14,Metroville,Regular
R017699,2024-10-10,Lakewood,Occasional
R017700,2024-06-09,Metroville,Frequent
R017701,2025-11-25,Metroville,Occasional
R017702,2025-12-29,Metroville,Regular
R017703,2024-09-02,Metroville,Occasional
R017704,2024-10-31,Riverton,Regular
R017705,2025-05-16,Metroville,Regular
R017706,2024-04-18,Hillview,Frequent
R017707,2025-02-14,Riverton,Frequent
R017708,2024-06-07,Hillview,Regular
R017709,2025-01-21,Riverton,Regular
R017710,2025-06-14,Metroville,Occasional
R017711,2025-06-25,Metroville,Frequent
R017712,2024-03-26,Metroville,Regular
R017713,2024-07-31,Riverton,Occasional
R017714,2024-09-16,Riverton,Frequent
R017715,2025-06-15,Metroville,Regular
R017716,2024-08-28,Riverton,Regular
R017717,2024-12-05,Metroville,Occasional
R017718,2024-06-15,Riverton,Occasional
R017719,2024-09-09,Metroville,Regular
R017720,2024-12-15,Metroville,Occasional
R017721,2024-06-02,Lakewood,Regular
R017722,2024-03-21,Hillview,Regular
R017723,2024-04-14,Riverton,Occasional
R017724,2024-11-30,Lakewood,Occasional
R017725,2024-04-29,Lakewood,Frequent
R017726,2024-01-24,Lakewood,Regular
R017727,2025-09-02,Metroville,Occasional
R017728,2025-12-11,Riverton,Regular
R017729,2025-01-09,Metroville,Regular
R017730,2025-03-18,Lakewood,Occasional
R017731,2024-05-01,Metroville,Occasional
R017732,2024-02-24,Riverton,Occasional
R017733,2024-02-28,Metroville,Occasional
R017734,2024-05-19,Metroville,Occasional
R017735,2024-03-22,Lakewood,Frequent
R017736,2025-06-23,Riverton,Regular
R017737,2025-07-17,Hillview,Occasional
R017738,2025-06-19,Metroville,Occasional
R017739,2024-07-29,Metroville,Occasional
R017740,2024-09-24,Riverton,Occasional
R017741,2024-09-19,Metroville,Frequent
R017742,2024-04-18,Metroville,Regular
R017743,2024-12-12,Metroville,Frequent
R017744,2025-01-27,Metroville,Occasional
R017745,2024-05-29,Lakewood,Occasional
R017746,2024-07-21,Lakewood,Frequent
R017747,2024-12-10,Metroville,Regular
R017748,2024-03-11,Metroville,Regular
R017749,2025-03-07,Metroville,Occasional
R017750,2024-09-10,Hillview,Occasional
R017751,2025-06-03,Lakewood,Occasional
R017752,2025-07-03,Hillview,Occasional
R017753,2024-09-28,Hillview,Regular
R017754,2024-09-16,Lakewood,Frequent
R017755,2025-01-21,Hillview,Frequent
R017756,2024-01-30,Metroville,Occasional
R017757,2024-05-20,Metroville,Occasional
R017758,2024-03-29,Riverton,Frequent
R017759,2024-07-26,Metroville,Occasional
R017760,2025-03-12,Lakewood,Occasional
R017761,2024-06-28,Hillview,Occasional
R017762,2025-01-17,Hillview,Occasional
R017763,2025-05-21,Lakewood,Occasional
R017764,2025-05-08,Riverton,Occasional
R017765,2025-01-23,Riverton,Regular
R017766,2025-02-22,Lakewood,Regular
R017767,2024-11-19,Lakewood,Occasional
R017768,2024-12-29,Riverton,Occasional
R017769,2025-08-04,Metroville,Regular
R017770,2024-12-13,Riverton,Regular
R017771,2024-09-14,Metroville,Regular
R017772,2025-12-04,Riverton,Occasional
R017773,2025-11-02,Lakewood,Regular
R017774,2025-09-23,Metroville,Regular
R017775,2025-08-23,Hillview,Occasional
R017776,2024-10-07,Lakewood,Frequent
R017777,2025-12-03,Riverton,Frequent
R017778,2025-04-23,Metroville,Occasional
R017779,2025-10-14,Metroville,Regular
R017780,2024-01-15,Hillview,Occasional
R017781,2024-03-19,Lakewood,Frequent
R017782,2024-01-16,Metroville,Occasional
R017783,2025-12-30,Lakewood,Occasional
R017784,2024-08-21,Lakewood,Regular
R017785,2024-01-29,Hillview,Occasional
R017786,2025-07-06,Metroville,Frequent
R017787,2025-08-02,Lakewood,Frequent
R017788,2025-11-08,Metroville,Frequent
R017789,2025-02-27,Metroville,Occasional
R017790,2025-05-14,Riverton,Occasional
R017791,2025-03-28,Metroville,Frequent
R017792,2025-06-01,Metroville,Occasional
R017793,2025-01-13,Lakewood,Regular
R017794,2024-01-24,Lakewood,Regular
R017795,2024-05-02,Hillview,Frequent
R017796,2025-11-11,Riverton,Regular
R017797,2024-02-05,Metroville,Regular
R017798,2024-03-04,Metroville,Regular
R017799,2025-08-08,Lakewood,Regular
R017800,2025-11-24,Metroville,Regular
R017801,2024-11-23,Metroville,Regular
R017802,2024-04-13,Hillview,Frequent
R017803,2025-03-06,Riverton,Regular
R017804,2024-01-25,Metroville,Frequent
R017805,2024-09-20,Metroville,Regular
R017806,2025-02-16,Riverton,Occasional
R017807,2025-10-06,Lakewood,Frequent
R017808,2024-03-24,Metroville,Occasional
R017809,2025-03-20,Lakewood,Occasional
R017810,2024-01-22,Hillview,Occasional
R017811,2024-12-06,Metroville,Regular
R017812,2025-05-03,Riverton,Regular
R017813,2024-01-27,Hillview,Regular
R017814,2025-06-24,Lakewood,Regular
R017815,2025-12-22,Hillview,Frequent
R017816,2024-08-02,Metroville,Occasional
R017817,2025-07-08,Riverton,Regular
R017818,2025-01-25,Lakewood,Regular
R017819,2025-11-03,Lakewood,Frequent
R017820,2025-03-04,Riverton,Occasional
R017821,2025-08-10,Riverton,Occasional
R017822,2024-04-27,Lakewood,Occasional
R017823,2024-07-06,Lakewood,Occasional
R017824,2024-11-18,Lakewood,Regular
R017825,2025-10-23,Hillview,Regular
R017826,2025-04-11,Riverton,Regular
R017827,2024-06-04,Lakewood,Frequent
R017828,2025-10-10,Lakewood,Regular
R017829,2025-03-28,Hillview,Regular
R017830,2024-11-02,Riverton,Occasional
R017831,2024-10-08,Riverton,Frequent
R017832,2025-05-26,Riverton,Regular
R017833,2025-10-07,Metroville,Frequent
R017834,2025-01-02,Metroville,Occasional
R017835,2025-09-09,Metroville,Regular
R017836,2025-06-01,Lakewood,Regular
R017837,2024-02-24,Riverton,Frequent
R017838,2025-07-31,Riverton,Occasional
R017839,2025-02-14,Hillview,Frequent
R017840,2025-01-23,Metroville,Occasional
R017841,2025-03-24,Riverton,Occasional
R017842,2024-02-14,Hillview,Occasional
R017843,2025-10-26,Metroville,Regular
R017844,2025-10-02,Metroville,Regular
R017845,2025-12-31,Hillview,Frequent
R017846,2025-03-15,Metroville,Occasional
R017847,2024-06-24,Riverton,Regular
R017848,2025-03-15,Lakewood,Regular
R017849,2024-07-25,Lakewood,Occasional
R017850,2025-01-07,Hillview,Regular
R017851,2025-08-09,Lakewood,Occasional
R017852,2024-05-07,Lakewood,Regular
R017853,2024-11-28,Metroville,Regular
R017854,2024-12-21,Metroville,Frequent
R017855,2025-11-11,Lakewood,Occasional
R017856,2025-01-27,Riverton,Occasional
R017857,2024-09-06,Metroville,Regular
R017858,2024-10-07,Metroville,Regular
R017859,2024-08-10,Lakewood,Occasional
R017860,2024-04-19,Riverton,Regular
R017861,2025-06-03,Metroville,Occasional
R017862,2025-07-11,Hillview,Regular
R017863,2024-05-25,Hillview,Regular
R017864,2024-11-30,Metroville,Occasional
R017865,2025-07-05,Lakewood,Regular
R017866,2025-05-27,Riverton,Occasional
R017867,2024-02-28,Metroville,Frequent
R017868,2024-02-04,Hillview,Regular
R017869,2024-02-22,Hillview,Regular
R017870,2025-01-04,Riverton,Occasional
R017871,2025-10-30,Metroville,Regular
R017872,2024-02-24,Metroville,Regular
R017873,2025-05-28,Lakewood,Frequent
R017874,2025-06-20,Metroville,Regular
R017875,2025-12-06,Riverton,Occasional
R017876,2025-03-01,Lakewood,Regular
R017877,2025-11-30,Riverton,Regular
R017878,2024-11-26,Riverton,Frequent
R017879,2024-07-13,Metroville,Occasional
R017880,2025-12-13,Riverton,Occasional
R017881,2025-01-16,Hillview,Frequent
R017882,2024-08-26,Lakewood,Regular
R017883,2025-04-15,Lakewood,Occasional
R017884,2024-11-05,Metroville,Regular
R017885,2025-07-01,Riverton,Occasional
R017886,2025-06-23,Hillview,Occasional
R017887,2024-01-14,Riverton,Occasional
R017888,2025-01-19,Metroville,Occasional
R017889,2025-09-17,Metroville,Frequent
R017890,2025-04-27,Hillview,Frequent
R017891,2025-06-11,Riverton,Regular
R017892,2025-12-15,Metroville,Occasional
R017893,2024-09-08,Riverton,Regular
R017894,2025-05-24,Metroville,Frequent
R017895,2024-01-22,Hillview,Frequent
R017896,2024-04-20,Lakewood,Occasional
R017897,2025-05-25,Metroville,Regular
R017898,2024-06-02,Metroville,Occasional
R017899,2025-07-30,Metroville,Regular
R017900,2025-09-28,Riverton,Occasional
R017901,2025-10-16,Riverton,Frequent
R017902,2024-02-05,Riverton,Regular
R017903,2024-08-26,Metroville,Occasional
R017904,2025-01-07,Riverton,Regular
R017905,2024-01-12,Hillview,Regular
R017906,2025-10-25,Riverton,Frequent
R017907,2025-12-07,Riverton,Regular
R017908,2025-07-22,Metroville,Occasional
R017909,2024-07-22,Hillview,Regular
R017910,2024-03-25,Metroville,Frequent
R017911,2025-08-28,Riverton,Regular
R017912,2025-06-26,Lakewood,Frequent
R017913,2025-11-23,Metroville,Occasional
R017914,2024-10-06,Metroville,Occasional
R017915,2024-05-03,Hillview,Frequent
R017916,2025-10-21,Lakewood,Occasional
R017917,2024-03-19,Lakewood,Frequent
R017918,2025-02-23,Hillview,Frequent
R017919,2024-12-11,Lakewood,Regular
R017920,2025-02-05,Hillview,Regular
R017921,2024-10-21,Hillview,Regular
R017922,2024-01-07,Riverton,Occasional
R017923,2025-03-31,Metroville,Regular
R017924,2024-07-01,Hillview,Frequent
R017925,2024-03-26,Riverton,Regular
R017926,2024-10-29,Lakewood,Occasional
R017927,2024-07-31,Riverton,Occasional
R017928,2025-06-13,Metroville,Occasional
R017929,2024-09-22,Metroville,Occasional
R017930,2025-01-15,Riverton,Regular
R017931,2024-12-21,Riverton,Regular
R017932,2025-09-16,Lakewood,Frequent
R017933,2024-03-16,Riverton,Occasional
R017934,2024-01-26,Hillview,Frequent
R017935,2025-09-26,Metroville,Regular
R017936,2024-08-24,Metroville,Frequent
R017937,2025-06-09,Metroville,Occasional
R017938,2025-03-13,Hillview,Regular
R017939,2025-07-12,Metroville,Occasional
R017940,2025-04-27,Lakewood,Regular
R017941,2024-06-27,Hillview,Occasional
R017942,2025-01-02,Riverton,Occasional
R017943,2024-08-12,Metroville,Regular
R017944,2024-10-18,Hillview,Frequent
R017945,2025-02-02,Metroville,Regular
R017946,2024-02-22,Lakewood,Regular
R017947,2024-01-23,Metroville,Occasional
R017948,2025-05-24,Riverton,Occasional
R017949,2024-03-05,Metroville,Occasional
R017950,2025-10-23,Riverton,Occasional
R017951,2025-04-15,Lakewood,Occasional
R017952,2025-08-15,Metroville,Frequent
R017953,2024-12-11,Hillview,Occasional
R017954,2025-05-28,Riverton,Regular
R017955,2024-05-16,Lakewood,Regular
R017956,2025-04-09,Lakewood,Occasional
R017957,2024-08-15,Lakewood,Occasional
R017958,2025-07-19,Lakewood,Occasional
R017959,2024-09-25,Hillview,Occasional
R017960,2025-07-22,Metroville,Frequent
R017961,2025-10-16,Lakewood,Frequent
R017962,2024-01-06,Riverton,Frequent
R017963,2024-02-15,Hillview,Occasional
R017964,2024-09-18,Metroville,Occasional
R017965,2025-02-04,Metroville,Regular
R017966,2025-09-27,Riverton,Occasional
R017967,2024-11-17,Hillview,Occasional
R017968,2025-09-14,Riverton,Regular
R017969,2025-06-18,Lakewood,Occasional
R017970,2025-06-03,Metroville,Occasional
R017971,2025-10-28,Hillview,Regular
R017972,2024-08-14,Riverton,Regular
R017973,2025-05-05,Riverton,Regular
R017974,2025-08-07,Hillview,Occasional
R017975,2025-12-09,Hillview,Occasional
R017976,2024-06-18,Metroville,Occasional
R017977,2025-07-29,Metroville,Occasional
R017978,2024-06-13,Metroville,Regular
R017979,2025-12-05,Hillview,Occasional
R017980,2025-01-27,Lakewood,Occasional
R017981,2025-10-02,Riverton,Regular
R017982,2025-02-22,Metroville,Occasional
R017983,2024-02-25,Lakewood,Regular
R017984,2024-09-14,Metroville,Occasional
R017985,2025-03-21,Hillview,Occasional
R017986,2025-03-17,Lakewood,Occasional
R017987,2025-02-06,Hillview,Frequent
R017988,2025-06-03,Metroville,Regular
R017989,2025-02-26,Metroville,Occasional
R017990,2024-05-11,Metroville,Regular
R017991,2024-02-27,Metroville,Frequent
R017992,2024-07-30,Riverton,Occasional
R017993,2024-04-10,Metroville,Regular
R017994,2025-05-27,Lakewood,Occasional
R017995,2025-12-16,Metroville,Regular
R017996,2025-11-09,Hillview,Occasional
R017997,2025-02-18,Metroville,Occasional
R017998,2025-10-09,Riverton,Regular
R017999,2025-04-26,Hillview,Regular
R018000,2024-04-04,Hillview,Regular
R018001,2025-03-05,Riverton,Regular
R018002,2025-02-21,Riverton,Frequent
R018003,2025-02-06,Lakewood,Regular
R018004,2025-08-08,Riverton,Frequent
R018005,2025-12-22,Hillview,Regular
R018006,2024-06-22,Lakewood,Regular
R018007,2024-01-13,Riverton,Frequent
R018008,2025-04-15,Hillview,Regular
R018009,2024-03-21,Metroville,Occasional
R018010,2024-11-09,Lakewood,Frequent
R018011,2025-11-13,Metroville,Occasional
R018012,2025-04-30,Lakewood,Occasional
R018013,2025-11-17,Riverton,Regular
R018014,2024-01-24,Lakewood,Occasional
R018015,2025-06-01,Metroville,Occasional
R018016,2024-08-17,Hillview,Frequent
R018017,2024-02-24,Metroville,Occasional
R018018,2024-08-12,Lakewood,Regular
R018019,2025-11-14,Metroville,Occasional
R018020,2024-11-02,Hillview,Occasional
R018021,2025-11-02,Lakewood,Regular
R018022,2024-03-24,Hillview,Frequent
R018023,2025-04-25,Lakewood,Regular
R018024,2024-11-15,Metroville,Regular
R018025,2024-08-07,Metroville,Regular
R018026,2025-01-31,Lakewood,Occasional
R018027,2025-03-25,Hillview,Regular
R018028,2024-01-20,Riverton,Frequent
R018029,2025-04-23,Metroville,Occasional
R018030,2024-08-08,Lakewood,Occasional
R018031,2025-08-11,Lakewood,Occasional
R018032,2024-05-09,Riverton,Occasional
R018033,2024-07-28,Riverton,Regular
R018034,2025-12-12,Lakewood,Occasional
R018035,2024-06-29,Hillview,Occasional
R018036,2024-04-05,Riverton,Occasional
R018037,2025-02-06,Metroville,Regular
R018038,2025-04-04,Lakewood,Occasional
R018039,2025-02-18,Hillview,Regular
R018040,2024-10-21,Metroville,Frequent
R018041,2024-03-19,Metroville,Occasional
R018042,2024-07-29,Riverton,Occasional
R018043,2024-02-11,Lakewood,Regular
R018044,2025-09-17,Metroville,Occasional
R018045,2024-07-09,Hillview,Frequent
R018046,2025-05-01,Metroville,Occasional
R018047,2024-07-09,Riverton,Occasional
R018048,2025-03-30,Metroville,Occasional
R018049,2024-03-07,Riverton,Occasional
R018050,2024-03-09,Riverton,Occasional
R018051,2024-08-19,Metroville,Occasional
R018052,2024-07-08,Hillview,Occasional
R018053,2024-08-23,Riverton,Occasional
R018054,2024-07-21,Hillview,Occasional
R018055,2025-05-23,Metroville,Occasional
R018056,2024-11-13,Riverton,Regular
R018057,2024-04-22,Hillview,Occasional
R018058,2025-11-05,Riverton,Regular
R018059,2025-04-09,Hillview,Frequent
R018060,2024-10-22,Lakewood,Frequent
R018061,2025-01-07,Riverton,Frequent
R018062,2024-08-28,Lakewood,Occasional
R018063,2024-10-14,Metroville,Occasional
R018064,2024-02-21,Riverton,Regular
R018065,2025-08-31,Lakewood,Frequent
R018066,2024-10-08,Hillview,Frequent
R018067,2025-05-24,Riverton,Regular
R018068,2024-02-08,Hillview,Regular
R018069,2024-03-08,Riverton,Occasional
R018070,2024-09-24,Hillview,Occasional
R018071,2024-01-28,Lakewood,Frequent
R018072,2025-12-09,Riverton,Frequent
R018073,2024-01-29,Metroville,Regular
R018074,2025-02-11,Lakewood,Occasional
R018075,2024-09-13,Metroville,Occasional
R018076,2024-06-01,Riverton,Occasional
R018077,2024-04-12,Lakewood,Occasional
R018078,2024-08-07,Hillview,Occasional
R018079,2024-02-07,Hillview,Occasional
R018080,2025-02-22,Riverton,Occasional
R018081,2024-06-20,Metroville,Frequent
R018082,2024-01-15,Riverton,Occasional
R018083,2024-03-25,Riverton,Occasional
R018084,2025-10-20,Lakewood,Occasional
R018085,2024-06-24,Lakewood,Regular
R018086,2025-02-27,Hillview,Regular
R018087,2024-10-26,Metroville,Regular
R018088,2024-12-26,Lakewood,Regular
R018089,2025-09-17,Hillview,Occasional
R018090,2025-06-08,Lakewood,Regular
R018091,2025-02-07,Hillview,Occasional
R018092,2024-05-26,Lakewood,Regular
R018093,2025-09-14,Lakewood,Frequent
R018094,2024-01-16,Hillview,Occasional
R018095,2025-02-12,Metroville,Occasional
R018096,2025-03-26,Metroville,Frequent
R018097,2025-11-23,Metroville,Frequent
R018098,2024-04-27,Hillview,Regular
R018099,2024-07-30,Metroville,Occasional
R018100,2024-01-09,Metroville,Regular
R018101,2024-06-29,Metroville,Regular
R018102,2025-11-10,Riverton,Occasional
R018103,2024-01-07,Metroville,Regular
R018104,2025-07-31,Metroville,Occasional
R018105,2025-11-15,Lakewood,Regular
R018106,2024-03-24,Riverton,Regular
R018107,2024-09-20,Lakewood,Occasional
R018108,2025-10-18,Riverton,Occasional
R018109,2025-06-11,Riverton,Regular
R018110,2024-02-19,Hillview,Regular
R018111,2025-09-25,Riverton,Regular
R018112,2025-08-10,Riverton,Regular
R018113,2024-08-16,Lakewood,Regular
R018114,2024-10-30,Hillview,Occasional
R018115,2024-08-11,Riverton,Regular
R018116,2025-01-14,Lakewood,Occasional
R018117,2025-07-24,Lakewood,Occasional
R018118,2025-05-04,Metroville,Frequent
R018119,2025-12-09,Hillview,Regular
R018120,2024-03-13,Metroville,Occasional
R018121,2025-11-07,Lakewood,Occasional
R018122,2025-10-26,Metroville,Occasional
R018123,2024-10-06,Metroville,Regular
R018124,2024-04-15,Lakewood,Regular
R018125,2024-06-14,Lakewood,Regular
R018126,2025-11-20,Metroville,Frequent
R018127,2024-01-07,Metroville,Regular
R018128,2024-03-07,Riverton,Regular
R018129,2024-02-22,Riverton,Frequent
R018130,2024-05-05,Riverton,Regular
R018131,2025-07-31,Hillview,Occasional
R018132,2024-02-12,Metroville,Regular
R018133,2025-12-07,Lakewood,Frequent
R018134,2024-10-18,Lakewood,Regular
R018135,2025-01-24,Metroville,Regular
R018136,2025-03-08,Hillview,Regular
R018137,2025-08-16,Metroville,Occasional
R018138,2025-04-02,Lakewood,Regular
R018139,2024-02-14,Metroville,Regular
R018140,2025-08-29,Lakewood,Frequent
R018141,2024-03-05,Riverton,Occasional
R018142,2025-01-21,Riverton,Frequent
R018143,2025-09-26,Riverton,Occasional
R018144,2025-01-08,Metroville,Occasional
R018145,2024-11-02,Metroville,Occasional
R018146,2024-08-26,Riverton,Occasional
R018147,2025-07-28,Metroville,Regular
R018148,2025-04-21,Lakewood,Regular
R018149,2025-08-16,Hillview,Frequent
R018150,2025-10-27,Lakewood,Frequent
R018151,2025-03-09,Lakewood,Occasional
R018152,2024-09-17,Hillview,Regular
R018153,2025-03-10,Hillview,Frequent
R018154,2024-09-17,Metroville,Occasional
R018155,2024-05-30,Hillview,Occasional
R018156,2024-09-08,Lakewood,Occasional
R018157,2024-12-16,Riverton,Frequent
R018158,2024-06-15,Lakewood,Frequent
R018159,2024-08-18,Hillview,Regular
R018160,2025-02-18,Riverton,Occasional
R018161,2024-04-08,Lakewood,Regular
R018162,2024-03-18,Lakewood,Frequent
R018163,2025-07-20,Metroville,Occasional
R018164,2025-09-03,Metroville,Occasional
R018165,2024-08-17,Lakewood,Occasional
R018166,2024-04-10,Lakewood,Frequent
R018167,2024-12-03,Riverton,Regular
R018168,2024-05-07,Riverton,Regular
R018169,2025-10-03,Metroville,Occasional
R018170,2024-02-20,Metroville,Occasional
R018171,2025-01-03,Metroville,Regular
R018172,2024-10-06,Lakewood,Occasional
R018173,2024-12-07,Lakewood,Regular
R018174,2025-07-08,Metroville,Regular
R018175,2024-07-10,Metroville,Occasional
R018176,2025-10-28,Metroville,Regular
R018177,2025-12-16,Lakewood,Occasional
R018178,2024-11-13,Hillview,Regular
R018179,2024-10-09,Hillview,Regular
R018180,2024-06-21,Lakewood,Occasional
R018181,2025-08-18,Lakewood,Occasional
R018182,2025-06-15,Lakewood,Occasional
R018183,2024-11-25,Metroville,Frequent
R018184,2025-05-18,Hillview,Regular
R018185,2024-09-26,Metroville,Regular
R018186,2025-05-13,Lakewood,Frequent
R018187,2025-08-23,Hillview,Regular
R018188,2024-11-20,Metroville,Occasional
R018189,2025-05-02,Lakewood,Frequent
R018190,2025-02-17,Hillview,Frequent
R018191,2024-02-23,Metroville,Frequent
R018192,2024-02-15,Hillview,Occasional
R018193,2024-07-11,Metroville,Regular
R018194,2024-07-02,Riverton,Occasional
R018195,2024-05-18,Metroville,Occasional
R018196,2025-11-09,Lakewood,Occasional
R018197,2025-03-19,Metroville,Occasional
R018198,2024-01-31,Riverton,Occasional
R018199,2025-10-23,Riverton,Occasional
R018200,2024-08-08,Lakewood,Regular
R018201,2025-12-24,Hillview,Occasional
R018202,2024-06-14,Hillview,Regular
R018203,2024-03-02,Riverton,Occasional
R018204,2024-04-05,Riverton,Regular
R018205,2024-10-09,Metroville,Frequent
R018206,2025-11-07,Metroville,Regular
R018207,2025-02-08,Metroville,Occasional
R018208,2024-04-02,Lakewood,Occasional
R018209,2024-08-20,Metroville,Frequent
R018210,2024-12-24,Metroville,Occasional
R018211,2025-02-02,Lakewood,Regular
R018212,2025-09-06,Metroville,Regular
R018213,2024-02-03,Metroville,Occasional
R018214,2024-01-03,Riverton,Occasional
R018215,2025-06-11,Metroville,Regular
R018216,2024-03-20,Lakewood,Occasional
R018217,2025-05-15,Hillview,Regular
R018218,2024-09-07,Lakewood,Occasional
R018219,2024-10-11,Metroville,Regular
R018220,2024-04-17,Riverton,Regular
R018221,2025-07-20,Riverton,Regular
R018222,2024-05-13,Riverton,Occasional
R018223,2024-01-06,Lakewood,Occasional
R018224,2025-03-08,Riverton,Regular
R018225,2024-04-20,Lakewood,Regular
R018226,2024-05-04,Metroville,Regular
R018227,2024-06-08,Riverton,Regular
R018228,2025-04-12,Metroville,Regular
R018229,2025-07-04,Riverton,Occasional
R018230,2025-11-01,Hillview,Occasional
R018231,2025-12-19,Lakewood,Regular
R018232,2024-06-16,Metroville,Regular
R018233,2024-06-06,Riverton,Occasional
R018234,2024-06-04,Hillview,Occasional
R018235,2024-05-17,Metroville,Regular
R018236,2024-01-09,Riverton,Occasional
R018237,2025-03-06,Metroville,Occasional
R018238,2024-01-11,Riverton,Occasional
R018239,2024-01-29,Metroville,Frequent
R018240,2024-10-17,Riverton,Occasional
R018241,2025-08-16,Lakewood,Frequent
R018242,2024-12-23,Lakewood,Occasional
R018243,2024-10-18,Hillview,Regular
R018244,2024-05-13,Hillview,Regular
R018245,2025-05-12,Metroville,Occasional
R018246,2024-08-24,Metroville,Frequent
R018247,2025-12-30,Riverton,Frequent
R018248,2024-04-12,Metroville,Regular
R018249,2025-07-28,Metroville,Regular
R018250,2025-05-13,Metroville,Occasional
R018251,2024-09-24,Metroville,Occasional
R018252,2024-10-14,Riverton,Occasional
R018253,2025-12-05,Metroville,Regular
R018254,2025-06-21,Metroville,Regular
R018255,2024-02-01,Hillview,Frequent
R018256,2025-02-06,Metroville,Regular
R018257,2025-06-25,Metroville,Occasional
R018258,2024-10-03,Lakewood,Occasional
R018259,2025-05-20,Hillview,Occasional
R018260,2025-04-03,Hillview,Regular
R018261,2024-08-28,Metroville,Frequent
R018262,2024-01-06,Riverton,Frequent
R018263,2024-01-26,Lakewood,Regular
R018264,2025-05-20,Lakewood,Occasional
R018265,2025-07-21,Lakewood,Frequent
R018266,2024-09-28,Metroville,Frequent
R018267,2024-12-14,Hillview,Regular
R018268,2025-01-10,Lakewood,Occasional
R018269,2025-10-08,Lakewood,Occasional
R018270,2025-01-18,Riverton,Regular
R018271,2025-02-21,Lakewood,Occasional
R018272,2025-02-12,Hillview,Regular
R018273,2024-04-05,Metroville,Regular
R018274,2025-05-29,Metroville,Frequent
R018275,2025-10-26,Lakewood,Occasional
R018276,2024-03-21,Metroville,Occasional
R018277,2024-02-22,Metroville,Occasional
R018278,2024-12-23,Metroville,Occasional
R018279,2025-07-13,Riverton,Occasional
R018280,2024-03-01,Hillview,Regular
R018281,2025-06-28,Riverton,Regular
R018282,2024-06-20,Riverton,Frequent
R018283,2024-05-14,Hillview,Occasional
R018284,2024-05-18,Riverton,Regular
R018285,2025-01-20,Metroville,Regular
R018286,2025-03-14,Metroville,Occasional
R018287,2024-12-03,Riverton,Regular
R018288,2025-03-19,Hillview,Occasional
R018289,2025-08-12,Hillview,Occasional
R018290,2025-08-31,Metroville,Regular
R018291,2025-06-17,Hillview,Regular
R018292,2025-01-16,Metroville,Regular
R018293,2024-06-09,Lakewood,Regular
R018294,2025-06-29,Hillview,Occasional
R018295,2025-05-07,Lakewood,Occasional
R018296,2025-10-12,Riverton,Regular
R018297,2025-06-05,Metroville,Occasional
R018298,2024-04-07,Hillview,Regular
R018299,2025-02-21,Metroville,Occasional
R018300,2025-06-11,Riverton,Regular
R018301,2025-12-30,Metroville,Frequent
R018302,2024-08-28,Metroville,Regular
R018303,2025-09-21,Metroville,Regular
R018304,2024-07-22,Metroville,Occasional
R018305,2024-10-02,Metroville,Occasional
R018306,2025-12-05,Metroville,Frequent
R018307,2024-04-30,Hillview,Frequent
R018308,2024-05-31,Metroville,Occasional
R018309,2025-09-03,Riverton,Occasional
R018310,2025-10-31,Riverton,Occasional
R018311,2024-03-17,Hillview,Occasional
R018312,2025-08-25,Lakewood,Regular
R018313,2025-03-07,Metroville,Frequent
R018314,2025-10-05,Metroville,Occasional
R018315,2024-12-29,Metroville,Frequent
R018316,2025-03-04,Lakewood,Frequent
R018317,2024-06-18,Lakewood,Regular
R018318,2025-03-04,Riverton,Regular
R018319,2024-11-02,Riverton,Occasional
R018320,2024-10-21,Hillview,Regular
R018321,2024-07-23,Metroville,Occasional
R018322,2024-10-20,Riverton,Regular
R018323,2024-05-03,Metroville,Frequent
R018324,2025-09-14,Hillview,Occasional
R018325,2024-10-23,Lakewood,Regular
R018326,2024-10-10,Riverton,Regular
R018327,2025-12-18,Riverton,Occasional
R018328,2024-12-22,Lakewood,Occasional
R018329,2025-05-29,Lakewood,Regular
R018330,2025-12-30,Hillview,Frequent
R018331,2025-09-23,Metroville,Occasional
R018332,2024-09-16,Riverton,Regular
R018333,2025-01-24,Lakewood,Regular
R018334,2025-08-25,Metroville,Occasional
R018335,2025-01-01,Lakewood,Occasional
R018336,2024-07-21,Metroville,Frequent
R018337,2025-01-21,Lakewood,Occasional
R018338,2024-01-19,Metroville,Frequent
R018339,2025-10-06,Riverton,Frequent
R018340,2025-03-10,Lakewood,Frequent
R018341,2024-07-06,Metroville,Occasional
R018342,2024-12-16,Riverton,Occasional
R018343,2024-01-24,Hillview,Occasional
R018344,2025-07-29,Metroville,Occasional
R018345,2025-01-23,Lakewood,Frequent
R018346,2024-01-04,Hillview,Regular
R018347,2024-12-02,Metroville,Occasional
R018348,2024-02-21,Hillview,Occasional
R018349,2024-10-10,Hillview,Occasional
R018350,2025-09-21,Lakewood,Occasional
R018351,2025-04-23,Lakewood,Occasional
R018352,2024-12-17,Hillview,Occasional
R018353,2025-01-09,Metroville,Occasional
R018354,2025-01-05,Metroville,Occasional
R018355,2024-03-12,Metroville,Occasional
R018356,2024-06-13,Riverton,Occasional
R018357,2025-08-20,Riverton,Occasional
R018358,2025-11-08,Hillview,Occasional
R018359,2024-04-16,Metroville,Occasional
R018360,2025-10-31,Lakewood,Regular
R018361,2024-01-23,Riverton,Occasional
R018362,2025-01-13,Metroville,Occasional
R018363,2025-08-28,Hillview,Occasional
R018364,2024-06-08,Metroville,Occasional
R018365,2025-11-25,Metroville,Frequent
R018366,2025-12-20,Metroville,Frequent
R018367,2024-11-06,Riverton,Occasional
R018368,2025-10-15,Riverton,Occasional
R018369,2024-02-27,Hillview,Regular
R018370,2025-01-16,Riverton,Occasional
R018371,2024-08-02,Hillview,Regular
R018372,2025-04-03,Lakewood,Regular
R018373,2024-07-02,Hillview,Regular
R018374,2024-11-17,Hillview,Occasional
R018375,2025-06-19,Lakewood,Occasional
R018376,2024-05-30,Metroville,Occasional
R018377,2025-09-08,Hillview,Regular
R018378,2025-05-13,Lakewood,Frequent
R018379,2024-07-02,Riverton,Occasional
R018380,2025-05-04,Lakewood,Occasional
R018381,2024-08-20,Lakewood,Regular
R018382,2025-02-04,Lakewood,Occasional
R018383,2025-03-22,Lakewood,Occasional
R018384,2025-08-19,Lakewood,Regular
R018385,2024-09-12,Riverton,Regular
R018386,2024-11-26,Lakewood,Occasional
R018387,2024-11-19,Lakewood,Regular
R018388,2025-09-22,Metroville,Regular
R018389,2025-09-08,Lakewood,Regular
R018390,2024-06-07,Metroville,Frequent
R018391,2024-03-18,Riverton,Regular
R018392,2025-12-05,Riverton,Occasional
R018393,2024-05-02,Metroville,Occasional
R018394,2024-05-30,Lakewood,Occasional
R018395,2024-03-27,Metroville,Regular
R018396,2024-04-27,Hillview,Regular
R018397,2024-02-16,Metroville,Occasional
R018398,2025-03-17,Hillview,Regular
R018399,2025-01-08,Riverton,Regular
R018400,2024-03-09,Hillview,Occasional
R018401,2025-04-22,Riverton,Occasional
R018402,2024-05-02,Riverton,Frequent
R018403,2025-01-28,Lakewood,Occasional
R018404,2025-06-17,Lakewood,Frequent
R018405,2024-11-07,Metroville,Frequent
R018406,2024-08-13,Hillview,Regular
R018407,2025-10-18,Lakewood,Regular
R018408,2025-08-08,Lakewood,Occasional
R018409,2025-09-10,Metroville,Occasional
R018410,2024-04-23,Lakewood,Occasional
R018411,2024-07-18,Metroville,Regular
R018412,2024-10-09,Metroville,Frequent
R018413,2024-05-03,Lakewood,Occasional
R018414,2024-10-09,Metroville,Occasional
R018415,2024-06-30,Riverton,Occasional
R018416,2024-12-17,Lakewood,Regular
R018417,2025-06-01,Lakewood,Regular
R018418,2024-10-27,Riverton,Frequent
R018419,2025-06-12,Riverton,Occasional
R018420,2024-10-10,Lakewood,Regular
R018421,2024-12-27,Hillview,Regular
R018422,2024-08-28,Metroville,Frequent
R018423,2024-03-03,Riverton,Regular
R018424,2024-01-12,Riverton,Occasional
R018425,2024-05-14,Metroville,Occasional
R018426,2025-03-27,Lakewood,Regular
R018427,2024-03-14,Metroville,Regular
R018428,2024-12-12,Metroville,Occasional
R018429,2024-04-07,Metroville,Occasional
R018430,2024-09-30,Riverton,Occasional
R018431,2024-07-16,Metroville,Occasional
R018432,2024-06-03,Metroville,Occasional
R018433,2025-01-12,Metroville,Occasional
R018434,2025-10-14,Riverton,Occasional
R018435,2025-04-22,Metroville,Occasional
R018436,2024-06-23,Riverton,Occasional
R018437,2025-09-13,Metroville,Occasional
R018438,2025-11-05,Metroville,Regular
R018439,2025-07-07,Riverton,Regular
R018440,2024-06-08,Riverton,Frequent
R018441,2024-05-02,Riverton,Regular
R018442,2025-12-12,Hillview,Occasional
R018443,2025-10-12,Hillview,Occasional
R018444,2024-11-03,Hillview,Regular
R018445,2024-11-30,Metroville,Regular
R018446,2025-01-24,Metroville,Occasional
R018447,2025-10-12,Hillview,Regular
R018448,2024-08-06,Lakewood,Regular
R018449,2025-05-11,Lakewood,Regular
R018450,2025-11-18,Lakewood,Regular
R018451,2024-08-07,Riverton,Occasional
R018452,2024-07-25,Lakewood,Regular
R018453,2024-04-08,Metroville,Occasional
R018454,2025-06-18,Metroville,Frequent
R018455,2024-07-18,Metroville,Occasional
R018456,2024-01-15,Hillview,Regular
R018457,2025-01-02,Lakewood,Frequent
R018458,2025-02-12,Hillview,Occasional
R018459,2024-01-13,Lakewood,Occasional
R018460,2025-06-26,Hillview,Occasional
R018461,2025-02-13,Hillview,Regular
R018462,2024-12-10,Lakewood,Occasional
R018463,2024-09-08,Lakewood,Regular
R018464,2025-04-15,Riverton,Regular
R018465,2025-07-03,Metroville,Occasional
R018466,2025-07-16,Metroville,Regular
R018467,2024-10-11,Riverton,Frequent
R018468,2025-01-01,Hillview,Frequent
R018469,2024-07-04,Metroville,Occasional
R018470,2024-06-08,Lakewood,Frequent
R018471,2025-09-23,Hillview,Regular
R018472,2024-10-17,Metroville,Frequent
R018473,2024-07-19,Hillview,Occasional
R018474,2025-06-18,Metroville,Regular
R018475,2025-05-25,Metroville,Regular
R018476,2024-07-17,Metroville,Frequent
R018477,2024-05-07,Metroville,Occasional
R018478,2025-04-07,Metroville,Regular
R018479,2025-11-03,Riverton,Regular
R018480,2024-04-18,Metroville,Frequent
R018481,2024-06-24,Hillview,Frequent
R018482,2025-11-11,Metroville,Frequent
R018483,2025-06-20,Lakewood,Regular
R018484,2025-03-17,Riverton,Occasional
R018485,2024-09-02,Metroville,Regular
R018486,2024-12-08,Riverton,Frequent
R018487,2024-05-18,Metroville,Occasional
R018488,2025-08-17,Hillview,Regular
R018489,2025-01-02,Lakewood,Occasional
R018490,2025-08-06,Metroville,Occasional
R018491,2025-10-04,Riverton,Occasional
R018492,2024-03-12,Metroville,Regular
R018493,2025-09-23,Hillview,Occasional
R018494,2024-08-12,Lakewood,Occasional
R018495,2024-08-27,Lakewood,Frequent
R018496,2024-12-01,Metroville,Occasional
R018497,2024-08-05,Lakewood,Frequent
R018498,2024-09-06,Riverton,Occasional
R018499,2025-05-22,Lakewood,Regular
R018500,2024-08-20,Riverton,Regular
R018501,2025-03-20,Metroville,Occasional
R018502,2024-09-14,Hillview,Regular
R018503,2024-08-26,Lakewood,Occasional
R018504,2024-04-13,Lakewood,Occasional
R018505,2025-09-24,Metroville,Regular
R018506,2024-03-28,Metroville,Regular
R018507,2025-02-09,Metroville,Frequent
R018508,2024-07-09,Riverton,Regular
R018509,2025-12-24,Lakewood,Frequent
R018510,2024-02-21,Metroville,Occasional
R018511,2024-11-07,Lakewood,Frequent
R018512,2025-01-08,Lakewood,Occasional
R018513,2025-12-23,Metroville,Occasional
R018514,2024-04-22,Riverton,Regular
R018515,2025-09-01,Metroville,Regular
R018516,2024-02-19,Lakewood,Regular
R018517,2024-07-31,Riverton,Occasional
R018518,2025-09-04,Metroville,Regular
R018519,2024-10-02,Riverton,Regular
R018520,2025-03-06,Metroville,Occasional
R018521,2024-10-13,Riverton,Occasional
R018522,2025-10-19,Metroville,Regular
R018523,2024-03-08,Metroville,Regular
R018524,2025-12-20,Metroville,Regular
R018525,2024-06-20,Lakewood,Regular
R018526,2025-03-10,Metroville,Regular
R018527,2024-07-10,Lakewood,Occasional
R018528,2025-08-05,Hillview,Regular
R018529,2025-05-30,Metroville,Frequent
R018530,2024-04-26,Metroville,Occasional
R018531,2024-06-29,Metroville,Regular
R018532,2025-05-26,Riverton,Occasional
R018533,2025-01-02,Riverton,Regular
R018534,2025-02-06,Hillview,Regular
R018535,2024-09-25,Riverton,Occasional
R018536,2025-05-10,Riverton,Occasional
R018537,2025-11-11,Metroville,Occasional
R018538,2024-03-17,Riverton,Occasional
R018539,2025-05-22,Metroville,Occasional
R018540,2025-11-16,Riverton,Frequent
R018541,2024-06-11,Riverton,Frequent
R018542,2024-11-01,Metroville,Occasional
R018543,2025-02-18,Metroville,Occasional
R018544,2025-07-21,Metroville,Regular
R018545,2025-05-18,Riverton,Regular
R018546,2025-12-26,Lakewood,Occasional
R018547,2025-02-11,Lakewood,Occasional
R018548,2025-10-01,Lakewood,Regular
R018549,2025-01-15,Riverton,Occasional
R018550,2024-08-16,Riverton,Regular
R018551,2025-05-08,Riverton,Frequent
R018552,2024-10-21,Hillview,Frequent
R018553,2025-04-26,Metroville,Regular
R018554,2025-04-19,Metroville,Occasional
R018555,2024-02-23,Riverton,Regular
R018556,2025-01-28,Metroville,Frequent
R018557,2024-01-10,Riverton,Regular
R018558,2024-10-27,Hillview,Frequent
R018559,2025-04-25,Lakewood,Occasional
R018560,2025-04-23,Metroville,Regular
R018561,2024-03-16,Hillview,Regular
R018562,2025-10-27,Lakewood,Occasional
R018563,2025-06-24,Metroville,Occasional
R018564,2024-08-14,Lakewood,Frequent
R018565,2024-11-25,Metroville,Frequent
R018566,2024-04-03,Metroville,Regular
R018567,2024-09-22,Metroville,Regular
R018568,2025-05-09,Lakewood,Occasional
R018569,2025-10-07,Lakewood,Regular
R018570,2025-03-07,Riverton,Occasional
R018571,2024-07-25,Lakewood,Occasional
R018572,2025-10-24,Hillview,Regular
R018573,2025-02-02,Hillview,Occasional
R018574,2025-06-27,Metroville,Occasional
R018575,2025-06-02,Metroville,Occasional
R018576,2024-10-17,Riverton,Regular
R018577,2024-01-16,Metroville,Regular
R018578,2025-04-08,Lakewood,Regular
R018579,2025-10-14,Metroville,Occasional
R018580,2025-09-23,Lakewood,Occasional
R018581,2025-09-21,Lakewood,Occasional
R018582,2024-09-11,Hillview,Frequent
R018583,2025-10-24,Riverton,Frequent
R018584,2024-01-11,Lakewood,Frequent
R018585,2024-08-19,Lakewood,Regular
R018586,2025-04-03,Lakewood,Frequent
R018587,2024-08-15,Metroville,Regular
R018588,2024-01-19,Riverton,Occasional
R018589,2024-05-07,Lakewood,Frequent
R018590,2025-11-17,Riverton,Occasional
R018591,2024-11-09,Metroville,Regular
R018592,2024-05-03,Metroville,Frequent
R018593,2025-03-29,Lakewood,Occasional
R018594,2024-09-30,Riverton,Occasional
R018595,2024-10-14,Metroville,Occasional
R018596,2025-11-23,Hillview,Regular
R018597,2025-02-01,Hillview,Regular
R018598,2024-02-28,Lakewood,Regular
R018599,2025-11-20,Riverton,Occasional
R018600,2024-01-04,Lakewood,Occasional
R018601,2025-05-17,Metroville,Frequent
R018602,2024-03-16,Metroville,Frequent
R018603,2024-07-18,Riverton,Occasional
R018604,2025-12-22,Lakewood,Regular
R018605,2024-05-03,Hillview,Frequent
R018606,2025-12-12,Lakewood,Regular
R018607,2024-08-02,Metroville,Frequent
R018608,2024-10-08,Metroville,Regular
R018609,2025-11-17,Metroville,Occasional
R018610,2025-06-27,Riverton,Regular
R018611,2024-08-03,Metroville,Regular
R018612,2025-06-22,Riverton,Occasional
R018613,2024-12-15,Riverton,Occasional
R018614,2024-03-14,Metroville,Frequent
R018615,2024-07-03,Lakewood,Regular
R018616,2024-06-21,Hillview,Occasional
R018617,2024-12-12,Metroville,Regular
R018618,2025-10-12,Lakewood,Regular
R018619,2025-02-20,Lakewood,Occasional
R018620,2024-05-01,Hillview,Regular
R018621,2025-03-20,Hillview,Frequent
R018622,2025-01-16,Hillview,Frequent
R018623,2024-10-10,Lakewood,Occasional
R018624,2024-06-27,Hillview,Occasional
R018625,2025-06-05,Lakewood,Occasional
R018626,2025-02-12,Riverton,Regular
R018627,2024-11-10,Hillview,Occasional
R018628,2024-05-23,Metroville,Regular
R018629,2024-03-29,Hillview,Regular
R018630,2024-06-06,Lakewood,Occasional
R018631,2025-03-29,Hillview,Frequent
R018632,2024-02-04,Lakewood,Regular
R018633,2024-02-22,Metroville,Frequent
R018634,2025-12-25,Riverton,Occasional
R018635,2024-07-15,Metroville,Occasional
R018636,2024-03-23,Metroville,Regular
R018637,2025-12-07,Metroville,Frequent
R018638,2024-10-31,Hillview,Occasional
R018639,2024-01-01,Hillview,Regular
R018640,2024-11-01,Lakewood,Occasional
R018641,2024-01-16,Metroville,Occasional
R018642,2024-08-10,Lakewood,Regular
R018643,2025-11-22,Metroville,Occasional
R018644,2025-08-04,Metroville,Occasional
R018645,2024-11-01,Hillview,Regular
R018646,2024-09-04,Metroville,Frequent
R018647,2025-03-03,Metroville,Occasional
R018648,2025-04-02,Metroville,Occasional
R018649,2025-07-09,Hillview,Regular
R018650,2025-02-01,Lakewood,Frequent
R018651,2024-02-26,Riverton,Occasional
R018652,2025-09-24,Metroville,Occasional
R018653,2024-09-02,Lakewood,Occasional
R018654,2025-08-22,Riverton,Occasional
R018655,2025-08-16,Metroville,Regular
R018656,2024-06-08,Metroville,Occasional
R018657,2025-01-11,Metroville,Regular
R018658,2025-07-03,Hillview,Occasional
R018659,2024-09-18,Riverton,Occasional
R018660,2025-08-03,Hillview,Regular
R018661,2025-01-18,Lakewood,Regular
R018662,2025-11-03,Lakewood,Frequent
R018663,2025-10-18,Lakewood,Regular
R018664,2025-12-06,Metroville,Frequent
R018665,2024-06-10,Lakewood,Occasional
R018666,2025-06-23,Metroville,Regular
R018667,2025-07-04,Metroville,Regular
R018668,2024-11-25,Hillview,Regular
R018669,2024-05-03,Hillview,Occasional
R018670,2024-08-02,Hillview,Occasional
R018671,2025-01-11,Metroville,Occasional
R018672,2025-09-24,Metroville,Regular
R018673,2025-11-01,Metroville,Regular
R018674,2025-11-01,Hillview,Regular
R018675,2025-11-23,Metroville,Regular
R018676,2024-03-12,Metroville,Occasional
R018677,2025-12-29,Riverton,Regular
R018678,2025-02-09,Lakewood,Regular
R018679,2024-03-13,Riverton,Occasional
R018680,2024-04-04,Lakewood,Occasional
R018681,2024-07-05,Lakewood,Occasional
R018682,2024-07-03,Hillview,Occasional
R018683,2024-03-22,Metroville,Occasional
R018684,2024-10-07,Metroville,Frequent
R018685,2025-02-04,Lakewood,Occasional
R018686,2024-08-15,Lakewood,Occasional
R018687,2025-05-03,Lakewood,Frequent
R018688,2025-06-08,Lakewood,Occasional
R018689,2024-10-19,Lakewood,Occasional
R018690,2024-02-27,Lakewood,Occasional
R018691,2024-08-16,Hillview,Occasional
R018692,2025-03-25,Metroville,Occasional
R018693,2024-10-14,Hillview,Frequent
R018694,2025-03-01,Lakewood,Regular
R018695,2025-09-08,Metroville,Regular
R018696,2025-07-30,Metroville,Occasional
R018697,2025-04-01,Lakewood,Regular
R018698,2024-03-11,Riverton,Regular
R018699,2025-06-30,Lakewood,Occasional
R018700,2024-08-31,Lakewood,Occasional
R018701,2024-10-30,Metroville,Occasional
R018702,2025-05-25,Riverton,Occasional
R018703,2025-09-01,Hillview,Regular
R018704,2025-06-04,Lakewood,Occasional
R018705,2024-08-08,Riverton,Occasional
R018706,2024-11-25,Metroville,Regular
R018707,2024-09-22,Lakewood,Frequent
R018708,2024-12-04,Riverton,Occasional
R018709,2025-07-07,Hillview,Occasional
R018710,2025-12-07,Lakewood,Regular
R018711,2024-10-13,Lakewood,Occasional
R018712,2024-08-26,Metroville,Occasional
R018713,2025-10-08,Metroville,Occasional
R018714,2024-04-19,Riverton,Regular
R018715,2024-10-13,Riverton,Regular
R018716,2025-11-28,Metroville,Occasional
R018717,2025-10-07,Hillview,Frequent
R018718,2025-08-15,Hillview,Occasional
R018719,2025-10-12,Metroville,Regular
R018720,2024-06-22,Metroville,Occasional
R018721,2024-02-12,Metroville,Regular
R018722,2025-09-19,Hillview,Occasional
R018723,2024-12-26,Lakewood,Frequent
R018724,2024-07-03,Metroville,Frequent
R018725,2024-12-15,Hillview,Occasional
R018726,2025-08-28,Metroville,Occasional
R018727,2024-12-26,Hillview,Regular
R018728,2025-04-05,Riverton,Occasional
R018729,2025-01-10,Lakewood,Occasional
R018730,2024-12-19,Riverton,Regular
R018731,2025-11-28,Riverton,Frequent
R018732,2025-11-10,Lakewood,Regular
R018733,2024-11-06,Riverton,Regular
R018734,2025-08-15,Lakewood,Regular
R018735,2025-06-13,Hillview,Occasional
R018736,2024-04-05,Riverton,Regular
R018737,2025-09-11,Hillview,Occasional
R018738,2025-05-31,Riverton,Occasional
R018739,2025-09-18,Hillview,Occasional
R018740,2025-07-31,Metroville,Regular
R018741,2025-11-15,Metroville,Frequent
R018742,2025-01-31,Lakewood,Regular
R018743,2024-02-14,Metroville,Occasional
R018744,2024-07-21,Hillview,Regular
R018745,2024-04-16,Metroville,Occasional
R018746,2024-06-20,Lakewood,Frequent
R018747,2025-02-22,Lakewood,Regular
R018748,2025-12-14,Hillview,Occasional
R018749,2025-07-12,Metroville,Occasional
R018750,2024-11-15,Hillview,Regular
R018751,2024-12-24,Metroville,Frequent
R018752,2025-01-14,Metroville,Occasional
R018753,2024-10-27,Metroville,Regular
R018754,2025-03-13,Hillview,Regular
R018755,2025-11-20,Metroville,Occasional
R018756,2024-03-14,Metroville,Occasional
R018757,2024-09-17,Metroville,Occasional
R018758,2024-02-29,Lakewood,Occasional
R018759,2025-09-14,Lakewood,Occasional
R018760,2024-05-25,Metroville,Occasional
R018761,2025-04-23,Lakewood,Occasional
R018762,2024-02-17,Riverton,Occasional
R018763,2024-12-15,Lakewood,Regular
R018764,2025-10-19,Lakewood,Occasional
R018765,2025-11-28,Hillview,Occasional
R018766,2024-04-18,Riverton,Occasional
R018767,2025-04-29,Riverton,Regular
R018768,2024-06-14,Metroville,Frequent
R018769,2025-06-18,Lakewood,Regular
R018770,2025-01-28,Metroville,Regular
R018771,2025-08-07,Lakewood,Occasional
R018772,2025-10-18,Metroville,Regular
R018773,2024-09-16,Lakewood,Regular
R018774,2024-02-05,Lakewood,Occasional
R018775,2024-08-20,Lakewood,Frequent
R018776,2024-06-07,Metroville,Occasional
R018777,2024-04-01,Metroville,Occasional
R018778,2025-06-09,Lakewood,Frequent
R018779,2025-10-22,Lakewood,Frequent
R018780,2025-01-15,Metroville,Occasional
R018781,2025-01-24,Riverton,Occasional
R018782,2025-03-11,Lakewood,Regular
R018783,2025-10-19,Metroville,Regular
R018784,2024-01-13,Metroville,Frequent
R018785,2025-01-20,Riverton,Regular
R018786,2025-09-26,Lakewood,Regular
R018787,2024-04-28,Metroville,Regular
R018788,2025-02-27,Metroville,Frequent
R018789,2024-01-06,Hillview,Regular
R018790,2025-09-02,Lakewood,Occasional
R018791,2025-04-24,Metroville,Regular
R018792,2025-12-06,Riverton,Regular
R018793,2024-08-07,Metroville,Frequent
R018794,2025-06-19,Metroville,Regular
R018795,2025-07-17,Hillview,Occasional
R018796,2024-01-23,Hillview,Regular
R018797,2025-07-09,Lakewood,Frequent
R018798,2025-06-04,Riverton,Occasional
R018799,2025-03-25,Lakewood,Occasional
R018800,2025-02-16,Riverton,Occasional
R018801,2025-08-08,Riverton,Occasional
R018802,2024-03-16,Riverton,Regular
R018803,2024-10-14,Metroville,Occasional
R018804,2024-07-16,Metroville,Frequent
R018805,2025-09-10,Riverton,Occasional
R018806,2024-05-03,Lakewood,Occasional
R018807,2024-02-14,Hillview,Occasional
R018808,2025-11-07,Metroville,Regular
R018809,2024-10-17,Hillview,Frequent
R018810,2025-08-05,Metroville,Regular
R018811,2024-06-19,Metroville,Frequent
R018812,2025-05-28,Hillview,Occasional
R018813,2025-11-08,Lakewood,Occasional
R018814,2025-07-12,Metroville,Frequent
R018815,2024-08-03,Lakewood,Regular
R018816,2025-03-16,Lakewood,Regular
R018817,2025-08-31,Hillview,Regular
R018818,2025-09-18,Riverton,Occasional
R018819,2024-08-07,Riverton,Occasional
R018820,2024-06-16,Metroville,Occasional
R018821,2024-11-13,Metroville,Occasional
R018822,2024-07-02,Riverton,Occasional
R018823,2025-06-11,Metroville,Regular
R018824,2025-03-09,Metroville,Regular
R018825,2024-12-17,Lakewood,Frequent
R018826,2025-08-16,Riverton,Occasional
R018827,2024-06-05,Lakewood,Frequent
R018828,2025-09-03,Lakewood,Occasional
R018829,2025-02-16,Hillview,Regular
R018830,2025-12-15,Metroville,Occasional
R018831,2025-03-14,Metroville,Occasional
R018832,2025-07-11,Metroville,Frequent
R018833,2024-05-18,Lakewood,Regular
R018834,2024-06-19,Riverton,Occasional
R018835,2025-02-11,Lakewood,Frequent
R018836,2024-06-17,Lakewood,Frequent
R018837,2024-02-02,Lakewood,Occasional
R018838,2024-11-22,Lakewood,Occasional
R018839,2024-07-11,Metroville,Occasional
R018840,2025-04-20,Metroville,Regular
R018841,2025-02-26,Metroville,Occasional
R018842,2025-01-10,Metroville,Regular
R018843,2025-08-31,Metroville,Frequent
R018844,2024-02-19,Metroville,Frequent
R018845,2025-07-27,Riverton,Regular
R018846,2024-12-18,Lakewood,Frequent
R018847,2025-05-24,Metroville,Occasional
R018848,2025-08-21,Metroville,Regular
R018849,2024-08-09,Metroville,Occasional
R018850,2024-06-24,Riverton,Occasional
R018851,2025-07-05,Lakewood,Regular
R018852,2025-04-09,Riverton,Regular
R018853,2024-05-16,Lakewood,Regular
R018854,2024-07-16,Metroville,Regular
R018855,2025-09-17,Hillview,Occasional
R018856,2025-02-10,Metroville,Frequent
R018857,2025-10-29,Lakewood,Regular
R018858,2025-05-28,Lakewood,Frequent
R018859,2024-05-30,Riverton,Regular
R018860,2024-05-31,Lakewood,Regular
R018861,2025-12-07,Riverton,Regular
R018862,2025-06-25,Lakewood,Occasional
R018863,2025-03-11,Hillview,Occasional
R018864,2025-05-10,Metroville,Regular
R018865,2024-10-30,Lakewood,Occasional
R018866,2024-08-16,Metroville,Frequent
R018867,2025-08-25,Lakewood,Occasional
R018868,2025-10-17,Lakewood,Frequent
R018869,2025-10-25,Riverton,Frequent
R018870,2025-07-25,Riverton,Occasional
R018871,2025-09-30,Lakewood,Occasional
R018872,2025-01-16,Riverton,Occasional
R018873,2024-08-15,Riverton,Occasional
R018874,2024-03-01,Hillview,Occasional
R018875,2024-08-13,Metroville,Occasional
R018876,2024-11-18,Lakewood,Regular
R018877,2024-03-02,Hillview,Regular
R018878,2024-08-29,Metroville,Regular
R018879,2025-11-10,Riverton,Frequent
R018880,2024-07-11,Metroville,Occasional
R018881,2024-10-14,Riverton,Frequent
R018882,2025-04-16,Riverton,Regular
R018883,2025-10-09,Hillview,Regular
R018884,2025-11-05,Riverton,Occasional
R018885,2025-08-17,Lakewood,Regular
R018886,2024-04-17,Lakewood,Occasional
R018887,2024-03-22,Riverton,Occasional
R018888,2025-06-26,Riverton,Occasional
R018889,2025-10-10,Metroville,Occasional
R018890,2025-03-31,Metroville,Occasional
R018891,2025-10-31,Riverton,Regular
R018892,2025-05-03,Metroville,Occasional
R018893,2024-09-13,Riverton,Regular
R018894,2025-09-10,Hillview,Regular
R018895,2025-07-08,Lakewood,Frequent
R018896,2024-10-01,Metroville,Occasional
R018897,2025-03-07,Hillview,Frequent
R018898,2025-02-28,Lakewood,Occasional
R018899,2024-03-13,Hillview,Occasional
R018900,2024-07-21,Metroville,Occasional
R018901,2024-06-15,Metroville,Frequent
R018902,2024-07-27,Metroville,Regular
R018903,2025-01-19,Lakewood,Occasional
R018904,2025-01-10,Hillview,Occasional
R018905,2025-09-20,Riverton,Frequent
R018906,2024-01-06,Metroville,Frequent
R018907,2025-08-26,Metroville,Occasional
R018908,2024-06-30,Riverton,Occasional
R018909,2024-09-14,Metroville,Frequent
R018910,2024-04-20,Metroville,Occasional
R018911,2024-01-10,Riverton,Occasional
R018912,2024-03-28,Metroville,Frequent
R018913,2024-06-13,Lakewood,Regular
R018914,2024-10-08,Lakewood,Occasional
R018915,2024-08-16,Metroville,Regular
R018916,2024-03-17,Metroville,Occasional
R018917,2024-09-04,Lakewood,Occasional
R018918,2024-04-22,Metroville,Regular
R018919,2025-05-15,Hillview,Occasional
R018920,2025-05-04,Metroville,Occasional
R018921,2024-02-15,Riverton,Regular
R018922,2025-04-21,Metroville,Regular
R018923,2025-10-26,Metroville,Occasional
R018924,2025-11-22,Lakewood,Frequent
R018925,2024-02-11,Riverton,Regular
R018926,2025-11-04,Metroville,Frequent
R018927,2024-10-24,Metroville,Occasional
R018928,2025-10-01,Riverton,Frequent
R018929,2024-05-29,Lakewood,Occasional
R018930,2025-05-20,Hillview,Frequent
R018931,2025-08-10,Metroville,Regular
R018932,2024-07-14,Riverton,Occasional
R018933,2025-06-23,Riverton,Occasional
R018934,2024-05-10,Metroville,Frequent
R018935,2025-06-03,Metroville,Occasional
R018936,2025-11-25,Hillview,Regular
R018937,2024-08-07,Metroville,Occasional
R018938,2025-12-03,Metroville,Occasional
R018939,2025-05-03,Metroville,Occasional
R018940,2025-01-04,Lakewood,Frequent
R018941,2024-08-27,Lakewood,Occasional
R018942,2025-02-05,Lakewood,Regular
R018943,2025-12-21,Hillview,Regular
R018944,2024-01-04,Metroville,Regular
R018945,2025-09-26,Riverton,Occasional
R018946,2024-04-18,Hillview,Regular
R018947,2025-10-03,Metroville,Occasional
R018948,2025-02-03,Riverton,Frequent
R018949,2025-10-20,Metroville,Frequent
R018950,2024-05-13,Lakewood,Frequent
R018951,2024-02-04,Metroville,Occasional
R018952,2024-12-16,Metroville,Regular
R018953,2025-07-23,Metroville,Frequent
R018954,2025-08-04,Metroville,Regular
R018955,2025-07-13,Metroville,Frequent
R018956,2025-08-09,Hillview,Regular
R018957,2025-07-21,Hillview,Frequent
R018958,2025-09-22,Riverton,Occasional
R018959,2024-05-04,Metroville,Occasional
R018960,2024-06-21,Hillview,Regular
R018961,2024-01-03,Hillview,Frequent
R018962,2024-11-12,Riverton,Occasional
R018963,2024-07-11,Riverton,Frequent
R018964,2025-04-03,Metroville,Occasional
R018965,2025-02-08,Hillview,Regular
R018966,2025-03-01,Lakewood,Regular
R018967,2025-04-27,Riverton,Regular
R018968,2026-01-01,Metroville,Occasional
R018969,2024-03-18,Metroville,Occasional
R018970,2024-07-21,Hillview,Frequent
R018971,2024-11-01,Riverton,Frequent
R018972,2024-02-22,Riverton,Regular
R018973,2025-08-22,Metroville,Frequent
R018974,2024-10-10,Lakewood,Occasional
R018975,2024-05-02,Metroville,Regular
R018976,2025-01-14,Hillview,Occasional
R018977,2024-05-20,Lakewood,Regular
R018978,2024-10-10,Lakewood,Occasional
R018979,2025-04-16,Metroville,Occasional
R018980,2024-08-21,Lakewood,Regular
R018981,2025-09-01,Lakewood,Regular
R018982,2024-07-07,Riverton,Regular
R018983,2024-03-25,Hillview,Frequent
R018984,2024-11-08,Lakewood,Frequent
R018985,2024-05-20,Lakewood,Regular
R018986,2025-05-19,Hillview,Occasional
R018987,2025-01-18,Lakewood,Frequent
R018988,2024-04-18,Riverton,Regular
R018989,2024-09-03,Metroville,Frequent
R018990,2025-09-25,Lakewood,Occasional
R018991,2025-08-22,Metroville,Occasional
R018992,2025-04-14,Metroville,Regular
R018993,2025-10-23,Metroville,Occasional
R018994,2024-03-19,Lakewood,Frequent
R018995,2025-06-19,Metroville,Regular
R018996,2024-01-18,Riverton,Occasional
R018997,2025-03-15,Lakewood,Occasional
R018998,2024-02-07,Metroville,Occasional
R018999,2024-09-07,Lakewood,Occasional
R019000,2024-03-07,Metroville,Occasional
R019001,2024-07-04,Metroville,Occasional
R019002,2025-04-16,Metroville,Regular
R019003,2025-07-26,Riverton,Occasional
R019004,2025-11-19,Lakewood,Regular
R019005,2025-12-24,Metroville,Regular
R019006,2024-04-07,Lakewood,Occasional
R019007,2025-11-04,Metroville,Frequent
R019008,2024-07-27,Riverton,Regular
R019009,2025-10-09,Hillview,Regular
R019010,2025-09-25,Metroville,Occasional
R019011,2025-11-03,Metroville,Occasional
R019012,2025-01-05,Riverton,Occasional
R019013,2025-07-03,Riverton,Occasional
R019014,2024-11-08,Hillview,Occasional
R019015,2024-02-27,Riverton,Occasional
R019016,2024-12-12,Metroville,Occasional
R019017,2024-05-27,Hillview,Occasional
R019018,2024-03-15,Metroville,Frequent
R019019,2024-04-08,Metroville,Occasional
R019020,2024-06-09,Hillview,Regular
R019021,2025-08-05,Lakewood,Frequent
R019022,2025-12-05,Metroville,Frequent
R019023,2025-09-14,Metroville,Regular
R019024,2025-04-15,Metroville,Occasional
R019025,2025-10-07,Lakewood,Frequent
R019026,2024-07-28,Hillview,Frequent
R019027,2025-10-26,Riverton,Regular
R019028,2025-11-24,Riverton,Regular
R019029,2024-04-18,Lakewood,Occasional
R019030,2024-10-17,Metroville,Regular
R019031,2024-07-24,Lakewood,Occasional
R019032,2024-04-13,Metroville,Occasional
R019033,2024-05-06,Metroville,Occasional
R019034,2025-12-07,Metroville,Occasional
R019035,2024-05-12,Hillview,Regular
R019036,2025-05-02,Metroville,Occasional
R019037,2025-09-30,Lakewood,Occasional
R019038,2025-07-05,Hillview,Regular
R019039,2024-11-27,Riverton,Occasional
R019040,2024-01-17,Metroville,Regular
R019041,2024-11-02,Lakewood,Occasional
R019042,2024-07-26,Riverton,Occasional
R019043,2025-09-24,Lakewood,Frequent
R019044,2025-11-23,Metroville,Regular
R019045,2024-06-19,Riverton,Regular
R019046,2024-04-23,Lakewood,Regular
R019047,2025-08-23,Lakewood,Frequent
R019048,2025-10-01,Metroville,Regular
R019049,2025-12-20,Hillview,Occasional
R019050,2025-07-17,Hillview,Regular
R019051,2024-12-05,Metroville,Regular
R019052,2024-10-04,Metroville,Frequent
R019053,2024-02-13,Metroville,Regular
R019054,2025-10-11,Lakewood,Occasional
R019055,2025-12-27,Metroville,Regular
R019056,2025-11-06,Riverton,Occasional
R019057,2025-02-23,Hillview,Regular
R019058,2025-09-26,Metroville,Occasional
R019059,2024-01-02,Metroville,Occasional
R019060,2024-10-25,Metroville,Frequent
R019061,2024-03-19,Metroville,Regular
R019062,2025-03-05,Hillview,Frequent
R019063,2024-01-02,Metroville,Frequent
R019064,2024-08-12,Riverton,Frequent
R019065,2024-11-03,Lakewood,Occasional
R019066,2024-04-05,Metroville,Occasional
R019067,2024-03-04,Metroville,Frequent
R019068,2025-10-22,Hillview,Regular
R019069,2024-07-18,Hillview,Occasional
R019070,2025-12-19,Metroville,Frequent
R019071,2024-09-28,Lakewood,Regular
R019072,2024-02-12,Lakewood,Regular
R019073,2024-03-16,Metroville,Regular
R019074,2025-05-18,Metroville,Regular
R019075,2024-01-10,Metroville,Occasional
R019076,2025-11-25,Riverton,Occasional
R019077,2024-07-06,Lakewood,Regular
R019078,2025-03-20,Riverton,Occasional
R019079,2024-11-20,Hillview,Occasional
R019080,2024-02-04,Lakewood,Occasional
R019081,2025-05-29,Lakewood,Regular
R019082,2024-01-11,Hillview,Frequent
R019083,2025-08-06,Metroville,Occasional
R019084,2025-01-04,Metroville,Regular
R019085,2024-08-09,Lakewood,Occasional
R019086,2025-11-19,Lakewood,Occasional
R019087,2024-05-28,Hillview,Occasional
R019088,2024-07-23,Lakewood,Occasional
R019089,2025-04-17,Lakewood,Occasional
R019090,2024-09-13,Lakewood,Occasional
R019091,2024-12-22,Lakewood,Occasional
R019092,2025-08-05,Hillview,Regular
R019093,2025-10-30,Riverton,Regular
R019094,2025-08-09,Riverton,Occasional
R019095,2024-02-28,Metroville,Occasional
R019096,2025-11-21,Hillview,Regular
R019097,2024-11-04,Hillview,Frequent
R019098,2025-09-05,Hillview,Regular
R019099,2024-07-28,Hillview,Frequent
R019100,2025-03-10,Riverton,Occasional
R019101,2025-12-07,Riverton,Occasional
R019102,2025-11-18,Metroville,Regular
R019103,2025-04-23,Metroville,Occasional
R019104,2025-03-25,Riverton,Occasional
R019105,2024-01-22,Lakewood,Frequent
R019106,2025-03-16,Riverton,Occasional
R019107,2024-11-03,Lakewood,Frequent
R019108,2024-01-12,Lakewood,Frequent
R019109,2025-11-22,Lakewood,Occasional
R019110,2024-11-29,Hillview,Frequent
R019111,2025-07-17,Metroville,Regular
R019112,2024-02-01,Riverton,Regular
R019113,2024-06-28,Metroville,Occasional
R019114,2025-10-19,Hillview,Occasional
R019115,2025-11-16,Riverton,Regular
R019116,2024-01-08,Hillview,Occasional
R019117,2025-10-15,Metroville,Regular
R019118,2024-08-12,Riverton,Frequent
R019119,2024-06-07,Metroville,Frequent
R019120,2025-12-29,Metroville,Occasional
R019121,2025-01-26,Metroville,Regular
R019122,2025-08-04,Riverton,Occasional
R019123,2024-04-10,Hillview,Occasional
R019124,2025-07-08,Riverton,Occasional
R019125,2024-09-25,Metroville,Regular
R019126,2025-06-05,Lakewood,Occasional
R019127,2025-04-24,Metroville,Occasional
R019128,2024-02-07,Metroville,Occasional
R019129,2025-10-02,Riverton,Occasional
R019130,2024-07-29,Metroville,Occasional
R019131,2024-09-23,Riverton,Regular
R019132,2025-08-07,Lakewood,Regular
R019133,2025-10-03,Metroville,Frequent
R019134,2025-10-17,Metroville,Occasional
R019135,2024-11-29,Metroville,Occasional
R019136,2024-09-13,Riverton,Regular
R019137,2025-08-22,Riverton,Regular
R019138,2024-07-08,Hillview,Frequent
R019139,2025-04-15,Metroville,Regular
R019140,2024-06-21,Metroville,Frequent
R019141,2024-06-02,Lakewood,Occasional
R019142,2025-02-05,Riverton,Frequent
R019143,2025-09-25,Lakewood,Occasional
R019144,2024-08-01,Hillview,Frequent
R019145,2025-06-15,Metroville,Occasional
R019146,2024-01-16,Riverton,Occasional
R019147,2025-05-25,Riverton,Regular
R019148,2024-10-13,Metroville,Occasional
R019149,2024-02-24,Metroville,Regular
R019150,2025-02-09,Lakewood,Occasional
R019151,2024-06-24,Metroville,Regular
R019152,2025-04-09,Metroville,Regular
R019153,2024-02-01,Riverton,Regular
R019154,2024-09-08,Metroville,Regular
R019155,2024-06-21,Riverton,Occasional
R019156,2024-08-17,Lakewood,Regular
R019157,2024-01-06,Metroville,Regular
R019158,2024-07-26,Riverton,Regular
R019159,2024-03-05,Lakewood,Regular
R019160,2025-04-01,Metroville,Regular
R019161,2024-12-02,Lakewood,Occasional
R019162,2024-07-26,Metroville,Occasional
R019163,2025-03-27,Metroville,Regular
R019164,2025-11-02,Lakewood,Occasional
R019165,2025-01-31,Lakewood,Occasional
R019166,2024-07-25,Riverton,Occasional
R019167,2024-10-22,Lakewood,Frequent
R019168,2025-08-01,Lakewood,Frequent
R019169,2024-03-13,Lakewood,Frequent
R019170,2024-08-22,Hillview,Occasional
R019171,2024-12-09,Metroville,Occasional
R019172,2025-04-09,Riverton,Frequent
R019173,2025-02-26,Metroville,Regular
R019174,2025-05-26,Metroville,Frequent
R019175,2025-11-18,Riverton,Occasional
R019176,2024-05-07,Lakewood,Regular
R019177,2024-12-17,Metroville,Regular
R019178,2024-10-05,Lakewood,Regular
R019179,2024-03-05,Lakewood,Occasional
R019180,2024-04-03,Hillview,Frequent
R019181,2025-04-05,Hillview,Regular
R019182,2025-01-08,Metroville,Regular
R019183,2024-08-02,Hillview,Regular
R019184,2025-10-27,Lakewood,Occasional
R019185,2024-08-15,Lakewood,Occasional
R019186,2025-03-12,Metroville,Occasional
R019187,2025-12-24,Hillview,Frequent
R019188,2025-05-28,Riverton,Frequent
R019189,2025-06-17,Hillview,Occasional
R019190,2024-07-26,Riverton,Regular
R019191,2025-10-31,Lakewood,Occasional
R019192,2024-12-08,Hillview,Regular
R019193,2024-08-08,Metroville,Occasional
R019194,2025-06-26,Hillview,Occasional
R019195,2025-01-23,Metroville,Regular
R019196,2024-04-06,Metroville,Frequent
R019197,2024-01-15,Hillview,Occasional
R019198,2024-03-30,Metroville,Occasional
R019199,2024-04-26,Hillview,Regular
R019200,2024-06-13,Metroville,Regular
R019201,2024-09-09,Riverton,Frequent
R019202,2024-06-22,Riverton,Occasional
R019203,2025-10-23,Metroville,Regular
R019204,2025-12-05,Hillview,Frequent
R019205,2025-12-12,Metroville,Occasional
R019206,2024-04-26,Hillview,Occasional
R019207,2025-01-25,Hillview,Frequent
R019208,2024-03-17,Riverton,Occasional
R019209,2025-06-02,Hillview,Frequent
R019210,2024-04-10,Riverton,Occasional
R019211,2024-07-31,Hillview,Regular
R019212,2024-05-28,Riverton,Frequent
R019213,2024-12-17,Riverton,Occasional
R019214,2024-09-26,Hillview,Occasional
R019215,2025-01-30,Lakewood,Occasional
R019216,2024-05-24,Lakewood,Regular
R019217,2025-01-07,Hillview,Occasional
R019218,2024-03-05,Riverton,Regular
R019219,2024-01-31,Metroville,Regular
R019220,2024-04-10,Metroville,Occasional
R019221,2024-07-14,Lakewood,Regular
R019222,2025-08-01,Metroville,Occasional
R019223,2024-08-29,Lakewood,Occasional
R019224,2025-01-15,Metroville,Occasional
R019225,2025-05-11,Metroville,Frequent
R019226,2025-06-29,Hillview,Occasional
R019227,2025-03-03,Metroville,Occasional
R019228,2024-05-09,Hillview,Regular
R019229,2025-04-30,Lakewood,Occasional
R019230,2024-08-11,Hillview,Regular
R019231,2025-03-08,Riverton,Occasional
R019232,2025-12-20,Lakewood,Occasional
R019233,2024-02-23,Metroville,Frequent
R019234,2024-03-03,Hillview,Occasional
R019235,2024-07-01,Riverton,Occasional
R019236,2024-11-17,Metroville,Regular
R019237,2024-12-16,Hillview,Regular
R019238,2024-08-04,Lakewood,Regular
R019239,2025-10-21,Metroville,Regular
R019240,2024-01-06,Metroville,Regular
R019241,2025-02-02,Hillview,Occasional
R019242,2025-02-08,Lakewood,Occasional
R019243,2025-07-17,Riverton,Occasional
R019244,2025-02-06,Lakewood,Regular
R019245,2024-04-09,Metroville,Frequent
R019246,2024-08-22,Metroville,Occasional
R019247,2024-05-06,Hillview,Regular
R019248,2024-12-11,Metroville,Occasional
R019249,2025-10-31,Hillview,Occasional
R019250,2024-10-13,Metroville,Regular
R019251,2024-09-23,Hillview,Occasional
R019252,2024-12-05,Metroville,Occasional
R019253,2024-05-01,Lakewood,Regular
R019254,2025-09-12,Metroville,Frequent
R019255,2025-05-01,Metroville,Occasional
R019256,2025-06-06,Hillview,Regular
R019257,2024-09-13,Metroville,Regular
R019258,2024-07-24,Hillview,Regular
R019259,2024-12-12,Lakewood,Frequent
R019260,2024-06-24,Riverton,Regular
R019261,2024-01-16,Lakewood,Frequent
R019262,2025-06-14,Hillview,Regular
R019263,2025-09-21,Hillview,Occasional
R019264,2024-06-13,Hillview,Occasional
R019265,2025-04-03,Metroville,Regular
R019266,2025-10-26,Metroville,Occasional
R019267,2025-06-25,Hillview,Regular
R019268,2025-09-01,Riverton,Regular
R019269,2025-10-14,Lakewood,Regular
R019270,2024-07-03,Lakewood,Regular
R019271,2024-02-23,Lakewood,Occasional
R019272,2025-08-09,Lakewood,Frequent
R019273,2025-08-02,Lakewood,Occasional
R019274,2024-05-20,Lakewood,Regular
R019275,2025-10-23,Metroville,Occasional
R019276,2024-01-19,Lakewood,Occasional
R019277,2024-10-02,Metroville,Regular
R019278,2025-12-04,Metroville,Occasional
R019279,2024-09-15,Riverton,Occasional
R019280,2025-07-11,Hillview,Occasional
R019281,2024-01-28,Metroville,Occasional
R019282,2024-12-23,Hillview,Occasional
R019283,2025-07-26,Riverton,Frequent
R019284,2025-09-09,Hillview,Occasional
R019285,2024-11-15,Lakewood,Frequent
R019286,2024-02-25,Riverton,Occasional
R019287,2025-01-24,Lakewood,Regular
R019288,2025-06-25,Hillview,Frequent
R019289,2024-11-26,Metroville,Regular
R019290,2025-12-01,Metroville,Regular
R019291,2024-08-17,Hillview,Regular
R019292,2025-08-22,Metroville,Frequent
R019293,2025-07-06,Hillview,Occasional
R019294,2024-11-11,Metroville,Regular
R019295,2024-03-12,Metroville,Regular
R019296,2024-09-10,Metroville,Frequent
R019297,2025-07-15,Riverton,Occasional
R019298,2025-10-15,Lakewood,Regular
R019299,2024-11-30,Hillview,Occasional
R019300,2024-08-01,Riverton,Regular
R019301,2025-07-14,Lakewood,Occasional
R019302,2025-11-17,Lakewood,Frequent
R019303,2024-04-14,Lakewood,Occasional
R019304,2024-08-22,Riverton,Frequent
R019305,2025-08-04,Hillview,Regular
R019306,2024-04-01,Hillview,Frequent
R019307,2025-12-13,Metroville,Occasional
R019308,2024-06-21,Lakewood,Frequent
R019309,2024-12-22,Lakewood,Regular
R019310,2025-01-15,Riverton,Occasional
R019311,2024-09-30,Metroville,Frequent
R019312,2024-04-05,Hillview,Occasional
R019313,2024-01-23,Lakewood,Occasional
R019314,2024-10-05,Metroville,Occasional
R019315,2024-07-16,Riverton,Regular
R019316,2025-10-25,Lakewood,Regular
R019317,2025-05-01,Hillview,Occasional
R019318,2024-03-09,Metroville,Regular
R019319,2025-07-06,Metroville,Frequent
R019320,2025-03-25,Hillview,Regular
R019321,2024-04-01,Lakewood,Frequent
R019322,2024-10-22,Metroville,Occasional
R019323,2025-06-23,Riverton,Regular
R019324,2025-04-18,Hillview,Regular
R019325,2025-02-23,Hillview,Regular
R019326,2024-12-24,Hillview,Occasional
R019327,2025-05-20,Metroville,Regular
R019328,2025-10-03,Hillview,Occasional
R019329,2024-05-05,Metroville,Occasional
R019330,2024-10-21,Lakewood,Regular
R019331,2025-09-13,Metroville,Regular
R019332,2025-01-07,Lakewood,Frequent
R019333,2024-05-08,Metroville,Occasional
R019334,2024-04-05,Hillview,Frequent
R019335,2025-06-16,Hillview,Regular
R019336,2024-12-24,Metroville,Regular
R019337,2025-08-01,Metroville,Occasional
R019338,2024-03-24,Metroville,Frequent
R019339,2025-03-20,Lakewood,Regular
R019340,2025-03-02,Hillview,Occasional
R019341,2024-12-02,Riverton,Regular
R019342,2024-11-08,Lakewood,Occasional
R019343,2024-07-17,Hillview,Frequent
R019344,2025-07-27,Lakewood,Frequent
R019345,2024-08-30,Riverton,Regular
R019346,2024-11-02,Lakewood,Occasional
R019347,2025-09-20,Riverton,Regular
R019348,2025-04-06,Lakewood,Occasional
R019349,2024-01-29,Metroville,Regular
R019350,2024-02-13,Riverton,Regular
R019351,2025-01-28,Metroville,Regular
R019352,2025-06-03,Lakewood,Occasional
R019353,2024-12-10,Riverton,Occasional
R019354,2025-12-01,Lakewood,Occasional
R019355,2025-09-14,Metroville,Occasional
R019356,2024-11-23,Riverton,Occasional
R019357,2024-06-21,Metroville,Frequent
R019358,2024-01-08,Metroville,Regular
R019359,2024-01-25,Metroville,Regular
R019360,2025-03-17,Metroville,Occasional
R019361,2024-09-02,Lakewood,Regular
R019362,2024-04-16,Riverton,Frequent
R019363,2024-02-23,Riverton,Regular
R019364,2024-12-08,Lakewood,Regular
R019365,2025-03-04,Metroville,Occasional
R019366,2024-01-24,Hillview,Occasional
R019367,2024-11-02,Hillview,Regular
R019368,2024-11-20,Metroville,Frequent
R019369,2024-02-11,Riverton,Regular
R019370,2025-10-02,Hillview,Frequent
R019371,2024-06-17,Hillview,Regular
R019372,2024-04-09,Lakewood,Regular
R019373,2024-04-07,Riverton,Regular
R019374,2024-12-30,Riverton,Occasional
R019375,2025-06-02,Riverton,Frequent
R019376,2024-07-04,Hillview,Occasional
R019377,2025-07-14,Lakewood,Regular
R019378,2024-07-10,Metroville,Frequent
R019379,2024-05-16,Riverton,Occasional
R019380,2025-04-15,Hillview,Occasional
R019381,2025-07-20,Hillview,Occasional
R019382,2025-07-01,Metroville,Occasional
R019383,2025-02-12,Hillview,Frequent
R019384,2025-10-01,Metroville,Occasional
R019385,2025-09-13,Hillview,Frequent
R019386,2024-07-22,Riverton,Regular
R019387,2025-04-03,Metroville,Regular
R019388,2024-02-21,Metroville,Frequent
R019389,2024-02-28,Metroville,Regular
R019390,2024-11-19,Metroville,Occasional
R019391,2025-05-30,Metroville,Regular
R019392,2025-03-03,Hillview,Regular
R019393,2024-04-30,Metroville,Regular
R019394,2025-06-25,Hillview,Frequent
R019395,2025-03-20,Metroville,Regular
R019396,2025-07-07,Lakewood,Occasional
R019397,2025-03-24,Riverton,Occasional
R019398,2025-09-24,Metroville,Occasional
R019399,2024-09-22,Lakewood,Occasional
R019400,2024-01-23,Riverton,Frequent
R019401,2025-03-14,Metroville,Occasional
R019402,2025-12-19,Lakewood,Frequent
R019403,2024-03-12,Riverton,Regular
R019404,2025-12-08,Metroville,Regular
R019405,2025-07-17,Metroville,Frequent
R019406,2024-01-27,Metroville,Occasional
R019407,2025-02-01,Riverton,Occasional
R019408,2024-08-17,Hillview,Occasional
R019409,2025-04-23,Metroville,Frequent
R019410,2025-07-14,Lakewood,Regular
R019411,2024-09-30,Metroville,Regular
R019412,2024-12-16,Hillview,Regular
R019413,2024-01-30,Hillview,Regular
R019414,2024-01-04,Lakewood,Regular
R019415,2025-07-09,Metroville,Frequent
R019416,2024-09-16,Riverton,Regular
R019417,2025-10-04,Riverton,Regular
R019418,2025-02-27,Riverton,Regular
R019419,2024-10-17,Metroville,Occasional
R019420,2025-10-05,Metroville,Frequent
R019421,2024-02-11,Metroville,Occasional
R019422,2025-08-30,Riverton,Occasional
R019423,2024-02-24,Lakewood,Occasional
R019424,2025-11-23,Metroville,Frequent
R019425,2025-02-18,Hillview,Regular
R019426,2024-12-08,Hillview,Occasional
R019427,2025-04-24,Riverton,Occasional
R019428,2025-08-07,Riverton,Occasional
R019429,2024-07-27,Riverton,Occasional
R019430,2024-03-14,Lakewood,Occasional
R019431,2025-12-09,Metroville,Regular
R019432,2025-01-14,Riverton,Occasional
R019433,2024-07-29,Lakewood,Frequent
R019434,2025-11-01,Lakewood,Occasional
R019435,2024-01-30,Riverton,Frequent
R019436,2025-09-06,Lakewood,Frequent
R019437,2024-01-14,Riverton,Occasional
R019438,2025-04-24,Metroville,Occasional
R019439,2024-01-28,Hillview,Regular
R019440,2024-04-19,Hillview,Frequent
R019441,2024-08-26,Lakewood,Regular
R019442,2024-05-13,Lakewood,Occasional
R019443,2024-02-02,Metroville,Occasional
R019444,2025-05-11,Hillview,Regular
R019445,2025-07-11,Metroville,Occasional
R019446,2024-08-26,Riverton,Occasional
R019447,2025-05-25,Lakewood,Occasional
R019448,2024-08-29,Hillview,Regular
R019449,2024-06-06,Lakewood,Occasional
R019450,2025-09-12,Lakewood,Frequent
R019451,2025-01-19,Metroville,Occasional
R019452,2024-01-15,Hillview,Regular
R019453,2025-05-26,Lakewood,Frequent
R019454,2024-10-14,Riverton,Frequent
R019455,2024-02-23,Metroville,Occasional
R019456,2024-06-23,Riverton,Regular
R019457,2024-08-21,Lakewood,Frequent
R019458,2024-01-20,Lakewood,Regular
R019459,2025-06-16,Lakewood,Frequent
R019460,2024-06-07,Lakewood,Frequent
R019461,2024-04-24,Riverton,Occasional
R019462,2024-05-14,Metroville,Occasional
R019463,2025-06-06,Hillview,Regular
R019464,2025-01-04,Metroville,Regular
R019465,2025-08-18,Lakewood,Occasional
R019466,2024-11-14,Riverton,Frequent
R019467,2025-05-14,Hillview,Occasional
R019468,2024-12-11,Lakewood,Frequent
R019469,2025-03-09,Riverton,Occasional
R019470,2025-10-04,Riverton,Regular
R019471,2025-03-25,Hillview,Frequent
R019472,2024-12-27,Hillview,Regular
R019473,2025-09-25,Metroville,Occasional
R019474,2025-04-12,Hillview,Occasional
R019475,2025-11-13,Hillview,Regular
R019476,2025-04-18,Lakewood,Regular
R019477,2025-05-17,Riverton,Frequent
R019478,2025-01-13,Metroville,Regular
R019479,2025-09-14,Metroville,Occasional
R019480,2024-08-11,Metroville,Occasional
R019481,2025-02-02,Metroville,Regular
R019482,2025-10-23,Lakewood,Regular
R019483,2024-06-04,Hillview,Occasional
R019484,2024-11-16,Metroville,Frequent
R019485,2024-01-19,Metroville,Regular
R019486,2025-02-22,Metroville,Regular
R019487,2024-09-11,Riverton,Regular
R019488,2025-02-13,Lakewood,Occasional
R019489,2024-06-21,Riverton,Frequent
R019490,2025-08-28,Metroville,Regular
R019491,2025-12-22,Riverton,Regular
R019492,2025-01-26,Riverton,Regular
R019493,2025-03-22,Riverton,Regular
R019494,2024-11-30,Riverton,Frequent
R019495,2024-08-06,Hillview,Occasional
R019496,2024-12-02,Metroville,Frequent
R019497,2024-12-27,Lakewood,Occasional
R019498,2025-07-24,Lakewood,Occasional
R019499,2025-05-20,Hillview,Frequent
R019500,2024-08-29,Lakewood,Regular
R019501,2025-03-27,Riverton,Occasional
R019502,2025-11-15,Hillview,Occasional
R019503,2024-11-01,Metroville,Regular
R019504,2025-09-11,Metroville,Occasional
R019505,2024-12-12,Metroville,Occasional
R019506,2024-04-11,Metroville,Frequent
R019507,2024-05-13,Lakewood,Occasional
R019508,2024-08-20,Metroville,Occasional
R019509,2025-03-02,Metroville,Regular
R019510,2025-10-24,Metroville,Regular
R019511,2024-10-14,Metroville,Occasional
R019512,2024-07-22,Lakewood,Regular
R019513,2025-04-24,Riverton,Occasional
R019514,2024-08-20,Metroville,Frequent
R019515,2024-11-14,Hillview,Regular
R019516,2024-06-08,Metroville,Regular
R019517,2024-08-03,Metroville,Regular
R019518,2024-02-09,Metroville,Occasional
R019519,2025-02-20,Metroville,Occasional
R019520,2024-12-16,Hillview,Occasional
R019521,2024-05-05,Riverton,Regular
R019522,2025-07-06,Metroville,Frequent
R019523,2024-05-27,Hillview,Occasional
R019524,2025-04-28,Riverton,Frequent
R019525,2024-03-23,Riverton,Occasional
R019526,2024-01-21,Metroville,Occasional
R019527,2024-03-31,Metroville,Occasional
R019528,2025-01-18,Lakewood,Occasional
R019529,2024-05-11,Lakewood,Frequent
R019530,2024-08-29,Hillview,Occasional
R019531,2025-01-28,Metroville,Regular
R019532,2025-04-14,Metroville,Frequent
R019533,2025-07-28,Riverton,Regular
R019534,2024-10-23,Lakewood,Occasional
R019535,2024-03-18,Lakewood,Occasional
R019536,2025-12-18,Lakewood,Regular
R019537,2025-07-23,Lakewood,Frequent
R019538,2025-08-29,Metroville,Occasional
R019539,2025-11-06,Riverton,Frequent
R019540,2025-05-27,Lakewood,Frequent
R019541,2025-12-28,Hillview,Regular
R019542,2025-01-12,Lakewood,Regular
R019543,2025-02-14,Hillview,Frequent
R019544,2025-03-08,Hillview,Frequent
R019545,2025-01-07,Lakewood,Regular
R019546,2024-11-19,Riverton,Occasional
R019547,2024-08-30,Metroville,Regular
R019548,2025-08-04,Metroville,Occasional
R019549,2024-08-28,Riverton,Regular
R019550,2025-10-26,Metroville,Regular
R019551,2025-07-02,Riverton,Occasional
R019552,2026-01-01,Metroville,Occasional
R019553,2025-04-17,Metroville,Regular
R019554,2025-03-14,Lakewood,Regular
R019555,2024-09-02,Hillview,Frequent
R019556,2025-05-14,Riverton,Occasional
R019557,2025-02-28,Riverton,Frequent
R019558,2024-10-19,Riverton,Regular
R019559,2024-02-19,Hillview,Occasional
R019560,2024-01-07,Metroville,Occasional
R019561,2024-06-17,Hillview,Occasional
R019562,2025-05-29,Lakewood,Regular
R019563,2025-11-03,Lakewood,Frequent
R019564,2025-11-14,Riverton,Regular
R019565,2025-01-19,Hillview,Occasional
R019566,2025-09-21,Lakewood,Occasional
R019567,2024-01-04,Lakewood,Occasional
R019568,2025-10-05,Lakewood,Occasional
R019569,2025-12-06,Metroville,Occasional
R019570,2024-10-21,Riverton,Regular
R019571,2024-02-03,Riverton,Regular
R019572,2025-06-06,Lakewood,Occasional
R019573,2024-01-10,Metroville,Occasional
R019574,2025-04-12,Lakewood,Regular
R019575,2024-08-23,Metroville,Occasional
R019576,2025-01-30,Lakewood,Occasional
R019577,2025-11-04,Riverton,Occasional
R019578,2024-04-20,Metroville,Frequent
R019579,2024-01-25,Hillview,Frequent
R019580,2025-02-25,Riverton,Occasional
R019581,2025-05-24,Metroville,Regular
R019582,2024-08-06,Metroville,Frequent
R019583,2024-04-30,Metroville,Regular
R019584,2025-05-30,Hillview,Regular
R019585,2025-05-19,Metroville,Frequent
R019586,2025-11-22,Riverton,Regular
R019587,2025-09-24,Riverton,Regular
R019588,2025-06-16,Metroville,Occasional
R019589,2024-01-15,Lakewood,Occasional
R019590,2024-07-08,Metroville,Occasional
R019591,2025-04-24,Riverton,Regular
R019592,2024-12-06,Hillview,Regular
R019593,2024-02-08,Hillview,Regular
R019594,2025-02-17,Metroville,Occasional
R019595,2025-07-10,Riverton,Regular
R019596,2025-06-15,Lakewood,Regular
R019597,2025-11-06,Hillview,Frequent
R019598,2024-04-18,Lakewood,Occasional
R019599,2025-11-29,Lakewood,Occasional
R019600,2025-01-19,Lakewood,Frequent
R019601,2024-08-11,Hillview,Occasional
R019602,2025-09-21,Riverton,Regular
R019603,2024-03-16,Metroville,Frequent
R019604,2024-01-21,Hillview,Regular
R019605,2025-06-18,Riverton,Regular
R019606,2025-06-16,Metroville,Occasional
R019607,2024-03-07,Lakewood,Regular
R019608,2025-10-06,Metroville,Frequent
R019609,2025-09-07,Lakewood,Regular
R019610,2025-08-05,Lakewood,Frequent
R019611,2024-10-13,Hillview,Occasional
R019612,2025-11-13,Metroville,Frequent
R019613,2024-04-05,Lakewood,Frequent
R019614,2025-07-26,Metroville,Frequent
R019615,2025-09-07,Metroville,Occasional
R019616,2025-01-14,Riverton,Regular
R019617,2024-09-10,Riverton,Occasional
R019618,2024-12-15,Hillview,Occasional
R019619,2024-02-04,Lakewood,Occasional
R019620,2024-01-24,Metroville,Occasional
R019621,2024-09-04,Lakewood,Regular
R019622,2024-01-14,Riverton,Regular
R019623,2025-04-10,Riverton,Occasional
R019624,2025-04-13,Metroville,Occasional
R019625,2025-09-17,Hillview,Occasional
R019626,2024-07-20,Hillview,Occasional
R019627,2025-08-19,Riverton,Occasional
R019628,2024-08-12,Metroville,Regular
R019629,2025-02-01,Metroville,Frequent
R019630,2025-08-13,Riverton,Occasional
R019631,2024-09-17,Metroville,Regular
R019632,2024-03-22,Lakewood,Frequent
R019633,2025-08-19,Riverton,Occasional
R019634,2024-07-26,Metroville,Occasional
R019635,2024-06-07,Metroville,Occasional
R019636,2025-05-16,Metroville,Regular
R019637,2025-01-26,Metroville,Occasional
R019638,2024-01-23,Lakewood,Regular
R019639,2025-10-31,Hillview,Occasional
R019640,2025-01-15,Metroville,Regular
R019641,2024-07-16,Lakewood,Regular
R019642,2024-03-03,Metroville,Regular
R019643,2025-05-16,Lakewood,Occasional
R019644,2025-07-11,Metroville,Frequent
R019645,2025-07-02,Metroville,Regular
R019646,2025-04-09,Hillview,Regular
R019647,2025-10-03,Hillview,Frequent
R019648,2025-03-21,Lakewood,Occasional
R019649,2024-06-25,Metroville,Occasional
R019650,2024-06-10,Riverton,Occasional
R019651,2024-10-08,Riverton,Occasional
R019652,2025-06-14,Lakewood,Occasional
R019653,2024-01-17,Hillview,Frequent
R019654,2024-08-08,Lakewood,Occasional
R019655,2024-11-12,Hillview,Occasional
R019656,2025-02-21,Hillview,Regular
R019657,2024-04-17,Hillview,Occasional
R019658,2024-03-08,Metroville,Occasional
R019659,2025-10-28,Metroville,Frequent
R019660,2024-03-11,Lakewood,Frequent
R019661,2024-02-28,Riverton,Regular
R019662,2024-05-22,Metroville,Regular
R019663,2024-09-08,Metroville,Occasional
R019664,2024-06-07,Metroville,Regular
R019665,2025-08-19,Metroville,Occasional
R019666,2024-04-02,Riverton,Regular
R019667,2024-04-11,Hillview,Occasional
R019668,2024-03-27,Metroville,Regular
R019669,2025-04-22,Metroville,Regular
R019670,2025-10-05,Riverton,Occasional
R019671,2024-04-29,Lakewood,Occasional
R019672,2025-02-09,Lakewood,Regular
R019673,2024-09-29,Lakewood,Frequent
R019674,2025-03-31,Lakewood,Frequent
R019675,2025-04-20,Metroville,Regular
R019676,2024-07-29,Riverton,Regular
R019677,2025-03-18,Hillview,Regular
R019678,2024-02-10,Hillview,Occasional
R019679,2024-12-21,Riverton,Regular
R019680,2025-12-09,Lakewood,Regular
R019681,2025-10-20,Hillview,Frequent
R019682,2024-02-09,Riverton,Occasional
R019683,2024-02-11,Lakewood,Occasional
R019684,2025-08-25,Metroville,Occasional
R019685,2024-06-02,Riverton,Occasional
R019686,2025-05-01,Riverton,Regular
R019687,2025-02-01,Lakewood,Frequent
R019688,2024-10-25,Metroville,Occasional
R019689,2024-08-13,Lakewood,Occasional
R019690,2025-06-30,Riverton,Occasional
R019691,2024-07-07,Metroville,Regular
R019692,2025-07-13,Lakewood,Frequent
R019693,2024-06-19,Metroville,Regular
R019694,2025-10-04,Riverton,Regular
R019695,2025-05-28,Lakewood,Regular
R019696,2025-02-02,Lakewood,Frequent
R019697,2024-03-13,Hillview,Regular
R019698,2024-06-05,Lakewood,Regular
R019699,2025-04-07,Lakewood,Frequent
R019700,2025-02-23,Metroville,Regular
R019701,2024-03-16,Riverton,Occasional
R019702,2024-03-13,Lakewood,Frequent
R019703,2025-03-20,Lakewood,Regular
R019704,2024-10-02,Lakewood,Frequent
R019705,2024-12-12,Riverton,Occasional
R019706,2025-03-22,Lakewood,Frequent
R019707,2025-09-13,Lakewood,Regular
R019708,2024-07-03,Riverton,Regular
R019709,2025-05-22,Riverton,Regular
R019710,2025-09-25,Riverton,Frequent
R019711,2025-10-30,Lakewood,Frequent
R019712,2025-12-15,Hillview,Regular
R019713,2024-01-04,Lakewood,Regular
R019714,2024-02-25,Riverton,Frequent
R019715,2025-09-27,Lakewood,Regular
R019716,2024-05-30,Metroville,Occasional
R019717,2024-07-31,Lakewood,Occasional
R019718,2024-12-12,Lakewood,Regular
R019719,2025-04-25,Metroville,Occasional
R019720,2024-01-28,Riverton,Regular
R019721,2025-04-19,Lakewood,Frequent
R019722,2024-03-09,Riverton,Regular
R019723,2024-09-27,Metroville,Occasional
R019724,2025-10-21,Lakewood,Frequent
R019725,2024-04-01,Lakewood,Regular
R019726,2024-02-03,Lakewood,Occasional
R019727,2024-12-14,Riverton,Occasional
R019728,2024-06-30,Metroville,Regular
R019729,2024-06-28,Metroville,Regular
R019730,2024-11-06,Lakewood,Regular
R019731,2024-05-04,Metroville,Occasional
R019732,2024-01-15,Metroville,Occasional
R019733,2025-11-08,Riverton,Regular
R019734,2025-08-16,Metroville,Occasional
R019735,2024-10-28,Riverton,Frequent
R019736,2025-08-30,Lakewood,Occasional
R019737,2025-12-30,Metroville,Occasional
R019738,2024-10-15,Metroville,Occasional
R019739,2024-04-24,Metroville,Occasional
R019740,2024-05-27,Metroville,Occasional
R019741,2025-12-04,Lakewood,Regular
R019742,2025-10-15,Riverton,Frequent
R019743,2025-05-27,Lakewood,Occasional
R019744,2025-05-11,Lakewood,Occasional
R019745,2024-08-12,Metroville,Occasional
R019746,2025-01-18,Hillview,Occasional
R019747,2024-09-26,Metroville,Occasional
R019748,2024-10-14,Metroville,Occasional
R019749,2025-06-16,Lakewood,Occasional
R019750,2025-01-29,Hillview,Occasional
R019751,2024-11-09,Riverton,Frequent
R019752,2024-07-01,Metroville,Occasional
R019753,2025-04-24,Metroville,Regular
R019754,2024-11-25,Riverton,Occasional
R019755,2024-02-06,Hillview,Regular
R019756,2025-05-17,Metroville,Occasional
R019757,2024-09-02,Metroville,Occasional
R019758,2024-10-28,Metroville,Occasional
R019759,2025-12-24,Metroville,Regular
R019760,2025-05-16,Metroville,Frequent
R019761,2024-02-19,Lakewood,Regular
R019762,2025-06-24,Metroville,Regular
R019763,2024-08-01,Riverton,Regular
R019764,2025-07-05,Lakewood,Frequent
R019765,2024-09-12,Lakewood,Regular
R019766,2025-02-20,Hillview,Occasional
R019767,2025-05-23,Metroville,Regular
R019768,2024-05-14,Metroville,Frequent
R019769,2024-04-09,Lakewood,Frequent
R019770,2025-05-27,Lakewood,Frequent
R019771,2024-02-22,Lakewood,Occasional
R019772,2025-08-22,Lakewood,Regular
R019773,2024-11-13,Metroville,Occasional
R019774,2024-03-10,Lakewood,Frequent
R019775,2025-07-13,Hillview,Occasional
R019776,2025-10-17,Lakewood,Regular
R019777,2024-02-19,Lakewood,Regular
R019778,2025-11-20,Hillview,Occasional
R019779,2024-10-30,Lakewood,Frequent
R019780,2025-05-04,Metroville,Regular
R019781,2024-07-14,Lakewood,Occasional
R019782,2024-03-22,Lakewood,Regular
R019783,2025-12-23,Hillview,Regular
R019784,2025-04-23,Hillview,Occasional
R019785,2024-07-05,Riverton,Frequent
R019786,2024-09-17,Lakewood,Regular
R019787,2025-07-08,Metroville,Regular
R019788,2024-08-10,Lakewood,Regular
R019789,2025-05-18,Metroville,Occasional
R019790,2024-01-27,Hillview,Regular
R019791,2025-12-23,Metroville,Occasional
R019792,2025-06-14,Lakewood,Frequent
R019793,2024-09-03,Lakewood,Frequent
R019794,2025-02-18,Riverton,Regular
R019795,2024-05-07,Lakewood,Occasional
R019796,2024-11-25,Metroville,Regular
R019797,2024-09-15,Riverton,Frequent
R019798,2024-10-11,Lakewood,Occasional
R019799,2025-08-18,Riverton,Occasional
R019800,2024-10-28,Metroville,Occasional
R019801,2024-01-05,Lakewood,Occasional
R019802,2024-11-27,Lakewood,Occasional
R019803,2024-02-08,Metroville,Occasional
R019804,2024-12-15,Riverton,Occasional
R019805,2025-05-12,Hillview,Regular
R019806,2024-03-12,Metroville,Regular
R019807,2024-02-16,Metroville,Occasional
R019808,2024-10-05,Metroville,Frequent
R019809,2024-12-19,Lakewood,Frequent
R019810,2024-02-16,Riverton,Occasional
R019811,2024-08-26,Riverton,Regular
R019812,2025-07-21,Lakewood,Frequent
R019813,2025-02-21,Hillview,Occasional
R019814,2025-01-17,Metroville,Occasional
R019815,2024-03-17,Riverton,Regular
R019816,2025-08-08,Hillview,Occasional
R019817,2025-03-09,Metroville,Regular
R019818,2024-11-10,Metroville,Occasional
R019819,2025-03-25,Hillview,Regular
R019820,2024-04-22,Lakewood,Frequent
R019821,2025-05-10,Riverton,Frequent
R019822,2024-08-07,Metroville,Regular
R019823,2024-01-31,Riverton,Frequent
R019824,2024-06-20,Lakewood,Regular
R019825,2024-09-24,Lakewood,Occasional
R019826,2024-11-18,Metroville,Regular
R019827,2024-06-16,Metroville,Frequent
R019828,2025-07-31,Hillview,Regular
R019829,2024-07-12,Lakewood,Frequent
R019830,2024-03-26,Riverton,Regular
R019831,2024-06-11,Metroville,Occasional
R019832,2024-10-19,Metroville,Occasional
R019833,2024-02-02,Hillview,Regular
R019834,2024-03-08,Lakewood,Occasional
R019835,2024-04-25,Riverton,Regular
R019836,2024-10-13,Metroville,Occasional
R019837,2025-11-27,Lakewood,Occasional
R019838,2025-03-02,Riverton,Occasional
R019839,2024-02-29,Metroville,Occasional
R019840,2024-02-20,Metroville,Occasional
R019841,2024-03-16,Metroville,Frequent
R019842,2024-02-18,Hillview,Frequent
R019843,2025-01-04,Hillview,Occasional
R019844,2025-06-18,Metroville,Occasional
R019845,2024-11-14,Hillview,Occasional
R019846,2024-10-25,Lakewood,Regular
R019847,2025-03-11,Hillview,Regular
R019848,2024-09-14,Lakewood,Occasional
R019849,2025-08-15,Metroville,Regular
R019850,2025-05-17,Hillview,Occasional
R019851,2025-12-20,Hillview,Regular
R019852,2024-03-03,Lakewood,Regular
R019853,2024-11-13,Lakewood,Occasional
R019854,2025-09-21,Riverton,Frequent
R019855,2025-05-07,Metroville,Occasional
R019856,2025-07-21,Hillview,Regular
R019857,2024-12-08,Hillview,Frequent
R019858,2024-10-12,Metroville,Frequent
R019859,2025-07-05,Metroville,Regular
R019860,2024-12-09,Metroville,Regular
R019861,2024-10-25,Hillview,Regular
R019862,2024-10-18,Riverton,Occasional
R019863,2024-03-31,Lakewood,Regular
R019864,2025-07-28,Hillview,Occasional
R019865,2025-09-15,Hillview,Frequent
R019866,2024-01-22,Hillview,Occasional
R019867,2024-10-21,Lakewood,Regular
R019868,2025-05-06,Hillview,Frequent
R019869,2024-04-19,Metroville,Occasional
R019870,2024-08-09,Metroville,Regular
R019871,2025-12-04,Riverton,Regular
R019872,2025-07-24,Metroville,Occasional
R019873,2025-10-04,Metroville,Regular
R019874,2025-12-21,Metroville,Occasional
R019875,2025-05-13,Lakewood,Occasional
R019876,2024-07-23,Lakewood,Occasional
R019877,2025-11-28,Hillview,Occasional
R019878,2024-11-22,Lakewood,Occasional
R019879,2025-01-29,Lakewood,Regular
R019880,2025-02-04,Riverton,Regular
R019881,2025-02-05,Riverton,Occasional
R019882,2025-02-07,Metroville,Occasional
R019883,2025-07-22,Riverton,Frequent
R019884,2024-04-24,Hillview,Occasional
R019885,2024-11-18,Hillview,Regular
R019886,2025-03-02,Metroville,Occasional
R019887,2025-02-11,Riverton,Occasional
R019888,2025-06-13,Riverton,Occasional
R019889,2024-09-01,Metroville,Regular
R019890,2025-11-22,Riverton,Regular
R019891,2024-01-11,Metroville,Frequent
R019892,2025-06-14,Metroville,Occasional
R019893,2024-05-04,Metroville,Regular
R019894,2025-03-17,Metroville,Occasional
R019895,2024-01-18,Metroville,Occasional
R019896,2024-06-19,Hillview,Occasional
R019897,2024-10-13,Metroville,Regular
R019898,2024-03-12,Metroville,Occasional
R019899,2024-08-28,Riverton,Frequent
R019900,2025-04-09,Riverton,Occasional
R019901,2024-04-28,Riverton,Frequent
R019902,2025-04-02,Hillview,Regular
R019903,2024-12-08,Riverton,Frequent
R019904,2025-09-06,Riverton,Regular
R019905,2025-04-11,Lakewood,Regular
R019906,2024-11-22,Lakewood,Occasional
R019907,2025-08-27,Riverton,Occasional
R019908,2024-05-05,Lakewood,Regular
R019909,2025-02-19,Metroville,Occasional
R019910,2024-06-13,Lakewood,Regular
R019911,2024-11-25,Lakewood,Occasional
R019912,2024-12-14,Metroville,Regular
R019913,2025-03-14,Riverton,Regular
R019914,2024-08-16,Riverton,Regular
R019915,2025-04-29,Metroville,Occasional
R019916,2024-05-11,Lakewood,Regular
R019917,2024-05-02,Metroville,Frequent
R019918,2024-03-19,Lakewood,Occasional
R019919,2024-12-18,Metroville,Occasional
R019920,2024-10-28,Hillview,Regular
R019921,2025-08-27,Metroville,Occasional
R019922,2024-09-04,Hillview,Regular
R019923,2025-03-01,Metroville,Regular
R019924,2025-12-07,Riverton,Regular
R019925,2025-03-26,Metroville,Frequent
R019926,2025-09-18,Riverton,Occasional
R019927,2025-01-07,Hillview,Occasional
R019928,2024-05-14,Hillview,Frequent
R019929,2024-11-24,Hillview,Frequent
R019930,2025-07-05,Lakewood,Regular
R019931,2024-03-25,Lakewood,Regular
R019932,2024-12-17,Hillview,Regular
R019933,2025-01-14,Hillview,Regular
R019934,2025-11-08,Lakewood,Regular
R019935,2025-12-16,Lakewood,Regular
R019936,2025-03-21,Metroville,Regular
R019937,2024-06-03,Lakewood,Regular
R019938,2024-05-29,Lakewood,Occasional
R019939,2025-03-14,Hillview,Regular
R019940,2024-05-23,Metroville,Regular
R019941,2025-05-08,Metroville,Frequent
R019942,2025-12-09,Metroville,Regular
R019943,2024-05-16,Metroville,Regular
R019944,2025-11-03,Riverton,Occasional
R019945,2024-01-29,Metroville,Regular
R019946,2024-12-19,Hillview,Occasional
R019947,2024-10-09,Metroville,Regular
R019948,2025-02-16,Riverton,Occasional
R019949,2024-12-19,Metroville,Regular
R019950,2025-02-04,Riverton,Occasional
R019951,2024-03-29,Riverton,Frequent
R019952,2025-07-12,Metroville,Occasional
R019953,2025-11-21,Lakewood,Occasional
R019954,2024-12-13,Riverton,Occasional
R019955,2025-09-19,Metroville,Occasional
R019956,2024-03-30,Lakewood,Occasional
R019957,2025-06-19,Lakewood,Occasional
R019958,2024-08-25,Riverton,Regular
R019959,2025-05-05,Lakewood,Regular
R019960,2025-02-19,Riverton,Occasional
R019961,2024-02-02,Hillview,Occasional
R019962,2024-09-13,Riverton,Occasional
R019963,2024-11-14,Metroville,Frequent
R019964,2025-08-18,Metroville,Occasional
R019965,2024-03-21,Lakewood,Regular
R019966,2025-11-24,Lakewood,Frequent
R019967,2024-02-05,Metroville,Occasional
R019968,2024-06-26,Lakewood,Regular
R019969,2024-04-14,Hillview,Occasional
R019970,2025-10-12,Riverton,Regular
R019971,2025-02-19,Metroville,Occasional
R019972,2025-06-07,Lakewood,Regular
R019973,2025-05-18,Riverton,Frequent
R019974,2025-03-05,Metroville,Occasional
R019975,2024-08-07,Metroville,Regular
R019976,2024-04-05,Hillview,Regular
R019977,2024-11-15,Riverton,Regular
R019978,2024-10-27,Hillview,Occasional
R019979,2024-11-15,Riverton,Occasional
R019980,2025-12-29,Riverton,Frequent
R019981,2024-04-04,Riverton,Occasional
R019982,2025-04-19,Lakewood,Regular
R019983,2024-04-24,Metroville,Regular
R019984,2025-03-09,Metroville,Occasional
R019985,2025-05-10,Lakewood,Occasional
R019986,2024-01-27,Metroville,Occasional
R019987,2024-12-03,Hillview,Occasional
R019988,2024-08-22,Lakewood,Frequent
R019989,2024-12-22,Hillview,Regular
R019990,2024-12-23,Lakewood,Occasional
R019991,2024-12-11,Lakewood,Regular
R019992,2025-04-14,Metroville,Regular
R019993,2024-05-27,Metroville,Occasional
R019994,2025-09-19,Lakewood,Occasional
R019995,2025-09-07,Metroville,Regular
R019996,2024-12-01,Hillview,Occasional
R019997,2025-10-26,Metroville,Occasional
R019998,2024-07-19,Hillview,Regular
R019999,2024-05-30,Lakewood,Regular
R020000,2024-07-24,Lakewood,Regular
R020001,2025-07-25,Hillview,Regular
R020002,2024-04-10,Riverton,Regular
R020003,2024-08-10,Metroville,Occasional
R020004,2024-04-16,Metroville,Occasional
R020005,2024-11-21,Metroville,Regular
R020006,2024-08-11,Riverton,Occasional
R020007,2025-08-21,Riverton,Occasional
R020008,2025-07-15,Hillview,Occasional
R020009,2025-10-09,Metroville,Occasional
R020010,2024-10-29,Metroville,Regular
R020011,2025-01-23,Metroville,Occasional
R020012,2025-09-21,Hillview,Occasional
R020013,2025-06-05,Hillview,Frequent
R020014,2025-11-25,Lakewood,Occasional
R020015,2025-12-18,Lakewood,Occasional
R020016,2024-02-25,Hillview,Occasional
R020017,2024-06-21,Lakewood,Regular
R020018,2025-06-04,Hillview,Frequent
R020019,2024-03-12,Hillview,Frequent
R020020,2024-03-03,Riverton,Occasional
R020021,2024-04-10,Riverton,Occasional
R020022,2024-02-22,Metroville,Regular
R020023,2025-05-02,Metroville,Frequent
R020024,2024-07-20,Hillview,Occasional
R020025,2025-11-20,Metroville,Frequent
R020026,2024-03-15,Metroville,Regular
R020027,2024-11-30,Hillview,Regular
R020028,2025-04-30,Metroville,Regular
R020029,2024-09-20,Riverton,Frequent
R020030,2025-06-08,Riverton,Occasional
R020031,2025-09-07,Metroville,Frequent
R020032,2025-04-12,Metroville,Occasional
R020033,2025-03-20,Metroville,Frequent
R020034,2025-02-25,Metroville,Occasional
R020035,2025-12-28,Metroville,Regular
R020036,2025-07-25,Hillview,Occasional
R020037,2024-02-14,Hillview,Regular
R020038,2025-07-19,Metroville,Occasional
R020039,2024-04-30,Lakewood,Occasional
R020040,2025-09-29,Lakewood,Regular
R020041,2024-08-25,Lakewood,Frequent
R020042,2025-05-22,Hillview,Regular
R020043,2025-06-24,Metroville,Frequent
R020044,2024-09-17,Hillview,Occasional
R020045,2025-12-06,Metroville,Regular
R020046,2025-01-19,Lakewood,Regular
R020047,2024-11-05,Hillview,Frequent
R020048,2024-12-25,Riverton,Regular
R020049,2024-08-13,Riverton,Frequent
R020050,2024-03-19,Metroville,Frequent
R020051,2025-12-19,Lakewood,Occasional
R020052,2025-08-17,Metroville,Regular
R020053,2025-08-19,Lakewood,Frequent
R020054,2025-10-30,Metroville,Occasional
R020055,2025-03-23,Riverton,Regular
R020056,2025-12-21,Lakewood,Occasional
R020057,2025-12-22,Metroville,Occasional
R020058,2024-06-30,Riverton,Regular
R020059,2024-11-18,Metroville,Occasional
R020060,2024-03-11,Lakewood,Frequent
R020061,2025-05-29,Hillview,Regular
R020062,2024-03-22,Lakewood,Regular
R020063,2025-07-12,Riverton,Frequent
R020064,2025-08-11,Hillview,Regular
R020065,2024-10-28,Riverton,Occasional
R020066,2025-04-07,Hillview,Frequent
R020067,2025-11-25,Metroville,Regular
R020068,2025-07-07,Lakewood,Occasional
R020069,2024-11-18,Riverton,Frequent
R020070,2025-10-24,Lakewood,Occasional
R020071,2024-01-30,Metroville,Occasional
R020072,2024-06-14,Metroville,Frequent
R020073,2024-08-27,Riverton,Occasional
R020074,2024-09-23,Riverton,Regular
R020075,2025-05-07,Riverton,Regular
R020076,2025-08-03,Hillview,Regular
R020077,2024-02-08,Lakewood,Occasional
R020078,2024-07-08,Hillview,Regular
R020079,2025-08-21,Metroville,Regular
R020080,2025-01-05,Hillview,Occasional
R020081,2024-08-15,Hillview,Regular
R020082,2024-11-20,Hillview,Occasional
R020083,2025-03-19,Hillview,Frequent
R020084,2025-03-11,Hillview,Frequent
R020085,2025-08-29,Metroville,Regular
R020086,2025-12-24,Hillview,Occasional
R020087,2025-08-14,Metroville,Occasional
R020088,2024-03-16,Hillview,Regular
R020089,2024-11-04,Lakewood,Occasional
R020090,2024-12-20,Metroville,Occasional
R020091,2025-04-05,Metroville,Occasional
R020092,2025-12-02,Metroville,Regular
R020093,2024-11-23,Riverton,Occasional
R020094,2024-09-11,Riverton,Occasional
R020095,2025-10-20,Lakewood,Frequent
R020096,2025-06-26,Lakewood,Frequent
R020097,2024-12-01,Metroville,Regular
R020098,2025-11-11,Lakewood,Regular
R020099,2024-08-09,Riverton,Occasional
R020100,2024-06-25,Riverton,Frequent
R020101,2024-01-16,Metroville,Frequent
R020102,2024-02-29,Riverton,Occasional
R020103,2025-09-24,Hillview,Regular
R020104,2024-02-25,Riverton,Occasional
R020105,2025-07-13,Metroville,Regular
R020106,2024-02-23,Hillview,Occasional
R020107,2024-06-17,Metroville,Frequent
R020108,2024-09-13,Metroville,Regular
R020109,2024-06-06,Metroville,Frequent
R020110,2024-04-02,Lakewood,Regular
R020111,2025-12-24,Hillview,Regular
R020112,2024-10-23,Riverton,Regular
R020113,2024-11-05,Lakewood,Occasional
R020114,2025-07-06,Lakewood,Regular
R020115,2025-10-31,Metroville,Occasional
R020116,2024-08-06,Hillview,Regular
R020117,2024-11-27,Metroville,Frequent
R020118,2024-12-16,Metroville,Regular
R020119,2024-07-09,Hillview,Frequent
R020120,2024-04-03,Metroville,Occasional
R020121,2025-11-05,Metroville,Occasional
R020122,2025-05-26,Hillview,Regular
R020123,2025-05-12,Metroville,Occasional
R020124,2024-08-20,Metroville,Regular
R020125,2025-04-28,Lakewood,Regular
R020126,2024-04-08,Metroville,Occasional
R020127,2024-03-27,Hillview,Occasional
R020128,2025-11-29,Riverton,Frequent
R020129,2024-06-16,Lakewood,Occasional
R020130,2025-07-17,Metroville,Regular
R020131,2024-07-22,Metroville,Frequent
R020132,2025-04-22,Hillview,Regular
R020133,2025-03-24,Metroville,Regular
R020134,2025-06-13,Metroville,Occasional
R020135,2025-11-29,Metroville,Occasional
R020136,2024-11-07,Riverton,Regular
R020137,2025-09-25,Hillview,Occasional
R020138,2024-08-06,Metroville,Regular
R020139,2025-12-06,Metroville,Occasional
R020140,2024-12-31,Hillview,Occasional
R020141,2025-09-09,Metroville,Regular
R020142,2025-08-27,Lakewood,Occasional
R020143,2025-04-09,Lakewood,Regular
R020144,2025-12-06,Lakewood,Occasional
R020145,2025-05-09,Metroville,Occasional
R020146,2025-03-19,Hillview,Regular
R020147,2024-07-04,Metroville,Regular
R020148,2024-10-02,Lakewood,Regular
R020149,2024-01-05,Riverton,Occasional
R020150,2025-06-09,Riverton,Regular
R020151,2025-03-20,Lakewood,Regular
R020152,2025-05-25,Lakewood,Occasional
R020153,2025-04-05,Metroville,Occasional
R020154,2024-06-30,Lakewood,Regular
R020155,2026-01-01,Lakewood,Regular
R020156,2024-11-14,Lakewood,Frequent
R020157,2025-05-27,Riverton,Regular
R020158,2024-04-08,Riverton,Occasional
R020159,2025-03-12,Metroville,Regular
R020160,2024-10-21,Riverton,Occasional
R020161,2025-11-10,Lakewood,Regular
R020162,2025-07-12,Metroville,Frequent
R020163,2025-11-15,Riverton,Occasional
R020164,2024-08-17,Riverton,Occasional
R020165,2025-04-28,Riverton,Occasional
R020166,2025-04-08,Lakewood,Occasional
R020167,2024-07-02,Lakewood,Occasional
R020168,2024-08-27,Lakewood,Occasional
R020169,2025-05-09,Lakewood,Regular
R020170,2024-04-17,Metroville,Frequent
R020171,2024-10-19,Hillview,Occasional
R020172,2025-06-26,Metroville,Occasional
R020173,2025-09-07,Riverton,Occasional
R020174,2025-03-07,Lakewood,Regular
R020175,2025-05-04,Hillview,Frequent
R020176,2025-08-27,Lakewood,Occasional
R020177,2024-06-18,Metroville,Frequent
R020178,2025-05-11,Metroville,Frequent
R020179,2025-06-22,Lakewood,Occasional
R020180,2025-08-21,Lakewood,Occasional
R020181,2025-03-21,Riverton,Frequent
R020182,2024-04-23,Hillview,Frequent
R020183,2024-02-06,Lakewood,Regular
R020184,2025-03-25,Riverton,Occasional
R020185,2024-07-21,Metroville,Occasional
R020186,2024-09-25,Hillview,Occasional
R020187,2024-12-04,Metroville,Regular
R020188,2025-06-30,Riverton,Regular
R020189,2024-09-16,Metroville,Occasional
R020190,2025-02-28,Riverton,Regular
R020191,2024-12-30,Lakewood,Regular
R020192,2024-02-09,Lakewood,Frequent
R020193,2025-05-21,Hillview,Regular
R020194,2025-01-25,Lakewood,Frequent
R020195,2024-06-10,Metroville,Occasional
R020196,2025-06-28,Lakewood,Frequent
R020197,2024-03-13,Metroville,Regular
R020198,2024-07-11,Metroville,Regular
R020199,2024-06-23,Metroville,Occasional
R020200,2025-04-24,Riverton,Occasional
R020201,2025-12-25,Hillview,Occasional
R020202,2025-09-07,Metroville,Occasional
R020203,2024-04-11,Hillview,Occasional
R020204,2024-02-17,Hillview,Regular
R020205,2025-07-31,Riverton,Occasional
R020206,2025-02-27,Riverton,Occasional
R020207,2024-09-19,Riverton,Occasional
R020208,2025-10-11,Lakewood,Frequent
R020209,2024-05-10,Hillview,Occasional
R020210,2024-04-02,Lakewood,Regular
R020211,2024-12-31,Metroville,Occasional
R020212,2024-07-16,Riverton,Regular
R020213,2024-06-19,Metroville,Occasional
R020214,2025-04-03,Metroville,Frequent
R020215,2024-08-11,Metroville,Occasional
R020216,2025-03-04,Lakewood,Occasional
R020217,2025-02-18,Metroville,Occasional
R020218,2025-08-03,Metroville,Frequent
R020219,2025-12-15,Metroville,Occasional
R020220,2025-04-05,Riverton,Regular
R020221,2024-07-29,Metroville,Frequent
R020222,2025-02-25,Riverton,Frequent
R020223,2024-12-19,Hillview,Frequent
R020224,2024-11-26,Riverton,Occasional
R020225,2024-09-09,Metroville,Regular
R020226,2024-02-27,Lakewood,Regular
R020227,2024-06-29,Metroville,Regular
R020228,2025-03-08,Hillview,Regular
R020229,2024-02-21,Metroville,Regular
R020230,2024-04-24,Metroville,Occasional
R020231,2025-02-21,Metroville,Regular
R020232,2025-12-29,Hillview,Regular
R020233,2024-05-02,Metroville,Frequent
R020234,2024-02-27,Metroville,Regular
R020235,2024-09-12,Metroville,Frequent
R020236,2024-02-25,Hillview,Frequent
R020237,2025-10-17,Lakewood,Occasional
R020238,2025-07-30,Hillview,Occasional
R020239,2024-03-26,Hillview,Frequent
R020240,2024-03-15,Riverton,Regular
R020241,2025-01-30,Metroville,Occasional
R020242,2024-10-23,Hillview,Occasional
R020243,2025-05-22,Lakewood,Occasional
R020244,2025-11-09,Lakewood,Occasional
R020245,2024-09-01,Riverton,Frequent
R020246,2025-07-30,Riverton,Occasional
R020247,2024-08-31,Hillview,Regular
R020248,2024-06-19,Hillview,Frequent
R020249,2025-12-11,Lakewood,Frequent
R020250,2024-07-02,Metroville,Occasional
R020251,2024-04-14,Hillview,Occasional
R020252,2025-03-09,Metroville,Occasional
R020253,2025-03-12,Lakewood,Occasional
R020254,2024-12-22,Metroville,Occasional
R020255,2024-03-04,Lakewood,Regular
R020256,2024-03-26,Lakewood,Occasional
R020257,2025-07-08,Riverton,Occasional
R020258,2024-04-26,Hillview,Occasional
R020259,2024-07-20,Hillview,Occasional
R020260,2025-08-10,Lakewood,Occasional
R020261,2024-09-04,Metroville,Regular
R020262,2024-09-09,Lakewood,Regular
R020263,2025-11-01,Lakewood,Regular
R020264,2025-08-07,Lakewood,Occasional
R020265,2025-06-02,Hillview,Regular
R020266,2024-05-18,Lakewood,Frequent
R020267,2024-07-27,Metroville,Regular
R020268,2025-03-14,Riverton,Regular
R020269,2025-09-05,Metroville,Regular
R020270,2025-01-04,Metroville,Occasional
R020271,2025-06-28,Riverton,Frequent
R020272,2024-08-26,Metroville,Regular
R020273,2024-09-24,Riverton,Regular
R020274,2025-03-21,Riverton,Regular
R020275,2025-02-18,Metroville,Occasional
R020276,2024-04-01,Lakewood,Occasional
R020277,2024-10-11,Lakewood,Regular
R020278,2025-09-18,Riverton,Regular
R020279,2025-01-25,Hillview,Frequent
R020280,2025-06-28,Hillview,Regular
R020281,2025-08-28,Metroville,Occasional
R020282,2024-07-29,Lakewood,Regular
R020283,2024-06-20,Metroville,Occasional
R020284,2025-02-28,Metroville,Regular
R020285,2024-12-17,Lakewood,Regular
R020286,2025-10-22,Metroville,Occasional
R020287,2024-05-13,Lakewood,Occasional
R020288,2024-11-05,Riverton,Regular
R020289,2024-02-05,Lakewood,Frequent
R020290,2024-09-22,Hillview,Occasional
R020291,2025-03-05,Hillview,Regular
R020292,2025-08-07,Riverton,Occasional
R020293,2025-09-09,Lakewood,Occasional
R020294,2024-01-01,Metroville,Regular
R020295,2025-09-30,Metroville,Frequent
R020296,2025-05-17,Metroville,Occasional
R020297,2024-05-27,Hillview,Occasional
R020298,2024-06-06,Lakewood,Occasional
R020299,2025-07-22,Lakewood,Regular
R020300,2025-05-23,Lakewood,Occasional
R020301,2024-05-30,Riverton,Occasional
R020302,2024-11-16,Hillview,Regular
R020303,2025-09-20,Metroville,Regular
R020304,2024-01-15,Hillview,Occasional
R020305,2025-01-09,Lakewood,Regular
R020306,2025-10-01,Metroville,Frequent
R020307,2024-01-03,Lakewood,Regular
R020308,2025-02-04,Lakewood,Regular
R020309,2025-02-12,Metroville,Regular
R020310,2024-08-17,Metroville,Occasional
R020311,2025-01-29,Riverton,Occasional
R020312,2025-05-29,Riverton,Occasional
R020313,2024-07-26,Riverton,Regular
R020314,2024-12-29,Lakewood,Occasional
R020315,2025-01-27,Lakewood,Regular
R020316,2024-01-26,Hillview,Frequent
R020317,2024-06-04,Hillview,Occasional
R020318,2025-04-20,Metroville,Occasional
R020319,2024-12-23,Metroville,Regular
R020320,2025-12-10,Riverton,Occasional
R020321,2025-09-14,Metroville,Occasional
R020322,2024-06-11,Riverton,Occasional
R020323,2025-12-30,Metroville,Frequent
R020324,2025-09-23,Metroville,Regular
R020325,2024-11-03,Riverton,Occasional
R020326,2025-03-30,Metroville,Regular
R020327,2024-07-23,Metroville,Occasional
R020328,2024-02-27,Hillview,Occasional
R020329,2024-06-22,Metroville,Regular
R020330,2025-06-18,Lakewood,Regular
R020331,2025-02-21,Lakewood,Frequent
R020332,2024-11-19,Metroville,Regular
R020333,2024-12-18,Metroville,Regular
R020334,2025-08-04,Metroville,Frequent
R020335,2025-05-24,Lakewood,Occasional
R020336,2025-04-10,Hillview,Regular
R020337,2025-01-01,Riverton,Frequent
R020338,2024-01-03,Riverton,Regular
R020339,2024-09-01,Riverton,Occasional
R020340,2024-04-02,Riverton,Frequent
R020341,2025-07-20,Lakewood,Occasional
R020342,2024-09-14,Hillview,Occasional
R020343,2024-06-28,Riverton,Regular
R020344,2024-12-18,Riverton,Occasional
R020345,2024-12-17,Metroville,Occasional
R020346,2025-11-13,Riverton,Occasional
R020347,2024-05-10,Lakewood,Occasional
R020348,2025-08-24,Riverton,Occasional
R020349,2024-06-07,Hillview,Occasional
R020350,2025-08-09,Metroville,Occasional
R020351,2025-01-29,Lakewood,Frequent
R020352,2025-01-29,Hillview,Occasional
R020353,2025-05-31,Metroville,Regular
R020354,2024-03-08,Riverton,Frequent
R020355,2025-08-06,Metroville,Occasional
R020356,2025-06-29,Lakewood,Frequent
R020357,2024-05-25,Hillview,Regular
R020358,2024-03-04,Riverton,Frequent
R020359,2025-06-13,Lakewood,Occasional
R020360,2024-03-07,Riverton,Regular
R020361,2025-02-28,Metroville,Occasional
R020362,2024-07-05,Metroville,Frequent
R020363,2025-06-09,Riverton,Occasional
R020364,2025-11-06,Hillview,Occasional
R020365,2025-09-08,Riverton,Regular
R020366,2025-07-02,Lakewood,Occasional
R020367,2025-04-15,Metroville,Occasional
R020368,2024-02-26,Metroville,Occasional
R020369,2025-11-26,Metroville,Occasional
R020370,2025-11-03,Hillview,Occasional
R020371,2024-02-15,Lakewood,Occasional
R020372,2025-07-27,Riverton,Occasional
R020373,2024-03-19,Metroville,Regular
R020374,2025-03-17,Lakewood,Occasional
R020375,2024-07-01,Metroville,Regular
R020376,2024-04-02,Hillview,Regular
R020377,2024-06-17,Metroville,Regular
R020378,2024-08-22,Metroville,Regular
R020379,2024-09-12,Metroville,Regular
R020380,2024-08-08,Metroville,Regular
R020381,2024-12-04,Metroville,Occasional
R020382,2025-04-13,Hillview,Occasional
R020383,2024-12-05,Hillview,Occasional
R020384,2025-03-06,Lakewood,Occasional
R020385,2024-10-08,Hillview,Occasional
R020386,2024-07-21,Lakewood,Regular
R020387,2024-04-18,Hillview,Regular
R020388,2024-08-15,Metroville,Occasional
R020389,2024-05-20,Lakewood,Regular
R020390,2025-01-14,Metroville,Regular
R020391,2025-04-24,Hillview,Occasional
R020392,2025-09-10,Metroville,Regular
R020393,2024-08-03,Metroville,Occasional
R020394,2024-04-02,Metroville,Occasional
R020395,2025-08-19,Lakewood,Frequent
R020396,2025-06-15,Lakewood,Frequent
R020397,2024-08-19,Riverton,Occasional
R020398,2025-12-29,Riverton,Regular
R020399,2025-04-14,Riverton,Frequent
R020400,2025-07-02,Lakewood,Occasional
R020401,2024-09-14,Lakewood,Occasional
R020402,2024-11-19,Hillview,Occasional
R020403,2024-09-12,Lakewood,Regular
R020404,2025-06-19,Metroville,Occasional
R020405,2025-08-19,Riverton,Occasional
R020406,2025-09-22,Riverton,Occasional
R020407,2024-08-31,Hillview,Frequent
R020408,2025-07-16,Lakewood,Occasional
R020409,2025-05-15,Lakewood,Occasional
R020410,2024-01-10,Riverton,Regular
R020411,2025-08-04,Riverton,Regular
R020412,2024-04-06,Metroville,Occasional
R020413,2024-04-04,Hillview,Regular
R020414,2024-03-19,Metroville,Regular
R020415,2025-02-05,Metroville,Occasional
R020416,2024-01-24,Riverton,Frequent
R020417,2025-01-04,Metroville,Frequent
R020418,2025-06-07,Metroville,Occasional
R020419,2025-01-26,Hillview,Occasional
R020420,2024-07-14,Riverton,Occasional
R020421,2024-09-01,Hillview,Frequent
R020422,2025-06-12,Metroville,Regular
R020423,2024-09-05,Metroville,Regular
R020424,2025-05-02,Metroville,Frequent
R020425,2025-05-18,Metroville,Occasional
R020426,2025-01-18,Lakewood,Frequent
R020427,2024-09-29,Hillview,Frequent
R020428,2024-02-13,Lakewood,Regular
R020429,2025-06-28,Riverton,Occasional
R020430,2024-08-11,Riverton,Frequent
R020431,2024-11-28,Metroville,Occasional
R020432,2024-01-20,Metroville,Occasional
R020433,2025-06-27,Riverton,Occasional
R020434,2025-10-28,Metroville,Occasional
R020435,2025-10-05,Lakewood,Regular
R020436,2024-08-13,Riverton,Occasional
R020437,2024-03-06,Metroville,Regular
R020438,2024-03-10,Metroville,Occasional
R020439,2024-10-05,Riverton,Occasional
R020440,2024-01-02,Lakewood,Occasional
R020441,2024-05-11,Lakewood,Occasional
R020442,2025-03-23,Metroville,Frequent
R020443,2024-01-31,Riverton,Occasional
R020444,2025-03-30,Lakewood,Occasional
R020445,2025-09-27,Hillview,Regular
R020446,2025-12-29,Riverton,Regular
R020447,2025-12-12,Lakewood,Regular
R020448,2024-07-30,Riverton,Regular
R020449,2025-04-17,Metroville,Regular
R020450,2024-02-04,Lakewood,Regular
R020451,2024-06-23,Riverton,Occasional
R020452,2025-07-24,Lakewood,Regular
R020453,2024-05-30,Hillview,Occasional
R020454,2024-08-10,Lakewood,Occasional
R020455,2024-10-27,Metroville,Frequent
R020456,2024-08-30,Metroville,Frequent
R020457,2025-06-25,Metroville,Regular
R020458,2025-10-26,Hillview,Regular
R020459,2025-01-29,Metroville,Frequent
R020460,2025-02-25,Hillview,Occasional
R020461,2025-06-19,Lakewood,Regular
R020462,2024-10-20,Hillview,Occasional
R020463,2024-11-28,Lakewood,Frequent
R020464,2025-11-26,Hillview,Regular
R020465,2024-10-08,Riverton,Regular
R020466,2024-07-13,Metroville,Regular
R020467,2024-01-16,Lakewood,Regular
R020468,2024-01-16,Metroville,Occasional
R020469,2025-07-16,Metroville,Regular
R020470,2024-06-18,Metroville,Occasional
R020471,2025-06-25,Metroville,Occasional
R020472,2024-02-02,Lakewood,Occasional
R020473,2025-08-05,Riverton,Occasional
R020474,2024-10-25,Hillview,Regular
R020475,2025-08-20,Lakewood,Occasional
R020476,2025-08-31,Riverton,Occasional
R020477,2025-02-21,Lakewood,Regular
R020478,2025-12-14,Lakewood,Occasional
R020479,2025-11-23,Lakewood,Occasional
R020480,2025-05-27,Hillview,Regular
R020481,2024-12-26,Metroville,Frequent
R020482,2025-11-08,Metroville,Occasional
R020483,2025-12-10,Riverton,Occasional
R020484,2024-10-26,Metroville,Regular
R020485,2024-08-25,Metroville,Frequent
R020486,2024-08-09,Metroville,Frequent
R020487,2025-11-15,Metroville,Regular
R020488,2024-04-22,Metroville,Occasional
R020489,2024-01-03,Metroville,Regular
R020490,2025-01-01,Hillview,Frequent
R020491,2025-11-27,Riverton,Regular
R020492,2024-08-27,Metroville,Occasional
R020493,2025-01-04,Metroville,Occasional
R020494,2024-03-19,Hillview,Occasional
R020495,2025-08-23,Riverton,Occasional
R020496,2025-11-13,Riverton,Occasional
R020497,2025-04-09,Lakewood,Frequent
R020498,2024-03-31,Metroville,Regular
R020499,2024-03-12,Metroville,Occasional
R020500,2025-06-25,Lakewood,Regular
R020501,2024-04-03,Lakewood,Occasional
R020502,2024-02-19,Hillview,Occasional
R020503,2025-10-13,Metroville,Occasional
R020504,2025-01-20,Metroville,Frequent
R020505,2025-03-11,Hillview,Regular
R020506,2025-05-08,Hillview,Occasional
R020507,2024-09-09,Metroville,Regular
R020508,2024-06-20,Metroville,Occasional
R020509,2025-01-15,Lakewood,Occasional
R020510,2024-02-25,Metroville,Frequent
R020511,2024-08-04,Hillview,Frequent
R020512,2025-03-10,Metroville,Regular
R020513,2025-11-21,Metroville,Occasional
R020514,2025-03-17,Lakewood,Occasional
R020515,2025-07-04,Riverton,Occasional
R020516,2024-08-16,Hillview,Occasional
R020517,2024-02-11,Riverton,Frequent
R020518,2024-10-02,Metroville,Occasional
R020519,2025-05-20,Riverton,Regular
R020520,2024-02-03,Metroville,Occasional
R020521,2025-09-25,Metroville,Regular
R020522,2024-08-04,Metroville,Frequent
R020523,2025-05-18,Metroville,Occasional
R020524,2025-10-08,Lakewood,Occasional
R020525,2025-03-23,Riverton,Regular
R020526,2024-05-05,Metroville,Occasional
R020527,2024-07-06,Lakewood,Occasional
R020528,2024-12-08,Metroville,Frequent
R020529,2025-12-17,Lakewood,Regular
R020530,2025-05-10,Lakewood,Regular
R020531,2025-03-27,Metroville,Regular
R020532,2025-08-10,Hillview,Occasional
R020533,2024-04-13,Lakewood,Regular
R020534,2024-02-29,Hillview,Occasional
R020535,2025-03-03,Hillview,Occasional
R020536,2025-03-09,Metroville,Frequent
R020537,2024-07-07,Hillview,Frequent
R020538,2025-04-04,Riverton,Occasional
R020539,2024-04-22,Lakewood,Regular
R020540,2024-05-24,Riverton,Regular
R020541,2025-10-16,Lakewood,Occasional
R020542,2024-01-23,Lakewood,Occasional
R020543,2025-02-12,Lakewood,Regular
R020544,2025-09-10,Hillview,Regular
R020545,2025-06-05,Hillview,Regular
R020546,2024-11-18,Metroville,Occasional
R020547,2024-08-18,Lakewood,Regular
R020548,2024-02-14,Metroville,Occasional
R020549,2024-03-31,Hillview,Regular
R020550,2025-02-27,Metroville,Regular
R020551,2025-01-21,Metroville,Regular
R020552,2024-10-02,Riverton,Occasional
R020553,2024-08-02,Riverton,Regular
R020554,2024-02-28,Lakewood,Regular
R020555,2024-03-31,Riverton,Occasional
R020556,2024-07-29,Riverton,Occasional
R020557,2025-11-07,Metroville,Regular
R020558,2024-08-27,Metroville,Occasional
R020559,2024-03-25,Lakewood,Regular
R020560,2025-02-24,Riverton,Occasional
R020561,2024-04-02,Riverton,Occasional
R020562,2024-10-22,Lakewood,Occasional
R020563,2025-06-16,Riverton,Occasional
R020564,2024-03-19,Metroville,Regular
R020565,2025-11-06,Metroville,Regular
R020566,2025-04-10,Lakewood,Occasional
R020567,2025-10-31,Metroville,Occasional
R020568,2025-06-17,Hillview,Occasional
R020569,2025-12-08,Hillview,Frequent
R020570,2025-01-06,Lakewood,Occasional
R020571,2024-01-12,Metroville,Frequent
R020572,2024-02-16,Metroville,Regular
R020573,2024-05-14,Lakewood,Frequent
R020574,2024-03-16,Hillview,Occasional
R020575,2025-08-14,Metroville,Frequent
R020576,2025-11-22,Metroville,Frequent
R020577,2025-03-31,Lakewood,Occasional
R020578,2024-05-18,Lakewood,Frequent
R020579,2025-12-17,Riverton,Occasional
R020580,2024-08-13,Riverton,Occasional
R020581,2025-10-07,Riverton,Occasional
R020582,2025-05-18,Lakewood,Occasional
R020583,2024-11-16,Metroville,Regular
R020584,2025-08-02,Riverton,Regular
R020585,2025-04-30,Lakewood,Occasional
R020586,2025-10-28,Metroville,Occasional
R020587,2025-03-20,Hillview,Occasional
R020588,2024-10-16,Riverton,Regular
R020589,2024-03-10,Lakewood,Occasional
R020590,2025-12-27,Hillview,Regular
R020591,2025-07-25,Riverton,Regular
R020592,2024-03-17,Hillview,Regular
R020593,2025-03-20,Riverton,Regular
R020594,2025-08-28,Riverton,Frequent
R020595,2025-05-27,Metroville,Regular
R020596,2024-07-18,Lakewood,Occasional
R020597,2024-04-11,Riverton,Frequent
R020598,2025-11-16,Hillview,Regular
R020599,2024-09-28,Hillview,Occasional
R020600,2025-09-28,Metroville,Regular
R020601,2024-12-06,Riverton,Occasional
R020602,2025-07-11,Metroville,Occasional
R020603,2024-06-26,Riverton,Occasional
R020604,2025-03-17,Metroville,Occasional
R020605,2025-02-14,Lakewood,Occasional
R020606,2024-06-05,Lakewood,Regular
R020607,2025-05-13,Hillview,Regular
R020608,2024-12-04,Riverton,Occasional
R020609,2025-04-23,Metroville,Regular
R020610,2024-01-26,Riverton,Occasional
R020611,2024-03-30,Riverton,Regular
R020612,2025-06-03,Lakewood,Regular
R020613,2025-12-30,Metroville,Occasional
R020614,2024-03-25,Hillview,Regular
R020615,2024-01-19,Metroville,Occasional
R020616,2024-07-08,Metroville,Regular
R020617,2024-02-01,Lakewood,Occasional
R020618,2024-06-28,Metroville,Occasional
R020619,2025-05-21,Lakewood,Occasional
R020620,2025-07-30,Metroville,Regular
R020621,2025-04-06,Lakewood,Regular
R020622,2024-10-20,Lakewood,Occasional
R020623,2024-04-23,Lakewood,Occasional
R020624,2025-01-26,Metroville,Occasional
R020625,2025-12-07,Lakewood,Frequent
R020626,2024-06-01,Riverton,Frequent
R020627,2025-02-01,Riverton,Frequent
R020628,2024-09-01,Metroville,Regular
R020629,2024-09-18,Lakewood,Occasional
R020630,2025-01-09,Lakewood,Regular
R020631,2024-05-03,Metroville,Regular
R020632,2024-05-22,Lakewood,Frequent
R020633,2024-01-31,Riverton,Regular
R020634,2025-05-19,Hillview,Regular
R020635,2025-10-27,Metroville,Regular
R020636,2024-11-24,Lakewood,Frequent
R020637,2025-03-30,Hillview,Occasional
R020638,2025-12-21,Lakewood,Frequent
R020639,2025-07-09,Hillview,Occasional
R020640,2024-06-29,Riverton,Occasional
R020641,2025-07-21,Hillview,Occasional
R020642,2024-10-16,Riverton,Occasional
R020643,2025-12-03,Metroville,Regular
R020644,2025-11-07,Riverton,Occasional
R020645,2024-01-31,Metroville,Occasional
R020646,2025-10-10,Riverton,Occasional
R020647,2024-06-24,Lakewood,Occasional
R020648,2024-12-20,Riverton,Regular
R020649,2025-07-02,Metroville,Occasional
R020650,2024-03-31,Metroville,Frequent
R020651,2024-01-12,Metroville,Occasional
R020652,2024-10-26,Lakewood,Regular
R020653,2025-03-01,Metroville,Frequent
R020654,2025-03-05,Metroville,Occasional
R020655,2025-11-28,Hillview,Regular
R020656,2024-07-05,Riverton,Regular
R020657,2025-06-05,Lakewood,Regular
R020658,2024-05-19,Riverton,Frequent
R020659,2024-11-25,Metroville,Occasional
R020660,2025-01-24,Riverton,Regular
R020661,2024-11-10,Lakewood,Regular
R020662,2024-05-08,Metroville,Regular
R020663,2024-05-19,Riverton,Occasional
R020664,2025-10-02,Hillview,Occasional
R020665,2025-11-26,Metroville,Occasional
R020666,2024-02-24,Metroville,Regular
R020667,2024-06-19,Riverton,Regular
R020668,2025-12-23,Metroville,Occasional
R020669,2024-03-26,Lakewood,Occasional
R020670,2025-01-28,Metroville,Occasional
R020671,2024-07-30,Metroville,Occasional
R020672,2025-12-20,Riverton,Occasional
R020673,2025-06-29,Hillview,Regular
R020674,2025-07-04,Lakewood,Regular
R020675,2024-02-18,Hillview,Regular
R020676,2024-04-21,Metroville,Occasional
R020677,2025-08-04,Metroville,Occasional
R020678,2024-06-15,Metroville,Occasional
R020679,2024-11-13,Metroville,Occasional
R020680,2024-03-19,Riverton,Frequent
R020681,2024-01-17,Hillview,Frequent
R020682,2025-06-17,Metroville,Occasional
R020683,2024-05-09,Hillview,Frequent
R020684,2024-05-03,Lakewood,Occasional
R020685,2025-09-09,Metroville,Regular
R020686,2025-06-07,Lakewood,Occasional
R020687,2024-06-05,Lakewood,Regular
R020688,2025-09-21,Riverton,Frequent
R020689,2025-12-11,Riverton,Frequent
R020690,2024-10-28,Riverton,Frequent
R020691,2024-11-28,Riverton,Occasional
R020692,2025-04-28,Riverton,Regular
R020693,2024-04-17,Metroville,Occasional
R020694,2025-10-17,Hillview,Occasional
R020695,2024-04-01,Metroville,Occasional
R020696,2025-07-05,Lakewood,Occasional
R020697,2025-02-26,Riverton,Regular
R020698,2024-04-05,Metroville,Regular
R020699,2024-11-19,Lakewood,Occasional
R020700,2024-08-02,Metroville,Frequent
R020701,2025-11-17,Metroville,Occasional
R020702,2025-01-27,Riverton,Frequent
R020703,2024-09-26,Hillview,Regular
R020704,2024-07-12,Metroville,Occasional
R020705,2024-04-14,Hillview,Regular
R020706,2025-01-05,Lakewood,Occasional
R020707,2025-01-07,Riverton,Occasional
R020708,2025-11-28,Riverton,Frequent
R020709,2025-04-19,Riverton,Occasional
R020710,2024-11-27,Lakewood,Frequent
R020711,2024-09-29,Lakewood,Regular
R020712,2024-07-10,Riverton,Regular
R020713,2025-04-18,Hillview,Occasional
R020714,2024-04-17,Lakewood,Frequent
R020715,2024-01-05,Hillview,Regular
R020716,2025-10-21,Lakewood,Frequent
R020717,2024-01-25,Riverton,Occasional
R020718,2024-06-17,Riverton,Regular
R020719,2025-02-12,Metroville,Occasional
R020720,2024-05-21,Lakewood,Regular
R020721,2025-05-05,Riverton,Frequent
R020722,2025-02-07,Riverton,Occasional
R020723,2024-02-24,Lakewood,Occasional
R020724,2024-12-03,Riverton,Regular
R020725,2025-08-30,Hillview,Regular
R020726,2024-10-09,Metroville,Occasional
R020727,2025-05-10,Metroville,Frequent
R020728,2025-02-27,Hillview,Occasional
R020729,2024-12-03,Metroville,Frequent
R020730,2025-02-20,Hillview,Occasional
R020731,2024-12-22,Lakewood,Regular
R020732,2024-02-20,Lakewood,Occasional
R020733,2024-11-15,Riverton,Regular
R020734,2024-10-30,Riverton,Regular
R020735,2025-07-24,Metroville,Occasional
R020736,2025-06-11,Metroville,Occasional
R020737,2025-02-23,Riverton,Regular
R020738,2024-10-06,Riverton,Occasional
R020739,2025-04-06,Metroville,Occasional
R020740,2025-12-31,Metroville,Occasional
R020741,2025-09-04,Riverton,Regular
R020742,2024-06-21,Riverton,Occasional
R020743,2024-07-24,Riverton,Regular
R020744,2024-12-29,Hillview,Regular
R020745,2025-04-28,Riverton,Occasional
R020746,2025-05-08,Riverton,Regular
R020747,2025-07-27,Lakewood,Regular
R020748,2025-02-05,Lakewood,Occasional
R020749,2025-08-26,Hillview,Regular
R020750,2024-01-29,Metroville,Occasional
R020751,2024-06-08,Lakewood,Regular
R020752,2025-01-11,Metroville,Frequent
R020753,2025-01-17,Riverton,Regular
R020754,2025-12-08,Riverton,Occasional
R020755,2025-04-27,Metroville,Regular
R020756,2024-10-24,Riverton,Frequent
R020757,2025-03-05,Riverton,Regular
R020758,2024-03-26,Hillview,Regular
R020759,2024-10-13,Riverton,Occasional
R020760,2024-01-16,Riverton,Regular
R020761,2024-04-19,Metroville,Occasional
R020762,2024-10-28,Hillview,Regular
R020763,2024-01-04,Riverton,Regular
R020764,2024-05-15,Hillview,Occasional
R020765,2025-10-16,Riverton,Frequent
R020766,2025-09-02,Hillview,Regular
R020767,2025-02-20,Riverton,Regular
R020768,2025-11-28,Metroville,Regular
R020769,2024-01-23,Lakewood,Frequent
R020770,2025-11-19,Metroville,Regular
R020771,2024-12-29,Metroville,Regular
R020772,2024-10-01,Metroville,Regular
R020773,2025-08-01,Riverton,Frequent
R020774,2024-11-28,Riverton,Regular
R020775,2025-03-16,Hillview,Frequent
R020776,2024-08-18,Hillview,Regular
R020777,2025-01-18,Metroville,Occasional
R020778,2024-04-04,Riverton,Frequent
R020779,2024-06-06,Hillview,Regular
R020780,2025-02-13,Riverton,Regular
R020781,2025-11-21,Metroville,Regular
R020782,2024-05-16,Hillview,Regular
R020783,2025-02-27,Lakewood,Regular
R020784,2024-02-13,Lakewood,Frequent
R020785,2025-01-05,Metroville,Regular
R020786,2025-09-13,Hillview,Regular
R020787,2024-09-05,Hillview,Regular
R020788,2025-08-07,Riverton,Regular
R020789,2024-10-14,Metroville,Regular
R020790,2025-11-09,Metroville,Frequent
R020791,2025-04-05,Hillview,Regular
R020792,2024-08-27,Hillview,Occasional
R020793,2024-07-13,Hillview,Occasional
R020794,2025-09-29,Riverton,Occasional
R020795,2024-12-18,Metroville,Regular
R020796,2024-10-18,Lakewood,Occasional
R020797,2025-03-05,Metroville,Frequent
R020798,2024-02-23,Lakewood,Occasional
R020799,2024-05-14,Metroville,Frequent
R020800,2024-12-01,Lakewood,Frequent
R020801,2024-08-01,Riverton,Frequent
R020802,2025-02-09,Hillview,Occasional
R020803,2024-09-12,Metroville,Regular
R020804,2024-11-12,Hillview,Regular
R020805,2025-07-24,Metroville,Frequent
R020806,2025-07-28,Hillview,Regular
R020807,2024-08-02,Lakewood,Occasional
R020808,2024-09-14,Metroville,Occasional
R020809,2025-04-13,Riverton,Occasional
R020810,2025-11-05,Metroville,Regular
R020811,2025-02-02,Riverton,Frequent
R020812,2024-02-24,Riverton,Regular
R020813,2025-03-12,Lakewood,Frequent
R020814,2025-06-11,Riverton,Regular
R020815,2025-11-16,Lakewood,Regular
R020816,2025-11-11,Metroville,Occasional
R020817,2025-05-20,Riverton,Regular
R020818,2025-02-08,Hillview,Occasional
R020819,2024-05-02,Metroville,Occasional
R020820,2025-10-05,Metroville,Frequent
R020821,2024-12-14,Metroville,Occasional
R020822,2025-05-21,Riverton,Frequent
R020823,2025-06-22,Hillview,Occasional
R020824,2024-01-11,Riverton,Occasional
R020825,2024-09-30,Riverton,Regular
R020826,2025-05-06,Lakewood,Frequent
R020827,2024-12-12,Riverton,Occasional
R020828,2025-04-25,Lakewood,Occasional
R020829,2025-02-15,Metroville,Regular
R020830,2024-01-01,Lakewood,Frequent
R020831,2024-08-11,Lakewood,Occasional
R020832,2024-10-26,Hillview,Regular
R020833,2024-10-08,Riverton,Occasional
R020834,2024-01-29,Lakewood,Occasional
R020835,2024-01-14,Lakewood,Occasional
R020836,2024-08-02,Riverton,Regular
R020837,2025-09-15,Metroville,Frequent
R020838,2025-12-23,Lakewood,Occasional
R020839,2025-09-04,Hillview,Regular
R020840,2025-11-19,Riverton,Regular
R020841,2025-11-08,Hillview,Occasional
R020842,2025-05-16,Hillview,Occasional
R020843,2024-03-30,Riverton,Frequent
R020844,2024-09-25,Metroville,Occasional
R020845,2025-06-22,Lakewood,Occasional
R020846,2024-10-17,Lakewood,Occasional
R020847,2024-07-15,Lakewood,Regular
R020848,2024-01-28,Riverton,Regular
R020849,2024-09-04,Lakewood,Frequent
R020850,2024-09-04,Metroville,Regular
R020851,2025-08-18,Metroville,Occasional
R020852,2025-07-28,Riverton,Occasional
R020853,2024-03-23,Lakewood,Frequent
R020854,2025-01-15,Metroville,Regular
R020855,2025-10-22,Riverton,Regular
R020856,2024-12-14,Metroville,Regular
R020857,2025-12-01,Metroville,Occasional
R020858,2024-03-07,Metroville,Regular
R020859,2024-08-23,Riverton,Occasional
R020860,2025-11-03,Metroville,Regular
R020861,2025-06-08,Metroville,Frequent
R020862,2024-07-26,Metroville,Frequent
R020863,2025-10-14,Hillview,Occasional
R020864,2024-10-07,Metroville,Occasional
R020865,2025-08-03,Lakewood,Regular
R020866,2024-08-30,Metroville,Regular
R020867,2024-09-05,Riverton,Regular
R020868,2024-08-28,Metroville,Regular
R020869,2024-09-24,Lakewood,Occasional
R020870,2025-03-14,Metroville,Occasional
R020871,2025-08-15,Riverton,Regular
R020872,2025-04-03,Metroville,Frequent
R020873,2024-01-19,Metroville,Occasional
R020874,2025-03-14,Lakewood,Occasional
R020875,2024-11-11,Hillview,Occasional
R020876,2024-02-20,Hillview,Frequent
R020877,2024-08-29,Hillview,Occasional
R020878,2025-12-10,Lakewood,Occasional
R020879,2024-09-12,Lakewood,Regular
R020880,2025-06-06,Riverton,Occasional
R020881,2024-05-26,Metroville,Occasional
R020882,2025-10-08,Metroville,Frequent
R020883,2025-08-18,Metroville,Regular
R020884,2024-04-26,Hillview,Regular
R020885,2025-05-20,Riverton,Regular
R020886,2025-11-13,Metroville,Regular
R020887,2025-10-24,Riverton,Occasional
R020888,2025-06-12,Riverton,Frequent
R020889,2025-06-18,Lakewood,Occasional
R020890,2025-01-01,Metroville,Occasional
R020891,2024-04-19,Riverton,Occasional
R020892,2024-01-17,Metroville,Regular
R020893,2024-08-02,Metroville,Regular
R020894,2024-07-04,Lakewood,Regular
R020895,2025-10-30,Metroville,Regular
R020896,2025-09-05,Riverton,Occasional
R020897,2024-08-25,Metroville,Regular
R020898,2024-10-04,Riverton,Occasional
R020899,2025-06-28,Lakewood,Frequent
R020900,2025-05-11,Lakewood,Regular
R020901,2025-10-10,Metroville,Occasional
R020902,2025-06-18,Metroville,Occasional
R020903,2025-05-21,Metroville,Occasional
R020904,2025-07-21,Metroville,Occasional
R020905,2025-10-16,Metroville,Regular
R020906,2024-10-06,Lakewood,Occasional
R020907,2024-07-02,Riverton,Occasional
R020908,2025-10-27,Riverton,Occasional
R020909,2024-04-28,Lakewood,Occasional
R020910,2024-08-01,Lakewood,Occasional
R020911,2024-04-09,Hillview,Regular
R020912,2025-09-03,Lakewood,Frequent
R020913,2025-11-02,Metroville,Regular
R020914,2024-11-06,Metroville,Regular
R020915,2024-03-13,Metroville,Frequent
R020916,2024-06-20,Riverton,Occasional
R020917,2025-02-27,Metroville,Frequent
R020918,2024-09-08,Lakewood,Frequent
R020919,2025-07-03,Metroville,Regular
R020920,2025-08-08,Lakewood,Occasional
R020921,2024-11-15,Riverton,Regular
R020922,2025-03-26,Metroville,Occasional
R020923,2024-02-16,Metroville,Regular
R020924,2024-04-10,Hillview,Regular
R020925,2024-09-02,Riverton,Regular
R020926,2024-03-31,Hillview,Frequent
R020927,2024-01-11,Metroville,Occasional
R020928,2025-05-18,Riverton,Regular
R020929,2024-01-18,Metroville,Occasional
R020930,2024-06-24,Lakewood,Regular
R020931,2025-06-12,Riverton,Occasional
R020932,2024-06-01,Metroville,Occasional
R020933,2024-06-15,Lakewood,Occasional
R020934,2025-07-02,Metroville,Occasional
R020935,2024-01-17,Metroville,Frequent
R020936,2024-08-24,Riverton,Occasional
R020937,2025-01-27,Metroville,Frequent
R020938,2024-02-19,Lakewood,Regular
R020939,2025-04-22,Riverton,Frequent
R020940,2024-11-06,Lakewood,Regular
R020941,2024-08-15,Metroville,Occasional
R020942,2025-02-20,Metroville,Occasional
R020943,2024-01-29,Lakewood,Occasional
R020944,2025-03-16,Hillview,Regular
R020945,2024-12-05,Hillview,Regular
R020946,2024-02-12,Lakewood,Regular
R020947,2025-07-29,Lakewood,Regular
R020948,2024-11-28,Riverton,Occasional
R020949,2024-02-20,Hillview,Occasional
R020950,2024-09-20,Lakewood,Regular
R020951,2025-06-29,Riverton,Regular
R020952,2024-11-24,Metroville,Occasional
R020953,2024-10-10,Hillview,Regular
R020954,2024-01-31,Lakewood,Occasional
R020955,2024-02-17,Lakewood,Occasional
R020956,2024-08-04,Metroville,Occasional
R020957,2024-07-17,Metroville,Occasional
R020958,2025-04-16,Lakewood,Occasional
R020959,2024-12-10,Hillview,Regular
R020960,2024-04-02,Lakewood,Regular
R020961,2025-04-21,Lakewood,Frequent
R020962,2025-12-03,Metroville,Occasional
R020963,2025-09-20,Metroville,Occasional
R020964,2025-12-28,Riverton,Regular
R020965,2024-12-17,Hillview,Regular
R020966,2024-09-20,Lakewood,Regular
R020967,2024-02-10,Metroville,Occasional
R020968,2025-05-13,Lakewood,Occasional
R020969,2024-11-18,Lakewood,Regular
R020970,2025-04-10,Riverton,Regular
R020971,2024-08-08,Lakewood,Occasional
R020972,2024-05-02,Hillview,Frequent
R020973,2025-05-20,Riverton,Regular
R020974,2024-10-11,Metroville,Occasional
R020975,2025-01-22,Metroville,Regular
R020976,2025-12-18,Lakewood,Occasional
R020977,2024-07-24,Riverton,Frequent
R020978,2024-04-03,Lakewood,Occasional
R020979,2025-06-05,Riverton,Frequent
R020980,2025-02-25,Metroville,Regular
R020981,2024-10-18,Metroville,Occasional
R020982,2025-03-14,Metroville,Frequent
R020983,2025-11-06,Lakewood,Frequent
R020984,2024-05-02,Lakewood,Regular
R020985,2025-08-01,Hillview,Regular
R020986,2025-01-26,Lakewood,Regular
R020987,2025-08-12,Lakewood,Regular
R020988,2025-11-02,Riverton,Occasional
R020989,2024-04-27,Riverton,Occasional
R020990,2024-03-25,Metroville,Frequent
R020991,2024-01-03,Riverton,Regular
R020992,2024-05-18,Lakewood,Occasional
R020993,2024-09-10,Lakewood,Frequent
R020994,2024-07-06,Hillview,Occasional
R020995,2025-08-25,Riverton,Regular
R020996,2025-07-03,Riverton,Occasional
R020997,2024-09-14,Hillview,Occasional
R020998,2025-02-26,Riverton,Regular
R020999,2024-08-16,Metroville,Occasional
R021000,2025-01-03,Lakewood,Frequent
R021001,2024-07-31,Riverton,Frequent
R021002,2025-08-02,Metroville,Occasional
R021003,2024-06-15,Hillview,Frequent
R021004,2025-12-17,Metroville,Frequent
R021005,2025-11-13,Lakewood,Occasional
R021006,2024-05-23,Metroville,Occasional
R021007,2025-02-21,Riverton,Regular
R021008,2025-08-17,Riverton,Occasional
R021009,2025-09-09,Lakewood,Regular
R021010,2024-09-27,Metroville,Regular
R021011,2025-02-04,Lakewood,Regular
R021012,2024-04-16,Metroville,Regular
R021013,2024-07-03,Metroville,Regular
R021014,2024-07-06,Metroville,Regular
R021015,2024-07-28,Hillview,Frequent
R021016,2024-10-19,Metroville,Occasional
R021017,2025-05-18,Metroville,Occasional
R021018,2025-10-20,Metroville,Occasional
R021019,2025-03-01,Riverton,Regular
R021020,2024-12-16,Lakewood,Occasional
R021021,2025-05-29,Metroville,Regular
R021022,2025-03-25,Metroville,Occasional
R021023,2024-11-22,Metroville,Occasional
R021024,2024-01-25,Riverton,Regular
R021025,2025-01-31,Hillview,Occasional
R021026,2024-02-16,Hillview,Regular
R021027,2025-03-23,Lakewood,Regular
R021028,2025-11-17,Lakewood,Frequent
R021029,2025-08-06,Metroville,Frequent
R021030,2025-09-05,Riverton,Occasional
R021031,2024-12-03,Riverton,Occasional
R021032,2024-12-24,Hillview,Occasional
R021033,2025-01-19,Hillview,Frequent
R021034,2024-05-26,Riverton,Regular
R021035,2025-12-18,Metroville,Frequent
R021036,2024-01-30,Hillview,Frequent
R021037,2025-12-25,Metroville,Frequent
R021038,2025-12-14,Metroville,Occasional
R021039,2025-11-19,Hillview,Regular
R021040,2024-01-05,Lakewood,Occasional
R021041,2025-11-29,Metroville,Occasional
R021042,2024-06-22,Lakewood,Occasional
R021043,2024-07-09,Riverton,Frequent
R021044,2025-05-15,Metroville,Regular
R021045,2024-10-18,Lakewood,Regular
R021046,2025-11-17,Metroville,Regular
R021047,2024-12-29,Lakewood,Regular
R021048,2024-03-26,Metroville,Occasional
R021049,2024-06-24,Riverton,Frequent
R021050,2025-07-20,Metroville,Occasional
R021051,2025-02-25,Lakewood,Regular
R021052,2024-08-30,Riverton,Occasional
R021053,2024-06-09,Metroville,Regular
R021054,2025-05-12,Riverton,Regular
R021055,2024-07-14,Metroville,Frequent
R021056,2024-03-11,Lakewood,Occasional
R021057,2025-02-11,Riverton,Occasional
R021058,2025-09-25,Hillview,Occasional
R021059,2024-08-13,Hillview,Regular
R021060,2025-06-01,Hillview,Regular
R021061,2024-11-22,Metroville,Regular
R021062,2025-11-30,Lakewood,Occasional
R021063,2025-03-20,Riverton,Occasional
R021064,2025-01-02,Riverton,Occasional
R021065,2024-06-15,Lakewood,Regular
R021066,2025-10-11,Metroville,Regular
R021067,2024-02-03,Lakewood,Frequent
R021068,2025-01-30,Riverton,Occasional
R021069,2024-07-13,Riverton,Occasional
R021070,2025-01-10,Metroville,Occasional
R021071,2025-12-20,Metroville,Regular
R021072,2024-03-10,Hillview,Regular
R021073,2024-02-08,Lakewood,Frequent
R021074,2025-08-18,Hillview,Occasional
R021075,2025-05-26,Hillview,Frequent
R021076,2024-10-28,Hillview,Regular
R021077,2024-06-11,Lakewood,Occasional
R021078,2025-03-15,Riverton,Frequent
R021079,2024-07-07,Lakewood,Occasional
R021080,2025-04-21,Metroville,Occasional
R021081,2024-10-23,Lakewood,Occasional
R021082,2025-07-21,Lakewood,Regular
R021083,2025-04-26,Metroville,Regular
R021084,2025-02-25,Lakewood,Regular
R021085,2024-03-12,Lakewood,Occasional
R021086,2025-03-29,Riverton,Frequent
R021087,2025-05-26,Hillview,Regular
R021088,2025-01-16,Riverton,Occasional
R021089,2025-03-09,Riverton,Frequent
R021090,2025-03-25,Metroville,Frequent
R021091,2024-06-20,Lakewood,Occasional
R021092,2024-11-21,Metroville,Regular
R021093,2024-04-02,Lakewood,Occasional
R021094,2025-07-22,Riverton,Regular
R021095,2024-04-16,Hillview,Occasional
R021096,2025-08-16,Lakewood,Occasional
R021097,2025-04-10,Lakewood,Occasional
R021098,2025-01-13,Metroville,Occasional
R021099,2025-01-04,Riverton,Occasional
R021100,2024-04-17,Metroville,Regular
R021101,2025-04-22,Lakewood,Occasional
R021102,2024-09-30,Metroville,Occasional
R021103,2025-07-27,Metroville,Occasional
R021104,2025-09-06,Riverton,Regular
R021105,2025-11-02,Riverton,Occasional
R021106,2025-11-02,Riverton,Regular
R021107,2025-07-11,Hillview,Frequent
R021108,2024-07-14,Lakewood,Frequent
R021109,2024-07-19,Riverton,Occasional
R021110,2025-11-19,Metroville,Frequent
R021111,2025-12-06,Lakewood,Frequent
R021112,2024-07-21,Hillview,Occasional
R021113,2025-04-19,Hillview,Frequent
R021114,2025-11-03,Lakewood,Frequent
R021115,2025-09-12,Riverton,Regular
R021116,2025-11-15,Riverton,Regular
R021117,2024-09-14,Metroville,Frequent
R021118,2025-01-04,Riverton,Occasional
R021119,2025-03-14,Lakewood,Regular
R021120,2025-11-26,Metroville,Frequent
R021121,2025-12-20,Lakewood,Regular
R021122,2025-02-06,Hillview,Occasional
R021123,2025-09-16,Riverton,Occasional
R021124,2024-10-04,Metroville,Frequent
R021125,2025-03-18,Metroville,Regular
R021126,2025-08-16,Metroville,Regular
R021127,2025-10-11,Metroville,Occasional
R021128,2024-03-20,Metroville,Regular
R021129,2024-02-23,Riverton,Occasional
R021130,2024-06-07,Lakewood,Frequent
R021131,2024-03-15,Riverton,Regular
R021132,2024-06-05,Riverton,Regular
R021133,2025-11-25,Metroville,Frequent
R021134,2025-03-31,Hillview,Regular
R021135,2024-03-12,Hillview,Regular
R021136,2025-06-02,Metroville,Regular
R021137,2025-11-18,Metroville,Frequent
R021138,2025-09-04,Riverton,Frequent
R021139,2025-09-18,Riverton,Regular
R021140,2025-10-20,Hillview,Occasional
R021141,2025-07-03,Metroville,Regular
R021142,2025-10-02,Riverton,Occasional
R021143,2025-08-06,Lakewood,Occasional
R021144,2025-05-14,Lakewood,Occasional
R021145,2024-05-26,Metroville,Frequent
R021146,2025-10-31,Riverton,Occasional
R021147,2024-03-06,Lakewood,Regular
R021148,2024-07-20,Metroville,Frequent
R021149,2025-06-12,Hillview,Occasional
R021150,2025-06-14,Metroville,Frequent
R021151,2025-10-08,Metroville,Occasional
R021152,2024-02-26,Metroville,Occasional
R021153,2025-07-30,Riverton,Occasional
R021154,2024-04-01,Metroville,Frequent
R021155,2025-03-21,Hillview,Regular
R021156,2024-06-14,Riverton,Frequent
R021157,2025-02-20,Hillview,Occasional
R021158,2024-03-16,Metroville,Occasional
R021159,2024-01-25,Riverton,Regular
R021160,2025-12-07,Hillview,Occasional
R021161,2025-01-09,Hillview,Regular
R021162,2024-12-07,Riverton,Frequent
R021163,2024-10-14,Hillview,Regular
R021164,2025-10-25,Metroville,Regular
R021165,2025-07-27,Metroville,Occasional
R021166,2024-12-14,Lakewood,Regular
R021167,2024-03-30,Metroville,Regular
R021168,2025-05-27,Hillview,Regular
R021169,2024-05-29,Metroville,Regular
R021170,2024-08-23,Metroville,Frequent
R021171,2025-04-28,Metroville,Occasional
R021172,2025-11-26,Riverton,Occasional
R021173,2024-06-11,Metroville,Occasional
R021174,2024-01-26,Hillview,Occasional
R021175,2024-11-06,Hillview,Occasional
R021176,2025-05-25,Lakewood,Occasional
R021177,2025-04-26,Metroville,Occasional
R021178,2025-11-26,Metroville,Regular
R021179,2024-06-01,Metroville,Frequent
R021180,2025-07-30,Metroville,Regular
R021181,2025-07-20,Lakewood,Regular
R021182,2025-08-28,Lakewood,Occasional
R021183,2025-10-22,Metroville,Occasional
R021184,2024-08-06,Hillview,Occasional
R021185,2024-08-14,Riverton,Occasional
R021186,2024-11-26,Riverton,Regular
R021187,2024-09-13,Riverton,Regular
R021188,2024-04-09,Hillview,Occasional
R021189,2024-08-29,Riverton,Regular
R021190,2024-10-02,Metroville,Occasional
R021191,2025-07-09,Lakewood,Occasional
R021192,2024-01-07,Lakewood,Occasional
R021193,2025-07-03,Metroville,Regular
R021194,2025-07-24,Hillview,Occasional
R021195,2024-04-07,Metroville,Frequent
R021196,2025-11-28,Riverton,Occasional
R021197,2025-06-13,Hillview,Frequent
R021198,2025-05-28,Metroville,Occasional
R021199,2025-07-15,Lakewood,Frequent
R021200,2025-08-16,Metroville,Occasional
R021201,2024-10-21,Hillview,Occasional
R021202,2025-01-10,Riverton,Occasional
R021203,2025-03-22,Hillview,Occasional
R021204,2024-05-20,Metroville,Regular
R021205,2024-02-14,Riverton,Frequent
R021206,2025-06-11,Lakewood,Occasional
R021207,2024-07-01,Lakewood,Occasional
R021208,2024-08-07,Hillview,Occasional
R021209,2024-03-16,Hillview,Frequent
R021210,2024-12-02,Riverton,Occasional
R021211,2025-02-20,Metroville,Occasional
R021212,2025-10-21,Metroville,Occasional
R021213,2024-12-25,Metroville,Occasional
R021214,2024-09-29,Metroville,Occasional
R021215,2025-08-04,Riverton,Regular
R021216,2024-07-30,Metroville,Occasional
R021217,2024-01-09,Metroville,Frequent
R021218,2024-01-24,Metroville,Regular
R021219,2025-09-10,Metroville,Occasional
R021220,2025-05-28,Metroville,Occasional
R021221,2024-05-11,Metroville,Occasional
R021222,2024-06-06,Lakewood,Regular
R021223,2025-09-04,Metroville,Frequent
R021224,2025-04-13,Metroville,Occasional
R021225,2024-12-18,Lakewood,Occasional
R021226,2024-09-25,Lakewood,Frequent
R021227,2024-10-06,Metroville,Occasional
R021228,2025-07-30,Hillview,Occasional
R021229,2024-05-24,Metroville,Occasional
R021230,2025-10-13,Hillview,Frequent
R021231,2024-06-23,Hillview,Regular
R021232,2024-06-21,Hillview,Regular
R021233,2024-10-03,Hillview,Regular
R021234,2025-08-02,Riverton,Occasional
R021235,2024-01-04,Metroville,Occasional
R021236,2024-04-21,Metroville,Occasional
R021237,2024-10-01,Riverton,Occasional
R021238,2024-04-13,Lakewood,Regular
R021239,2024-10-07,Riverton,Regular
R021240,2024-11-09,Metroville,Regular
R021241,2025-03-28,Metroville,Frequent
R021242,2024-08-25,Riverton,Frequent
R021243,2025-01-28,Riverton,Frequent
R021244,2025-12-23,Metroville,Regular
R021245,2024-12-03,Metroville,Regular
R021246,2025-08-11,Hillview,Occasional
R021247,2024-07-19,Hillview,Occasional
R021248,2025-10-13,Metroville,Frequent
R021249,2025-02-20,Riverton,Occasional
R021250,2024-04-09,Metroville,Occasional
R021251,2025-10-25,Lakewood,Occasional
R021252,2025-06-06,Lakewood,Occasional
R021253,2024-09-07,Lakewood,Frequent
R021254,2025-03-18,Metroville,Frequent
R021255,2025-11-24,Lakewood,Occasional
R021256,2024-03-13,Riverton,Frequent
R021257,2024-01-29,Metroville,Regular
R021258,2025-08-03,Lakewood,Occasional
R021259,2024-07-29,Lakewood,Occasional
R021260,2025-09-16,Hillview,Occasional
R021261,2025-07-18,Riverton,Occasional
R021262,2025-10-31,Hillview,Regular
R021263,2025-07-09,Lakewood,Occasional
R021264,2025-11-18,Metroville,Frequent
R021265,2025-03-29,Metroville,Regular
R021266,2024-03-19,Riverton,Occasional
R021267,2024-06-02,Riverton,Regular
R021268,2025-10-07,Hillview,Occasional
R021269,2024-08-01,Riverton,Frequent
R021270,2025-11-23,Metroville,Regular
R021271,2025-10-01,Lakewood,Frequent
R021272,2025-05-20,Metroville,Regular
R021273,2024-04-09,Lakewood,Regular
R021274,2024-05-14,Riverton,Regular
R021275,2025-06-28,Lakewood,Regular
R021276,2024-10-20,Riverton,Occasional
R021277,2024-10-21,Metroville,Occasional
R021278,2024-03-06,Lakewood,Regular
R021279,2024-12-02,Metroville,Regular
R021280,2024-01-04,Lakewood,Occasional
R021281,2024-04-13,Metroville,Regular
R021282,2025-11-04,Metroville,Occasional
R021283,2025-07-06,Hillview,Regular
R021284,2025-12-12,Metroville,Occasional
R021285,2025-10-29,Riverton,Regular
R021286,2025-11-03,Riverton,Regular
R021287,2024-10-25,Lakewood,Occasional
R021288,2024-07-04,Riverton,Occasional
R021289,2025-05-16,Riverton,Occasional
R021290,2025-03-30,Hillview,Occasional
R021291,2024-11-12,Metroville,Frequent
R021292,2024-12-31,Metroville,Occasional
R021293,2024-05-27,Lakewood,Occasional
R021294,2024-12-29,Lakewood,Regular
R021295,2025-12-06,Metroville,Regular
R021296,2024-11-09,Lakewood,Regular
R021297,2025-01-13,Riverton,Occasional
R021298,2025-11-19,Hillview,Regular
R021299,2025-09-16,Metroville,Frequent
R021300,2025-08-01,Metroville,Occasional
R021301,2024-01-04,Metroville,Occasional
R021302,2025-09-11,Hillview,Occasional
R021303,2024-02-26,Metroville,Occasional
R021304,2024-01-26,Metroville,Occasional
R021305,2024-09-15,Lakewood,Occasional
R021306,2024-10-28,Metroville,Regular
R021307,2024-03-29,Riverton,Regular
R021308,2025-03-13,Metroville,Frequent
R021309,2025-11-04,Lakewood,Frequent
R021310,2025-04-27,Metroville,Frequent
R021311,2025-12-04,Riverton,Regular
R021312,2025-10-17,Metroville,Occasional
R021313,2025-08-19,Metroville,Regular
R021314,2024-05-02,Hillview,Frequent
R021315,2025-04-12,Hillview,Regular
R021316,2024-03-06,Lakewood,Regular
R021317,2025-07-19,Lakewood,Occasional
R021318,2025-10-15,Riverton,Frequent
R021319,2024-03-28,Riverton,Regular
R021320,2025-01-05,Lakewood,Regular
R021321,2024-04-03,Lakewood,Frequent
R021322,2025-01-29,Riverton,Occasional
R021323,2024-11-26,Lakewood,Occasional
R021324,2025-10-13,Lakewood,Frequent
R021325,2024-07-18,Metroville,Occasional
R021326,2025-07-02,Hillview,Occasional
R021327,2025-04-26,Lakewood,Frequent
R021328,2025-06-18,Lakewood,Occasional
R021329,2025-12-04,Riverton,Frequent
R021330,2024-05-16,Lakewood,Frequent
R021331,2024-01-10,Lakewood,Occasional
R021332,2025-03-30,Lakewood,Occasional
R021333,2024-03-30,Metroville,Occasional
R021334,2024-11-25,Hillview,Occasional
R021335,2025-01-16,Metroville,Occasional
R021336,2025-03-23,Hillview,Frequent
R021337,2024-01-09,Hillview,Frequent
R021338,2025-02-25,Hillview,Occasional
R021339,2025-07-24,Metroville,Occasional
R021340,2024-01-20,Metroville,Occasional
R021341,2024-10-16,Riverton,Frequent
R021342,2024-09-08,Metroville,Occasional
R021343,2024-09-06,Hillview,Occasional
R021344,2024-12-01,Riverton,Occasional
R021345,2024-04-13,Hillview,Regular
R021346,2025-01-01,Hillview,Regular
R021347,2024-02-26,Hillview,Frequent
R021348,2024-03-13,Metroville,Occasional
R021349,2025-01-27,Hillview,Occasional
R021350,2025-10-19,Metroville,Occasional
R021351,2025-06-02,Riverton,Occasional
R021352,2024-09-01,Riverton,Regular
R021353,2024-09-10,Metroville,Occasional
R021354,2024-12-24,Lakewood,Regular
R021355,2024-01-26,Riverton,Regular
R021356,2025-04-30,Lakewood,Occasional
R021357,2024-04-08,Riverton,Occasional
R021358,2025-06-10,Metroville,Frequent
R021359,2024-09-30,Lakewood,Occasional
R021360,2024-10-03,Riverton,Regular
R021361,2024-11-18,Metroville,Frequent
R021362,2024-04-04,Riverton,Occasional
R021363,2024-06-24,Lakewood,Regular
R021364,2024-05-31,Hillview,Regular
R021365,2025-09-12,Hillview,Occasional
R021366,2024-04-30,Riverton,Occasional
R021367,2024-04-04,Lakewood,Occasional
R021368,2024-06-27,Lakewood,Occasional
R021369,2024-11-06,Lakewood,Occasional
R021370,2025-03-17,Riverton,Regular
R021371,2024-11-05,Metroville,Occasional
R021372,2025-01-27,Metroville,Regular
R021373,2025-01-13,Lakewood,Occasional
R021374,2024-05-03,Metroville,Regular
R021375,2024-01-06,Riverton,Occasional
R021376,2025-05-13,Metroville,Regular
R021377,2025-11-21,Lakewood,Regular
R021378,2024-02-16,Metroville,Occasional
R021379,2025-11-03,Lakewood,Frequent
R021380,2025-10-27,Metroville,Regular
R021381,2025-07-31,Riverton,Regular
R021382,2025-02-18,Riverton,Regular
R021383,2024-09-05,Riverton,Occasional
R021384,2025-03-08,Metroville,Occasional
R021385,2024-01-09,Lakewood,Occasional
R021386,2024-07-28,Lakewood,Regular
R021387,2024-10-15,Riverton,Frequent
R021388,2025-01-09,Hillview,Regular
R021389,2024-07-18,Hillview,Occasional
R021390,2024-11-08,Hillview,Regular
R021391,2025-06-14,Lakewood,Occasional
R021392,2025-11-26,Riverton,Frequent
R021393,2025-08-25,Lakewood,Occasional
R021394,2024-02-25,Metroville,Regular
R021395,2025-03-07,Lakewood,Regular
R021396,2024-12-01,Lakewood,Occasional
R021397,2025-01-17,Riverton,Regular
R021398,2025-08-02,Hillview,Occasional
R021399,2024-08-27,Hillview,Frequent
R021400,2025-02-02,Riverton,Frequent
R021401,2025-10-11,Riverton,Regular
R021402,2025-02-17,Metroville,Occasional
R021403,2025-02-10,Metroville,Occasional
R021404,2025-10-29,Metroville,Regular
R021405,2024-01-22,Metroville,Occasional
R021406,2024-10-02,Hillview,Regular
R021407,2024-12-26,Riverton,Frequent
R021408,2024-01-02,Riverton,Regular
R021409,2024-12-13,Metroville,Occasional
R021410,2025-11-08,Riverton,Regular
R021411,2025-07-30,Riverton,Occasional
R021412,2024-01-25,Metroville,Occasional
R021413,2025-10-03,Metroville,Occasional
R021414,2025-08-06,Riverton,Regular
R021415,2025-10-04,Metroville,Regular
R021416,2024-04-12,Lakewood,Frequent
R021417,2025-10-18,Hillview,Occasional
R021418,2024-01-16,Metroville,Regular
R021419,2024-01-26,Metroville,Occasional
R021420,2024-09-16,Lakewood,Occasional
R021421,2025-08-19,Metroville,Frequent
R021422,2025-09-24,Riverton,Occasional
R021423,2025-04-08,Metroville,Occasional
R021424,2024-01-28,Metroville,Occasional
R021425,2025-10-01,Lakewood,Occasional
R021426,2024-07-11,Riverton,Occasional
R021427,2025-06-29,Lakewood,Regular
R021428,2024-07-23,Metroville,Regular
R021429,2025-02-18,Metroville,Regular
R021430,2024-03-10,Metroville,Regular
R021431,2025-12-31,Metroville,Regular
R021432,2024-03-08,Lakewood,Occasional
R021433,2025-11-30,Hillview,Occasional
R021434,2025-10-26,Hillview,Frequent
R021435,2024-04-19,Riverton,Regular
R021436,2025-05-23,Hillview,Occasional
R021437,2024-09-08,Lakewood,Regular
R021438,2024-08-15,Hillview,Regular
R021439,2024-08-27,Hillview,Occasional
R021440,2024-06-23,Riverton,Regular
R021441,2025-12-04,Metroville,Occasional
R021442,2024-02-01,Riverton,Frequent
R021443,2024-09-16,Hillview,Occasional
R021444,2024-09-19,Lakewood,Regular
R021445,2024-11-02,Lakewood,Occasional
R021446,2024-08-08,Lakewood,Frequent
R021447,2025-04-30,Riverton,Regular
R021448,2025-11-02,Hillview,Occasional
R021449,2025-05-03,Lakewood,Occasional
R021450,2024-06-10,Metroville,Occasional
R021451,2025-12-30,Metroville,Regular
R021452,2024-10-23,Hillview,Occasional
R021453,2024-08-14,Metroville,Regular
R021454,2025-05-14,Hillview,Regular
R021455,2025-12-14,Metroville,Occasional
R021456,2024-08-23,Metroville,Occasional
R021457,2024-05-26,Metroville,Frequent
R021458,2025-07-26,Metroville,Occasional
R021459,2024-12-15,Hillview,Occasional
R021460,2025-06-15,Metroville,Occasional
R021461,2024-11-28,Riverton,Occasional
R021462,2024-01-26,Hillview,Occasional
R021463,2024-09-21,Riverton,Frequent
R021464,2025-09-18,Hillview,Occasional
R021465,2025-11-16,Metroville,Regular
R021466,2024-09-23,Riverton,Regular
R021467,2025-05-22,Lakewood,Regular
R021468,2024-03-11,Hillview,Regular
R021469,2024-06-08,Riverton,Regular
R021470,2025-05-26,Riverton,Occasional
R021471,2024-01-31,Lakewood,Regular
R021472,2025-06-30,Riverton,Frequent
R021473,2025-12-06,Hillview,Occasional
R021474,2024-02-21,Metroville,Frequent
R021475,2025-03-02,Metroville,Regular
R021476,2024-09-16,Metroville,Frequent
R021477,2025-04-15,Hillview,Occasional
R021478,2025-10-17,Lakewood,Occasional
R021479,2024-02-29,Metroville,Occasional
R021480,2025-05-05,Hillview,Occasional
R021481,2024-05-13,Metroville,Regular
R021482,2025-01-25,Riverton,Occasional
R021483,2024-11-19,Riverton,Regular
R021484,2025-01-04,Lakewood,Regular
R021485,2025-07-14,Metroville,Frequent
R021486,2025-03-21,Lakewood,Frequent
R021487,2024-09-10,Lakewood,Occasional
R021488,2025-04-23,Metroville,Frequent
R021489,2025-03-13,Lakewood,Occasional
R021490,2024-02-20,Metroville,Regular
R021491,2025-03-25,Hillview,Regular
R021492,2024-09-01,Lakewood,Occasional
R021493,2024-04-17,Metroville,Frequent
R021494,2025-01-20,Riverton,Occasional
R021495,2025-01-13,Lakewood,Regular
R021496,2025-06-18,Metroville,Regular
R021497,2024-11-12,Metroville,Occasional
R021498,2025-06-27,Metroville,Occasional
R021499,2024-07-25,Lakewood,Regular
R021500,2025-03-19,Metroville,Occasional
R021501,2025-12-05,Metroville,Occasional
R021502,2025-03-05,Riverton,Occasional
R021503,2025-05-13,Metroville,Regular
R021504,2024-09-26,Metroville,Occasional
R021505,2025-05-09,Lakewood,Regular
R021506,2025-09-03,Riverton,Regular
R021507,2025-10-01,Riverton,Regular
R021508,2025-11-01,Metroville,Frequent
R021509,2024-08-12,Lakewood,Regular
R021510,2025-09-11,Riverton,Occasional
R021511,2024-09-12,Metroville,Frequent
R021512,2025-09-30,Metroville,Occasional
R021513,2024-01-05,Riverton,Regular
R021514,2025-10-27,Lakewood,Occasional
R021515,2024-06-07,Metroville,Regular
R021516,2024-05-27,Riverton,Regular
R021517,2025-02-13,Metroville,Occasional
R021518,2025-01-11,Lakewood,Regular
R021519,2024-04-25,Riverton,Regular
R021520,2025-01-26,Metroville,Occasional
R021521,2025-08-09,Lakewood,Regular
R021522,2024-12-21,Lakewood,Occasional
R021523,2025-03-01,Hillview,Frequent
R021524,2025-09-13,Riverton,Regular
R021525,2024-05-11,Lakewood,Occasional
R021526,2024-08-25,Lakewood,Occasional
R021527,2025-10-16,Lakewood,Occasional
R021528,2024-04-28,Hillview,Regular
R021529,2024-07-04,Riverton,Frequent
R021530,2024-07-19,Riverton,Regular
R021531,2025-08-26,Hillview,Regular
R021532,2024-04-14,Metroville,Occasional
R021533,2024-10-01,Lakewood,Occasional
R021534,2024-10-23,Hillview,Regular
R021535,2024-02-29,Hillview,Occasional
R021536,2024-03-26,Metroville,Frequent
R021537,2024-10-02,Lakewood,Occasional
R021538,2024-03-05,Metroville,Regular
R021539,2025-12-17,Riverton,Regular
R021540,2024-11-26,Riverton,Frequent
R021541,2024-01-05,Lakewood,Occasional
R021542,2025-03-16,Hillview,Occasional
R021543,2025-07-06,Metroville,Regular
R021544,2025-03-20,Hillview,Regular
R021545,2025-02-22,Lakewood,Occasional
R021546,2024-03-08,Metroville,Frequent
R021547,2025-06-18,Hillview,Frequent
R021548,2025-12-12,Hillview,Occasional
R021549,2024-09-23,Hillview,Frequent
R021550,2024-03-30,Hillview,Frequent
R021551,2024-06-05,Metroville,Occasional
R021552,2025-04-28,Metroville,Frequent
R021553,2025-04-15,Metroville,Regular
R021554,2025-10-12,Metroville,Frequent
R021555,2024-10-24,Hillview,Regular
R021556,2025-10-09,Lakewood,Occasional
R021557,2024-07-20,Metroville,Regular
R021558,2025-01-09,Riverton,Regular
R021559,2025-04-26,Riverton,Regular
R021560,2024-07-22,Lakewood,Regular
R021561,2024-09-26,Hillview,Regular
R021562,2025-08-29,Lakewood,Occasional
R021563,2025-02-27,Riverton,Occasional
R021564,2025-03-24,Metroville,Frequent
R021565,2025-04-01,Riverton,Frequent
R021566,2025-08-02,Lakewood,Frequent
R021567,2025-12-12,Riverton,Occasional
R021568,2024-10-19,Metroville,Occasional
R021569,2024-09-16,Lakewood,Occasional
R021570,2025-10-30,Metroville,Frequent
R021571,2024-12-16,Hillview,Occasional
R021572,2025-11-11,Lakewood,Frequent
R021573,2025-10-07,Metroville,Frequent
R021574,2025-06-23,Riverton,Frequent
R021575,2025-06-11,Hillview,Occasional
R021576,2025-11-20,Riverton,Frequent
R021577,2024-07-19,Hillview,Occasional
R021578,2024-11-27,Hillview,Occasional
R021579,2025-02-03,Hillview,Regular
R021580,2024-05-22,Lakewood,Frequent
R021581,2025-01-13,Metroville,Regular
R021582,2025-04-25,Metroville,Regular
R021583,2025-01-03,Hillview,Frequent
R021584,2025-04-23,Hillview,Frequent
R021585,2024-03-15,Metroville,Frequent
R021586,2024-12-25,Riverton,Regular
R021587,2025-11-11,Metroville,Occasional
R021588,2024-07-09,Hillview,Regular
R021589,2024-11-29,Metroville,Regular
R021590,2025-04-02,Riverton,Regular
R021591,2025-04-02,Lakewood,Frequent
R021592,2024-05-12,Metroville,Frequent
R021593,2024-03-23,Hillview,Occasional
R021594,2025-07-05,Lakewood,Regular
R021595,2025-01-25,Lakewood,Regular
R021596,2025-10-25,Metroville,Regular
R021597,2025-12-25,Lakewood,Regular
R021598,2024-05-01,Metroville,Regular
R021599,2024-09-21,Lakewood,Regular
R021600,2025-08-23,Lakewood,Regular
R021601,2024-08-03,Metroville,Frequent
R021602,2024-05-25,Hillview,Occasional
R021603,2024-04-24,Metroville,Occasional
R021604,2025-01-01,Riverton,Regular
R021605,2024-10-06,Hillview,Occasional
R021606,2025-11-11,Riverton,Occasional
R021607,2025-12-07,Riverton,Occasional
R021608,2024-03-01,Metroville,Regular
R021609,2025-10-23,Lakewood,Occasional
R021610,2024-03-06,Riverton,Occasional
R021611,2025-06-10,Riverton,Regular
R021612,2025-12-02,Lakewood,Occasional
R021613,2024-09-10,Hillview,Occasional
R021614,2024-04-26,Lakewood,Frequent
R021615,2024-02-18,Hillview,Occasional
R021616,2024-09-07,Hillview,Frequent
R021617,2025-11-28,Riverton,Frequent
R021618,2024-12-01,Metroville,Occasional
R021619,2024-11-01,Riverton,Regular
R021620,2024-01-05,Riverton,Occasional
R021621,2025-05-02,Riverton,Occasional
R021622,2024-05-17,Lakewood,Regular
R021623,2025-05-19,Metroville,Regular
R021624,2025-08-29,Riverton,Frequent
R021625,2025-07-20,Riverton,Regular
R021626,2025-01-14,Hillview,Regular
R021627,2025-04-20,Metroville,Regular
R021628,2024-10-15,Metroville,Occasional
R021629,2025-06-02,Riverton,Occasional
R021630,2025-05-14,Hillview,Regular
R021631,2024-05-17,Metroville,Regular
R021632,2024-08-25,Metroville,Frequent
R021633,2025-07-21,Hillview,Frequent
R021634,2024-11-17,Metroville,Regular
R021635,2024-06-21,Lakewood,Occasional
R021636,2025-12-28,Hillview,Occasional
R021637,2025-09-27,Riverton,Regular
R021638,2025-07-20,Metroville,Regular
R021639,2024-11-04,Hillview,Occasional
R021640,2025-02-09,Hillview,Regular
R021641,2025-11-23,Hillview,Frequent
R021642,2025-01-20,Lakewood,Occasional
R021643,2025-08-26,Riverton,Occasional
R021644,2025-09-10,Lakewood,Regular
R021645,2025-08-11,Lakewood,Frequent
R021646,2025-03-15,Riverton,Occasional
R021647,2024-09-09,Lakewood,Frequent
R021648,2024-09-05,Lakewood,Occasional
R021649,2025-08-16,Lakewood,Occasional
R021650,2024-11-01,Metroville,Occasional
R021651,2024-06-30,Hillview,Frequent
R021652,2024-05-14,Hillview,Occasional
R021653,2025-03-26,Lakewood,Occasional
R021654,2025-12-03,Riverton,Regular
R021655,2024-10-04,Hillview,Frequent
R021656,2025-04-22,Lakewood,Occasional
R021657,2024-08-14,Riverton,Frequent
R021658,2024-10-18,Metroville,Frequent
R021659,2024-10-25,Hillview,Occasional
R021660,2024-09-20,Metroville,Occasional
R021661,2025-09-12,Riverton,Occasional
R021662,2025-10-25,Lakewood,Regular
R021663,2024-07-15,Riverton,Occasional
R021664,2024-09-20,Lakewood,Regular
R021665,2024-01-15,Lakewood,Frequent
R021666,2025-07-07,Hillview,Regular
R021667,2025-06-02,Metroville,Occasional
R021668,2025-09-03,Metroville,Occasional
R021669,2025-02-13,Hillview,Regular
R021670,2025-10-27,Metroville,Regular
R021671,2024-04-13,Metroville,Occasional
R021672,2024-09-30,Metroville,Regular
R021673,2024-11-23,Lakewood,Occasional
R021674,2025-07-14,Hillview,Occasional
R021675,2024-06-09,Riverton,Regular
R021676,2024-08-27,Metroville,Regular
R021677,2024-03-09,Lakewood,Occasional
R021678,2025-11-22,Riverton,Regular
R021679,2024-11-27,Riverton,Occasional
R021680,2024-01-09,Lakewood,Occasional
R021681,2024-06-21,Metroville,Occasional
R021682,2025-02-21,Hillview,Regular
R021683,2024-12-25,Metroville,Regular
R021684,2025-01-08,Hillview,Occasional
R021685,2024-02-15,Metroville,Occasional
R021686,2025-10-04,Lakewood,Frequent
R021687,2025-08-30,Metroville,Occasional
R021688,2024-06-07,Hillview,Occasional
R021689,2024-09-25,Lakewood,Regular
R021690,2024-03-04,Hillview,Occasional
R021691,2024-04-03,Hillview,Regular
R021692,2025-09-11,Metroville,Regular
R021693,2024-03-24,Metroville,Regular
R021694,2024-09-13,Hillview,Occasional
R021695,2025-12-28,Lakewood,Regular
R021696,2024-08-25,Hillview,Regular
R021697,2025-05-17,Riverton,Occasional
R021698,2024-03-18,Riverton,Occasional
R021699,2025-10-01,Lakewood,Occasional
R021700,2025-11-04,Riverton,Regular
R021701,2025-10-30,Hillview,Regular
R021702,2025-04-08,Riverton,Regular
R021703,2025-12-12,Hillview,Occasional
R021704,2025-05-21,Metroville,Frequent
R021705,2024-10-02,Riverton,Regular
R021706,2025-10-19,Lakewood,Occasional
R021707,2024-07-18,Metroville,Occasional
R021708,2025-09-09,Riverton,Frequent
R021709,2025-11-12,Riverton,Occasional
R021710,2024-11-26,Hillview,Occasional
R021711,2024-06-18,Riverton,Regular
R021712,2024-04-26,Metroville,Frequent
R021713,2025-01-28,Hillview,Occasional
R021714,2025-05-07,Metroville,Occasional
R021715,2025-03-07,Riverton,Regular
R021716,2025-04-21,Lakewood,Occasional
R021717,2024-01-19,Lakewood,Frequent
R021718,2024-02-04,Lakewood,Frequent
R021719,2024-07-11,Riverton,Frequent
R021720,2025-10-20,Hillview,Occasional
R021721,2025-01-03,Hillview,Frequent
R021722,2024-09-02,Hillview,Regular
R021723,2025-05-02,Metroville,Occasional
R021724,2024-11-09,Metroville,Regular
R021725,2024-04-15,Metroville,Frequent
R021726,2025-01-11,Hillview,Occasional
R021727,2025-05-25,Metroville,Regular
R021728,2025-10-29,Riverton,Occasional
R021729,2024-09-26,Hillview,Regular
R021730,2024-05-04,Lakewood,Regular
R021731,2025-09-25,Metroville,Occasional
R021732,2024-09-26,Metroville,Occasional
R021733,2024-04-25,Riverton,Regular
R021734,2025-01-01,Lakewood,Occasional
R021735,2024-02-13,Lakewood,Occasional
R021736,2025-12-27,Metroville,Frequent
R021737,2025-07-24,Hillview,Frequent
R021738,2024-11-17,Hillview,Regular
R021739,2025-02-03,Riverton,Occasional
R021740,2024-10-18,Lakewood,Occasional
R021741,2024-12-09,Lakewood,Occasional
R021742,2025-11-15,Metroville,Frequent
R021743,2025-06-15,Hillview,Regular
R021744,2025-04-29,Lakewood,Occasional
R021745,2025-12-15,Metroville,Frequent
R021746,2024-04-29,Riverton,Regular
R021747,2025-10-26,Hillview,Occasional
R021748,2024-05-08,Metroville,Occasional
R021749,2024-07-08,Riverton,Occasional
R021750,2025-04-16,Hillview,Regular
R021751,2024-04-09,Metroville,Occasional
R021752,2024-12-07,Riverton,Occasional
R021753,2024-09-02,Lakewood,Frequent
R021754,2024-01-07,Riverton,Regular
R021755,2024-05-14,Metroville,Frequent
R021756,2024-11-24,Metroville,Occasional
R021757,2024-03-02,Lakewood,Frequent
R021758,2025-11-18,Metroville,Regular
R021759,2024-11-09,Lakewood,Occasional
R021760,2025-07-01,Metroville,Frequent
R021761,2024-05-29,Riverton,Occasional
R021762,2025-02-12,Metroville,Frequent
R021763,2024-03-24,Riverton,Regular
R021764,2024-05-22,Metroville,Regular
R021765,2025-05-15,Riverton,Frequent
R021766,2024-09-02,Metroville,Occasional
R021767,2025-12-20,Metroville,Regular
R021768,2025-12-30,Metroville,Regular
R021769,2024-04-06,Riverton,Occasional
R021770,2025-04-27,Metroville,Occasional
R021771,2025-07-27,Riverton,Occasional
R021772,2024-07-21,Metroville,Occasional
R021773,2025-09-07,Hillview,Regular
R021774,2025-06-24,Metroville,Frequent
R021775,2024-08-25,Metroville,Regular
R021776,2024-03-07,Riverton,Regular
R021777,2024-11-20,Metroville,Regular
R021778,2024-09-28,Lakewood,Occasional
R021779,2025-01-21,Riverton,Regular
R021780,2024-06-16,Riverton,Frequent
R021781,2024-08-16,Metroville,Occasional
R021782,2025-10-17,Metroville,Occasional
R021783,2025-09-08,Metroville,Regular
R021784,2025-06-22,Lakewood,Regular
R021785,2024-09-15,Riverton,Occasional
R021786,2024-12-30,Lakewood,Occasional
R021787,2024-08-02,Hillview,Occasional
R021788,2024-10-25,Riverton,Occasional
R021789,2025-01-13,Riverton,Occasional
R021790,2025-09-20,Lakewood,Regular
R021791,2025-08-05,Lakewood,Frequent
R021792,2024-05-23,Metroville,Regular
R021793,2025-11-23,Metroville,Occasional
R021794,2024-02-24,Metroville,Occasional
R021795,2024-02-05,Hillview,Frequent
R021796,2025-09-15,Hillview,Occasional
R021797,2024-07-26,Metroville,Frequent
R021798,2025-09-18,Metroville,Regular
R021799,2024-02-20,Riverton,Occasional
R021800,2024-06-26,Lakewood,Occasional
R021801,2025-08-27,Metroville,Regular
R021802,2024-05-22,Riverton,Occasional
R021803,2025-01-15,Riverton,Frequent
R021804,2025-06-11,Metroville,Occasional
R021805,2024-09-12,Riverton,Occasional
R021806,2024-04-14,Hillview,Occasional
R021807,2025-09-01,Riverton,Regular
R021808,2025-03-31,Riverton,Frequent
R021809,2025-10-29,Metroville,Frequent
R021810,2025-05-28,Lakewood,Occasional
R021811,2025-06-28,Riverton,Regular
R021812,2025-03-31,Lakewood,Frequent
R021813,2025-05-05,Lakewood,Regular
R021814,2024-11-08,Lakewood,Occasional
R021815,2025-11-09,Riverton,Frequent
R021816,2025-08-20,Riverton,Occasional
R021817,2024-06-26,Riverton,Occasional
R021818,2025-11-11,Riverton,Occasional
R021819,2024-06-20,Hillview,Frequent
R021820,2025-05-31,Lakewood,Frequent
R021821,2025-11-05,Lakewood,Frequent
R021822,2024-11-02,Metroville,Occasional
R021823,2024-05-15,Metroville,Occasional
R021824,2025-12-29,Metroville,Occasional
R021825,2025-08-04,Metroville,Occasional
R021826,2024-11-24,Lakewood,Occasional
R021827,2025-12-26,Hillview,Regular
R021828,2024-03-26,Riverton,Frequent
R021829,2025-01-20,Hillview,Occasional
R021830,2024-05-13,Metroville,Occasional
R021831,2024-05-15,Metroville,Occasional
R021832,2024-09-11,Metroville,Regular
R021833,2025-02-24,Lakewood,Regular
R021834,2024-05-05,Metroville,Regular
R021835,2025-01-15,Metroville,Frequent
R021836,2025-07-23,Metroville,Occasional
R021837,2024-04-17,Riverton,Regular
R021838,2024-01-11,Hillview,Regular
R021839,2025-06-30,Metroville,Frequent
R021840,2024-10-24,Metroville,Occasional
R021841,2024-05-19,Metroville,Occasional
R021842,2025-10-04,Riverton,Regular
R021843,2024-11-08,Lakewood,Regular
R021844,2024-03-27,Metroville,Occasional
R021845,2024-08-14,Metroville,Regular
R021846,2025-02-25,Lakewood,Occasional
R021847,2024-08-01,Metroville,Occasional
R021848,2025-11-14,Riverton,Frequent
R021849,2025-04-04,Hillview,Occasional
R021850,2024-02-22,Hillview,Occasional
R021851,2024-09-11,Metroville,Occasional
R021852,2024-09-12,Hillview,Regular
R021853,2024-04-16,Lakewood,Regular
R021854,2024-01-28,Metroville,Occasional
R021855,2024-03-23,Metroville,Occasional
R021856,2025-05-14,Lakewood,Occasional
R021857,2024-06-30,Hillview,Regular
R021858,2024-11-01,Hillview,Occasional
R021859,2024-04-14,Lakewood,Regular
R021860,2025-11-24,Riverton,Occasional
R021861,2025-12-23,Metroville,Regular
R021862,2025-05-21,Riverton,Frequent
R021863,2024-08-30,Metroville,Regular
R021864,2025-03-16,Lakewood,Occasional
R021865,2024-10-09,Riverton,Occasional
R021866,2025-10-28,Lakewood,Regular
R021867,2025-03-18,Metroville,Occasional
R021868,2024-04-04,Hillview,Occasional
R021869,2024-03-11,Metroville,Regular
R021870,2025-07-27,Metroville,Occasional
R021871,2025-06-16,Lakewood,Regular
R021872,2025-06-18,Riverton,Occasional
R021873,2024-08-31,Lakewood,Regular
R021874,2025-05-07,Hillview,Occasional
R021875,2024-07-17,Metroville,Regular
R021876,2025-04-12,Lakewood,Regular
R021877,2024-08-28,Metroville,Occasional
R021878,2024-04-01,Metroville,Regular
R021879,2025-09-01,Metroville,Occasional
R021880,2025-08-18,Metroville,Regular
R021881,2025-07-27,Riverton,Frequent
R021882,2025-04-09,Hillview,Occasional
R021883,2025-04-12,Hillview,Occasional
R021884,2025-07-18,Riverton,Frequent
R021885,2025-02-16,Lakewood,Occasional
R021886,2025-10-03,Metroville,Occasional
R021887,2025-07-14,Metroville,Occasional
R021888,2025-02-01,Lakewood,Occasional
R021889,2025-03-05,Riverton,Regular
R021890,2025-12-01,Lakewood,Occasional
R021891,2025-01-04,Riverton,Frequent
R021892,2024-03-20,Metroville,Regular
R021893,2025-09-09,Metroville,Regular
R021894,2024-01-03,Hillview,Occasional
R021895,2024-06-29,Metroville,Regular
R021896,2024-08-29,Hillview,Occasional
R021897,2024-01-19,Metroville,Frequent
R021898,2024-06-07,Metroville,Frequent
R021899,2024-05-08,Lakewood,Occasional
R021900,2025-02-09,Metroville,Occasional
R021901,2025-10-06,Hillview,Occasional
R021902,2024-07-24,Lakewood,Regular
R021903,2024-10-13,Lakewood,Frequent
R021904,2025-05-18,Lakewood,Frequent
R021905,2025-05-08,Metroville,Regular
R021906,2025-11-22,Riverton,Regular
R021907,2025-01-17,Metroville,Occasional
R021908,2025-07-17,Riverton,Occasional
R021909,2025-09-10,Lakewood,Occasional
R021910,2024-11-03,Hillview,Occasional
R021911,2025-09-04,Lakewood,Regular
R021912,2025-12-22,Hillview,Occasional
R021913,2024-03-28,Metroville,Regular
R021914,2025-07-18,Riverton,Occasional
R021915,2025-04-01,Lakewood,Frequent
R021916,2025-08-16,Metroville,Regular
R021917,2025-02-06,Metroville,Occasional
R021918,2024-05-29,Riverton,Frequent
R021919,2024-11-09,Lakewood,Regular
R021920,2025-05-17,Metroville,Frequent
R021921,2025-10-18,Riverton,Regular
R021922,2024-02-21,Metroville,Occasional
R021923,2024-05-17,Metroville,Regular
R021924,2024-06-21,Metroville,Regular
R021925,2025-03-08,Lakewood,Frequent
R021926,2024-01-13,Hillview,Occasional
R021927,2025-11-28,Hillview,Occasional
R021928,2025-05-31,Metroville,Occasional
R021929,2025-10-24,Metroville,Regular
R021930,2024-01-16,Hillview,Occasional
R021931,2024-07-19,Riverton,Regular
R021932,2024-11-24,Metroville,Occasional
R021933,2025-07-18,Hillview,Occasional
R021934,2025-04-19,Hillview,Occasional
R021935,2024-11-01,Metroville,Regular
R021936,2024-08-11,Hillview,Occasional
R021937,2024-08-30,Riverton,Occasional
R021938,2024-09-25,Hillview,Occasional
R021939,2025-05-19,Lakewood,Regular
R021940,2025-09-27,Lakewood,Occasional
R021941,2024-12-14,Lakewood,Occasional
R021942,2025-10-21,Metroville,Occasional
R021943,2024-08-07,Lakewood,Occasional
R021944,2025-09-20,Lakewood,Occasional
R021945,2024-01-01,Metroville,Occasional
R021946,2025-07-02,Hillview,Regular
R021947,2025-11-26,Metroville,Regular
R021948,2024-07-22,Hillview,Occasional
R021949,2025-05-13,Lakewood,Regular
R021950,2024-02-24,Lakewood,Occasional
R021951,2025-09-15,Hillview,Regular
R021952,2024-12-23,Lakewood,Regular
R021953,2024-11-06,Metroville,Regular
R021954,2025-11-07,Metroville,Occasional
R021955,2025-11-08,Riverton,Occasional
R021956,2024-06-12,Hillview,Regular
R021957,2025-12-03,Lakewood,Occasional
R021958,2024-06-02,Metroville,Regular
R021959,2025-08-17,Hillview,Occasional
R021960,2025-07-24,Riverton,Regular
R021961,2025-01-03,Lakewood,Frequent
R021962,2025-03-09,Riverton,Frequent
R021963,2024-10-15,Metroville,Occasional
R021964,2024-10-22,Riverton,Regular
R021965,2025-01-12,Lakewood,Occasional
R021966,2025-09-23,Metroville,Occasional
R021967,2024-12-19,Metroville,Frequent
R021968,2025-03-02,Hillview,Regular
R021969,2025-06-01,Riverton,Regular
R021970,2025-11-04,Metroville,Frequent
R021971,2025-09-21,Metroville,Regular
R021972,2024-09-26,Metroville,Frequent
R021973,2025-09-24,Metroville,Regular
R021974,2024-11-21,Riverton,Occasional
R021975,2024-03-09,Riverton,Occasional
R021976,2024-02-24,Metroville,Frequent
R021977,2024-05-30,Lakewood,Regular
R021978,2024-09-26,Lakewood,Occasional
R021979,2024-10-19,Metroville,Regular
R021980,2024-05-11,Riverton,Occasional
R021981,2024-05-10,Lakewood,Occasional
R021982,2024-01-25,Riverton,Occasional
R021983,2025-10-29,Riverton,Regular
R021984,2024-07-06,Hillview,Regular
R021985,2025-04-20,Riverton,Frequent
R021986,2024-12-25,Riverton,Regular
R021987,2024-09-20,Lakewood,Regular
R021988,2024-06-30,Metroville,Regular
R021989,2024-02-16,Metroville,Occasional
R021990,2024-03-20,Lakewood,Frequent
R021991,2025-05-10,Riverton,Frequent
R021992,2024-11-26,Lakewood,Occasional
R021993,2025-12-09,Metroville,Frequent
R021994,2024-04-18,Metroville,Occasional
R021995,2025-11-11,Lakewood,Regular
R021996,2024-03-03,Lakewood,Occasional
R021997,2025-06-20,Riverton,Frequent
R021998,2025-12-03,Metroville,Frequent
R021999,2024-04-22,Lakewood,Frequent
R022000,2024-12-14,Lakewood,Occasional
R022001,2025-11-04,Hillview,Occasional
R022002,2025-08-10,Hillview,Regular
R022003,2024-06-08,Lakewood,Frequent
R022004,2024-05-05,Metroville,Occasional
R022005,2024-09-04,Hillview,Occasional
R022006,2024-12-03,Hillview,Regular
R022007,2024-08-03,Riverton,Frequent
R022008,2024-03-06,Riverton,Frequent
R022009,2024-12-30,Riverton,Frequent
R022010,2024-10-28,Riverton,Regular
R022011,2024-08-11,Hillview,Frequent
R022012,2025-08-27,Riverton,Frequent
R022013,2024-07-31,Riverton,Frequent
R022014,2025-10-15,Hillview,Occasional
R022015,2024-01-09,Hillview,Occasional
R022016,2025-01-14,Lakewood,Regular
R022017,2025-11-26,Hillview,Occasional
R022018,2024-07-28,Lakewood,Occasional
R022019,2025-04-24,Metroville,Regular
R022020,2025-06-20,Metroville,Frequent
R022021,2024-09-07,Metroville,Regular
R022022,2025-04-12,Lakewood,Occasional
R022023,2025-04-22,Hillview,Regular
R022024,2024-12-10,Metroville,Occasional
R022025,2024-10-02,Hillview,Occasional
R022026,2024-12-13,Metroville,Occasional
R022027,2024-04-19,Metroville,Regular
R022028,2024-12-27,Metroville,Occasional
R022029,2024-08-26,Lakewood,Regular
R022030,2024-09-05,Hillview,Regular
R022031,2024-06-28,Metroville,Regular
R022032,2025-01-14,Metroville,Occasional
R022033,2024-01-06,Hillview,Occasional
R022034,2024-02-11,Lakewood,Regular
R022035,2024-06-01,Metroville,Occasional
R022036,2025-02-21,Lakewood,Regular
R022037,2024-07-07,Riverton,Regular
R022038,2024-12-29,Lakewood,Regular
R022039,2024-04-18,Riverton,Regular
R022040,2024-11-03,Riverton,Frequent
R022041,2024-11-28,Metroville,Regular
R022042,2024-08-25,Riverton,Occasional
R022043,2024-02-06,Hillview,Occasional
R022044,2025-03-31,Metroville,Frequent
R022045,2024-05-29,Metroville,Frequent
R022046,2024-12-21,Riverton,Regular
R022047,2025-06-03,Riverton,Frequent
R022048,2024-03-14,Lakewood,Regular
R022049,2025-05-11,Hillview,Occasional
R022050,2024-10-01,Metroville,Regular
R022051,2025-01-03,Metroville,Occasional
R022052,2024-02-26,Metroville,Regular
R022053,2024-12-31,Hillview,Frequent
R022054,2024-10-04,Metroville,Regular
R022055,2024-05-10,Riverton,Regular
R022056,2025-01-25,Hillview,Frequent
R022057,2025-04-21,Metroville,Frequent
R022058,2024-10-13,Metroville,Regular
R022059,2025-04-09,Hillview,Occasional
R022060,2024-09-07,Metroville,Frequent
R022061,2025-08-30,Lakewood,Regular
R022062,2024-07-24,Lakewood,Regular
R022063,2025-08-07,Riverton,Frequent
R022064,2024-10-06,Metroville,Occasional
R022065,2025-02-12,Hillview,Occasional
R022066,2024-02-20,Riverton,Occasional
R022067,2024-02-24,Metroville,Frequent
R022068,2025-12-28,Metroville,Regular
R022069,2024-01-06,Riverton,Regular
R022070,2025-02-10,Lakewood,Frequent
R022071,2024-11-30,Lakewood,Frequent
R022072,2025-04-10,Metroville,Frequent
R022073,2024-01-03,Riverton,Frequent
R022074,2024-05-14,Metroville,Frequent
R022075,2024-09-05,Lakewood,Regular
R022076,2025-11-06,Riverton,Regular
R022077,2024-09-12,Hillview,Frequent
R022078,2025-02-22,Metroville,Frequent
R022079,2025-02-23,Riverton,Regular
R022080,2024-10-30,Metroville,Occasional
R022081,2025-08-29,Metroville,Occasional
R022082,2025-06-06,Metroville,Occasional
R022083,2024-11-21,Hillview,Occasional
R022084,2024-08-10,Lakewood,Regular
R022085,2024-07-22,Hillview,Regular
R022086,2025-11-15,Metroville,Regular
R022087,2024-04-02,Riverton,Occasional
R022088,2024-05-03,Lakewood,Regular
R022089,2024-07-10,Riverton,Occasional
R022090,2025-09-01,Hillview,Regular
R022091,2025-05-18,Hillview,Frequent
R022092,2025-12-08,Hillview,Frequent
R022093,2025-06-12,Metroville,Occasional
R022094,2024-12-25,Riverton,Regular
R022095,2024-01-30,Hillview,Occasional
R022096,2025-10-03,Metroville,Regular
R022097,2025-05-05,Metroville,Regular
R022098,2024-02-22,Lakewood,Occasional
R022099,2025-12-11,Riverton,Regular
R022100,2025-03-30,Metroville,Regular
R022101,2025-03-29,Metroville,Regular
R022102,2024-09-17,Metroville,Occasional
R022103,2024-08-30,Riverton,Occasional
R022104,2024-09-23,Metroville,Regular
R022105,2024-02-06,Hillview,Regular
R022106,2024-11-25,Lakewood,Regular
R022107,2024-02-15,Metroville,Regular
R022108,2025-03-12,Riverton,Frequent
R022109,2024-05-31,Metroville,Occasional
R022110,2025-03-26,Riverton,Occasional
R022111,2024-09-30,Hillview,Regular
R022112,2024-07-22,Lakewood,Regular
R022113,2024-04-15,Metroville,Regular
R022114,2024-10-08,Lakewood,Regular
R022115,2024-02-20,Lakewood,Occasional
R022116,2024-07-01,Lakewood,Occasional
R022117,2024-12-05,Riverton,Occasional
R022118,2025-04-08,Metroville,Occasional
R022119,2024-12-02,Hillview,Occasional
R022120,2024-03-15,Lakewood,Frequent
R022121,2025-06-11,Lakewood,Regular
R022122,2024-11-06,Metroville,Regular
R022123,2025-04-03,Metroville,Occasional
R022124,2025-12-17,Lakewood,Regular
R022125,2024-02-05,Riverton,Frequent
R022126,2025-12-24,Hillview,Occasional
R022127,2025-11-27,Metroville,Occasional
R022128,2025-01-14,Hillview,Frequent
R022129,2024-01-20,Metroville,Occasional
R022130,2024-06-30,Hillview,Frequent
R022131,2024-06-14,Metroville,Occasional
R022132,2025-03-03,Lakewood,Frequent
R022133,2025-05-21,Riverton,Occasional
R022134,2024-12-23,Lakewood,Regular
R022135,2024-09-17,Hillview,Occasional
R022136,2024-02-01,Hillview,Frequent
R022137,2025-11-18,Metroville,Occasional
R022138,2025-12-25,Metroville,Regular
R022139,2024-01-24,Metroville,Regular
R022140,2024-08-27,Metroville,Occasional
R022141,2025-12-20,Riverton,Regular
R022142,2024-10-19,Metroville,Frequent
R022143,2025-03-31,Lakewood,Regular
R022144,2025-01-10,Metroville,Occasional
R022145,2025-04-08,Hillview,Frequent
R022146,2025-10-06,Metroville,Regular
R022147,2024-10-04,Riverton,Occasional
R022148,2025-08-07,Lakewood,Frequent
R022149,2024-11-30,Lakewood,Regular
R022150,2024-05-30,Riverton,Regular
R022151,2024-02-24,Metroville,Occasional
R022152,2025-06-08,Riverton,Frequent
R022153,2025-03-17,Metroville,Occasional
R022154,2025-10-02,Metroville,Regular
R022155,2024-06-21,Hillview,Regular
R022156,2025-06-06,Metroville,Regular
R022157,2024-01-18,Metroville,Occasional
R022158,2024-04-11,Metroville,Regular
R022159,2025-03-11,Riverton,Occasional
R022160,2025-01-29,Riverton,Occasional
R022161,2025-03-09,Metroville,Regular
R022162,2025-09-05,Lakewood,Regular
R022163,2025-09-02,Hillview,Regular
R022164,2024-05-23,Riverton,Occasional
R022165,2024-05-28,Riverton,Occasional
R022166,2025-01-29,Metroville,Occasional
R022167,2025-12-01,Metroville,Regular
R022168,2025-05-05,Lakewood,Frequent
R022169,2024-04-16,Lakewood,Regular
R022170,2025-04-10,Riverton,Occasional
R022171,2024-09-04,Hillview,Occasional
R022172,2024-03-19,Riverton,Occasional
R022173,2025-06-05,Lakewood,Occasional
R022174,2024-07-22,Lakewood,Occasional
R022175,2025-07-21,Metroville,Occasional
R022176,2025-02-08,Lakewood,Frequent
R022177,2024-11-23,Metroville,Regular
R022178,2024-06-01,Riverton,Occasional
R022179,2024-08-02,Riverton,Occasional
R022180,2024-09-01,Hillview,Frequent
R022181,2025-05-22,Lakewood,Regular
R022182,2024-10-30,Metroville,Occasional
R022183,2024-01-25,Metroville,Occasional
R022184,2024-01-10,Hillview,Regular
R022185,2024-07-19,Metroville,Regular
R022186,2025-01-08,Lakewood,Regular
R022187,2024-08-31,Metroville,Occasional
R022188,2025-12-29,Riverton,Frequent
R022189,2024-06-18,Metroville,Regular
R022190,2024-10-25,Lakewood,Regular
R022191,2024-10-18,Riverton,Occasional
R022192,2024-07-19,Lakewood,Occasional
R022193,2025-10-08,Lakewood,Occasional
R022194,2024-07-04,Metroville,Occasional
R022195,2024-01-08,Metroville,Occasional
R022196,2025-01-12,Metroville,Regular
R022197,2025-04-09,Hillview,Regular
R022198,2024-11-29,Metroville,Regular
R022199,2024-11-04,Lakewood,Regular
R022200,2025-09-22,Metroville,Frequent
R022201,2024-09-30,Lakewood,Occasional
R022202,2025-04-12,Metroville,Regular
R022203,2025-09-05,Riverton,Frequent
R022204,2024-10-18,Hillview,Occasional
R022205,2025-01-30,Lakewood,Occasional
R022206,2024-10-09,Hillview,Regular
R022207,2025-03-25,Metroville,Regular
R022208,2025-02-04,Lakewood,Frequent
R022209,2025-09-15,Metroville,Regular
R022210,2024-07-04,Lakewood,Regular
R022211,2024-04-28,Lakewood,Frequent
R022212,2024-11-05,Riverton,Regular
R022213,2025-03-24,Riverton,Occasional
R022214,2024-07-27,Hillview,Occasional
R022215,2025-12-31,Metroville,Occasional
R022216,2025-01-12,Riverton,Occasional
R022217,2025-08-17,Hillview,Occasional
R022218,2025-02-04,Lakewood,Regular
R022219,2024-10-14,Lakewood,Frequent
R022220,2025-09-11,Riverton,Regular
R022221,2024-04-25,Metroville,Frequent
R022222,2024-07-02,Riverton,Frequent
R022223,2025-07-14,Lakewood,Regular
R022224,2025-10-24,Metroville,Occasional
R022225,2024-07-31,Hillview,Occasional
R022226,2025-01-26,Metroville,Occasional
R022227,2024-12-21,Hillview,Occasional
R022228,2025-06-16,Riverton,Occasional
R022229,2024-12-31,Metroville,Frequent
R022230,2025-03-23,Metroville,Frequent
R022231,2025-05-04,Riverton,Regular
R022232,2025-08-29,Metroville,Regular
R022233,2024-04-11,Metroville,Frequent
R022234,2025-04-30,Lakewood,Frequent
R022235,2024-05-12,Hillview,Frequent
R022236,2024-01-09,Lakewood,Regular
R022237,2025-06-08,Lakewood,Regular
R022238,2024-10-12,Riverton,Occasional
R022239,2025-06-08,Lakewood,Occasional
R022240,2025-11-17,Metroville,Occasional
R022241,2024-04-04,Lakewood,Occasional
R022242,2024-11-26,Lakewood,Regular
R022243,2024-03-13,Metroville,Regular
R022244,2025-08-29,Metroville,Occasional
R022245,2026-01-01,Riverton,Regular
R022246,2025-09-28,Metroville,Occasional
R022247,2025-12-28,Riverton,Occasional
R022248,2024-08-31,Lakewood,Occasional
R022249,2024-07-22,Metroville,Regular
R022250,2025-09-19,Hillview,Regular
R022251,2025-04-22,Hillview,Occasional
R022252,2024-10-03,Riverton,Occasional
R022253,2024-06-02,Riverton,Occasional
R022254,2024-01-19,Riverton,Regular
R022255,2024-01-28,Metroville,Regular
R022256,2025-05-23,Riverton,Occasional
R022257,2024-07-12,Metroville,Frequent
R022258,2025-08-23,Hillview,Regular
R022259,2025-09-11,Lakewood,Regular
R022260,2024-11-26,Riverton,Regular
R022261,2024-08-07,Metroville,Frequent
R022262,2024-05-06,Lakewood,Occasional
R022263,2024-07-06,Metroville,Occasional
R022264,2025-03-26,Lakewood,Regular
R022265,2025-07-07,Lakewood,Regular
R022266,2025-06-24,Riverton,Frequent
R022267,2025-12-02,Lakewood,Regular
R022268,2025-04-24,Metroville,Occasional
R022269,2025-01-06,Riverton,Occasional
R022270,2024-09-17,Metroville,Regular
R022271,2024-09-03,Riverton,Occasional
R022272,2024-09-26,Riverton,Frequent
R022273,2025-10-05,Riverton,Occasional
R022274,2025-02-05,Hillview,Occasional
R022275,2024-06-10,Metroville,Regular
R022276,2024-05-21,Lakewood,Occasional
R022277,2024-01-21,Riverton,Regular
R022278,2025-09-11,Lakewood,Frequent
R022279,2024-06-09,Riverton,Occasional
R022280,2024-03-15,Hillview,Occasional
R022281,2024-07-30,Lakewood,Regular
R022282,2024-12-22,Hillview,Frequent
R022283,2025-12-03,Riverton,Regular
R022284,2025-09-21,Riverton,Regular
R022285,2024-05-05,Metroville,Occasional
R022286,2025-01-22,Metroville,Occasional
R022287,2025-08-26,Hillview,Occasional
R022288,2025-07-11,Hillview,Regular
R022289,2024-12-09,Lakewood,Frequent
R022290,2024-06-24,Lakewood,Regular
R022291,2025-07-28,Metroville,Occasional
R022292,2024-11-22,Metroville,Occasional
R022293,2024-06-22,Metroville,Regular
R022294,2025-06-05,Hillview,Frequent
R022295,2025-10-08,Metroville,Regular
R022296,2025-10-12,Lakewood,Regular
R022297,2025-11-17,Riverton,Frequent
R022298,2025-04-15,Riverton,Frequent
R022299,2025-07-16,Riverton,Regular
R022300,2024-06-26,Lakewood,Frequent
R022301,2024-08-25,Metroville,Frequent
R022302,2024-04-17,Lakewood,Regular
R022303,2024-02-29,Riverton,Occasional
R022304,2025-09-08,Hillview,Regular
R022305,2024-11-30,Lakewood,Occasional
R022306,2025-02-09,Riverton,Occasional
R022307,2024-03-04,Hillview,Occasional
R022308,2024-05-14,Metroville,Frequent
R022309,2024-02-25,Metroville,Occasional
R022310,2024-12-21,Metroville,Regular
R022311,2025-03-01,Hillview,Frequent
R022312,2024-04-02,Lakewood,Occasional
R022313,2025-06-02,Lakewood,Regular
R022314,2024-03-17,Lakewood,Regular
R022315,2025-09-05,Riverton,Regular
R022316,2025-11-04,Lakewood,Frequent
R022317,2025-04-13,Metroville,Regular
R022318,2025-02-02,Lakewood,Occasional
R022319,2025-06-19,Lakewood,Regular
R022320,2024-07-01,Lakewood,Occasional
R022321,2025-11-05,Metroville,Frequent
R022322,2025-10-07,Metroville,Frequent
R022323,2025-05-24,Metroville,Occasional
R022324,2026-01-01,Hillview,Occasional
R022325,2024-08-09,Metroville,Occasional
R022326,2025-10-09,Lakewood,Frequent
R022327,2024-01-25,Metroville,Occasional
R022328,2025-07-01,Metroville,Occasional
R022329,2024-07-30,Riverton,Occasional
R022330,2025-12-05,Hillview,Regular
R022331,2025-02-19,Metroville,Regular
R022332,2024-05-24,Riverton,Occasional
R022333,2024-08-18,Riverton,Occasional
R022334,2025-10-04,Riverton,Frequent
R022335,2025-08-11,Hillview,Occasional
R022336,2024-09-19,Metroville,Occasional
R022337,2024-07-11,Metroville,Occasional
R022338,2024-01-24,Lakewood,Regular
R022339,2024-03-31,Lakewood,Frequent
R022340,2024-01-24,Lakewood,Occasional
R022341,2024-08-29,Hillview,Frequent
R022342,2024-05-17,Metroville,Occasional
R022343,2024-01-15,Hillview,Frequent
R022344,2025-07-24,Lakewood,Occasional
R022345,2025-10-05,Hillview,Occasional
R022346,2025-10-18,Lakewood,Regular
R022347,2025-09-04,Lakewood,Occasional
R022348,2024-04-03,Riverton,Occasional
R022349,2024-04-30,Lakewood,Regular
R022350,2025-09-10,Hillview,Occasional
R022351,2024-01-12,Lakewood,Regular
R022352,2025-07-07,Metroville,Frequent
R022353,2024-04-02,Riverton,Occasional
R022354,2024-02-08,Lakewood,Occasional
R022355,2025-07-25,Riverton,Regular
R022356,2025-06-19,Metroville,Regular
R022357,2024-03-03,Riverton,Regular
R022358,2024-01-29,Riverton,Occasional
R022359,2025-10-08,Hillview,Regular
R022360,2024-07-11,Lakewood,Regular
R022361,2025-12-10,Metroville,Regular
R022362,2025-01-23,Lakewood,Occasional
R022363,2025-12-17,Riverton,Occasional
R022364,2025-10-27,Lakewood,Regular
R022365,2025-03-26,Hillview,Occasional
R022366,2024-03-18,Hillview,Occasional
R022367,2025-10-18,Hillview,Occasional
R022368,2024-09-11,Metroville,Occasional
R022369,2024-07-03,Metroville,Occasional
R022370,2025-02-26,Metroville,Regular
R022371,2024-09-18,Hillview,Occasional
R022372,2025-06-25,Riverton,Occasional
R022373,2024-07-12,Metroville,Regular
R022374,2025-11-01,Lakewood,Regular
R022375,2024-03-13,Hillview,Frequent
R022376,2024-12-09,Metroville,Frequent
R022377,2025-12-04,Lakewood,Regular
R022378,2025-09-07,Riverton,Occasional
R022379,2025-08-23,Metroville,Frequent
R022380,2025-03-27,Lakewood,Occasional
R022381,2025-02-20,Hillview,Occasional
R022382,2024-05-29,Metroville,Occasional
R022383,2024-08-06,Riverton,Occasional
R022384,2025-02-28,Hillview,Occasional
R022385,2024-08-12,Lakewood,Frequent
R022386,2024-08-17,Metroville,Occasional
R022387,2025-05-12,Riverton,Occasional
R022388,2025-05-30,Lakewood,Occasional
R022389,2024-12-29,Metroville,Occasional
R022390,2024-07-27,Metroville,Regular
R022391,2024-05-09,Hillview,Occasional
R022392,2024-07-11,Riverton,Occasional
R022393,2024-08-29,Metroville,Regular
R022394,2025-11-23,Metroville,Occasional
R022395,2024-08-24,Hillview,Occasional
R022396,2025-10-27,Hillview,Frequent
R022397,2025-01-29,Lakewood,Occasional
R022398,2024-11-26,Riverton,Frequent
R022399,2024-07-14,Metroville,Frequent
R022400,2025-07-14,Metroville,Frequent
R022401,2025-09-08,Hillview,Regular
R022402,2025-12-19,Lakewood,Regular
R022403,2025-08-23,Metroville,Occasional
R022404,2024-03-05,Lakewood,Occasional
R022405,2025-10-05,Lakewood,Regular
R022406,2025-03-19,Hillview,Occasional
R022407,2025-01-10,Metroville,Regular
R022408,2024-07-04,Riverton,Regular
R022409,2025-01-05,Riverton,Occasional
R022410,2025-08-08,Riverton,Regular
R022411,2025-03-07,Riverton,Regular
R022412,2024-03-15,Riverton,Regular
R022413,2025-07-07,Lakewood,Regular
R022414,2025-07-31,Metroville,Regular
R022415,2025-05-07,Hillview,Occasional
R022416,2024-05-26,Metroville,Occasional
R022417,2024-08-04,Metroville,Occasional
R022418,2024-11-29,Metroville,Occasional
R022419,2025-09-28,Metroville,Regular
R022420,2025-08-18,Metroville,Regular
R022421,2024-03-10,Lakewood,Occasional
R022422,2024-02-19,Lakewood,Frequent
R022423,2024-02-06,Riverton,Occasional
R022424,2025-11-10,Hillview,Occasional
R022425,2025-09-24,Lakewood,Frequent
R022426,2024-06-08,Hillview,Occasional
R022427,2025-11-01,Metroville,Occasional
R022428,2025-01-01,Lakewood,Occasional
R022429,2024-08-17,Metroville,Occasional
R022430,2025-06-21,Lakewood,Occasional
R022431,2024-02-20,Hillview,Frequent
R022432,2024-03-31,Metroville,Regular
R022433,2024-07-06,Riverton,Occasional
R022434,2025-03-21,Riverton,Regular
R022435,2025-09-05,Metroville,Occasional
R022436,2025-01-12,Lakewood,Occasional
R022437,2024-11-17,Metroville,Frequent
R022438,2025-03-04,Lakewood,Occasional
R022439,2024-01-09,Riverton,Frequent
R022440,2025-04-29,Metroville,Occasional
R022441,2025-08-12,Hillview,Frequent
R022442,2024-11-03,Riverton,Occasional
R022443,2025-04-19,Metroville,Occasional
R022444,2024-08-06,Lakewood,Regular
R022445,2025-11-16,Riverton,Occasional
R022446,2024-05-14,Riverton,Occasional
R022447,2024-04-10,Lakewood,Occasional
R022448,2025-11-18,Lakewood,Occasional
R022449,2025-01-06,Hillview,Occasional
R022450,2024-10-20,Metroville,Regular
R022451,2025-08-20,Riverton,Occasional
R022452,2024-07-25,Metroville,Occasional
R022453,2024-08-04,Lakewood,Regular
R022454,2024-02-08,Metroville,Frequent
R022455,2025-01-14,Metroville,Regular
R022456,2025-07-03,Metroville,Occasional
R022457,2025-12-23,Hillview,Regular
R022458,2025-01-21,Metroville,Occasional
R022459,2024-02-24,Lakewood,Occasional
R022460,2024-05-19,Lakewood,Regular
R022461,2024-07-24,Metroville,Frequent
R022462,2025-10-15,Hillview,Occasional
R022463,2025-03-01,Metroville,Occasional
R022464,2025-11-14,Hillview,Occasional
R022465,2025-09-09,Metroville,Frequent
R022466,2025-10-06,Lakewood,Frequent
R022467,2024-07-23,Riverton,Regular
R022468,2025-02-14,Metroville,Regular
R022469,2024-02-14,Riverton,Regular
R022470,2024-09-30,Lakewood,Frequent
R022471,2024-08-17,Lakewood,Occasional
R022472,2024-04-28,Metroville,Regular
R022473,2024-02-15,Metroville,Frequent
R022474,2024-10-03,Riverton,Occasional
R022475,2024-02-21,Metroville,Occasional
R022476,2025-03-24,Metroville,Regular
R022477,2024-07-22,Metroville,Occasional
R022478,2024-06-14,Metroville,Occasional
R022479,2024-03-22,Metroville,Occasional
R022480,2024-12-05,Metroville,Frequent
R022481,2024-05-03,Metroville,Regular
R022482,2025-02-23,Lakewood,Regular
R022483,2025-12-22,Lakewood,Occasional
R022484,2025-06-19,Hillview,Regular
R022485,2024-03-25,Lakewood,Frequent
R022486,2024-03-07,Lakewood,Occasional
R022487,2025-10-02,Metroville,Regular
R022488,2025-09-26,Riverton,Occasional
R022489,2024-09-22,Lakewood,Regular
R022490,2024-11-29,Riverton,Regular
R022491,2024-10-03,Metroville,Regular
R022492,2025-03-01,Riverton,Occasional
R022493,2024-06-01,Riverton,Frequent
R022494,2025-11-19,Lakewood,Occasional
R022495,2024-10-22,Lakewood,Frequent
R022496,2024-05-02,Metroville,Occasional
R022497,2024-08-08,Metroville,Occasional
R022498,2025-10-09,Metroville,Occasional
R022499,2024-07-30,Lakewood,Occasional
R022500,2025-08-11,Metroville,Occasional
R022501,2025-07-14,Hillview,Frequent
R022502,2025-12-28,Riverton,Regular
R022503,2024-04-22,Hillview,Regular
R022504,2024-10-14,Hillview,Occasional
R022505,2025-09-07,Lakewood,Frequent
R022506,2024-04-02,Riverton,Occasional
R022507,2024-01-26,Lakewood,Regular
R022508,2024-01-11,Riverton,Frequent
R022509,2024-03-01,Lakewood,Occasional
R022510,2025-08-03,Riverton,Occasional
R022511,2024-09-12,Metroville,Frequent
R022512,2024-04-09,Riverton,Occasional
R022513,2025-05-30,Lakewood,Occasional
R022514,2024-08-12,Metroville,Frequent
R022515,2024-04-11,Riverton,Occasional
R022516,2025-12-23,Lakewood,Regular
R022517,2025-03-03,Riverton,Regular
R022518,2024-11-19,Riverton,Occasional
R022519,2025-11-05,Riverton,Occasional
R022520,2024-06-18,Riverton,Regular
R022521,2025-03-07,Lakewood,Occasional
R022522,2025-07-05,Riverton,Regular
R022523,2024-01-05,Hillview,Frequent
R022524,2024-07-17,Metroville,Occasional
R022525,2024-03-11,Riverton,Occasional
R022526,2025-01-23,Metroville,Regular
R022527,2025-05-13,Lakewood,Regular
R022528,2024-04-25,Metroville,Regular
R022529,2024-04-14,Riverton,Regular
R022530,2024-12-03,Metroville,Frequent
R022531,2024-10-17,Riverton,Regular
R022532,2024-03-20,Lakewood,Regular
R022533,2025-05-13,Metroville,Occasional
R022534,2025-07-19,Hillview,Occasional
R022535,2024-11-09,Metroville,Regular
R022536,2024-09-24,Metroville,Occasional
R022537,2024-04-27,Lakewood,Occasional
R022538,2024-08-21,Metroville,Occasional
R022539,2025-01-06,Riverton,Frequent
R022540,2025-12-28,Metroville,Regular
R022541,2024-05-15,Riverton,Frequent
R022542,2025-08-30,Lakewood,Occasional
R022543,2025-01-02,Riverton,Regular
R022544,2025-02-09,Metroville,Regular
R022545,2024-08-07,Metroville,Frequent
R022546,2025-11-22,Riverton,Regular
R022547,2024-02-17,Metroville,Occasional
R022548,2024-06-03,Lakewood,Regular
R022549,2024-08-20,Hillview,Occasional
R022550,2025-02-23,Hillview,Occasional
R022551,2024-11-05,Metroville,Frequent
R022552,2025-11-11,Hillview,Regular
R022553,2024-05-15,Riverton,Regular
R022554,2025-02-21,Hillview,Frequent
R022555,2024-12-20,Riverton,Frequent
R022556,2024-08-13,Metroville,Regular
R022557,2024-01-17,Hillview,Frequent
R022558,2025-08-17,Metroville,Occasional
R022559,2024-05-26,Metroville,Frequent
R022560,2024-04-11,Lakewood,Regular
R022561,2025-02-21,Lakewood,Frequent
R022562,2024-04-21,Metroville,Frequent
R022563,2025-04-12,Metroville,Occasional
R022564,2025-06-19,Hillview,Frequent
R022565,2024-06-17,Riverton,Regular
R022566,2024-02-20,Lakewood,Regular
R022567,2024-03-11,Riverton,Regular
R022568,2024-02-07,Hillview,Frequent
R022569,2024-12-20,Metroville,Regular
R022570,2024-10-04,Metroville,Regular
R022571,2025-07-23,Hillview,Frequent
R022572,2024-10-18,Lakewood,Frequent
R022573,2025-04-21,Metroville,Regular
R022574,2024-12-09,Metroville,Regular
R022575,2024-11-09,Hillview,Occasional
R022576,2025-06-26,Lakewood,Regular
R022577,2025-01-07,Hillview,Frequent
R022578,2025-02-20,Riverton,Occasional
R022579,2024-11-25,Lakewood,Frequent
R022580,2025-06-06,Hillview,Regular
R022581,2024-08-10,Lakewood,Occasional
R022582,2024-02-06,Riverton,Frequent
R022583,2024-11-06,Lakewood,Occasional
R022584,2024-08-19,Hillview,Regular
R022585,2025-10-18,Lakewood,Regular
R022586,2025-12-08,Metroville,Occasional
R022587,2024-06-08,Riverton,Regular
R022588,2024-11-09,Hillview,Regular
R022589,2024-11-12,Hillview,Frequent
R022590,2024-06-11,Lakewood,Regular
R022591,2024-01-08,Lakewood,Occasional
R022592,2025-12-27,Metroville,Frequent
R022593,2025-04-22,Metroville,Frequent
R022594,2024-10-28,Hillview,Regular
R022595,2024-05-14,Riverton,Frequent
R022596,2024-12-16,Lakewood,Regular
R022597,2024-07-18,Lakewood,Occasional
R022598,2024-06-12,Metroville,Regular
R022599,2025-12-01,Lakewood,Regular
R022600,2025-04-25,Hillview,Regular
R022601,2024-08-13,Lakewood,Occasional
R022602,2024-05-31,Lakewood,Occasional
R022603,2025-07-16,Lakewood,Occasional
R022604,2025-03-22,Metroville,Regular
R022605,2025-09-17,Metroville,Occasional
R022606,2025-07-08,Metroville,Occasional
R022607,2024-10-21,Lakewood,Occasional
R022608,2025-04-22,Hillview,Occasional
R022609,2024-10-05,Lakewood,Occasional
R022610,2024-03-07,Hillview,Occasional
R022611,2024-01-24,Metroville,Regular
R022612,2024-02-28,Lakewood,Frequent
R022613,2025-11-04,Riverton,Regular
R022614,2025-09-08,Metroville,Regular
R022615,2024-10-13,Metroville,Regular
R022616,2025-10-24,Metroville,Regular
R022617,2025-06-23,Metroville,Regular
R022618,2024-04-09,Hillview,Occasional
R022619,2024-06-14,Metroville,Occasional
R022620,2024-10-01,Metroville,Regular
R022621,2025-08-12,Riverton,Occasional
R022622,2025-04-23,Metroville,Occasional
R022623,2024-10-14,Lakewood,Regular
R022624,2025-09-03,Metroville,Regular
R022625,2024-08-25,Hillview,Occasional
R022626,2025-10-27,Hillview,Occasional
R022627,2025-06-12,Hillview,Frequent
R022628,2025-05-26,Metroville,Occasional
R022629,2024-03-05,Metroville,Occasional
R022630,2024-04-17,Hillview,Regular
R022631,2025-12-20,Hillview,Frequent
R022632,2025-07-16,Lakewood,Regular
R022633,2024-07-07,Lakewood,Regular
R022634,2025-09-20,Lakewood,Frequent
R022635,2024-08-13,Metroville,Occasional
R022636,2024-09-14,Lakewood,Regular
R022637,2024-08-10,Hillview,Occasional
R022638,2024-12-27,Hillview,Regular
R022639,2025-07-11,Metroville,Regular
R022640,2024-05-01,Metroville,Frequent
R022641,2025-12-09,Metroville,Regular
R022642,2024-08-10,Metroville,Regular
R022643,2025-12-09,Metroville,Regular
R022644,2025-09-28,Metroville,Occasional
R022645,2025-02-04,Hillview,Regular
R022646,2024-03-06,Hillview,Occasional
R022647,2025-02-24,Hillview,Regular
R022648,2025-07-12,Riverton,Occasional
R022649,2025-12-19,Riverton,Occasional
R022650,2024-03-12,Riverton,Regular
R022651,2025-06-29,Riverton,Occasional
R022652,2024-08-02,Metroville,Regular
R022653,2025-07-02,Metroville,Regular
R022654,2025-03-02,Lakewood,Regular
R022655,2025-09-26,Riverton,Occasional
R022656,2024-01-03,Metroville,Regular
R022657,2025-01-04,Lakewood,Occasional
R022658,2025-05-09,Hillview,Occasional
R022659,2024-10-04,Metroville,Regular
R022660,2024-08-19,Metroville,Regular
R022661,2024-08-27,Hillview,Frequent
R022662,2025-07-01,Metroville,Regular
R022663,2024-05-31,Metroville,Occasional
R022664,2025-12-14,Riverton,Regular
R022665,2024-06-02,Hillview,Occasional
R022666,2024-10-31,Metroville,Occasional
R022667,2025-12-27,Metroville,Occasional
R022668,2024-01-22,Lakewood,Occasional
R022669,2024-09-03,Lakewood,Regular
R022670,2025-09-13,Riverton,Regular
R022671,2024-08-19,Hillview,Regular
R022672,2024-07-19,Riverton,Occasional
R022673,2024-01-01,Metroville,Regular
R022674,2024-04-18,Riverton,Regular
R022675,2024-05-23,Riverton,Occasional
R022676,2025-10-05,Lakewood,Occasional
R022677,2025-02-03,Riverton,Occasional
R022678,2024-06-19,Lakewood,Occasional
R022679,2025-08-15,Riverton,Regular
R022680,2025-03-19,Riverton,Occasional
R022681,2024-08-19,Metroville,Frequent
R022682,2024-07-04,Riverton,Regular
R022683,2024-06-10,Metroville,Occasional
R022684,2025-06-05,Metroville,Occasional
R022685,2025-06-08,Lakewood,Occasional
R022686,2025-04-19,Hillview,Frequent
R022687,2024-11-23,Metroville,Occasional
R022688,2025-01-07,Riverton,Frequent
R022689,2025-10-19,Metroville,Frequent
R022690,2025-02-10,Metroville,Occasional
R022691,2025-03-25,Lakewood,Frequent
R022692,2024-06-15,Metroville,Occasional
R022693,2024-11-29,Riverton,Occasional
R022694,2024-01-17,Lakewood,Frequent
R022695,2024-12-03,Riverton,Regular
R022696,2025-08-09,Riverton,Regular
R022697,2025-05-05,Lakewood,Occasional
R022698,2025-10-12,Lakewood,Regular
R022699,2024-09-06,Metroville,Regular
R022700,2025-07-23,Riverton,Occasional
R022701,2025-06-19,Hillview,Frequent
R022702,2025-06-02,Lakewood,Frequent
R022703,2025-08-08,Metroville,Occasional
R022704,2024-12-11,Riverton,Regular
R022705,2024-09-07,Riverton,Occasional
R022706,2025-03-03,Metroville,Regular
R022707,2024-10-08,Lakewood,Regular
R022708,2025-05-21,Lakewood,Occasional
R022709,2025-09-25,Riverton,Occasional
R022710,2024-01-20,Riverton,Regular
R022711,2025-03-30,Lakewood,Regular
R022712,2024-11-06,Riverton,Occasional
R022713,2024-03-17,Hillview,Occasional
R022714,2024-06-13,Metroville,Regular
R022715,2025-08-27,Metroville,Regular
R022716,2024-09-23,Lakewood,Occasional
R022717,2024-03-04,Riverton,Occasional
R022718,2025-07-02,Metroville,Occasional
R022719,2024-06-22,Hillview,Frequent
R022720,2024-09-22,Metroville,Occasional
R022721,2024-05-23,Riverton,Regular
R022722,2025-06-25,Riverton,Occasional
R022723,2025-11-03,Metroville,Occasional
R022724,2025-12-12,Hillview,Regular
R022725,2024-02-24,Hillview,Occasional
R022726,2025-11-06,Metroville,Regular
R022727,2025-04-09,Metroville,Regular
R022728,2025-08-28,Hillview,Frequent
R022729,2024-02-24,Hillview,Occasional
R022730,2025-09-16,Lakewood,Occasional
R022731,2024-08-27,Metroville,Regular
R022732,2024-10-15,Metroville,Occasional
R022733,2025-10-17,Metroville,Regular
R022734,2025-06-19,Riverton,Regular
R022735,2025-01-09,Riverton,Regular
R022736,2025-05-03,Riverton,Regular
R022737,2024-09-17,Hillview,Occasional
R022738,2025-12-20,Metroville,Regular
R022739,2024-02-21,Lakewood,Regular
R022740,2025-02-24,Metroville,Occasional
R022741,2024-02-02,Riverton,Occasional
R022742,2024-11-10,Riverton,Occasional
R022743,2025-01-07,Hillview,Regular
R022744,2025-09-04,Metroville,Regular
R022745,2025-11-17,Hillview,Occasional
R022746,2025-07-02,Lakewood,Occasional
R022747,2025-12-06,Metroville,Regular
R022748,2024-04-01,Hillview,Occasional
R022749,2025-01-19,Metroville,Regular
R022750,2025-03-12,Riverton,Occasional
R022751,2024-02-26,Lakewood,Regular
R022752,2025-03-09,Lakewood,Occasional
R022753,2024-02-01,Lakewood,Occasional
R022754,2025-04-07,Hillview,Regular
R022755,2024-06-11,Lakewood,Frequent
R022756,2025-11-20,Metroville,Regular
R022757,2024-08-26,Hillview,Occasional
R022758,2025-03-16,Metroville,Regular
R022759,2025-03-21,Lakewood,Occasional
R022760,2025-09-28,Hillview,Regular
R022761,2024-09-03,Metroville,Occasional
R022762,2024-09-19,Metroville,Regular
R022763,2025-05-14,Hillview,Frequent
R022764,2024-02-12,Metroville,Regular
R022765,2025-02-09,Lakewood,Occasional
R022766,2024-10-01,Metroville,Frequent
R022767,2025-12-16,Lakewood,Occasional
R022768,2025-01-24,Riverton,Occasional
R022769,2025-07-18,Hillview,Occasional
R022770,2025-09-01,Lakewood,Frequent
R022771,2024-04-17,Lakewood,Occasional
R022772,2025-04-07,Metroville,Frequent
R022773,2025-05-12,Lakewood,Regular
R022774,2024-11-19,Riverton,Frequent
R022775,2024-05-25,Riverton,Regular
R022776,2024-12-04,Lakewood,Occasional
R022777,2024-02-07,Metroville,Regular
R022778,2025-12-30,Lakewood,Frequent
R022779,2024-03-06,Hillview,Regular
R022780,2024-04-13,Lakewood,Occasional
R022781,2024-04-10,Lakewood,Regular
R022782,2024-05-30,Riverton,Occasional
R022783,2024-05-14,Metroville,Regular
R022784,2025-04-02,Riverton,Regular
R022785,2024-03-22,Metroville,Occasional
R022786,2025-05-28,Metroville,Occasional
R022787,2024-10-25,Metroville,Regular
R022788,2024-10-16,Riverton,Occasional
R022789,2025-01-07,Hillview,Regular
R022790,2024-01-24,Metroville,Regular
R022791,2025-01-01,Lakewood,Regular
R022792,2025-01-17,Hillview,Occasional
R022793,2025-07-02,Hillview,Regular
R022794,2024-04-15,Lakewood,Regular
R022795,2024-02-07,Riverton,Regular
R022796,2024-02-11,Metroville,Occasional
R022797,2025-12-02,Riverton,Occasional
R022798,2024-09-09,Riverton,Regular
R022799,2024-06-21,Lakewood,Regular
R022800,2024-04-09,Metroville,Frequent
R022801,2024-07-06,Metroville,Regular
R022802,2024-11-17,Metroville,Occasional
R022803,2025-12-11,Metroville,Regular
R022804,2025-07-11,Hillview,Regular
R022805,2025-09-15,Metroville,Occasional
R022806,2024-02-04,Metroville,Occasional
R022807,2025-02-24,Riverton,Regular
R022808,2024-12-31,Metroville,Regular
R022809,2024-05-22,Lakewood,Regular
R022810,2024-12-29,Metroville,Occasional
R022811,2025-03-03,Hillview,Regular
R022812,2024-01-02,Hillview,Occasional
R022813,2025-12-19,Lakewood,Regular
R022814,2025-06-24,Metroville,Occasional
R022815,2025-11-08,Riverton,Occasional
R022816,2024-03-06,Riverton,Occasional
R022817,2024-02-13,Metroville,Occasional
R022818,2025-11-13,Lakewood,Occasional
R022819,2025-11-13,Metroville,Regular
R022820,2025-04-13,Metroville,Occasional
R022821,2024-05-26,Lakewood,Occasional
R022822,2024-07-29,Lakewood,Frequent
R022823,2025-08-04,Lakewood,Regular
R022824,2025-11-08,Lakewood,Occasional
R022825,2025-05-06,Metroville,Regular
R022826,2024-10-20,Metroville,Occasional
R022827,2025-08-24,Metroville,Occasional
R022828,2024-07-09,Lakewood,Regular
R022829,2024-04-04,Metroville,Regular
R022830,2024-10-08,Riverton,Regular
R022831,2024-12-08,Riverton,Occasional
R022832,2025-03-23,Hillview,Regular
R022833,2025-05-18,Hillview,Regular
R022834,2025-06-13,Lakewood,Regular
R022835,2024-05-29,Hillview,Regular
R022836,2025-04-29,Hillview,Occasional
R022837,2024-02-02,Metroville,Regular
R022838,2025-11-05,Lakewood,Regular
R022839,2024-11-19,Metroville,Regular
R022840,2025-11-30,Hillview,Regular
R022841,2025-09-27,Lakewood,Regular
R022842,2024-05-24,Metroville,Regular
R022843,2024-03-22,Riverton,Regular
R022844,2025-10-29,Hillview,Occasional
R022845,2024-12-25,Riverton,Regular
R022846,2024-03-19,Lakewood,Frequent
R022847,2025-03-21,Metroville,Occasional
R022848,2025-12-01,Riverton,Occasional
R022849,2025-03-16,Riverton,Regular
R022850,2024-07-08,Lakewood,Occasional
R022851,2024-09-03,Riverton,Occasional
R022852,2024-07-13,Metroville,Frequent
R022853,2025-01-29,Lakewood,Occasional
R022854,2024-11-04,Metroville,Occasional
R022855,2024-09-07,Hillview,Regular
R022856,2024-05-13,Lakewood,Frequent
R022857,2024-01-22,Metroville,Occasional
R022858,2025-08-28,Metroville,Occasional
R022859,2025-08-10,Hillview,Frequent
R022860,2024-04-01,Hillview,Occasional
R022861,2024-06-15,Riverton,Occasional
R022862,2024-11-17,Lakewood,Occasional
R022863,2025-03-12,Riverton,Frequent
R022864,2025-10-26,Riverton,Frequent
R022865,2025-05-25,Metroville,Regular
R022866,2025-04-10,Metroville,Frequent
R022867,2025-06-28,Lakewood,Occasional
R022868,2025-03-20,Lakewood,Occasional
R022869,2025-11-11,Lakewood,Regular
R022870,2025-12-29,Metroville,Regular
R022871,2024-11-26,Riverton,Occasional
R022872,2024-01-17,Riverton,Occasional
R022873,2025-12-28,Hillview,Occasional
R022874,2024-08-22,Lakewood,Regular
R022875,2024-07-15,Metroville,Occasional
R022876,2024-04-01,Metroville,Regular
R022877,2025-07-12,Lakewood,Occasional
R022878,2024-05-15,Metroville,Occasional
R022879,2025-12-06,Hillview,Occasional
R022880,2024-06-07,Lakewood,Frequent
R022881,2024-02-22,Riverton,Regular
R022882,2025-04-03,Lakewood,Regular
R022883,2024-05-30,Metroville,Occasional
R022884,2024-07-18,Riverton,Occasional
R022885,2024-03-18,Lakewood,Occasional
R022886,2025-05-01,Lakewood,Occasional
R022887,2024-06-10,Riverton,Regular
R022888,2025-06-24,Metroville,Occasional
R022889,2024-07-08,Riverton,Regular
R022890,2024-10-21,Riverton,Frequent
R022891,2024-12-26,Hillview,Occasional
R022892,2025-01-27,Riverton,Occasional
R022893,2025-08-29,Metroville,Regular
R022894,2024-04-06,Riverton,Frequent
R022895,2024-06-15,Riverton,Frequent
R022896,2025-07-04,Metroville,Occasional
R022897,2025-09-18,Riverton,Occasional
R022898,2024-11-02,Lakewood,Occasional
R022899,2024-01-05,Riverton,Frequent
R022900,2025-09-02,Metroville,Occasional
R022901,2025-03-23,Metroville,Regular
R022902,2025-01-20,Lakewood,Regular
R022903,2024-10-11,Metroville,Occasional
R022904,2025-05-25,Hillview,Regular
R022905,2024-07-30,Riverton,Regular
R022906,2024-09-19,Metroville,Occasional
R022907,2025-07-16,Lakewood,Occasional
R022908,2024-09-29,Hillview,Occasional
R022909,2025-11-23,Lakewood,Frequent
R022910,2024-11-15,Lakewood,Frequent
R022911,2025-02-15,Lakewood,Occasional
R022912,2025-04-10,Metroville,Regular
R022913,2025-05-26,Lakewood,Regular
R022914,2025-01-05,Metroville,Frequent
R022915,2024-09-22,Riverton,Regular
R022916,2025-08-11,Metroville,Occasional
R022917,2025-06-08,Lakewood,Frequent
R022918,2024-02-10,Hillview,Occasional
R022919,2025-04-02,Lakewood,Occasional
R022920,2025-10-21,Metroville,Regular
R022921,2025-02-13,Lakewood,Frequent
R022922,2025-11-08,Metroville,Regular
R022923,2024-10-12,Riverton,Regular
R022924,2024-06-27,Riverton,Occasional
R022925,2024-12-31,Metroville,Regular
R022926,2024-03-14,Lakewood,Occasional
R022927,2024-02-17,Lakewood,Occasional
R022928,2025-02-22,Hillview,Frequent
R022929,2024-01-22,Metroville,Regular
R022930,2024-02-16,Lakewood,Frequent
R022931,2024-11-29,Hillview,Occasional
R022932,2024-06-17,Metroville,Regular
R022933,2024-05-11,Riverton,Occasional
R022934,2025-01-06,Riverton,Occasional
R022935,2024-08-27,Metroville,Occasional
R022936,2025-03-25,Hillview,Occasional
R022937,2024-11-07,Riverton,Frequent
R022938,2024-05-22,Lakewood,Regular
R022939,2025-05-30,Lakewood,Frequent
R022940,2025-11-13,Lakewood,Occasional
R022941,2025-06-16,Metroville,Regular
R022942,2024-05-12,Hillview,Occasional
R022943,2025-02-12,Lakewood,Occasional
R022944,2024-04-22,Lakewood,Frequent
R022945,2024-01-20,Hillview,Occasional
R022946,2024-04-28,Lakewood,Frequent
R022947,2025-08-15,Metroville,Frequent
R022948,2025-11-11,Metroville,Occasional
R022949,2025-03-13,Hillview,Frequent
R022950,2025-10-05,Lakewood,Regular
R022951,2024-10-26,Lakewood,Regular
R022952,2024-01-25,Lakewood,Frequent
R022953,2025-10-23,Lakewood,Regular
R022954,2025-06-15,Lakewood,Frequent
R022955,2025-04-27,Hillview,Frequent
R022956,2024-02-23,Metroville,Occasional
R022957,2025-12-05,Metroville,Regular
R022958,2024-02-25,Hillview,Occasional
R022959,2024-01-12,Metroville,Occasional
R022960,2024-02-25,Hillview,Occasional
R022961,2025-11-19,Hillview,Occasional
R022962,2025-08-30,Riverton,Regular
R022963,2024-03-23,Metroville,Occasional
R022964,2024-11-08,Metroville,Occasional
R022965,2025-01-21,Metroville,Frequent
R022966,2025-02-11,Lakewood,Frequent
R022967,2024-05-27,Riverton,Regular
R022968,2024-01-23,Lakewood,Frequent
R022969,2024-01-23,Metroville,Regular
R022970,2025-10-21,Metroville,Regular
R022971,2025-03-31,Lakewood,Occasional
R022972,2025-12-19,Metroville,Occasional
R022973,2025-09-21,Riverton,Occasional
R022974,2024-06-21,Metroville,Regular
R022975,2024-03-06,Lakewood,Regular
R022976,2025-04-25,Riverton,Regular
R022977,2024-06-13,Lakewood,Occasional
R022978,2025-05-11,Hillview,Regular
R022979,2025-12-09,Hillview,Frequent
R022980,2025-12-08,Metroville,Frequent
R022981,2024-07-02,Metroville,Occasional
R022982,2024-12-20,Hillview,Occasional
R022983,2025-06-01,Riverton,Frequent
R022984,2024-06-23,Hillview,Occasional
R022985,2025-02-16,Metroville,Occasional
R022986,2024-09-20,Hillview,Occasional
R022987,2025-02-24,Hillview,Regular
R022988,2025-04-13,Metroville,Occasional
R022989,2025-10-03,Metroville,Occasional
R022990,2024-12-11,Lakewood,Occasional
R022991,2024-07-29,Lakewood,Regular
R022992,2024-02-28,Metroville,Regular
R022993,2025-05-27,Metroville,Frequent
R022994,2025-08-13,Hillview,Occasional
R022995,2024-10-27,Metroville,Regular
R022996,2025-09-24,Hillview,Occasional
R022997,2024-12-13,Metroville,Regular
R022998,2024-12-16,Hillview,Occasional
R022999,2024-02-03,Metroville,Regular
R023000,2025-01-18,Metroville,Regular
R023001,2025-03-11,Hillview,Frequent
R023002,2024-12-25,Metroville,Occasional
R023003,2025-01-28,Metroville,Frequent
R023004,2025-01-22,Lakewood,Regular
R023005,2025-05-26,Riverton,Regular
R023006,2024-03-16,Riverton,Regular
R023007,2025-01-23,Metroville,Occasional
R023008,2024-11-13,Hillview,Regular
R023009,2024-09-10,Metroville,Occasional
R023010,2024-11-23,Hillview,Regular
R023011,2025-05-12,Riverton,Occasional
R023012,2025-12-31,Metroville,Frequent
R023013,2024-06-10,Lakewood,Occasional
R023014,2024-02-05,Lakewood,Frequent
R023015,2024-09-12,Riverton,Occasional
R023016,2024-08-16,Riverton,Occasional
R023017,2024-02-20,Lakewood,Frequent
R023018,2024-12-29,Riverton,Frequent
R023019,2025-01-14,Metroville,Regular
R023020,2025-09-12,Riverton,Occasional
R023021,2025-05-26,Lakewood,Occasional
R023022,2024-12-03,Hillview,Frequent
R023023,2025-04-26,Hillview,Regular
R023024,2024-08-01,Metroville,Regular
R023025,2024-04-24,Riverton,Occasional
R023026,2025-01-26,Riverton,Occasional
R023027,2024-12-29,Riverton,Regular
R023028,2024-08-05,Metroville,Occasional
R023029,2025-10-20,Riverton,Regular
R023030,2025-02-05,Metroville,Frequent
R023031,2025-02-19,Hillview,Occasional
R023032,2025-05-19,Lakewood,Occasional
R023033,2024-07-31,Metroville,Occasional
R023034,2025-01-23,Riverton,Occasional
R023035,2025-10-18,Lakewood,Occasional
R023036,2025-03-22,Metroville,Occasional
R023037,2025-09-15,Riverton,Occasional
R023038,2024-01-29,Metroville,Frequent
R023039,2025-06-11,Metroville,Occasional
R023040,2025-04-27,Riverton,Regular
R023041,2025-10-19,Lakewood,Occasional
R023042,2025-12-10,Metroville,Occasional
R023043,2024-04-11,Metroville,Regular
R023044,2024-12-25,Lakewood,Occasional
R023045,2025-11-13,Lakewood,Occasional
R023046,2025-08-10,Lakewood,Frequent
R023047,2024-03-15,Hillview,Occasional
R023048,2025-02-05,Metroville,Regular
R023049,2024-09-12,Hillview,Regular
R023050,2025-05-30,Lakewood,Occasional
R023051,2025-01-10,Riverton,Occasional
R023052,2024-08-14,Lakewood,Frequent
R023053,2024-11-01,Metroville,Occasional
R023054,2025-12-08,Lakewood,Occasional
R023055,2024-09-24,Riverton,Occasional
R023056,2024-06-06,Metroville,Occasional
R023057,2024-03-23,Metroville,Occasional
R023058,2024-04-26,Riverton,Frequent
R023059,2024-02-08,Riverton,Occasional
R023060,2024-02-03,Lakewood,Regular
R023061,2025-01-25,Riverton,Occasional
R023062,2025-01-31,Hillview,Regular
R023063,2025-08-05,Lakewood,Regular
R023064,2025-03-29,Riverton,Regular
R023065,2024-05-20,Metroville,Frequent
R023066,2025-04-20,Metroville,Occasional
R023067,2024-11-20,Riverton,Regular
R023068,2024-05-06,Riverton,Frequent
R023069,2025-04-20,Metroville,Occasional
R023070,2025-04-21,Riverton,Occasional
R023071,2024-11-05,Metroville,Occasional
R023072,2024-04-30,Riverton,Occasional
R023073,2024-01-22,Lakewood,Occasional
R023074,2025-07-06,Lakewood,Occasional
R023075,2024-04-24,Hillview,Occasional
R023076,2024-07-20,Lakewood,Occasional
R023077,2025-05-09,Lakewood,Frequent
R023078,2024-11-04,Metroville,Regular
R023079,2025-08-23,Metroville,Occasional
R023080,2024-09-25,Hillview,Frequent
R023081,2025-10-15,Hillview,Regular
R023082,2024-09-26,Riverton,Occasional
R023083,2024-03-01,Hillview,Regular
R023084,2025-06-11,Metroville,Frequent
R023085,2025-04-28,Riverton,Occasional
R023086,2025-12-31,Metroville,Frequent
R023087,2024-03-13,Riverton,Occasional
R023088,2025-01-21,Riverton,Regular
R023089,2025-06-03,Riverton,Occasional
R023090,2024-10-20,Metroville,Occasional
R023091,2024-07-10,Hillview,Occasional
R023092,2024-08-02,Lakewood,Frequent
R023093,2024-01-08,Hillview,Regular
R023094,2025-04-02,Lakewood,Frequent
R023095,2025-07-23,Metroville,Regular
R023096,2024-11-26,Hillview,Frequent
R023097,2024-01-29,Riverton,Occasional
R023098,2025-07-19,Metroville,Frequent
R023099,2025-10-26,Lakewood,Frequent
R023100,2025-03-20,Metroville,Regular
R023101,2024-03-04,Hillview,Regular
R023102,2024-10-28,Lakewood,Regular
R023103,2025-02-20,Metroville,Occasional
R023104,2025-11-28,Metroville,Occasional
R023105,2024-12-31,Metroville,Frequent
R023106,2024-01-09,Lakewood,Occasional
R023107,2025-05-30,Hillview,Occasional
R023108,2025-05-19,Hillview,Regular
R023109,2024-06-21,Lakewood,Occasional
R023110,2024-10-27,Hillview,Frequent
R023111,2024-02-01,Riverton,Regular
R023112,2024-03-30,Riverton,Frequent
R023113,2024-08-15,Metroville,Regular
R023114,2024-03-08,Riverton,Regular
R023115,2024-07-21,Hillview,Regular
R023116,2025-04-20,Hillview,Occasional
R023117,2024-10-07,Lakewood,Occasional
R023118,2024-04-18,Metroville,Regular
R023119,2025-04-02,Lakewood,Regular
R023120,2025-09-18,Riverton,Occasional
R023121,2025-03-08,Metroville,Regular
R023122,2024-08-15,Lakewood,Occasional
R023123,2025-08-13,Riverton,Regular
R023124,2024-09-08,Hillview,Frequent
R023125,2024-01-12,Riverton,Occasional
R023126,2025-04-28,Riverton,Regular
R023127,2025-06-10,Metroville,Occasional
R023128,2024-06-10,Riverton,Regular
R023129,2024-10-02,Hillview,Regular
R023130,2024-01-06,Lakewood,Occasional
R023131,2024-12-10,Hillview,Occasional
R023132,2024-11-22,Metroville,Regular
R023133,2024-07-07,Riverton,Regular
R023134,2025-01-21,Hillview,Regular
R023135,2025-05-11,Hillview,Occasional
R023136,2024-11-22,Lakewood,Regular
R023137,2025-08-05,Lakewood,Occasional
R023138,2024-12-01,Hillview,Frequent
R023139,2024-10-26,Lakewood,Regular
R023140,2025-05-02,Metroville,Regular
R023141,2024-05-05,Lakewood,Occasional
R023142,2025-09-11,Riverton,Occasional
R023143,2025-03-18,Riverton,Occasional
R023144,2024-09-24,Metroville,Regular
R023145,2024-06-20,Lakewood,Regular
R023146,2025-08-01,Riverton,Occasional
R023147,2024-01-11,Riverton,Occasional
R023148,2024-02-15,Metroville,Regular
R023149,2025-03-20,Riverton,Occasional
R023150,2024-12-17,Riverton,Regular
R023151,2024-05-05,Metroville,Regular
R023152,2024-10-02,Riverton,Occasional
R023153,2025-07-27,Riverton,Frequent
R023154,2024-12-07,Lakewood,Occasional
R023155,2025-01-21,Riverton,Occasional
R023156,2024-03-07,Metroville,Regular
R023157,2025-06-11,Lakewood,Occasional
R023158,2024-04-11,Hillview,Occasional
R023159,2024-06-19,Metroville,Regular
R023160,2024-08-02,Hillview,Occasional
R023161,2024-11-11,Riverton,Frequent
R023162,2024-07-19,Metroville,Frequent
R023163,2025-08-20,Metroville,Frequent
R023164,2024-10-08,Metroville,Regular
R023165,2024-01-27,Riverton,Regular
R023166,2024-11-30,Metroville,Regular
R023167,2024-03-31,Lakewood,Regular
R023168,2024-06-10,Hillview,Frequent
R023169,2025-03-08,Hillview,Occasional
R023170,2025-03-29,Hillview,Occasional
R023171,2025-05-02,Lakewood,Regular
R023172,2024-10-02,Metroville,Occasional
R023173,2025-09-05,Metroville,Frequent
R023174,2024-02-14,Metroville,Occasional
R023175,2024-10-04,Hillview,Regular
R023176,2024-06-27,Riverton,Regular
R023177,2024-01-31,Metroville,Occasional
R023178,2025-02-14,Lakewood,Regular
R023179,2024-02-11,Metroville,Frequent
R023180,2025-03-20,Lakewood,Frequent
R023181,2025-09-17,Metroville,Occasional
R023182,2025-08-08,Hillview,Occasional
R023183,2025-05-13,Lakewood,Occasional
R023184,2024-06-28,Riverton,Occasional
R023185,2025-04-23,Metroville,Occasional
R023186,2025-02-15,Lakewood,Occasional
R023187,2024-12-27,Lakewood,Occasional
R023188,2024-12-14,Metroville,Occasional
R023189,2024-04-13,Metroville,Frequent
R023190,2025-09-13,Riverton,Regular
R023191,2025-09-04,Lakewood,Occasional
R023192,2025-06-18,Riverton,Occasional
R023193,2025-02-04,Hillview,Regular
R023194,2024-04-06,Hillview,Regular
R023195,2025-04-09,Hillview,Occasional
R023196,2025-12-02,Metroville,Regular
R023197,2024-04-07,Metroville,Regular
R023198,2024-09-17,Riverton,Regular
R023199,2025-10-25,Hillview,Occasional
R023200,2025-11-29,Hillview,Regular
R023201,2024-11-22,Riverton,Occasional
R023202,2024-07-27,Hillview,Occasional
R023203,2024-07-28,Metroville,Regular
R023204,2024-12-09,Lakewood,Regular
R023205,2024-08-21,Metroville,Regular
R023206,2025-02-06,Metroville,Occasional
R023207,2024-02-28,Riverton,Regular
R023208,2024-02-16,Metroville,Regular
R023209,2024-01-04,Riverton,Occasional
R023210,2025-06-07,Riverton,Occasional
R023211,2025-11-07,Hillview,Regular
R023212,2024-03-17,Hillview,Regular
R023213,2025-10-31,Riverton,Frequent
R023214,2024-04-30,Riverton,Occasional
R023215,2024-02-05,Riverton,Frequent
R023216,2024-07-31,Metroville,Occasional
R023217,2024-08-02,Riverton,Regular
R023218,2025-12-04,Hillview,Occasional
R023219,2024-03-23,Lakewood,Regular
R023220,2025-12-13,Metroville,Occasional
R023221,2025-09-22,Metroville,Occasional
R023222,2024-12-24,Metroville,Regular
R023223,2025-05-07,Riverton,Regular
R023224,2025-01-25,Hillview,Occasional
R023225,2025-10-28,Metroville,Regular
R023226,2024-06-04,Lakewood,Regular
R023227,2025-11-30,Riverton,Regular
R023228,2024-11-02,Hillview,Frequent
R023229,2025-11-13,Metroville,Occasional
R023230,2025-12-21,Lakewood,Regular
R023231,2025-09-12,Metroville,Occasional
R023232,2025-08-01,Lakewood,Occasional
R023233,2024-11-14,Metroville,Regular
R023234,2025-05-25,Metroville,Regular
R023235,2024-06-28,Metroville,Frequent
R023236,2024-07-22,Lakewood,Occasional
R023237,2025-06-26,Metroville,Occasional
R023238,2025-07-12,Hillview,Regular
R023239,2024-07-10,Hillview,Regular
R023240,2025-12-08,Hillview,Regular
R023241,2025-05-14,Metroville,Occasional
R023242,2025-12-24,Metroville,Regular
R023243,2024-12-16,Lakewood,Regular
R023244,2025-03-15,Metroville,Regular
R023245,2025-04-22,Riverton,Regular
R023246,2024-04-27,Riverton,Frequent
R023247,2024-07-23,Metroville,Occasional
R023248,2025-12-06,Metroville,Regular
R023249,2025-05-08,Lakewood,Regular
R023250,2025-01-31,Hillview,Occasional
R023251,2024-01-03,Riverton,Frequent
R023252,2024-01-29,Metroville,Regular
R023253,2025-02-11,Lakewood,Occasional
R023254,2024-02-29,Lakewood,Frequent
R023255,2024-04-14,Riverton,Occasional
R023256,2025-02-26,Lakewood,Occasional
R023257,2025-12-04,Riverton,Occasional
R023258,2025-09-03,Metroville,Occasional
R023259,2024-12-06,Metroville,Occasional
R023260,2025-11-20,Riverton,Frequent
R023261,2025-03-19,Hillview,Frequent
R023262,2025-11-22,Hillview,Regular
R023263,2024-06-22,Riverton,Occasional
R023264,2025-02-27,Riverton,Regular
R023265,2025-11-06,Lakewood,Regular
R023266,2025-12-19,Hillview,Frequent
R023267,2025-09-21,Lakewood,Occasional
R023268,2024-04-19,Riverton,Occasional
R023269,2025-03-29,Lakewood,Occasional
R023270,2024-03-10,Hillview,Frequent
R023271,2024-10-07,Riverton,Regular
R023272,2024-01-23,Metroville,Occasional
R023273,2025-07-09,Hillview,Occasional
R023274,2025-07-20,Metroville,Regular
R023275,2024-03-08,Metroville,Regular
R023276,2025-11-01,Lakewood,Occasional
R023277,2025-09-06,Lakewood,Frequent
R023278,2025-09-06,Hillview,Regular
R023279,2024-11-23,Lakewood,Regular
R023280,2025-11-18,Hillview,Occasional
R023281,2025-12-20,Metroville,Regular
R023282,2025-02-05,Lakewood,Regular
R023283,2024-10-04,Riverton,Frequent
R023284,2025-07-12,Metroville,Occasional
R023285,2024-02-02,Metroville,Regular
R023286,2024-09-03,Metroville,Regular
R023287,2024-01-04,Metroville,Occasional
R023288,2025-07-15,Riverton,Frequent
R023289,2024-02-01,Metroville,Regular
R023290,2025-07-05,Riverton,Occasional
R023291,2025-02-18,Riverton,Regular
R023292,2024-11-14,Riverton,Regular
R023293,2025-04-06,Riverton,Occasional
R023294,2024-02-02,Lakewood,Occasional
R023295,2025-08-16,Hillview,Frequent
R023296,2024-07-13,Metroville,Frequent
R023297,2025-09-08,Riverton,Frequent
R023298,2025-10-09,Lakewood,Regular
R023299,2025-02-07,Hillview,Occasional
R023300,2025-03-05,Riverton,Regular
R023301,2025-11-07,Metroville,Frequent
R023302,2024-10-23,Hillview,Frequent
R023303,2024-10-18,Metroville,Regular
R023304,2025-11-24,Riverton,Occasional
R023305,2024-10-22,Lakewood,Regular
R023306,2024-09-25,Metroville,Regular
R023307,2024-01-05,Lakewood,Frequent
R023308,2024-08-28,Lakewood,Frequent
R023309,2024-07-01,Metroville,Occasional
R023310,2025-07-18,Riverton,Occasional
R023311,2025-01-01,Metroville,Frequent
R023312,2024-09-17,Metroville,Regular
R023313,2025-11-14,Metroville,Occasional
R023314,2024-11-22,Hillview,Occasional
R023315,2024-10-31,Metroville,Occasional
R023316,2025-06-12,Riverton,Occasional
R023317,2024-07-10,Riverton,Occasional
R023318,2024-11-10,Riverton,Frequent
R023319,2025-05-31,Lakewood,Regular
R023320,2024-08-23,Lakewood,Frequent
R023321,2024-11-10,Metroville,Occasional
R023322,2024-01-12,Riverton,Frequent
R023323,2025-08-04,Lakewood,Occasional
R023324,2025-09-21,Metroville,Occasional
R023325,2025-05-04,Metroville,Regular
R023326,2025-01-20,Metroville,Regular
R023327,2025-10-16,Metroville,Occasional
R023328,2025-09-15,Lakewood,Occasional
R023329,2024-12-09,Hillview,Occasional
R023330,2025-03-28,Hillview,Occasional
R023331,2025-11-18,Metroville,Occasional
R023332,2024-05-26,Lakewood,Regular
R023333,2025-07-23,Metroville,Occasional
R023334,2024-09-22,Riverton,Regular
R023335,2024-03-08,Metroville,Regular
R023336,2024-11-01,Lakewood,Occasional
R023337,2025-01-14,Lakewood,Occasional
R023338,2025-06-25,Lakewood,Regular
R023339,2024-04-21,Metroville,Regular
R023340,2025-02-05,Riverton,Occasional
R023341,2025-04-29,Metroville,Occasional
R023342,2025-04-10,Lakewood,Regular
R023343,2025-09-01,Hillview,Regular
R023344,2025-07-05,Metroville,Regular
R023345,2024-12-06,Lakewood,Regular
R023346,2024-07-19,Lakewood,Occasional
R023347,2025-10-06,Lakewood,Regular
R023348,2025-10-07,Lakewood,Frequent
R023349,2024-04-04,Riverton,Occasional
R023350,2024-11-27,Riverton,Frequent
R023351,2025-07-04,Lakewood,Occasional
R023352,2025-04-28,Metroville,Occasional
R023353,2025-10-02,Metroville,Regular
R023354,2024-06-08,Riverton,Occasional
R023355,2025-11-20,Lakewood,Frequent
R023356,2024-06-19,Metroville,Occasional
R023357,2024-03-11,Riverton,Regular
R023358,2025-06-22,Lakewood,Occasional
R023359,2025-11-10,Lakewood,Occasional
R023360,2024-09-13,Metroville,Regular
R023361,2024-04-26,Hillview,Occasional
R023362,2025-10-03,Hillview,Regular
R023363,2024-03-10,Hillview,Frequent
R023364,2025-05-01,Metroville,Occasional
R023365,2024-04-02,Lakewood,Regular
R023366,2025-05-02,Hillview,Regular
R023367,2024-03-24,Hillview,Frequent
R023368,2024-10-05,Metroville,Occasional
R023369,2024-12-06,Metroville,Regular
R023370,2025-10-22,Lakewood,Regular
R023371,2025-06-04,Metroville,Regular
R023372,2025-11-22,Metroville,Regular
R023373,2025-01-30,Lakewood,Regular
R023374,2024-07-07,Metroville,Regular
R023375,2024-11-06,Riverton,Occasional
R023376,2025-01-11,Lakewood,Regular
R023377,2025-02-16,Metroville,Regular
R023378,2025-10-25,Hillview,Occasional
R023379,2025-10-18,Lakewood,Occasional
R023380,2024-03-15,Hillview,Occasional
R023381,2025-08-04,Metroville,Occasional
R023382,2024-08-05,Lakewood,Regular
R023383,2025-03-06,Lakewood,Regular
R023384,2025-11-29,Hillview,Regular
R023385,2025-10-07,Metroville,Occasional
R023386,2024-12-21,Lakewood,Regular
R023387,2024-02-03,Metroville,Regular
R023388,2025-11-27,Hillview,Occasional
R023389,2025-10-26,Metroville,Regular
R023390,2024-10-05,Lakewood,Regular
R023391,2024-04-10,Riverton,Regular
R023392,2025-01-21,Metroville,Regular
R023393,2025-08-09,Metroville,Occasional
R023394,2024-11-28,Lakewood,Occasional
R023395,2024-01-16,Lakewood,Frequent
R023396,2024-11-30,Lakewood,Regular
R023397,2025-01-11,Metroville,Frequent
R023398,2025-11-02,Riverton,Occasional
R023399,2025-08-14,Riverton,Frequent
R023400,2025-05-23,Riverton,Regular
R023401,2024-10-23,Lakewood,Regular
R023402,2025-11-23,Lakewood,Occasional
R023403,2024-06-18,Riverton,Regular
R023404,2024-08-29,Hillview,Regular
R023405,2025-09-11,Metroville,Frequent
R023406,2025-12-28,Riverton,Occasional
R023407,2025-08-19,Riverton,Frequent
R023408,2025-06-02,Riverton,Occasional
R023409,2025-11-17,Metroville,Occasional
R023410,2024-04-06,Riverton,Frequent
R023411,2025-05-04,Lakewood,Occasional
R023412,2024-10-29,Metroville,Occasional
R023413,2025-03-13,Lakewood,Regular
R023414,2024-07-01,Hillview,Regular
R023415,2024-12-23,Riverton,Occasional
R023416,2024-06-21,Metroville,Frequent
R023417,2025-04-16,Metroville,Frequent
R023418,2025-11-11,Riverton,Regular
R023419,2024-02-13,Hillview,Frequent
R023420,2025-12-03,Lakewood,Occasional
R023421,2025-04-27,Lakewood,Regular
R023422,2024-01-11,Metroville,Frequent
R023423,2025-02-27,Metroville,Regular
R023424,2024-04-11,Lakewood,Frequent
R023425,2025-08-10,Lakewood,Regular
R023426,2024-07-22,Lakewood,Occasional
R023427,2024-02-12,Metroville,Frequent
R023428,2025-09-12,Metroville,Occasional
R023429,2025-01-27,Metroville,Occasional
R023430,2025-03-23,Riverton,Occasional
R023431,2025-08-31,Metroville,Regular
R023432,2025-02-17,Riverton,Regular
R023433,2025-08-05,Metroville,Regular
R023434,2025-03-13,Metroville,Occasional
R023435,2024-01-21,Metroville,Regular
R023436,2025-11-26,Lakewood,Regular
R023437,2025-12-03,Metroville,Occasional
R023438,2024-07-20,Lakewood,Occasional
R023439,2025-04-21,Lakewood,Occasional
R023440,2024-03-31,Hillview,Regular
R023441,2024-07-27,Riverton,Occasional
R023442,2025-03-20,Lakewood,Regular
R023443,2024-09-11,Metroville,Frequent
R023444,2025-12-10,Riverton,Occasional
R023445,2024-02-27,Lakewood,Frequent
R023446,2025-06-03,Riverton,Occasional
R023447,2025-03-24,Hillview,Occasional
R023448,2025-10-15,Metroville,Occasional
R023449,2025-08-15,Lakewood,Regular
R023450,2025-10-18,Metroville,Regular
R023451,2025-08-04,Lakewood,Occasional
R023452,2024-06-09,Lakewood,Frequent
R023453,2024-11-06,Hillview,Occasional
R023454,2025-05-16,Lakewood,Regular
R023455,2026-01-01,Lakewood,Frequent
R023456,2025-09-23,Metroville,Regular
R023457,2025-04-20,Metroville,Frequent
R023458,2024-03-15,Riverton,Regular
R023459,2024-11-04,Metroville,Occasional
R023460,2025-04-21,Lakewood,Occasional
R023461,2025-07-18,Riverton,Regular
R023462,2024-07-18,Riverton,Frequent
R023463,2024-12-08,Metroville,Frequent
R023464,2025-08-24,Lakewood,Occasional
R023465,2025-09-02,Riverton,Regular
R023466,2024-06-12,Metroville,Frequent
R023467,2024-07-04,Metroville,Occasional
R023468,2024-09-30,Lakewood,Regular
R023469,2025-04-16,Lakewood,Regular
R023470,2025-05-10,Lakewood,Regular
R023471,2025-07-09,Hillview,Occasional
R023472,2025-02-10,Riverton,Occasional
R023473,2025-11-02,Hillview,Regular
R023474,2024-03-28,Hillview,Frequent
R023475,2025-01-19,Metroville,Occasional
R023476,2024-06-13,Metroville,Regular
R023477,2025-01-29,Riverton,Occasional
R023478,2025-10-10,Hillview,Regular
R023479,2025-10-10,Riverton,Frequent
R023480,2025-12-24,Metroville,Regular
R023481,2024-12-24,Metroville,Regular
R023482,2025-05-22,Hillview,Frequent
R023483,2024-12-15,Metroville,Regular
R023484,2024-01-08,Hillview,Regular
R023485,2024-07-26,Lakewood,Regular
R023486,2025-06-28,Hillview,Occasional
R023487,2024-02-09,Metroville,Occasional
R023488,2025-04-15,Hillview,Regular
R023489,2024-12-01,Lakewood,Regular
R023490,2024-10-28,Riverton,Occasional
R023491,2025-06-22,Metroville,Occasional
R023492,2024-06-15,Metroville,Occasional
R023493,2024-07-08,Metroville,Frequent
R023494,2024-05-01,Riverton,Occasional
R023495,2024-03-20,Metroville,Occasional
R023496,2024-03-02,Riverton,Frequent
R023497,2024-03-17,Metroville,Occasional
R023498,2025-04-12,Riverton,Frequent
R023499,2024-08-07,Metroville,Occasional
R023500,2024-09-03,Hillview,Frequent
R023501,2025-07-05,Metroville,Frequent
R023502,2025-01-14,Hillview,Occasional
R023503,2024-02-26,Lakewood,Occasional
R023504,2025-01-19,Metroville,Occasional
R023505,2025-04-28,Hillview,Occasional
R023506,2025-03-20,Metroville,Regular
R023507,2025-09-27,Riverton,Occasional
R023508,2025-03-11,Lakewood,Occasional
R023509,2025-08-17,Riverton,Regular
R023510,2025-01-14,Metroville,Frequent
R023511,2025-04-10,Metroville,Occasional
R023512,2024-04-23,Hillview,Occasional
R023513,2025-12-27,Metroville,Regular
R023514,2024-01-20,Riverton,Occasional
R023515,2025-12-09,Hillview,Regular
R023516,2025-02-25,Metroville,Regular
R023517,2024-09-04,Metroville,Regular
R023518,2024-11-05,Metroville,Regular
R023519,2024-02-26,Hillview,Occasional
R023520,2024-10-27,Hillview,Occasional
R023521,2024-02-22,Hillview,Occasional
R023522,2024-11-10,Lakewood,Frequent
R023523,2024-04-09,Lakewood,Occasional
R023524,2024-03-24,Hillview,Occasional
R023525,2025-06-05,Hillview,Occasional
R023526,2024-05-11,Metroville,Regular
R023527,2024-09-02,Metroville,Occasional
R023528,2025-04-29,Lakewood,Regular
R023529,2025-01-04,Riverton,Occasional
R023530,2025-01-11,Lakewood,Frequent
R023531,2024-11-19,Metroville,Frequent
R023532,2025-03-22,Hillview,Occasional
R023533,2025-04-22,Metroville,Occasional
R023534,2024-04-04,Metroville,Occasional
R023535,2025-12-06,Riverton,Occasional
R023536,2025-08-18,Hillview,Frequent
R023537,2024-11-06,Lakewood,Frequent
R023538,2024-09-29,Hillview,Occasional
R023539,2025-06-15,Hillview,Regular
R023540,2025-03-24,Metroville,Regular
R023541,2025-08-10,Metroville,Regular
R023542,2024-12-06,Metroville,Occasional
R023543,2024-11-18,Lakewood,Frequent
R023544,2024-12-08,Riverton,Occasional
R023545,2024-08-04,Riverton,Frequent
R023546,2025-07-23,Lakewood,Occasional
R023547,2025-08-05,Metroville,Frequent
R023548,2024-03-21,Metroville,Occasional
R023549,2024-03-09,Lakewood,Occasional
R023550,2024-02-24,Metroville,Occasional
R023551,2024-08-29,Metroville,Occasional
R023552,2024-03-14,Hillview,Occasional
R023553,2025-02-20,Lakewood,Regular
R023554,2025-12-29,Lakewood,Occasional
R023555,2025-05-30,Metroville,Occasional
R023556,2025-11-09,Hillview,Regular
R023557,2024-04-18,Hillview,Regular
R023558,2025-05-27,Lakewood,Regular
R023559,2025-06-17,Metroville,Regular
R023560,2024-11-23,Riverton,Regular
R023561,2025-06-29,Lakewood,Occasional
R023562,2024-03-03,Hillview,Occasional
R023563,2025-03-26,Lakewood,Frequent
R023564,2025-08-23,Hillview,Regular
R023565,2024-10-14,Riverton,Frequent
R023566,2024-05-18,Lakewood,Frequent
R023567,2024-01-08,Riverton,Occasional
R023568,2024-07-18,Metroville,Regular
R023569,2025-08-24,Lakewood,Regular
R023570,2025-09-07,Lakewood,Regular
R023571,2025-03-27,Lakewood,Occasional
R023572,2024-07-07,Riverton,Regular
R023573,2024-07-09,Metroville,Regular
R023574,2025-09-10,Metroville,Regular
R023575,2025-03-03,Lakewood,Regular
R023576,2025-07-29,Metroville,Occasional
R023577,2024-09-28,Metroville,Occasional
R023578,2025-09-04,Riverton,Occasional
R023579,2024-12-10,Lakewood,Regular
R023580,2025-05-08,Hillview,Occasional
R023581,2025-09-15,Riverton,Occasional
R023582,2024-09-14,Lakewood,Regular
R023583,2025-07-30,Metroville,Occasional
R023584,2025-04-23,Metroville,Occasional
R023585,2024-12-29,Lakewood,Regular
R023586,2025-08-29,Lakewood,Regular
R023587,2024-11-17,Lakewood,Regular
R023588,2025-07-02,Lakewood,Regular
R023589,2024-02-25,Metroville,Regular
R023590,2025-09-23,Lakewood,Regular
R023591,2025-12-07,Metroville,Regular
R023592,2025-12-20,Lakewood,Occasional
R023593,2025-09-09,Lakewood,Occasional
R023594,2025-05-20,Riverton,Frequent
R023595,2025-06-26,Riverton,Regular
R023596,2025-11-10,Riverton,Regular
R023597,2025-06-18,Riverton,Regular
R023598,2024-07-17,Metroville,Regular
R023599,2024-04-26,Hillview,Frequent
R023600,2025-12-13,Lakewood,Occasional
R023601,2024-04-11,Riverton,Occasional
R023602,2025-10-28,Metroville,Occasional
R023603,2025-11-16,Metroville,Frequent
R023604,2024-01-31,Hillview,Occasional
R023605,2025-08-13,Metroville,Frequent
R023606,2025-03-08,Lakewood,Occasional
R023607,2024-10-12,Metroville,Frequent
R023608,2025-01-03,Metroville,Occasional
R023609,2024-11-09,Hillview,Occasional
R023610,2025-08-20,Riverton,Frequent
R023611,2024-10-28,Riverton,Frequent
R023612,2024-04-02,Metroville,Regular
R023613,2024-10-17,Metroville,Regular
R023614,2025-01-21,Riverton,Occasional
R023615,2024-11-25,Metroville,Frequent
R023616,2025-01-01,Metroville,Frequent
R023617,2025-12-23,Lakewood,Frequent
R023618,2024-10-16,Metroville,Frequent
R023619,2025-08-21,Hillview,Regular
R023620,2025-12-27,Lakewood,Occasional
R023621,2025-08-30,Metroville,Frequent
R023622,2025-01-29,Lakewood,Occasional
R023623,2025-12-25,Lakewood,Frequent
R023624,2024-10-29,Lakewood,Occasional
R023625,2024-07-23,Hillview,Regular
R023626,2025-09-18,Lakewood,Regular
R023627,2025-11-03,Metroville,Occasional
R023628,2024-04-11,Lakewood,Occasional
R023629,2024-08-21,Riverton,Regular
R023630,2024-07-29,Metroville,Occasional
R023631,2025-08-23,Hillview,Regular
R023632,2024-07-23,Metroville,Regular
R023633,2025-04-30,Metroville,Occasional
R023634,2025-11-14,Hillview,Occasional
R023635,2025-10-28,Metroville,Occasional
R023636,2025-10-06,Metroville,Occasional
R023637,2025-01-22,Metroville,Occasional
R023638,2025-03-20,Riverton,Occasional
R023639,2025-06-15,Metroville,Regular
R023640,2024-08-21,Riverton,Occasional
R023641,2025-01-01,Riverton,Frequent
R023642,2024-12-08,Riverton,Occasional
R023643,2025-08-09,Hillview,Regular
R023644,2025-02-22,Riverton,Occasional
R023645,2024-11-22,Metroville,Regular
R023646,2025-01-30,Hillview,Regular
R023647,2024-05-06,Metroville,Occasional
R023648,2024-07-06,Riverton,Occasional
R023649,2025-08-09,Lakewood,Frequent
R023650,2024-04-05,Metroville,Occasional
R023651,2025-05-14,Riverton,Occasional
R023652,2025-10-26,Riverton,Regular
R023653,2025-05-15,Hillview,Occasional
R023654,2025-04-14,Lakewood,Regular
R023655,2025-06-09,Riverton,Regular
R023656,2024-04-16,Lakewood,Occasional
R023657,2024-04-10,Lakewood,Occasional
R023658,2025-12-25,Metroville,Occasional
R023659,2024-11-08,Lakewood,Occasional
R023660,2024-10-28,Riverton,Regular
R023661,2024-04-25,Riverton,Regular
R023662,2025-06-20,Riverton,Frequent
R023663,2024-01-25,Hillview,Occasional
R023664,2024-05-09,Riverton,Regular
R023665,2024-06-13,Riverton,Occasional
R023666,2025-11-13,Riverton,Regular
R023667,2025-11-26,Lakewood,Occasional
R023668,2024-02-27,Lakewood,Occasional
R023669,2024-04-12,Hillview,Regular
R023670,2025-11-30,Lakewood,Frequent
R023671,2025-04-09,Lakewood,Regular
R023672,2025-06-16,Metroville,Occasional
R023673,2025-02-19,Metroville,Occasional
R023674,2024-06-15,Riverton,Regular
R023675,2025-06-18,Hillview,Regular
R023676,2024-05-12,Riverton,Frequent
R023677,2024-01-22,Riverton,Frequent
R023678,2025-09-04,Hillview,Occasional
R023679,2024-10-05,Lakewood,Frequent
R023680,2024-01-30,Metroville,Regular
R023681,2024-11-13,Riverton,Occasional
R023682,2024-03-24,Hillview,Occasional
R023683,2024-12-10,Lakewood,Regular
R023684,2025-05-07,Riverton,Regular
R023685,2024-09-04,Hillview,Frequent
R023686,2024-02-26,Metroville,Occasional
R023687,2025-10-13,Lakewood,Regular
R023688,2025-01-31,Lakewood,Regular
R023689,2024-01-17,Lakewood,Regular
R023690,2025-02-24,Metroville,Frequent
R023691,2025-11-07,Lakewood,Regular
R023692,2024-01-14,Riverton,Occasional
R023693,2025-07-29,Riverton,Regular
R023694,2024-10-03,Hillview,Regular
R023695,2025-06-01,Riverton,Frequent
R023696,2024-01-21,Riverton,Regular
R023697,2025-10-25,Metroville,Occasional
R023698,2025-12-08,Metroville,Regular
R023699,2025-02-06,Lakewood,Occasional
R023700,2024-06-06,Riverton,Regular
R023701,2024-04-20,Lakewood,Regular
R023702,2025-05-19,Riverton,Frequent
R023703,2025-08-03,Riverton,Frequent
R023704,2025-05-08,Metroville,Occasional
R023705,2024-12-27,Metroville,Occasional
R023706,2025-07-19,Riverton,Frequent
R023707,2025-06-23,Lakewood,Occasional
R023708,2024-09-02,Metroville,Occasional
R023709,2025-07-22,Lakewood,Frequent
R023710,2024-05-14,Metroville,Occasional
R023711,2025-08-23,Lakewood,Occasional
R023712,2025-01-23,Hillview,Regular
R023713,2025-06-30,Metroville,Occasional
R023714,2025-05-23,Lakewood,Occasional
R023715,2024-03-11,Riverton,Regular
R023716,2025-07-06,Lakewood,Frequent
R023717,2025-07-27,Lakewood,Occasional
R023718,2024-02-05,Lakewood,Occasional
R023719,2024-06-14,Hillview,Frequent
R023720,2025-07-04,Hillview,Occasional
R023721,2024-09-21,Metroville,Frequent
R023722,2024-03-23,Hillview,Occasional
R023723,2025-09-17,Metroville,Regular
R023724,2025-01-19,Metroville,Occasional
R023725,2024-10-15,Riverton,Occasional
R023726,2025-02-10,Hillview,Regular
R023727,2024-10-19,Metroville,Frequent
R023728,2024-04-03,Metroville,Occasional
R023729,2025-02-15,Metroville,Frequent
R023730,2025-12-06,Lakewood,Occasional
R023731,2025-11-27,Lakewood,Occasional
R023732,2025-04-12,Lakewood,Frequent
R023733,2024-04-29,Metroville,Regular
R023734,2024-06-12,Metroville,Occasional
R023735,2024-08-18,Riverton,Occasional
R023736,2024-02-07,Metroville,Frequent
R023737,2024-04-12,Metroville,Occasional
R023738,2025-07-21,Lakewood,Regular
R023739,2024-11-10,Lakewood,Frequent
R023740,2025-09-07,Hillview,Regular
R023741,2024-02-15,Metroville,Frequent
R023742,2024-03-07,Metroville,Occasional
R023743,2025-05-19,Hillview,Occasional
R023744,2024-07-07,Riverton,Occasional
R023745,2024-06-14,Riverton,Occasional
R023746,2025-04-15,Metroville,Regular
R023747,2025-10-30,Lakewood,Frequent
R023748,2024-11-02,Hillview,Occasional
R023749,2025-07-12,Riverton,Occasional
R023750,2024-09-07,Riverton,Occasional
R023751,2025-09-06,Lakewood,Occasional
R023752,2024-11-06,Lakewood,Occasional
R023753,2024-04-21,Metroville,Frequent
R023754,2025-01-04,Riverton,Frequent
R023755,2024-08-02,Lakewood,Occasional
R023756,2024-05-15,Metroville,Frequent
R023757,2024-05-14,Riverton,Regular
R023758,2024-10-11,Hillview,Occasional
R023759,2024-01-08,Lakewood,Regular
R023760,2024-02-21,Metroville,Regular
R023761,2025-03-07,Riverton,Occasional
R023762,2024-01-05,Lakewood,Occasional
R023763,2025-07-19,Lakewood,Regular
R023764,2025-12-14,Hillview,Occasional
R023765,2024-05-14,Lakewood,Frequent
R023766,2024-02-10,Metroville,Regular
R023767,2024-06-03,Hillview,Regular
R023768,2024-02-01,Riverton,Regular
R023769,2024-07-16,Metroville,Regular
R023770,2025-10-13,Metroville,Frequent
R023771,2025-08-23,Riverton,Regular
R023772,2025-12-15,Lakewood,Occasional
R023773,2025-08-17,Riverton,Regular
R023774,2025-09-10,Metroville,Occasional
R023775,2025-03-09,Metroville,Frequent
R023776,2024-04-12,Metroville,Occasional
R023777,2025-07-16,Hillview,Occasional
R023778,2025-04-13,Metroville,Occasional
R023779,2025-12-05,Riverton,Occasional
R023780,2025-05-25,Hillview,Regular
R023781,2025-02-03,Metroville,Occasional
R023782,2025-07-18,Hillview,Frequent
R023783,2025-04-25,Riverton,Regular
R023784,2024-03-23,Metroville,Regular
R023785,2025-03-23,Hillview,Occasional
R023786,2024-10-13,Hillview,Occasional
R023787,2024-04-29,Metroville,Occasional
R023788,2024-07-21,Hillview,Regular
R023789,2025-09-02,Lakewood,Regular
R023790,2025-04-24,Hillview,Occasional
R023791,2024-02-12,Lakewood,Regular
R023792,2024-09-08,Riverton,Regular
R023793,2025-05-16,Hillview,Occasional
R023794,2025-01-07,Riverton,Frequent
R023795,2025-07-22,Metroville,Occasional
R023796,2025-04-03,Riverton,Regular
R023797,2024-01-28,Hillview,Frequent
R023798,2025-09-25,Hillview,Regular
R023799,2025-02-21,Riverton,Regular
R023800,2025-11-05,Metroville,Occasional
R023801,2024-06-10,Hillview,Occasional
R023802,2025-05-22,Metroville,Regular
R023803,2024-01-22,Riverton,Occasional
R023804,2024-04-24,Lakewood,Occasional
R023805,2025-10-08,Hillview,Occasional
R023806,2025-10-12,Lakewood,Occasional
R023807,2025-11-29,Lakewood,Regular
R023808,2024-05-29,Hillview,Occasional
R023809,2025-10-14,Metroville,Occasional
R023810,2024-02-08,Lakewood,Frequent
R023811,2024-10-20,Hillview,Regular
R023812,2024-11-16,Metroville,Occasional
R023813,2025-08-03,Metroville,Regular
R023814,2025-05-16,Hillview,Frequent
R023815,2024-09-19,Hillview,Occasional
R023816,2024-04-19,Metroville,Frequent
R023817,2024-09-24,Lakewood,Regular
R023818,2024-08-07,Metroville,Occasional
R023819,2025-05-05,Hillview,Regular
R023820,2024-02-28,Lakewood,Regular
R023821,2024-10-28,Lakewood,Frequent
R023822,2025-03-28,Hillview,Frequent
R023823,2025-04-18,Riverton,Regular
R023824,2025-06-02,Riverton,Regular
R023825,2024-07-28,Riverton,Occasional
R023826,2025-01-15,Lakewood,Regular
R023827,2024-03-13,Metroville,Frequent
R023828,2024-11-21,Riverton,Frequent
R023829,2025-12-19,Lakewood,Occasional
R023830,2025-09-12,Lakewood,Regular
R023831,2025-03-31,Hillview,Frequent
R023832,2024-11-02,Riverton,Regular
R023833,2025-10-21,Riverton,Occasional
R023834,2024-11-19,Riverton,Occasional
R023835,2025-07-12,Lakewood,Frequent
R023836,2025-02-26,Lakewood,Regular
R023837,2024-01-16,Lakewood,Frequent
R023838,2025-05-30,Metroville,Occasional
R023839,2025-10-15,Riverton,Regular
R023840,2025-07-22,Lakewood,Frequent
R023841,2025-03-25,Metroville,Regular
R023842,2024-01-30,Hillview,Occasional
R023843,2024-01-17,Lakewood,Occasional
R023844,2025-09-15,Metroville,Occasional
R023845,2024-12-13,Riverton,Occasional
R023846,2024-11-26,Lakewood,Occasional
R023847,2025-04-14,Hillview,Regular
R023848,2025-10-25,Metroville,Frequent
R023849,2024-11-15,Riverton,Frequent
R023850,2025-01-27,Metroville,Occasional
R023851,2025-02-12,Metroville,Occasional
R023852,2024-12-14,Metroville,Occasional
R023853,2025-04-25,Metroville,Occasional
R023854,2024-05-23,Hillview,Regular
R023855,2024-09-30,Metroville,Occasional
R023856,2024-12-09,Lakewood,Frequent
R023857,2025-01-15,Lakewood,Occasional
R023858,2024-12-26,Metroville,Regular
R023859,2024-11-02,Lakewood,Frequent
R023860,2025-10-16,Hillview,Occasional
R023861,2025-08-09,Riverton,Frequent
R023862,2025-10-11,Lakewood,Regular
R023863,2025-03-11,Metroville,Occasional
R023864,2024-12-22,Lakewood,Occasional
R023865,2024-11-11,Metroville,Occasional
R023866,2025-09-27,Metroville,Regular
R023867,2025-05-02,Metroville,Regular
R023868,2025-09-17,Metroville,Occasional
R023869,2025-09-14,Hillview,Regular
R023870,2025-11-25,Lakewood,Frequent
R023871,2025-02-03,Metroville,Frequent
R023872,2024-09-21,Lakewood,Regular
R023873,2025-10-27,Lakewood,Occasional
R023874,2024-06-04,Lakewood,Occasional
R023875,2024-08-24,Lakewood,Regular
R023876,2025-11-21,Metroville,Occasional
R023877,2025-06-06,Riverton,Frequent
R023878,2025-03-04,Lakewood,Regular
R023879,2025-01-23,Hillview,Occasional
R023880,2024-12-07,Lakewood,Frequent
R023881,2025-10-18,Lakewood,Regular
R023882,2024-10-28,Lakewood,Frequent
R023883,2024-12-16,Lakewood,Regular
R023884,2024-03-03,Lakewood,Frequent
R023885,2024-03-24,Lakewood,Frequent
R023886,2024-05-29,Hillview,Frequent
R023887,2024-08-07,Lakewood,Frequent
R023888,2024-08-01,Metroville,Regular
R023889,2025-05-03,Lakewood,Frequent
R023890,2025-02-07,Metroville,Occasional
R023891,2024-01-04,Lakewood,Occasional
R023892,2025-01-13,Hillview,Regular
R023893,2024-03-01,Metroville,Occasional
R023894,2025-02-01,Metroville,Occasional
R023895,2024-02-06,Metroville,Regular
R023896,2024-02-25,Riverton,Occasional
R023897,2025-08-27,Riverton,Occasional
R023898,2024-01-08,Riverton,Occasional
R023899,2025-12-12,Riverton,Regular
R023900,2024-12-05,Riverton,Regular
R023901,2025-08-27,Hillview,Occasional
R023902,2024-05-21,Metroville,Regular
R023903,2024-12-07,Lakewood,Occasional
R023904,2025-10-14,Riverton,Regular
R023905,2024-02-26,Metroville,Occasional
R023906,2024-11-11,Riverton,Occasional
R023907,2024-03-30,Riverton,Occasional
R023908,2024-09-14,Metroville,Frequent
R023909,2025-12-11,Metroville,Regular
R023910,2025-02-02,Riverton,Regular
R023911,2024-09-01,Metroville,Occasional
R023912,2025-04-05,Lakewood,Occasional
R023913,2024-07-25,Metroville,Regular
R023914,2024-03-01,Hillview,Regular
R023915,2025-02-17,Lakewood,Occasional
R023916,2025-06-26,Metroville,Frequent
R023917,2024-05-10,Hillview,Frequent
R023918,2024-04-10,Metroville,Occasional
R023919,2025-03-13,Hillview,Occasional
R023920,2024-10-10,Hillview,Frequent
R023921,2025-11-15,Riverton,Frequent
R023922,2024-09-18,Hillview,Occasional
R023923,2024-10-14,Hillview,Frequent
R023924,2025-02-20,Lakewood,Regular
R023925,2025-12-16,Metroville,Regular
R023926,2025-05-19,Metroville,Regular
R023927,2025-05-02,Metroville,Occasional
R023928,2025-08-09,Lakewood,Occasional
R023929,2025-08-20,Metroville,Occasional
R023930,2025-01-20,Lakewood,Occasional
R023931,2024-07-28,Metroville,Occasional
R023932,2024-04-23,Hillview,Occasional
R023933,2025-02-19,Metroville,Occasional
R023934,2025-05-24,Riverton,Regular
R023935,2024-09-25,Metroville,Frequent
R023936,2024-12-16,Lakewood,Regular
R023937,2024-11-22,Metroville,Occasional
R023938,2025-03-07,Lakewood,Regular
R023939,2025-08-22,Metroville,Regular
R023940,2024-11-20,Lakewood,Frequent
R023941,2025-01-15,Lakewood,Frequent
R023942,2024-10-31,Hillview,Regular
R023943,2024-08-08,Metroville,Occasional
R023944,2025-05-28,Metroville,Occasional
R023945,2025-03-27,Hillview,Occasional
R023946,2025-01-18,Lakewood,Occasional
R023947,2024-08-03,Riverton,Occasional
R023948,2025-09-27,Metroville,Occasional
R023949,2025-08-12,Riverton,Regular
R023950,2025-06-28,Lakewood,Occasional
R023951,2025-08-19,Hillview,Frequent
R023952,2024-12-14,Lakewood,Occasional
R023953,2025-04-04,Riverton,Frequent
R023954,2024-06-05,Metroville,Occasional
R023955,2025-07-27,Metroville,Occasional
R023956,2024-01-13,Metroville,Regular
R023957,2025-01-07,Lakewood,Regular
R023958,2024-05-30,Lakewood,Occasional
R023959,2025-03-11,Riverton,Frequent
R023960,2024-07-24,Hillview,Regular
R023961,2025-12-06,Metroville,Regular
R023962,2024-03-27,Riverton,Regular
R023963,2025-08-25,Hillview,Regular
R023964,2025-05-04,Riverton,Occasional
R023965,2025-12-30,Riverton,Frequent
R023966,2024-08-26,Hillview,Frequent
R023967,2025-05-31,Hillview,Regular
R023968,2024-01-23,Lakewood,Regular
R023969,2025-05-10,Riverton,Frequent
R023970,2024-11-15,Lakewood,Occasional
R023971,2025-06-15,Metroville,Frequent
R023972,2025-07-28,Metroville,Frequent
R023973,2024-12-22,Lakewood,Occasional
R023974,2024-09-05,Lakewood,Regular
R023975,2025-06-05,Lakewood,Regular
R023976,2025-10-22,Riverton,Regular
R023977,2024-09-20,Riverton,Frequent
R023978,2025-09-16,Metroville,Regular
R023979,2024-11-20,Metroville,Frequent
R023980,2025-10-13,Riverton,Occasional
R023981,2025-04-20,Lakewood,Regular
R023982,2025-05-03,Hillview,Frequent
R023983,2025-05-18,Riverton,Regular
R023984,2025-08-13,Metroville,Regular
R023985,2025-09-22,Metroville,Regular
R023986,2024-10-11,Riverton,Regular
R023987,2025-06-29,Metroville,Occasional
R023988,2025-05-22,Metroville,Regular
R023989,2025-03-09,Metroville,Regular
R023990,2024-06-12,Riverton,Frequent
R023991,2024-12-06,Riverton,Regular
R023992,2024-05-29,Metroville,Regular
R023993,2024-04-10,Riverton,Regular
R023994,2025-11-21,Riverton,Frequent
R023995,2025-06-13,Riverton,Regular
R023996,2025-02-05,Metroville,Regular
R023997,2024-11-19,Metroville,Occasional
R023998,2024-02-22,Riverton,Frequent
R023999,2024-09-14,Lakewood,Regular
R024000,2024-05-24,Hillview,Occasional
R024001,2025-01-28,Riverton,Occasional
R024002,2024-12-03,Metroville,Regular
R024003,2025-12-06,Lakewood,Regular
R024004,2025-09-11,Metroville,Occasional
R024005,2025-03-15,Riverton,Occasional
R024006,2025-10-17,Metroville,Regular
R024007,2024-08-29,Hillview,Occasional
R024008,2024-03-24,Riverton,Regular
R024009,2025-02-14,Lakewood,Frequent
R024010,2024-02-15,Lakewood,Regular
R024011,2025-11-21,Hillview,Occasional
R024012,2024-03-30,Hillview,Regular
R024013,2025-09-18,Hillview,Occasional
R024014,2025-05-06,Hillview,Frequent
R024015,2024-06-29,Lakewood,Regular
R024016,2025-01-25,Metroville,Occasional
R024017,2025-02-02,Metroville,Regular
R024018,2025-06-24,Hillview,Occasional
R024019,2024-11-08,Hillview,Occasional
R024020,2025-03-10,Metroville,Occasional
R024021,2024-10-31,Metroville,Regular
R024022,2024-03-11,Riverton,Regular
R024023,2025-06-04,Lakewood,Occasional
R024024,2024-07-07,Lakewood,Frequent
R024025,2024-07-23,Hillview,Occasional
R024026,2024-08-30,Lakewood,Frequent
R024027,2025-02-18,Lakewood,Occasional
R024028,2025-06-02,Riverton,Regular
R024029,2025-08-19,Lakewood,Regular
R024030,2025-03-12,Lakewood,Regular
R024031,2024-10-18,Riverton,Occasional
R024032,2025-11-24,Hillview,Regular
R024033,2024-12-13,Hillview,Occasional
R024034,2024-04-16,Riverton,Regular
R024035,2025-08-09,Metroville,Regular
R024036,2025-11-18,Hillview,Regular
R024037,2024-07-31,Riverton,Frequent
R024038,2024-06-10,Lakewood,Occasional
R024039,2024-09-14,Riverton,Occasional
R024040,2024-09-08,Lakewood,Occasional
R024041,2024-05-20,Hillview,Occasional
R024042,2024-01-26,Metroville,Regular
R024043,2024-05-17,Lakewood,Regular
R024044,2024-08-05,Riverton,Regular
R024045,2024-05-17,Metroville,Occasional
R024046,2024-05-26,Lakewood,Regular
R024047,2025-11-21,Lakewood,Regular
R024048,2024-06-08,Lakewood,Regular
R024049,2025-08-24,Metroville,Regular
R024050,2025-02-22,Metroville,Occasional
R024051,2024-11-15,Riverton,Occasional
R024052,2025-07-25,Lakewood,Occasional
R024053,2024-01-13,Hillview,Regular
R024054,2025-06-29,Metroville,Occasional
R024055,2024-10-31,Metroville,Occasional
R024056,2025-08-29,Lakewood,Occasional
R024057,2025-12-05,Metroville,Occasional
R024058,2025-06-19,Metroville,Frequent
R024059,2024-03-24,Riverton,Occasional
R024060,2025-12-15,Lakewood,Occasional
R024061,2025-07-10,Metroville,Regular
R024062,2024-01-14,Riverton,Frequent
R024063,2024-05-19,Metroville,Frequent
R024064,2025-12-24,Metroville,Occasional
R024065,2025-09-04,Metroville,Occasional
R024066,2024-10-26,Hillview,Regular
R024067,2025-12-01,Metroville,Regular
R024068,2024-12-15,Lakewood,Occasional
R024069,2025-09-26,Metroville,Regular
R024070,2025-02-26,Riverton,Frequent
R024071,2025-04-28,Metroville,Occasional
R024072,2024-01-07,Metroville,Regular
R024073,2025-12-11,Lakewood,Regular
R024074,2024-05-13,Riverton,Regular
R024075,2024-06-05,Lakewood,Regular
R024076,2024-11-22,Lakewood,Frequent
R024077,2025-07-06,Hillview,Occasional
R024078,2025-07-17,Metroville,Frequent
R024079,2025-04-03,Lakewood,Regular
R024080,2025-09-28,Metroville,Frequent
R024081,2025-05-22,Lakewood,Regular
R024082,2024-04-18,Lakewood,Regular
R024083,2025-07-27,Riverton,Occasional
R024084,2024-07-11,Lakewood,Regular
R024085,2025-01-15,Metroville,Occasional
R024086,2025-03-20,Hillview,Occasional
R024087,2024-10-14,Metroville,Occasional
R024088,2024-09-21,Metroville,Frequent
R024089,2024-07-15,Hillview,Frequent
R024090,2024-08-06,Riverton,Regular
R024091,2025-12-22,Hillview,Occasional
R024092,2024-10-07,Metroville,Occasional
R024093,2024-12-12,Metroville,Occasional
R024094,2025-05-28,Lakewood,Frequent
R024095,2024-07-01,Metroville,Occasional
R024096,2024-05-25,Riverton,Regular
R024097,2024-06-02,Metroville,Regular
R024098,2024-02-15,Metroville,Occasional
R024099,2024-11-26,Lakewood,Regular
R024100,2024-01-03,Metroville,Occasional
R024101,2024-10-04,Metroville,Occasional
R024102,2025-01-20,Metroville,Occasional
R024103,2024-07-07,Metroville,Regular
R024104,2024-07-02,Lakewood,Frequent
R024105,2025-03-15,Lakewood,Occasional
R024106,2025-02-15,Lakewood,Regular
R024107,2025-07-31,Lakewood,Occasional
R024108,2025-10-06,Metroville,Occasional
R024109,2024-06-30,Metroville,Regular
R024110,2024-08-02,Hillview,Occasional
R024111,2025-01-18,Metroville,Regular
R024112,2024-05-14,Hillview,Frequent
R024113,2025-06-17,Metroville,Occasional
R024114,2024-01-02,Riverton,Regular
R024115,2024-09-26,Riverton,Occasional
R024116,2025-12-19,Lakewood,Regular
R024117,2025-06-21,Lakewood,Regular
R024118,2025-01-13,Hillview,Frequent
R024119,2024-01-03,Riverton,Regular
R024120,2025-08-10,Riverton,Occasional
R024121,2024-11-22,Hillview,Regular
R024122,2025-09-20,Metroville,Frequent
R024123,2025-07-27,Riverton,Regular
R024124,2025-12-29,Hillview,Regular
R024125,2024-03-27,Hillview,Regular
R024126,2025-09-21,Metroville,Regular
R024127,2025-06-04,Riverton,Regular
R024128,2024-08-03,Metroville,Regular
R024129,2025-09-10,Riverton,Occasional
R024130,2025-02-17,Riverton,Occasional
R024131,2025-04-27,Lakewood,Occasional
R024132,2025-12-05,Metroville,Occasional
R024133,2025-02-23,Metroville,Frequent
R024134,2025-04-08,Metroville,Frequent
R024135,2025-09-25,Metroville,Regular
R024136,2025-07-16,Metroville,Occasional
R024137,2025-04-14,Lakewood,Occasional
R024138,2025-10-25,Lakewood,Occasional
R024139,2025-10-28,Lakewood,Occasional
R024140,2025-03-25,Riverton,Regular
R024141,2024-03-13,Metroville,Frequent
R024142,2025-05-21,Hillview,Occasional
R024143,2024-08-31,Lakewood,Occasional
R024144,2025-03-06,Metroville,Occasional
R024145,2024-10-03,Metroville,Regular
R024146,2024-09-04,Riverton,Occasional
R024147,2025-12-14,Lakewood,Frequent
R024148,2024-07-01,Metroville,Regular
R024149,2024-04-27,Hillview,Regular
R024150,2025-04-08,Lakewood,Frequent
R024151,2025-04-16,Riverton,Regular
R024152,2025-12-19,Metroville,Frequent
R024153,2024-02-12,Lakewood,Regular
R024154,2025-11-01,Metroville,Occasional
R024155,2025-09-06,Metroville,Occasional
R024156,2024-06-02,Hillview,Frequent
R024157,2025-08-22,Metroville,Occasional
R024158,2025-09-08,Metroville,Regular
R024159,2024-03-25,Lakewood,Occasional
R024160,2024-01-16,Riverton,Occasional
R024161,2025-04-28,Metroville,Occasional
R024162,2025-03-07,Metroville,Regular
R024163,2025-09-23,Metroville,Frequent
R024164,2025-11-12,Hillview,Occasional
R024165,2024-03-17,Riverton,Occasional
R024166,2025-12-03,Riverton,Frequent
R024167,2025-09-16,Riverton,Regular
R024168,2025-03-17,Hillview,Occasional
R024169,2024-09-21,Metroville,Frequent
R024170,2025-04-06,Riverton,Occasional
R024171,2025-02-17,Metroville,Regular
R024172,2024-10-12,Hillview,Frequent
R024173,2024-02-27,Lakewood,Occasional
R024174,2025-06-13,Riverton,Regular
R024175,2024-08-11,Lakewood,Occasional
R024176,2024-06-28,Lakewood,Occasional
R024177,2024-10-01,Riverton,Occasional
R024178,2024-01-25,Metroville,Frequent
R024179,2024-10-13,Lakewood,Occasional
R024180,2025-09-03,Metroville,Occasional
R024181,2025-06-19,Hillview,Occasional
R024182,2024-02-14,Metroville,Occasional
R024183,2024-08-29,Riverton,Regular
R024184,2025-05-01,Hillview,Occasional
R024185,2025-11-12,Riverton,Frequent
R024186,2024-11-15,Lakewood,Regular
R024187,2025-12-24,Lakewood,Regular
R024188,2024-02-01,Lakewood,Occasional
R024189,2025-10-28,Metroville,Frequent
R024190,2024-04-26,Riverton,Occasional
R024191,2025-06-17,Hillview,Frequent
R024192,2024-03-14,Riverton,Occasional
R024193,2025-12-25,Hillview,Regular
R024194,2024-06-05,Hillview,Regular
R024195,2024-09-26,Lakewood,Regular
R024196,2025-04-10,Lakewood,Occasional
R024197,2024-02-06,Lakewood,Occasional
R024198,2025-02-21,Metroville,Occasional
R024199,2024-08-01,Metroville,Frequent
R024200,2024-11-12,Metroville,Occasional
R024201,2024-08-31,Lakewood,Regular
R024202,2025-09-09,Lakewood,Occasional
R024203,2024-11-30,Metroville,Occasional
R024204,2025-07-05,Metroville,Occasional
R024205,2024-01-31,Riverton,Frequent
R024206,2025-05-14,Lakewood,Regular
R024207,2024-10-07,Riverton,Regular
R024208,2025-03-14,Metroville,Regular
R024209,2025-09-11,Lakewood,Occasional
R024210,2025-05-24,Metroville,Regular
R024211,2024-09-15,Hillview,Frequent
R024212,2024-06-14,Hillview,Regular
R024213,2025-10-11,Metroville,Regular
R024214,2024-07-09,Metroville,Regular
R024215,2024-01-26,Metroville,Occasional
R024216,2024-08-06,Metroville,Occasional
R024217,2024-01-08,Riverton,Occasional
R024218,2025-06-26,Metroville,Regular
R024219,2025-10-13,Metroville,Occasional
R024220,2024-11-12,Lakewood,Occasional
R024221,2025-03-25,Riverton,Occasional
R024222,2025-12-03,Metroville,Frequent
R024223,2025-11-08,Metroville,Occasional
R024224,2024-01-30,Metroville,Occasional
R024225,2024-02-20,Metroville,Occasional
R024226,2024-10-07,Metroville,Occasional
R024227,2024-07-23,Riverton,Frequent
R024228,2024-04-23,Hillview,Occasional
R024229,2024-04-20,Metroville,Occasional
R024230,2025-08-20,Metroville,Frequent
R024231,2024-05-21,Metroville,Occasional
R024232,2024-12-17,Metroville,Regular
R024233,2024-02-02,Hillview,Regular
R024234,2025-03-29,Lakewood,Occasional
R024235,2025-06-26,Metroville,Regular
R024236,2025-03-13,Metroville,Occasional
R024237,2024-07-27,Metroville,Occasional
R024238,2024-02-27,Metroville,Regular
R024239,2024-10-20,Riverton,Occasional
R024240,2025-07-27,Riverton,Occasional
R024241,2024-03-28,Metroville,Frequent
R024242,2025-08-24,Metroville,Occasional
R024243,2025-10-30,Riverton,Occasional
R024244,2025-03-20,Lakewood,Occasional
R024245,2025-09-09,Metroville,Regular
R024246,2024-07-24,Riverton,Occasional
R024247,2025-03-30,Hillview,Occasional
R024248,2025-06-14,Metroville,Frequent
R024249,2025-06-07,Riverton,Regular
R024250,2025-05-27,Hillview,Regular
R024251,2024-05-22,Metroville,Regular
R024252,2025-10-29,Hillview,Occasional
R024253,2025-05-14,Lakewood,Regular
R024254,2024-03-26,Metroville,Occasional
R024255,2025-04-13,Riverton,Occasional
R024256,2025-10-27,Metroville,Occasional
R024257,2024-01-18,Metroville,Occasional
R024258,2025-10-11,Riverton,Frequent
R024259,2024-08-29,Lakewood,Occasional
R024260,2024-08-05,Metroville,Occasional
R024261,2024-12-22,Riverton,Frequent
R024262,2025-06-08,Metroville,Occasional
R024263,2024-03-16,Metroville,Occasional
R024264,2024-07-12,Riverton,Occasional
R024265,2025-08-14,Riverton,Occasional
R024266,2024-06-21,Lakewood,Occasional
R024267,2024-09-12,Lakewood,Occasional
R024268,2025-04-14,Hillview,Frequent
R024269,2024-07-02,Metroville,Regular
R024270,2024-02-06,Lakewood,Regular
R024271,2025-01-21,Riverton,Frequent
R024272,2024-03-11,Hillview,Occasional
R024273,2024-10-09,Riverton,Regular
R024274,2025-04-28,Metroville,Regular
R024275,2025-06-25,Riverton,Regular
R024276,2025-11-27,Riverton,Occasional
R024277,2025-09-30,Riverton,Occasional
R024278,2024-01-25,Metroville,Occasional
R024279,2024-12-22,Hillview,Occasional
R024280,2024-01-17,Riverton,Regular
R024281,2025-08-09,Hillview,Frequent
R024282,2024-02-24,Hillview,Regular
R024283,2025-07-22,Metroville,Frequent
R024284,2024-01-02,Riverton,Frequent
R024285,2024-03-22,Riverton,Occasional
R024286,2025-11-10,Riverton,Regular
R024287,2024-05-16,Lakewood,Regular
R024288,2024-12-12,Metroville,Occasional
R024289,2025-01-15,Riverton,Regular
R024290,2025-05-21,Metroville,Regular
R024291,2025-11-15,Hillview,Regular
R024292,2024-10-31,Riverton,Occasional
R024293,2025-03-17,Lakewood,Regular
R024294,2025-12-30,Metroville,Occasional
R024295,2024-03-20,Metroville,Occasional
R024296,2024-12-17,Metroville,Occasional
R024297,2024-08-10,Metroville,Occasional
R024298,2025-11-18,Lakewood,Regular
R024299,2025-03-26,Riverton,Frequent
R024300,2025-04-20,Hillview,Frequent
R024301,2024-05-17,Riverton,Occasional
R024302,2025-11-24,Lakewood,Frequent
R024303,2024-02-19,Metroville,Occasional
R024304,2024-12-28,Hillview,Occasional
R024305,2025-05-27,Metroville,Regular
R024306,2025-10-05,Riverton,Occasional
R024307,2024-07-19,Riverton,Regular
R024308,2024-09-01,Metroville,Occasional
R024309,2024-01-28,Riverton,Regular
R024310,2025-04-28,Hillview,Occasional
R024311,2024-05-24,Riverton,Occasional
R024312,2025-03-27,Lakewood,Frequent
R024313,2024-03-03,Lakewood,Frequent
R024314,2024-12-22,Metroville,Occasional
R024315,2024-12-16,Metroville,Occasional
R024316,2025-01-02,Hillview,Regular
R024317,2024-08-13,Lakewood,Regular
R024318,2024-05-04,Metroville,Occasional
R024319,2025-07-21,Lakewood,Occasional
R024320,2025-10-25,Lakewood,Regular
R024321,2024-07-21,Metroville,Regular
R024322,2024-11-28,Metroville,Occasional
R024323,2024-03-20,Lakewood,Regular
R024324,2024-04-20,Hillview,Regular
R024325,2024-09-15,Metroville,Regular
R024326,2025-05-30,Lakewood,Regular
R024327,2025-05-07,Riverton,Occasional
R024328,2025-06-16,Metroville,Occasional
R024329,2024-03-06,Hillview,Regular
R024330,2024-02-03,Lakewood,Occasional
R024331,2024-07-20,Lakewood,Regular
R024332,2024-08-31,Metroville,Occasional
R024333,2025-01-11,Metroville,Occasional
R024334,2025-03-03,Hillview,Occasional
R024335,2024-05-17,Metroville,Regular
R024336,2025-08-24,Lakewood,Occasional
R024337,2025-06-30,Lakewood,Occasional
R024338,2024-08-15,Metroville,Frequent
R024339,2025-04-17,Riverton,Regular
R024340,2024-08-07,Lakewood,Occasional
R024341,2024-02-14,Hillview,Regular
R024342,2025-06-23,Metroville,Occasional
R024343,2024-03-04,Metroville,Frequent
R024344,2024-06-09,Metroville,Occasional
R024345,2024-08-09,Metroville,Occasional
R024346,2025-10-17,Hillview,Occasional
R024347,2025-03-05,Lakewood,Occasional
R024348,2025-08-01,Metroville,Frequent
R024349,2025-10-26,Metroville,Occasional
R024350,2025-10-15,Lakewood,Regular
R024351,2025-03-21,Metroville,Regular
R024352,2024-09-15,Metroville,Occasional
R024353,2024-10-22,Riverton,Regular
R024354,2024-05-01,Riverton,Occasional
R024355,2025-03-06,Metroville,Regular
R024356,2025-03-04,Lakewood,Frequent
R024357,2025-12-12,Lakewood,Occasional
R024358,2024-05-19,Riverton,Occasional
R024359,2025-07-08,Metroville,Regular
R024360,2024-07-13,Riverton,Frequent
R024361,2024-02-27,Lakewood,Frequent
R024362,2024-10-20,Lakewood,Frequent
R024363,2025-12-06,Lakewood,Frequent
R024364,2024-12-04,Lakewood,Occasional
R024365,2024-05-16,Hillview,Frequent
R024366,2024-08-24,Riverton,Occasional
R024367,2025-05-23,Metroville,Regular
R024368,2024-07-27,Metroville,Regular
R024369,2024-06-18,Lakewood,Regular
R024370,2024-06-29,Metroville,Occasional
R024371,2024-03-01,Riverton,Regular
R024372,2025-05-20,Riverton,Occasional
R024373,2024-08-22,Metroville,Frequent
R024374,2024-08-11,Hillview,Regular
R024375,2024-08-28,Hillview,Occasional
R024376,2025-05-23,Lakewood,Occasional
R024377,2025-10-01,Lakewood,Frequent
R024378,2025-06-27,Metroville,Regular
R024379,2025-02-19,Hillview,Regular
R024380,2025-06-06,Metroville,Regular
R024381,2024-06-15,Riverton,Frequent
R024382,2025-10-31,Riverton,Regular
R024383,2025-03-24,Metroville,Frequent
R024384,2025-11-29,Metroville,Occasional
R024385,2024-07-15,Riverton,Regular
R024386,2024-04-17,Metroville,Regular
R024387,2025-06-07,Metroville,Frequent
R024388,2024-08-22,Hillview,Frequent
R024389,2024-06-01,Lakewood,Frequent
R024390,2025-07-30,Riverton,Regular
R024391,2025-01-25,Metroville,Regular
R024392,2025-07-26,Metroville,Occasional
R024393,2024-06-27,Metroville,Occasional
R024394,2024-02-21,Metroville,Regular
R024395,2024-10-26,Metroville,Occasional
R024396,2025-12-05,Hillview,Occasional
R024397,2025-03-04,Metroville,Occasional
R024398,2025-09-18,Metroville,Frequent
R024399,2025-09-09,Hillview,Occasional
R024400,2025-10-20,Riverton,Occasional
R024401,2024-12-01,Hillview,Frequent
R024402,2024-05-29,Metroville,Regular
R024403,2025-10-20,Metroville,Occasional
R024404,2025-01-01,Riverton,Occasional
R024405,2024-08-22,Riverton,Regular
R024406,2024-11-18,Lakewood,Regular
R024407,2025-07-26,Hillview,Occasional
R024408,2024-09-20,Riverton,Regular
R024409,2025-08-31,Lakewood,Frequent
R024410,2024-06-15,Riverton,Regular
R024411,2024-08-20,Metroville,Occasional
R024412,2024-04-12,Metroville,Regular
R024413,2025-09-29,Metroville,Occasional
R024414,2025-09-29,Metroville,Occasional
R024415,2024-05-31,Metroville,Regular
R024416,2025-01-23,Riverton,Frequent
R024417,2025-08-02,Hillview,Occasional
R024418,2025-03-15,Metroville,Regular
R024419,2025-04-17,Lakewood,Regular
R024420,2024-07-10,Lakewood,Regular
R024421,2024-01-22,Metroville,Occasional
R024422,2025-11-15,Lakewood,Occasional
R024423,2025-10-30,Metroville,Regular
R024424,2025-11-16,Lakewood,Frequent
R024425,2024-02-01,Hillview,Frequent
R024426,2025-05-06,Lakewood,Frequent
R024427,2024-07-02,Riverton,Frequent
R024428,2024-08-22,Riverton,Occasional
R024429,2024-10-29,Hillview,Occasional
R024430,2024-06-19,Riverton,Occasional
R024431,2025-03-11,Metroville,Regular
R024432,2025-03-11,Metroville,Regular
R024433,2025-11-10,Metroville,Frequent
R024434,2025-09-01,Metroville,Occasional
R024435,2025-05-29,Lakewood,Occasional
R024436,2025-12-08,Lakewood,Occasional
R024437,2024-11-09,Riverton,Occasional
R024438,2024-02-19,Metroville,Occasional
R024439,2025-10-05,Hillview,Occasional
R024440,2024-09-01,Metroville,Occasional
R024441,2024-11-22,Riverton,Regular
R024442,2024-10-13,Riverton,Occasional
R024443,2025-10-28,Lakewood,Occasional
R024444,2024-09-27,Metroville,Occasional
R024445,2025-05-15,Riverton,Frequent
R024446,2025-05-03,Hillview,Frequent
R024447,2025-02-10,Riverton,Occasional
R024448,2025-02-04,Metroville,Occasional
R024449,2024-02-22,Metroville,Regular
R024450,2025-10-14,Riverton,Frequent
R024451,2024-09-01,Metroville,Regular
R024452,2024-06-11,Riverton,Regular
R024453,2024-06-09,Hillview,Regular
R024454,2024-10-19,Metroville,Regular
R024455,2025-04-01,Metroville,Frequent
R024456,2025-01-31,Lakewood,Regular
R024457,2025-09-03,Metroville,Occasional
R024458,2025-08-20,Lakewood,Frequent
R024459,2024-09-02,Metroville,Occasional
R024460,2025-08-25,Lakewood,Occasional
R024461,2025-05-14,Metroville,Regular
R024462,2025-09-21,Metroville,Frequent
R024463,2024-01-01,Lakewood,Regular
R024464,2025-01-15,Metroville,Occasional
R024465,2025-04-02,Hillview,Regular
R024466,2024-06-25,Metroville,Regular
R024467,2025-04-24,Metroville,Occasional
R024468,2025-06-15,Riverton,Occasional
R024469,2024-04-11,Lakewood,Frequent
R024470,2025-11-29,Hillview,Occasional
R024471,2025-11-23,Metroville,Occasional
R024472,2024-07-27,Lakewood,Regular
R024473,2024-05-26,Metroville,Occasional
R024474,2024-05-25,Riverton,Frequent
R024475,2024-01-27,Lakewood,Frequent
R024476,2024-01-17,Metroville,Regular
R024477,2024-08-16,Lakewood,Regular
R024478,2025-05-02,Riverton,Frequent
R024479,2025-05-13,Hillview,Regular
R024480,2025-02-02,Metroville,Regular
R024481,2025-04-20,Metroville,Regular
R024482,2024-04-08,Lakewood,Frequent
R024483,2025-12-29,Metroville,Occasional
R024484,2024-05-26,Riverton,Occasional
R024485,2024-09-25,Riverton,Occasional
R024486,2025-04-29,Metroville,Occasional
R024487,2024-04-03,Lakewood,Occasional
R024488,2024-11-15,Metroville,Regular
R024489,2025-11-14,Riverton,Occasional
R024490,2024-06-19,Lakewood,Occasional
R024491,2025-03-29,Hillview,Frequent
R024492,2025-03-19,Metroville,Regular
R024493,2024-02-26,Riverton,Occasional
R024494,2024-02-08,Lakewood,Frequent
R024495,2024-04-17,Lakewood,Regular
R024496,2024-01-12,Lakewood,Occasional
R024497,2025-01-24,Lakewood,Regular
R024498,2024-07-09,Metroville,Frequent
R024499,2025-03-14,Riverton,Regular
R024500,2024-07-30,Riverton,Frequent
R024501,2024-09-13,Riverton,Frequent
R024502,2024-03-17,Hillview,Frequent
R024503,2025-08-05,Metroville,Regular
R024504,2024-03-25,Metroville,Regular
R024505,2025-10-30,Metroville,Occasional
R024506,2024-05-02,Metroville,Regular
R024507,2025-12-26,Metroville,Regular
R024508,2025-06-14,Metroville,Regular
R024509,2025-08-25,Hillview,Regular
R024510,2025-08-13,Metroville,Frequent
R024511,2024-11-22,Hillview,Occasional
R024512,2024-05-12,Lakewood,Regular
R024513,2025-05-10,Lakewood,Frequent
R024514,2025-04-25,Lakewood,Frequent
R024515,2025-08-13,Lakewood,Occasional
R024516,2024-06-20,Lakewood,Frequent
R024517,2025-08-22,Riverton,Frequent
R024518,2025-10-06,Hillview,Occasional
R024519,2025-06-19,Riverton,Frequent
R024520,2024-07-15,Lakewood,Occasional
R024521,2024-06-29,Riverton,Regular
R024522,2024-04-04,Riverton,Occasional
R024523,2025-08-30,Lakewood,Occasional
R024524,2024-11-17,Hillview,Occasional
R024525,2024-08-12,Lakewood,Occasional
R024526,2024-04-22,Lakewood,Regular
R024527,2024-12-27,Riverton,Occasional
R024528,2024-05-25,Lakewood,Occasional
R024529,2025-09-03,Metroville,Regular
R024530,2024-09-05,Lakewood,Regular
R024531,2024-11-22,Hillview,Occasional
R024532,2025-04-28,Lakewood,Occasional
R024533,2025-05-26,Hillview,Occasional
R024534,2024-03-26,Hillview,Occasional
R024535,2024-02-25,Lakewood,Frequent
R024536,2024-07-26,Metroville,Regular
R024537,2025-06-30,Riverton,Occasional
R024538,2025-09-20,Hillview,Frequent
R024539,2025-12-12,Lakewood,Frequent
R024540,2024-07-19,Metroville,Frequent
R024541,2025-07-12,Metroville,Regular
R024542,2024-05-03,Lakewood,Regular
R024543,2024-05-18,Lakewood,Regular
R024544,2025-01-25,Lakewood,Occasional
R024545,2024-03-12,Lakewood,Regular
R024546,2024-01-25,Lakewood,Regular
R024547,2025-12-29,Metroville,Occasional
R024548,2025-08-11,Lakewood,Occasional
R024549,2025-05-09,Lakewood,Occasional
R024550,2024-06-11,Lakewood,Regular
R024551,2024-02-25,Lakewood,Regular
R024552,2024-04-07,Riverton,Regular
R024553,2024-11-04,Riverton,Occasional
R024554,2025-08-14,Lakewood,Regular
R024555,2025-03-10,Riverton,Occasional
R024556,2025-09-08,Hillview,Occasional
R024557,2025-10-27,Riverton,Occasional
R024558,2025-06-21,Riverton,Occasional
R024559,2024-03-14,Riverton,Occasional
R024560,2024-06-20,Lakewood,Occasional
R024561,2024-09-03,Hillview,Frequent
R024562,2025-01-20,Metroville,Occasional
R024563,2025-08-03,Metroville,Frequent
R024564,2025-12-10,Metroville,Regular
R024565,2025-12-20,Lakewood,Occasional
R024566,2024-12-15,Riverton,Occasional
R024567,2025-12-26,Metroville,Regular
R024568,2025-11-26,Hillview,Occasional
R024569,2024-05-01,Riverton,Occasional
R024570,2025-05-10,Hillview,Occasional
R024571,2024-11-17,Riverton,Regular
R024572,2025-09-10,Lakewood,Occasional
R024573,2025-09-27,Hillview,Regular
R024574,2024-05-20,Hillview,Occasional
R024575,2025-03-17,Riverton,Regular
R024576,2025-11-09,Metroville,Occasional
R024577,2025-05-03,Metroville,Regular
R024578,2025-09-16,Metroville,Frequent
R024579,2025-06-13,Metroville,Regular
R024580,2025-07-28,Lakewood,Regular
R024581,2025-09-12,Lakewood,Occasional
R024582,2025-11-19,Riverton,Regular
R024583,2024-05-25,Hillview,Regular
R024584,2025-07-31,Lakewood,Occasional
R024585,2024-10-07,Hillview,Frequent
R024586,2025-02-26,Hillview,Regular
R024587,2025-04-26,Riverton,Frequent
R024588,2025-04-19,Hillview,Occasional
R024589,2024-05-24,Hillview,Regular
R024590,2025-08-23,Lakewood,Occasional
R024591,2025-06-07,Lakewood,Occasional
R024592,2025-07-02,Lakewood,Occasional
R024593,2025-03-27,Lakewood,Regular
R024594,2025-03-09,Hillview,Occasional
R024595,2024-07-22,Metroville,Occasional
R024596,2025-03-13,Lakewood,Frequent
R024597,2024-07-24,Hillview,Frequent
R024598,2025-10-06,Riverton,Regular
R024599,2024-02-06,Metroville,Occasional
R024600,2024-01-08,Riverton,Occasional
R024601,2025-06-17,Metroville,Regular
R024602,2025-06-09,Lakewood,Regular
R024603,2025-02-13,Hillview,Regular
R024604,2025-02-18,Riverton,Frequent
R024605,2024-01-26,Hillview,Occasional
R024606,2025-09-05,Metroville,Frequent
R024607,2025-09-12,Lakewood,Regular
R024608,2024-05-30,Riverton,Regular
R024609,2024-01-12,Metroville,Regular
R024610,2025-01-19,Hillview,Occasional
R024611,2024-07-03,Metroville,Frequent
R024612,2024-04-03,Hillview,Occasional
R024613,2024-03-23,Metroville,Occasional
R024614,2025-04-27,Hillview,Frequent
R024615,2024-09-19,Hillview,Occasional
R024616,2025-07-13,Hillview,Frequent
R024617,2024-08-18,Riverton,Frequent
R024618,2025-04-01,Lakewood,Regular
R024619,2024-07-18,Lakewood,Frequent
R024620,2025-02-10,Lakewood,Frequent
R024621,2025-05-26,Metroville,Regular
R024622,2024-09-08,Metroville,Regular
R024623,2025-10-12,Lakewood,Regular
R024624,2025-04-13,Lakewood,Occasional
R024625,2024-05-27,Riverton,Regular
R024626,2025-10-20,Riverton,Occasional
R024627,2024-12-31,Riverton,Frequent
R024628,2025-06-12,Riverton,Regular
R024629,2024-09-10,Hillview,Occasional
R024630,2024-01-17,Metroville,Frequent
R024631,2025-02-16,Lakewood,Frequent
R024632,2025-01-07,Metroville,Regular
R024633,2025-06-13,Metroville,Occasional
R024634,2025-06-23,Lakewood,Frequent
R024635,2025-05-18,Lakewood,Frequent
R024636,2025-01-04,Riverton,Occasional
R024637,2024-01-05,Riverton,Regular
R024638,2025-03-08,Riverton,Frequent
R024639,2025-11-26,Lakewood,Frequent
R024640,2025-10-29,Metroville,Frequent
R024641,2024-02-29,Metroville,Regular
R024642,2025-10-01,Metroville,Occasional
R024643,2024-04-15,Metroville,Regular
R024644,2024-02-29,Lakewood,Occasional
R024645,2024-01-20,Lakewood,Regular
R024646,2025-01-08,Metroville,Regular
R024647,2024-05-09,Metroville,Frequent
R024648,2025-03-31,Metroville,Regular
R024649,2024-12-07,Metroville,Occasional
R024650,2025-09-15,Metroville,Occasional
R024651,2024-06-03,Metroville,Regular
R024652,2024-07-13,Lakewood,Frequent
R024653,2025-01-13,Riverton,Frequent
R024654,2024-04-12,Lakewood,Frequent
R024655,2024-12-01,Metroville,Occasional
R024656,2025-03-13,Riverton,Regular
R024657,2025-03-27,Riverton,Regular
R024658,2024-12-08,Riverton,Occasional
R024659,2024-03-14,Metroville,Occasional
R024660,2024-07-07,Hillview,Regular
R024661,2024-02-22,Metroville,Frequent
R024662,2025-11-21,Hillview,Occasional
R024663,2025-03-01,Riverton,Regular
R024664,2024-08-20,Metroville,Occasional
R024665,2024-08-09,Metroville,Occasional
R024666,2024-02-10,Metroville,Occasional
R024667,2024-12-12,Riverton,Frequent
R024668,2024-02-13,Hillview,Occasional
R024669,2025-05-28,Hillview,Regular
R024670,2024-05-27,Hillview,Occasional
R024671,2024-03-14,Metroville,Occasional
R024672,2024-03-26,Lakewood,Regular
R024673,2024-01-21,Riverton,Regular
R024674,2024-10-15,Metroville,Occasional
R024675,2024-02-13,Metroville,Regular
R024676,2024-02-28,Metroville,Regular
R024677,2024-06-09,Lakewood,Occasional
R024678,2025-02-14,Riverton,Regular
R024679,2024-06-10,Metroville,Regular
R024680,2024-10-25,Metroville,Frequent
R024681,2024-11-10,Metroville,Occasional
R024682,2025-03-13,Riverton,Regular
R024683,2024-02-04,Lakewood,Occasional
R024684,2025-12-25,Lakewood,Occasional
R024685,2024-03-08,Lakewood,Frequent
R024686,2025-12-27,Metroville,Frequent
R024687,2024-07-27,Riverton,Occasional
R024688,2024-11-01,Metroville,Regular
R024689,2024-02-19,Riverton,Regular
R024690,2024-09-25,Riverton,Regular
R024691,2025-10-19,Metroville,Frequent
R024692,2025-05-13,Riverton,Occasional
R024693,2025-04-01,Metroville,Regular
R024694,2024-09-26,Lakewood,Occasional
R024695,2025-11-08,Riverton,Frequent
R024696,2025-07-23,Metroville,Regular
R024697,2024-07-03,Riverton,Regular
R024698,2025-03-16,Metroville,Occasional
R024699,2024-10-17,Metroville,Occasional
R024700,2024-05-26,Metroville,Occasional
R024701,2025-04-25,Metroville,Occasional
R024702,2024-10-30,Metroville,Occasional
R024703,2024-03-12,Metroville,Occasional
R024704,2025-09-24,Riverton,Occasional
R024705,2025-03-19,Hillview,Occasional
R024706,2025-02-09,Hillview,Regular
R024707,2026-01-01,Hillview,Occasional
R024708,2025-06-03,Riverton,Occasional
R024709,2025-12-17,Riverton,Regular
R024710,2025-06-03,Metroville,Frequent
R024711,2024-05-03,Hillview,Occasional
R024712,2024-12-18,Metroville,Regular
R024713,2025-01-07,Riverton,Occasional
R024714,2024-08-04,Riverton,Occasional
R024715,2024-08-14,Hillview,Occasional
R024716,2025-03-12,Metroville,Occasional
R024717,2024-10-28,Metroville,Regular
R024718,2024-03-23,Lakewood,Regular
R024719,2025-03-01,Riverton,Regular
R024720,2025-03-13,Riverton,Occasional
R024721,2025-08-20,Metroville,Occasional
R024722,2024-03-16,Hillview,Occasional
R024723,2024-11-30,Lakewood,Occasional
R024724,2025-10-22,Hillview,Occasional
R024725,2024-07-12,Hillview,Regular
R024726,2025-06-28,Hillview,Occasional
R024727,2024-09-08,Riverton,Occasional
R024728,2024-05-12,Riverton,Occasional
R024729,2025-06-04,Lakewood,Regular
R024730,2025-07-28,Lakewood,Frequent
R024731,2025-10-31,Lakewood,Occasional
R024732,2025-06-15,Lakewood,Regular
R024733,2024-08-12,Metroville,Occasional
R024734,2025-06-17,Metroville,Occasional
R024735,2024-01-24,Metroville,Occasional
R024736,2024-09-02,Riverton,Regular
R024737,2024-06-04,Lakewood,Occasional
R024738,2025-01-17,Metroville,Regular
R024739,2025-05-20,Riverton,Frequent
R024740,2025-03-04,Hillview,Occasional
R024741,2024-05-12,Metroville,Regular
R024742,2024-10-02,Hillview,Occasional
R024743,2024-03-07,Metroville,Regular
R024744,2025-02-14,Riverton,Regular
R024745,2025-06-27,Hillview,Occasional
R024746,2024-06-27,Metroville,Occasional
R024747,2025-01-21,Hillview,Occasional
R024748,2025-10-02,Riverton,Frequent
R024749,2024-03-24,Hillview,Occasional
R024750,2025-12-03,Metroville,Occasional
R024751,2024-08-30,Metroville,Occasional
R024752,2024-08-27,Riverton,Regular
R024753,2025-06-06,Lakewood,Regular
R024754,2024-09-07,Riverton,Regular
R024755,2024-10-24,Lakewood,Occasional
R024756,2024-06-07,Metroville,Occasional
R024757,2024-04-08,Lakewood,Frequent
R024758,2025-09-25,Riverton,Regular
R024759,2024-03-12,Metroville,Frequent
R024760,2024-04-29,Lakewood,Regular
R024761,2025-08-26,Riverton,Regular
R024762,2025-08-07,Riverton,Frequent
R024763,2024-06-06,Metroville,Regular
R024764,2025-09-01,Metroville,Regular
R024765,2025-06-14,Riverton,Occasional
R024766,2024-08-19,Lakewood,Occasional
R024767,2024-02-27,Riverton,Regular
R024768,2025-07-22,Metroville,Occasional
R024769,2025-05-13,Riverton,Occasional
R024770,2024-11-27,Metroville,Occasional
R024771,2024-07-19,Lakewood,Regular
R024772,2024-09-12,Metroville,Regular
R024773,2024-07-18,Lakewood,Occasional
R024774,2025-10-15,Riverton,Frequent
R024775,2024-05-29,Lakewood,Regular
R024776,2024-11-27,Metroville,Occasional
R024777,2025-04-14,Hillview,Occasional
R024778,2024-02-10,Metroville,Frequent
R024779,2025-01-02,Riverton,Occasional
R024780,2025-04-09,Riverton,Occasional
R024781,2025-01-21,Hillview,Occasional
R024782,2025-04-26,Hillview,Occasional
R024783,2024-12-23,Metroville,Regular
R024784,2025-04-09,Hillview,Regular
R024785,2025-12-16,Metroville,Occasional
R024786,2024-09-20,Lakewood,Occasional
R024787,2024-09-18,Metroville,Frequent
R024788,2025-05-11,Lakewood,Regular
R024789,2024-03-06,Riverton,Regular
R024790,2024-08-01,Hillview,Occasional
R024791,2024-05-01,Metroville,Frequent
R024792,2024-12-05,Lakewood,Regular
R024793,2024-03-30,Riverton,Occasional
R024794,2024-06-07,Lakewood,Frequent
R024795,2024-11-07,Hillview,Occasional
R024796,2025-03-24,Metroville,Occasional
R024797,2024-11-10,Metroville,Occasional
R024798,2025-08-16,Lakewood,Frequent
R024799,2025-08-08,Lakewood,Occasional
R024800,2024-03-12,Hillview,Regular
R024801,2025-05-24,Metroville,Regular
R024802,2024-01-20,Metroville,Frequent
R024803,2024-05-06,Metroville,Occasional
R024804,2025-07-11,Riverton,Occasional
R024805,2025-03-02,Metroville,Regular
R024806,2024-08-24,Metroville,Occasional
R024807,2024-04-22,Hillview,Occasional
R024808,2024-08-25,Riverton,Frequent
R024809,2025-07-24,Hillview,Occasional
R024810,2025-02-17,Metroville,Occasional
R024811,2024-04-05,Metroville,Occasional
R024812,2024-12-22,Riverton,Regular
R024813,2024-05-27,Metroville,Occasional
R024814,2024-03-29,Hillview,Frequent
R024815,2024-03-04,Hillview,Occasional
R024816,2025-07-10,Lakewood,Occasional
R024817,2024-04-27,Hillview,Frequent
R024818,2024-05-09,Hillview,Occasional
R024819,2025-09-26,Riverton,Regular
R024820,2025-08-27,Metroville,Frequent
R024821,2025-01-02,Metroville,Occasional
R024822,2025-07-13,Metroville,Regular
R024823,2024-01-17,Hillview,Regular
R024824,2024-05-02,Lakewood,Regular
R024825,2024-09-15,Hillview,Occasional
R024826,2025-07-09,Riverton,Occasional
R024827,2024-03-07,Riverton,Regular
R024828,2025-04-28,Metroville,Occasional
R024829,2024-02-21,Riverton,Occasional
R024830,2025-12-19,Metroville,Occasional
R024831,2024-06-01,Riverton,Regular
R024832,2025-06-05,Lakewood,Frequent
R024833,2025-03-31,Metroville,Regular
R024834,2024-10-12,Riverton,Regular
R024835,2025-07-12,Metroville,Occasional
R024836,2025-03-29,Riverton,Occasional
R024837,2024-11-25,Lakewood,Occasional
R024838,2025-04-29,Lakewood,Regular
R024839,2024-07-29,Lakewood,Regular
R024840,2025-06-29,Metroville,Occasional
R024841,2025-05-27,Riverton,Regular
R024842,2024-12-09,Metroville,Regular
R024843,2025-04-26,Hillview,Regular
R024844,2025-08-28,Riverton,Frequent
R024845,2025-04-14,Hillview,Occasional
R024846,2024-07-29,Riverton,Regular
R024847,2024-07-21,Metroville,Occasional
R024848,2025-12-06,Lakewood,Occasional
R024849,2025-08-14,Riverton,Occasional
R024850,2024-08-15,Riverton,Occasional
R024851,2025-06-08,Riverton,Occasional
R024852,2024-01-28,Lakewood,Frequent
R024853,2025-05-21,Riverton,Regular
R024854,2024-05-26,Lakewood,Regular
R024855,2024-08-15,Metroville,Regular
R024856,2025-11-09,Lakewood,Frequent
R024857,2024-04-11,Lakewood,Occasional
R024858,2025-08-01,Lakewood,Occasional
R024859,2024-10-22,Metroville,Regular
R024860,2024-11-17,Hillview,Frequent
R024861,2024-12-03,Hillview,Occasional
R024862,2025-10-24,Metroville,Regular
R024863,2025-01-01,Hillview,Occasional
R024864,2024-06-29,Hillview,Frequent
R024865,2024-01-06,Riverton,Regular
R024866,2024-06-19,Hillview,Frequent
R024867,2024-04-26,Riverton,Occasional
R024868,2024-04-04,Metroville,Occasional
R024869,2025-12-27,Metroville,Regular
R024870,2024-11-19,Metroville,Regular
R024871,2026-01-01,Lakewood,Occasional
R024872,2025-01-11,Metroville,Occasional
R024873,2024-06-09,Metroville,Occasional
R024874,2024-04-16,Lakewood,Regular
R024875,2025-07-10,Metroville,Occasional
R024876,2024-03-24,Metroville,Occasional
R024877,2024-02-07,Riverton,Regular
R024878,2024-10-12,Lakewood,Regular
R024879,2024-08-18,Lakewood,Regular
R024880,2024-06-19,Lakewood,Regular
R024881,2025-01-11,Riverton,Occasional
R024882,2025-02-24,Metroville,Regular
R024883,2024-11-13,Lakewood,Frequent
R024884,2025-01-18,Lakewood,Occasional
R024885,2025-05-04,Riverton,Occasional
R024886,2024-04-28,Metroville,Occasional
R024887,2024-09-27,Hillview,Regular
R024888,2024-01-10,Metroville,Frequent
R024889,2025-12-10,Lakewood,Regular
R024890,2025-04-16,Riverton,Regular
R024891,2025-08-10,Lakewood,Regular
R024892,2025-07-19,Hillview,Regular
R024893,2024-01-05,Riverton,Regular
R024894,2024-12-23,Riverton,Occasional
R024895,2025-09-28,Hillview,Regular
R024896,2025-02-25,Metroville,Regular
R024897,2025-03-13,Lakewood,Frequent
R024898,2025-12-04,Lakewood,Occasional
R024899,2025-07-02,Riverton,Occasional
R024900,2025-07-15,Hillview,Occasional
R024901,2025-08-07,Lakewood,Occasional
R024902,2024-09-01,Metroville,Frequent
R024903,2025-12-13,Riverton,Regular
R024904,2025-09-14,Riverton,Regular
R024905,2024-01-25,Metroville,Regular
R024906,2025-02-05,Metroville,Occasional
R024907,2024-06-30,Metroville,Occasional
R024908,2025-01-17,Metroville,Occasional
R024909,2025-08-14,Metroville,Frequent
R024910,2025-05-21,Riverton,Occasional
R024911,2025-08-08,Metroville,Occasional
R024912,2024-11-10,Hillview,Frequent
R024913,2024-02-26,Metroville,Frequent
R024914,2025-10-06,Riverton,Regular
R024915,2024-02-27,Metroville,Occasional
R024916,2024-05-02,Metroville,Occasional
R024917,2025-06-12,Metroville,Occasional
R024918,2024-11-04,Riverton,Frequent
R024919,2024-12-14,Riverton,Frequent
R024920,2024-02-17,Riverton,Regular
R024921,2024-05-05,Lakewood,Frequent
R024922,2025-05-31,Lakewood,Regular
R024923,2025-02-18,Hillview,Occasional
R024924,2024-07-16,Metroville,Regular
R024925,2024-10-19,Metroville,Frequent
R024926,2024-11-07,Lakewood,Frequent
R024927,2025-11-06,Riverton,Occasional
R024928,2025-10-10,Hillview,Frequent
R024929,2024-12-17,Riverton,Occasional
R024930,2024-05-16,Metroville,Regular
R024931,2025-02-19,Riverton,Regular
R024932,2024-01-02,Metroville,Occasional
R024933,2025-04-18,Metroville,Regular
R024934,2025-02-27,Metroville,Regular
R024935,2025-10-19,Hillview,Frequent
R024936,2024-11-16,Riverton,Frequent
R024937,2025-02-15,Metroville,Occasional
R024938,2024-02-10,Metroville,Occasional
R024939,2025-08-26,Hillview,Occasional
R024940,2024-08-04,Riverton,Occasional
R024941,2025-07-08,Metroville,Regular
R024942,2024-06-24,Hillview,Regular
R024943,2024-09-11,Lakewood,Occasional
R024944,2024-07-09,Lakewood,Occasional
R024945,2025-10-19,Lakewood,Regular
R024946,2025-08-01,Riverton,Frequent
R024947,2025-05-30,Metroville,Regular
R024948,2024-08-11,Metroville,Occasional
R024949,2025-06-20,Riverton,Regular
R024950,2024-12-24,Lakewood,Frequent
R024951,2025-06-07,Riverton,Frequent
R024952,2024-07-13,Hillview,Frequent
R024953,2025-01-29,Riverton,Frequent
R024954,2025-11-26,Lakewood,Regular
R024955,2024-02-27,Riverton,Frequent
R024956,2025-07-20,Metroville,Frequent
R024957,2025-05-25,Lakewood,Regular
R024958,2024-11-05,Riverton,Occasional
R024959,2025-10-28,Lakewood,Occasional
R024960,2025-06-16,Riverton,Regular
R024961,2025-01-21,Metroville,Regular
R024962,2024-08-18,Riverton,Occasional
R024963,2025-05-17,Hillview,Occasional
R024964,2024-03-01,Riverton,Occasional
R024965,2024-07-07,Metroville,Frequent
R024966,2024-11-11,Riverton,Occasional
R024967,2024-06-13,Hillview,Frequent
R024968,2025-02-17,Metroville,Regular
R024969,2025-09-30,Riverton,Occasional
R024970,2024-09-12,Lakewood,Occasional
R024971,2024-10-25,Metroville,Frequent
R024972,2024-10-20,Lakewood,Regular
R024973,2025-06-14,Lakewood,Frequent
R024974,2025-06-06,Lakewood,Frequent
R024975,2024-06-20,Riverton,Frequent
R024976,2025-10-17,Metroville,Regular
R024977,2025-04-18,Metroville,Occasional
R024978,2025-10-16,Riverton,Regular
R024979,2025-10-02,Metroville,Regular
R024980,2025-02-25,Riverton,Occasional
R024981,2025-05-30,Riverton,Regular
R024982,2025-04-05,Metroville,Occasional
R024983,2025-03-22,Hillview,Regular
R024984,2025-01-25,Lakewood,Regular
R024985,2024-06-18,Hillview,Regular
R024986,2024-09-28,Metroville,Occasional
R024987,2025-05-31,Hillview,Occasional
R024988,2025-06-24,Lakewood,Regular
R024989,2024-12-08,Hillview,Occasional
R024990,2024-03-22,Lakewood,Frequent
R024991,2024-04-08,Hillview,Frequent
R024992,2025-10-16,Metroville,Frequent
R024993,2024-04-02,Riverton,Regular
R024994,2024-07-26,Metroville,Frequent
R024995,2024-02-15,Lakewood,Occasional
R024996,2024-06-09,Lakewood,Regular
R024997,2025-09-06,Hillview,Frequent
R024998,2024-07-19,Lakewood,Occasional
R024999,2025-09-03,Lakewood,Regular
R025000,2025-08-17,Hillview,Regular
